Lmod has detected the following error: The following module(s) are unknown:
"Python/3.10.4-GCCcore-11.3.0"

Please check the spelling or version number. Also try "module spider ..."
It is also possible your cache file is out-of-date; it may help to try:
  $ module --ignore_cache load "Python/3.10.4-GCCcore-11.3.0"

Also make sure that all modulefiles written in TCL start with the string
#%Module



Virtual environment venv_exp_3 already exists at /scratch-shared/mschaffelder/venv_exp_3.
Activating virtual environment: /scratch-shared/mschaffelder/venv_exp_3
Requirement already satisfied: pip in /gpfs/scratch1/shared/mschaffelder/venv_exp_3/lib/python3.9/site-packages (25.1.1)
Requirement already satisfied: torch in /gpfs/scratch1/shared/mschaffelder/venv_exp_3/lib/python3.9/site-packages (from -r ../requirements_exp_3.txt (line 1)) (2.7.0)
Requirement already satisfied: transformers in /gpfs/scratch1/shared/mschaffelder/venv_exp_3/lib/python3.9/site-packages (from -r ../requirements_exp_3.txt (line 2)) (4.52.3)
Requirement already satisfied: peft in /gpfs/scratch1/shared/mschaffelder/venv_exp_3/lib/python3.9/site-packages (from -r ../requirements_exp_3.txt (line 3)) (0.15.2)
Requirement already satisfied: accelerate in /gpfs/scratch1/shared/mschaffelder/venv_exp_3/lib/python3.9/site-packages (from -r ../requirements_exp_3.txt (line 4)) (1.7.0)
Requirement already satisfied: bitsandbytes in /gpfs/scratch1/shared/mschaffelder/venv_exp_3/lib/python3.9/site-packages (from -r ../requirements_exp_3.txt (line 5)) (0.46.0)
Requirement already satisfied: sentencepiece in /gpfs/scratch1/shared/mschaffelder/venv_exp_3/lib/python3.9/site-packages (from -r ../requirements_exp_3.txt (line 6)) (0.2.0)
Requirement already satisfied: huggingface_hub in /gpfs/scratch1/shared/mschaffelder/venv_exp_3/lib/python3.9/site-packages (from -r ../requirements_exp_3.txt (line 7)) (0.32.2)
Requirement already satisfied: filelock in /gpfs/scratch1/shared/mschaffelder/venv_exp_3/lib/python3.9/site-packages (from torch->-r ../requirements_exp_3.txt (line 1)) (3.18.0)
Requirement already satisfied: typing-extensions>=4.10.0 in /gpfs/scratch1/shared/mschaffelder/venv_exp_3/lib/python3.9/site-packages (from torch->-r ../requirements_exp_3.txt (line 1)) (4.13.2)
Requirement already satisfied: sympy>=1.13.3 in /gpfs/scratch1/shared/mschaffelder/venv_exp_3/lib/python3.9/site-packages (from torch->-r ../requirements_exp_3.txt (line 1)) (1.14.0)
Requirement already satisfied: networkx in /gpfs/scratch1/shared/mschaffelder/venv_exp_3/lib/python3.9/site-packages (from torch->-r ../requirements_exp_3.txt (line 1)) (3.2.1)
Requirement already satisfied: jinja2 in /gpfs/scratch1/shared/mschaffelder/venv_exp_3/lib/python3.9/site-packages (from torch->-r ../requirements_exp_3.txt (line 1)) (3.1.6)
Requirement already satisfied: fsspec in /gpfs/scratch1/shared/mschaffelder/venv_exp_3/lib/python3.9/site-packages (from torch->-r ../requirements_exp_3.txt (line 1)) (2025.5.1)
Requirement already satisfied: nvidia-cuda-nvrtc-cu12==12.6.77 in /gpfs/scratch1/shared/mschaffelder/venv_exp_3/lib/python3.9/site-packages (from torch->-r ../requirements_exp_3.txt (line 1)) (12.6.77)
Requirement already satisfied: nvidia-cuda-runtime-cu12==12.6.77 in /gpfs/scratch1/shared/mschaffelder/venv_exp_3/lib/python3.9/site-packages (from torch->-r ../requirements_exp_3.txt (line 1)) (12.6.77)
Requirement already satisfied: nvidia-cuda-cupti-cu12==12.6.80 in /gpfs/scratch1/shared/mschaffelder/venv_exp_3/lib/python3.9/site-packages (from torch->-r ../requirements_exp_3.txt (line 1)) (12.6.80)
Requirement already satisfied: nvidia-cudnn-cu12==9.5.1.17 in /gpfs/scratch1/shared/mschaffelder/venv_exp_3/lib/python3.9/site-packages (from torch->-r ../requirements_exp_3.txt (line 1)) (9.5.1.17)
Requirement already satisfied: nvidia-cublas-cu12==12.6.4.1 in /gpfs/scratch1/shared/mschaffelder/venv_exp_3/lib/python3.9/site-packages (from torch->-r ../requirements_exp_3.txt (line 1)) (12.6.4.1)
Requirement already satisfied: nvidia-cufft-cu12==11.3.0.4 in /gpfs/scratch1/shared/mschaffelder/venv_exp_3/lib/python3.9/site-packages (from torch->-r ../requirements_exp_3.txt (line 1)) (11.3.0.4)
Requirement already satisfied: nvidia-curand-cu12==10.3.7.77 in /gpfs/scratch1/shared/mschaffelder/venv_exp_3/lib/python3.9/site-packages (from torch->-r ../requirements_exp_3.txt (line 1)) (10.3.7.77)
Requirement already satisfied: nvidia-cusolver-cu12==11.7.1.2 in /gpfs/scratch1/shared/mschaffelder/venv_exp_3/lib/python3.9/site-packages (from torch->-r ../requirements_exp_3.txt (line 1)) (11.7.1.2)
Requirement already satisfied: nvidia-cusparse-cu12==12.5.4.2 in /gpfs/scratch1/shared/mschaffelder/venv_exp_3/lib/python3.9/site-packages (from torch->-r ../requirements_exp_3.txt (line 1)) (12.5.4.2)
Requirement already satisfied: nvidia-cusparselt-cu12==0.6.3 in /gpfs/scratch1/shared/mschaffelder/venv_exp_3/lib/python3.9/site-packages (from torch->-r ../requirements_exp_3.txt (line 1)) (0.6.3)
Requirement already satisfied: nvidia-nccl-cu12==2.26.2 in /gpfs/scratch1/shared/mschaffelder/venv_exp_3/lib/python3.9/site-packages (from torch->-r ../requirements_exp_3.txt (line 1)) (2.26.2)
Requirement already satisfied: nvidia-nvtx-cu12==12.6.77 in /gpfs/scratch1/shared/mschaffelder/venv_exp_3/lib/python3.9/site-packages (from torch->-r ../requirements_exp_3.txt (line 1)) (12.6.77)
Requirement already satisfied: nvidia-nvjitlink-cu12==12.6.85 in /gpfs/scratch1/shared/mschaffelder/venv_exp_3/lib/python3.9/site-packages (from torch->-r ../requirements_exp_3.txt (line 1)) (12.6.85)
Requirement already satisfied: nvidia-cufile-cu12==1.11.1.6 in /gpfs/scratch1/shared/mschaffelder/venv_exp_3/lib/python3.9/site-packages (from torch->-r ../requirements_exp_3.txt (line 1)) (1.11.1.6)
Requirement already satisfied: triton==3.3.0 in /gpfs/scratch1/shared/mschaffelder/venv_exp_3/lib/python3.9/site-packages (from torch->-r ../requirements_exp_3.txt (line 1)) (3.3.0)
Requirement already satisfied: setuptools>=40.8.0 in /gpfs/scratch1/shared/mschaffelder/venv_exp_3/lib/python3.9/site-packages (from triton==3.3.0->torch->-r ../requirements_exp_3.txt (line 1)) (53.0.0)
Requirement already satisfied: numpy>=1.17 in /gpfs/scratch1/shared/mschaffelder/venv_exp_3/lib/python3.9/site-packages (from transformers->-r ../requirements_exp_3.txt (line 2)) (2.0.2)
Requirement already satisfied: packaging>=20.0 in /gpfs/scratch1/shared/mschaffelder/venv_exp_3/lib/python3.9/site-packages (from transformers->-r ../requirements_exp_3.txt (line 2)) (25.0)
Requirement already satisfied: pyyaml>=5.1 in /gpfs/scratch1/shared/mschaffelder/venv_exp_3/lib/python3.9/site-packages (from transformers->-r ../requirements_exp_3.txt (line 2)) (6.0.2)
Requirement already satisfied: regex!=2019.12.17 in /gpfs/scratch1/shared/mschaffelder/venv_exp_3/lib/python3.9/site-packages (from transformers->-r ../requirements_exp_3.txt (line 2)) (2024.11.6)
Requirement already satisfied: requests in /gpfs/scratch1/shared/mschaffelder/venv_exp_3/lib/python3.9/site-packages (from transformers->-r ../requirements_exp_3.txt (line 2)) (2.32.3)
Requirement already satisfied: tokenizers<0.22,>=0.21 in /gpfs/scratch1/shared/mschaffelder/venv_exp_3/lib/python3.9/site-packages (from transformers->-r ../requirements_exp_3.txt (line 2)) (0.21.1)
Requirement already satisfied: safetensors>=0.4.3 in /gpfs/scratch1/shared/mschaffelder/venv_exp_3/lib/python3.9/site-packages (from transformers->-r ../requirements_exp_3.txt (line 2)) (0.5.3)
Requirement already satisfied: tqdm>=4.27 in /gpfs/scratch1/shared/mschaffelder/venv_exp_3/lib/python3.9/site-packages (from transformers->-r ../requirements_exp_3.txt (line 2)) (4.67.1)
Requirement already satisfied: hf-xet<2.0.0,>=1.1.2 in /gpfs/scratch1/shared/mschaffelder/venv_exp_3/lib/python3.9/site-packages (from huggingface_hub->-r ../requirements_exp_3.txt (line 7)) (1.1.2)
Requirement already satisfied: psutil in /gpfs/scratch1/shared/mschaffelder/venv_exp_3/lib/python3.9/site-packages (from peft->-r ../requirements_exp_3.txt (line 3)) (7.0.0)
Requirement already satisfied: mpmath<1.4,>=1.1.0 in /gpfs/scratch1/shared/mschaffelder/venv_exp_3/lib/python3.9/site-packages (from sympy>=1.13.3->torch->-r ../requirements_exp_3.txt (line 1)) (1.3.0)
Requirement already satisfied: MarkupSafe>=2.0 in /gpfs/scratch1/shared/mschaffelder/venv_exp_3/lib/python3.9/site-packages (from jinja2->torch->-r ../requirements_exp_3.txt (line 1)) (3.0.2)
Requirement already satisfied: charset-normalizer<4,>=2 in /gpfs/scratch1/shared/mschaffelder/venv_exp_3/lib/python3.9/site-packages (from requests->transformers->-r ../requirements_exp_3.txt (line 2)) (3.4.2)
Requirement already satisfied: idna<4,>=2.5 in /gpfs/scratch1/shared/mschaffelder/venv_exp_3/lib/python3.9/site-packages (from requests->transformers->-r ../requirements_exp_3.txt (line 2)) (3.10)
Requirement already satisfied: urllib3<3,>=1.21.1 in /gpfs/scratch1/shared/mschaffelder/venv_exp_3/lib/python3.9/site-packages (from requests->transformers->-r ../requirements_exp_3.txt (line 2)) (2.4.0)
Requirement already satisfied: certifi>=2017.4.17 in /gpfs/scratch1/shared/mschaffelder/venv_exp_3/lib/python3.9/site-packages (from requests->transformers->-r ../requirements_exp_3.txt (line 2)) (2025.4.26)
CUDA_VISIBLE_DEVICES: 0
Available GPUs: GPU 0: NVIDIA H100 (UUID: GPU-9aa15a53-ffd3-feac-2b24-72e991438d24)
Using existing Hugging Face token from cache...
/scratch-shared/mschaffelder/venv_exp_3/lib64/python3.9/site-packages/networkx/utils/backends.py:135: RuntimeWarning: networkx backend defined more than once: nx-loopback
  backends.update(_get_backends("networkx.backends"))
2025-05-30 20:15:57,482 - INFO - Starting script with output file: /scratch-shared/mschaffelder/data/exp_3/pairwise_rankings/small_vanilla.jsonl
2025-05-30 20:15:57,486 - INFO - Starting to load tokenizer from: meta-llama/Llama-3.1-8B-Instruct with padding_side='left'
2025-05-30 20:15:58,162 - INFO - Tokenizer loaded.
2025-05-30 20:15:58,163 - WARNING - Tokenizer.pad_token_id (None) is not eos_token_id (128009). Forcing pad_token to eos_token for Llama consistency.
2025-05-30 20:15:58,163 - INFO - Tokenizer configured: pad_token_id=128009, eos_token_id=128009, padding_side='left'
2025-05-30 20:15:58,163 - INFO - Starting to load base model from: meta-llama/Llama-3.1-8B-Instruct
2025-05-30 20:15:59,567 - INFO - We will use 90% of the memory on device 0 for storing the model, and 10% for the buffer to avoid OOM. You can set `max_memory` in to a higher value to use more memory (at your own risk).
Loading model and tokenizer...
Loading checkpoint shards:   0%|          | 0/4 [00:00<?, ?it/s]Loading checkpoint shards:  25%|██▌       | 1/4 [00:03<00:10,  3.56s/it]Loading checkpoint shards:  50%|█████     | 2/4 [00:07<00:07,  3.79s/it]Loading checkpoint shards:  75%|███████▌  | 3/4 [00:09<00:02,  2.77s/it]Loading checkpoint shards: 100%|██████████| 4/4 [00:09<00:00,  1.82s/it]Loading checkpoint shards: 100%|██████████| 4/4 [00:09<00:00,  2.36s/it]
2025-05-30 20:16:09,254 - INFO - Base model loaded. Original vocab size: 128256
2025-05-30 20:16:09,254 - INFO - Resizing token embeddings from 128256 to 128257...
The new embeddings will be initialized from a multivariate normal distribution that has old embeddings' mean and covariance. As described in this article: https://nlp.stanford.edu/~johnhew/vocab-expansion.html. To disable this, use `mean_resizing=False`
The new lm_head weights will be initialized from a multivariate normal distribution that has old embeddings' mean and covariance. As described in this article: https://nlp.stanford.edu/~johnhew/vocab-expansion.html. To disable this, use `mean_resizing=False`
2025-05-30 20:16:09,724 - INFO - Token embeddings resized. New vocab size: 128257
2025-05-30 20:16:09,724 - INFO - Aligning model.config.pad_token_id (None) to tokenizer.pad_token_id (128009).
2025-05-30 20:16:09,774 - INFO - Output file /scratch-shared/mschaffelder/data/exp_3/pairwise_rankings/small_vanilla.jsonl created/cleared.
2025-05-30 20:16:09,774 - INFO - Starting to process data...
2025-05-30 20:16:09,775 - INFO - Opened input file: /scratch-shared/mschaffelder/data/exp_3/pairwise_data/pairwise_ranking_input_small.jsonl
2025-05-30 20:16:09,837 - INFO - Reading line 1 from input file...
2025-05-30 20:16:09,837 - INFO - Added prompt from line 1 to batch.
2025-05-30 20:16:09,837 - INFO - Reading line 2 from input file...
2025-05-30 20:16:09,837 - INFO - Added prompt from line 2 to batch.
2025-05-30 20:16:09,837 - INFO - Reading line 3 from input file...
2025-05-30 20:16:09,837 - INFO - Added prompt from line 3 to batch.
2025-05-30 20:16:09,837 - INFO - Reading line 4 from input file...
2025-05-30 20:16:09,837 - INFO - Added prompt from line 4 to batch.
2025-05-30 20:16:09,837 - INFO - Reading line 5 from input file...
2025-05-30 20:16:09,837 - INFO - Added prompt from line 5 to batch.
2025-05-30 20:16:09,837 - INFO - Reading line 6 from input file...
2025-05-30 20:16:09,837 - INFO - Added prompt from line 6 to batch.
2025-05-30 20:16:09,837 - INFO - Reading line 7 from input file...
2025-05-30 20:16:09,837 - INFO - Added prompt from line 7 to batch.
2025-05-30 20:16:09,837 - INFO - Reading line 8 from input file...
2025-05-30 20:16:09,837 - INFO - Added prompt from line 8 to batch.
2025-05-30 20:16:09,837 - INFO - Processing batch of 8 prompts (up to line 8)...
2025-05-30 20:16:09,837 - INFO - Generating rankings for batch of 8 pairs of prompts. System prompt: 'You are a helpful assistant. Your task is to rank the two provided texts. Please explicitly write which of the two texts is of higher quality by writing the corresponding letter in the output, and nothing else.'
2025-05-30 20:16:09,857 - INFO - First formatted prompt for tokenizer (first 100 chars): '<|begin_of_text|><|start_header_id|>system<|end_header_id|>

Cutting Knowledge Date: December 2023
T...'
2025-05-30 20:16:09,857 - INFO - Input device: cuda:0, preparing to move inputs to device.
2025-05-30 20:16:09,861 - INFO - Batch of inputs tokenized, padded, truncated, and moved to model device.
2025-05-30 20:16:09,861 - INFO - Starting batched model.generate()...
Setting `pad_token_id` to `eos_token_id`:128001 for open-end generation.
2025-05-30 20:16:10,413 - INFO - Batched model.generate() completed.
2025-05-30 20:16:10,413 - INFO - Decoding batch of responses and extracting token probabilities...
2025-05-30 20:16:10,415 - INFO - Input tokens stripped from responses and probabilities extracted.
2025-05-30 20:16:10,415 - INFO - Batch of responses generated.
2025-05-30 20:16:10,417 - INFO - Appended 8 results from batch to /scratch-shared/mschaffelder/data/exp_3/pairwise_rankings/small_vanilla.jsonl
2025-05-30 20:16:10,417 - INFO - Reading line 9 from input file...
2025-05-30 20:16:10,417 - INFO - Added prompt from line 9 to batch.
2025-05-30 20:16:10,417 - INFO - Reading line 10 from input file...
2025-05-30 20:16:10,417 - INFO - Added prompt from line 10 to batch.
2025-05-30 20:16:10,417 - INFO - Reading line 11 from input file...
2025-05-30 20:16:10,417 - INFO - Added prompt from line 11 to batch.
2025-05-30 20:16:10,417 - INFO - Reading line 12 from input file...
2025-05-30 20:16:10,417 - INFO - Added prompt from line 12 to batch.
2025-05-30 20:16:10,417 - INFO - Reading line 13 from input file...
2025-05-30 20:16:10,417 - INFO - Added prompt from line 13 to batch.
2025-05-30 20:16:10,417 - INFO - Reading line 14 from input file...
2025-05-30 20:16:10,417 - INFO - Added prompt from line 14 to batch.
2025-05-30 20:16:10,417 - INFO - Reading line 15 from input file...
2025-05-30 20:16:10,417 - INFO - Added prompt from line 15 to batch.
2025-05-30 20:16:10,417 - INFO - Reading line 16 from input file...
2025-05-30 20:16:10,417 - INFO - Added prompt from line 16 to batch.
2025-05-30 20:16:10,417 - INFO - Processing batch of 8 prompts (up to line 16)...
2025-05-30 20:16:10,417 - INFO - Generating rankings for batch of 8 pairs of prompts. System prompt: 'You are a helpful assistant. Your task is to rank the two provided texts. Please explicitly write which of the two texts is of higher quality by writing the corresponding letter in the output, and nothing else.'
2025-05-30 20:16:10,418 - INFO - First formatted prompt for tokenizer (first 100 chars): '<|begin_of_text|><|start_header_id|>system<|end_header_id|>

Cutting Knowledge Date: December 2023
T...'
2025-05-30 20:16:10,418 - INFO - Input device: cuda:0, preparing to move inputs to device.
2025-05-30 20:16:10,421 - INFO - Batch of inputs tokenized, padded, truncated, and moved to model device.
2025-05-30 20:16:10,421 - INFO - Starting batched model.generate()...
Setting `pad_token_id` to `eos_token_id`:128001 for open-end generation.
2025-05-30 20:16:10,597 - INFO - Batched model.generate() completed.
2025-05-30 20:16:10,598 - INFO - Decoding batch of responses and extracting token probabilities...
2025-05-30 20:16:10,601 - INFO - Input tokens stripped from responses and probabilities extracted.
2025-05-30 20:16:10,601 - INFO - Batch of responses generated.
2025-05-30 20:16:10,603 - INFO - Appended 8 results from batch to /scratch-shared/mschaffelder/data/exp_3/pairwise_rankings/small_vanilla.jsonl
2025-05-30 20:16:10,603 - INFO - Reading line 17 from input file...
2025-05-30 20:16:10,603 - INFO - Added prompt from line 17 to batch.
2025-05-30 20:16:10,603 - INFO - Reading line 18 from input file...
2025-05-30 20:16:10,603 - INFO - Added prompt from line 18 to batch.
2025-05-30 20:16:10,603 - INFO - Reading line 19 from input file...
2025-05-30 20:16:10,603 - INFO - Added prompt from line 19 to batch.
2025-05-30 20:16:10,604 - INFO - Reading line 20 from input file...
2025-05-30 20:16:10,604 - INFO - Added prompt from line 20 to batch.
2025-05-30 20:16:10,604 - INFO - Reading line 21 from input file...
2025-05-30 20:16:10,604 - INFO - Added prompt from line 21 to batch.
2025-05-30 20:16:10,604 - INFO - Reading line 22 from input file...
2025-05-30 20:16:10,604 - INFO - Added prompt from line 22 to batch.
2025-05-30 20:16:10,604 - INFO - Reading line 23 from input file...
2025-05-30 20:16:10,604 - INFO - Added prompt from line 23 to batch.
2025-05-30 20:16:10,604 - INFO - Reading line 24 from input file...
2025-05-30 20:16:10,604 - INFO - Added prompt from line 24 to batch.
2025-05-30 20:16:10,604 - INFO - Processing batch of 8 prompts (up to line 24)...
2025-05-30 20:16:10,604 - INFO - Generating rankings for batch of 8 pairs of prompts. System prompt: 'You are a helpful assistant. Your task is to rank the two provided texts. Please explicitly write which of the two texts is of higher quality by writing the corresponding letter in the output, and nothing else.'
2025-05-30 20:16:10,604 - INFO - First formatted prompt for tokenizer (first 100 chars): '<|begin_of_text|><|start_header_id|>system<|end_header_id|>

Cutting Knowledge Date: December 2023
T...'
2025-05-30 20:16:10,604 - INFO - Input device: cuda:0, preparing to move inputs to device.
2025-05-30 20:16:10,607 - INFO - Batch of inputs tokenized, padded, truncated, and moved to model device.
2025-05-30 20:16:10,607 - INFO - Starting batched model.generate()...
Setting `pad_token_id` to `eos_token_id`:128001 for open-end generation.
2025-05-30 20:16:10,777 - INFO - Batched model.generate() completed.
2025-05-30 20:16:10,777 - INFO - Decoding batch of responses and extracting token probabilities...
2025-05-30 20:16:10,779 - INFO - Input tokens stripped from responses and probabilities extracted.
2025-05-30 20:16:10,779 - INFO - Batch of responses generated.
2025-05-30 20:16:10,780 - INFO - Appended 8 results from batch to /scratch-shared/mschaffelder/data/exp_3/pairwise_rankings/small_vanilla.jsonl
2025-05-30 20:16:10,780 - INFO - Reading line 25 from input file...
2025-05-30 20:16:10,780 - INFO - Added prompt from line 25 to batch.
2025-05-30 20:16:10,780 - INFO - Reading line 26 from input file...
2025-05-30 20:16:10,780 - INFO - Added prompt from line 26 to batch.
2025-05-30 20:16:10,780 - INFO - Reading line 27 from input file...
2025-05-30 20:16:10,780 - INFO - Added prompt from line 27 to batch.
2025-05-30 20:16:10,780 - INFO - Reading line 28 from input file...
2025-05-30 20:16:10,780 - INFO - Added prompt from line 28 to batch.
2025-05-30 20:16:10,780 - INFO - Reading line 29 from input file...
2025-05-30 20:16:10,780 - INFO - Added prompt from line 29 to batch.
2025-05-30 20:16:10,780 - INFO - Reading line 30 from input file...
2025-05-30 20:16:10,780 - INFO - Added prompt from line 30 to batch.
2025-05-30 20:16:10,780 - INFO - Reading line 31 from input file...
2025-05-30 20:16:10,780 - INFO - Added prompt from line 31 to batch.
2025-05-30 20:16:10,780 - INFO - Reading line 32 from input file...
2025-05-30 20:16:10,780 - INFO - Added prompt from line 32 to batch.
2025-05-30 20:16:10,781 - INFO - Processing batch of 8 prompts (up to line 32)...
2025-05-30 20:16:10,781 - INFO - Generating rankings for batch of 8 pairs of prompts. System prompt: 'You are a helpful assistant. Your task is to rank the two provided texts. Please explicitly write which of the two texts is of higher quality by writing the corresponding letter in the output, and nothing else.'
2025-05-30 20:16:10,781 - INFO - First formatted prompt for tokenizer (first 100 chars): '<|begin_of_text|><|start_header_id|>system<|end_header_id|>

Cutting Knowledge Date: December 2023
T...'
2025-05-30 20:16:10,781 - INFO - Input device: cuda:0, preparing to move inputs to device.
2025-05-30 20:16:10,783 - INFO - Batch of inputs tokenized, padded, truncated, and moved to model device.
2025-05-30 20:16:10,783 - INFO - Starting batched model.generate()...
Setting `pad_token_id` to `eos_token_id`:128001 for open-end generation.
2025-05-30 20:16:10,929 - INFO - Batched model.generate() completed.
2025-05-30 20:16:10,930 - INFO - Decoding batch of responses and extracting token probabilities...
2025-05-30 20:16:10,932 - INFO - Input tokens stripped from responses and probabilities extracted.
2025-05-30 20:16:10,932 - INFO - Batch of responses generated.
2025-05-30 20:16:10,934 - INFO - Appended 8 results from batch to /scratch-shared/mschaffelder/data/exp_3/pairwise_rankings/small_vanilla.jsonl
2025-05-30 20:16:10,934 - INFO - Reading line 33 from input file...
2025-05-30 20:16:10,934 - INFO - Added prompt from line 33 to batch.
2025-05-30 20:16:10,934 - INFO - Reading line 34 from input file...
2025-05-30 20:16:10,934 - INFO - Added prompt from line 34 to batch.
2025-05-30 20:16:10,934 - INFO - Reading line 35 from input file...
2025-05-30 20:16:10,934 - INFO - Added prompt from line 35 to batch.
2025-05-30 20:16:10,934 - INFO - Reading line 36 from input file...
2025-05-30 20:16:10,934 - INFO - Added prompt from line 36 to batch.
2025-05-30 20:16:10,934 - INFO - Reading line 37 from input file...
2025-05-30 20:16:10,934 - INFO - Added prompt from line 37 to batch.
2025-05-30 20:16:10,934 - INFO - Reading line 38 from input file...
2025-05-30 20:16:10,934 - INFO - Added prompt from line 38 to batch.
2025-05-30 20:16:10,934 - INFO - Reading line 39 from input file...
2025-05-30 20:16:10,934 - INFO - Added prompt from line 39 to batch.
2025-05-30 20:16:10,934 - INFO - Reading line 40 from input file...
2025-05-30 20:16:10,934 - INFO - Added prompt from line 40 to batch.
2025-05-30 20:16:10,934 - INFO - Processing batch of 8 prompts (up to line 40)...
2025-05-30 20:16:10,934 - INFO - Generating rankings for batch of 8 pairs of prompts. System prompt: 'You are a helpful assistant. Your task is to rank the two provided texts. Please explicitly write which of the two texts is of higher quality by writing the corresponding letter in the output, and nothing else.'
2025-05-30 20:16:10,935 - INFO - First formatted prompt for tokenizer (first 100 chars): '<|begin_of_text|><|start_header_id|>system<|end_header_id|>

Cutting Knowledge Date: December 2023
T...'
2025-05-30 20:16:10,935 - INFO - Input device: cuda:0, preparing to move inputs to device.
2025-05-30 20:16:10,938 - INFO - Batch of inputs tokenized, padded, truncated, and moved to model device.
2025-05-30 20:16:10,938 - INFO - Starting batched model.generate()...
Setting `pad_token_id` to `eos_token_id`:128001 for open-end generation.
2025-05-30 20:16:11,127 - INFO - Batched model.generate() completed.
2025-05-30 20:16:11,127 - INFO - Decoding batch of responses and extracting token probabilities...
2025-05-30 20:16:11,130 - INFO - Input tokens stripped from responses and probabilities extracted.
2025-05-30 20:16:11,130 - INFO - Batch of responses generated.
2025-05-30 20:16:11,132 - INFO - Appended 8 results from batch to /scratch-shared/mschaffelder/data/exp_3/pairwise_rankings/small_vanilla.jsonl
2025-05-30 20:16:11,132 - INFO - Reading line 41 from input file...
2025-05-30 20:16:11,132 - INFO - Added prompt from line 41 to batch.
2025-05-30 20:16:11,132 - INFO - Reading line 42 from input file...
2025-05-30 20:16:11,132 - INFO - Added prompt from line 42 to batch.
2025-05-30 20:16:11,132 - INFO - Reading line 43 from input file...
2025-05-30 20:16:11,132 - INFO - Added prompt from line 43 to batch.
2025-05-30 20:16:11,132 - INFO - Reading line 44 from input file...
2025-05-30 20:16:11,132 - INFO - Added prompt from line 44 to batch.
2025-05-30 20:16:11,132 - INFO - Reading line 45 from input file...
2025-05-30 20:16:11,132 - INFO - Added prompt from line 45 to batch.
2025-05-30 20:16:11,132 - INFO - Reading line 46 from input file...
2025-05-30 20:16:11,132 - INFO - Added prompt from line 46 to batch.
2025-05-30 20:16:11,132 - INFO - Reading line 47 from input file...
2025-05-30 20:16:11,132 - INFO - Added prompt from line 47 to batch.
2025-05-30 20:16:11,132 - INFO - Reading line 48 from input file...
2025-05-30 20:16:11,132 - INFO - Added prompt from line 48 to batch.
2025-05-30 20:16:11,132 - INFO - Processing batch of 8 prompts (up to line 48)...
2025-05-30 20:16:11,132 - INFO - Generating rankings for batch of 8 pairs of prompts. System prompt: 'You are a helpful assistant. Your task is to rank the two provided texts. Please explicitly write which of the two texts is of higher quality by writing the corresponding letter in the output, and nothing else.'
2025-05-30 20:16:11,133 - INFO - First formatted prompt for tokenizer (first 100 chars): '<|begin_of_text|><|start_header_id|>system<|end_header_id|>

Cutting Knowledge Date: December 2023
T...'
2025-05-30 20:16:11,133 - INFO - Input device: cuda:0, preparing to move inputs to device.
2025-05-30 20:16:11,136 - INFO - Batch of inputs tokenized, padded, truncated, and moved to model device.
2025-05-30 20:16:11,136 - INFO - Starting batched model.generate()...
Setting `pad_token_id` to `eos_token_id`:128001 for open-end generation.
2025-05-30 20:16:11,333 - INFO - Batched model.generate() completed.
2025-05-30 20:16:11,334 - INFO - Decoding batch of responses and extracting token probabilities...
2025-05-30 20:16:11,336 - INFO - Input tokens stripped from responses and probabilities extracted.
2025-05-30 20:16:11,336 - INFO - Batch of responses generated.
2025-05-30 20:16:11,338 - INFO - Appended 8 results from batch to /scratch-shared/mschaffelder/data/exp_3/pairwise_rankings/small_vanilla.jsonl
2025-05-30 20:16:11,338 - INFO - Reading line 49 from input file...
2025-05-30 20:16:11,338 - INFO - Added prompt from line 49 to batch.
2025-05-30 20:16:11,338 - INFO - Reading line 50 from input file...
2025-05-30 20:16:11,338 - INFO - Added prompt from line 50 to batch.
2025-05-30 20:16:11,338 - INFO - Reading line 51 from input file...
2025-05-30 20:16:11,338 - INFO - Added prompt from line 51 to batch.
2025-05-30 20:16:11,338 - INFO - Reading line 52 from input file...
2025-05-30 20:16:11,338 - INFO - Added prompt from line 52 to batch.
2025-05-30 20:16:11,338 - INFO - Reading line 53 from input file...
2025-05-30 20:16:11,338 - INFO - Added prompt from line 53 to batch.
2025-05-30 20:16:11,338 - INFO - Reading line 54 from input file...
2025-05-30 20:16:11,338 - INFO - Added prompt from line 54 to batch.
2025-05-30 20:16:11,338 - INFO - Reading line 55 from input file...
2025-05-30 20:16:11,338 - INFO - Added prompt from line 55 to batch.
2025-05-30 20:16:11,338 - INFO - Reading line 56 from input file...
2025-05-30 20:16:11,338 - INFO - Added prompt from line 56 to batch.
2025-05-30 20:16:11,338 - INFO - Processing batch of 8 prompts (up to line 56)...
2025-05-30 20:16:11,338 - INFO - Generating rankings for batch of 8 pairs of prompts. System prompt: 'You are a helpful assistant. Your task is to rank the two provided texts. Please explicitly write which of the two texts is of higher quality by writing the corresponding letter in the output, and nothing else.'
2025-05-30 20:16:11,359 - INFO - First formatted prompt for tokenizer (first 100 chars): '<|begin_of_text|><|start_header_id|>system<|end_header_id|>

Cutting Knowledge Date: December 2023
T...'
2025-05-30 20:16:11,360 - INFO - Input device: cuda:0, preparing to move inputs to device.
2025-05-30 20:16:11,363 - INFO - Batch of inputs tokenized, padded, truncated, and moved to model device.
2025-05-30 20:16:11,363 - INFO - Starting batched model.generate()...
Setting `pad_token_id` to `eos_token_id`:128001 for open-end generation.
2025-05-30 20:16:11,547 - INFO - Batched model.generate() completed.
2025-05-30 20:16:11,547 - INFO - Decoding batch of responses and extracting token probabilities...
2025-05-30 20:16:11,549 - INFO - Input tokens stripped from responses and probabilities extracted.
2025-05-30 20:16:11,550 - INFO - Batch of responses generated.
2025-05-30 20:16:11,552 - INFO - Appended 8 results from batch to /scratch-shared/mschaffelder/data/exp_3/pairwise_rankings/small_vanilla.jsonl
2025-05-30 20:16:11,552 - INFO - Reading line 57 from input file...
2025-05-30 20:16:11,552 - INFO - Added prompt from line 57 to batch.
2025-05-30 20:16:11,552 - INFO - Reading line 58 from input file...
2025-05-30 20:16:11,552 - INFO - Added prompt from line 58 to batch.
2025-05-30 20:16:11,552 - INFO - Reading line 59 from input file...
2025-05-30 20:16:11,552 - INFO - Added prompt from line 59 to batch.
2025-05-30 20:16:11,552 - INFO - Reading line 60 from input file...
2025-05-30 20:16:11,552 - INFO - Added prompt from line 60 to batch.
2025-05-30 20:16:11,552 - INFO - Reading line 61 from input file...
2025-05-30 20:16:11,552 - INFO - Added prompt from line 61 to batch.
2025-05-30 20:16:11,552 - INFO - Reading line 62 from input file...
2025-05-30 20:16:11,553 - INFO - Added prompt from line 62 to batch.
2025-05-30 20:16:11,553 - INFO - Reading line 63 from input file...
2025-05-30 20:16:11,553 - INFO - Added prompt from line 63 to batch.
2025-05-30 20:16:11,553 - INFO - Reading line 64 from input file...
2025-05-30 20:16:11,553 - INFO - Added prompt from line 64 to batch.
2025-05-30 20:16:11,553 - INFO - Processing batch of 8 prompts (up to line 64)...
2025-05-30 20:16:11,553 - INFO - Generating rankings for batch of 8 pairs of prompts. System prompt: 'You are a helpful assistant. Your task is to rank the two provided texts. Please explicitly write which of the two texts is of higher quality by writing the corresponding letter in the output, and nothing else.'
2025-05-30 20:16:11,553 - INFO - First formatted prompt for tokenizer (first 100 chars): '<|begin_of_text|><|start_header_id|>system<|end_header_id|>

Cutting Knowledge Date: December 2023
T...'
2025-05-30 20:16:11,553 - INFO - Input device: cuda:0, preparing to move inputs to device.
2025-05-30 20:16:11,555 - INFO - Batch of inputs tokenized, padded, truncated, and moved to model device.
2025-05-30 20:16:11,556 - INFO - Starting batched model.generate()...
Setting `pad_token_id` to `eos_token_id`:128001 for open-end generation.
2025-05-30 20:16:11,696 - INFO - Batched model.generate() completed.
2025-05-30 20:16:11,698 - INFO - Decoding batch of responses and extracting token probabilities...
2025-05-30 20:16:11,700 - INFO - Input tokens stripped from responses and probabilities extracted.
2025-05-30 20:16:11,700 - INFO - Batch of responses generated.
2025-05-30 20:16:11,702 - INFO - Appended 8 results from batch to /scratch-shared/mschaffelder/data/exp_3/pairwise_rankings/small_vanilla.jsonl
2025-05-30 20:16:11,702 - INFO - Reading line 65 from input file...
2025-05-30 20:16:11,702 - INFO - Added prompt from line 65 to batch.
2025-05-30 20:16:11,702 - INFO - Reading line 66 from input file...
2025-05-30 20:16:11,702 - INFO - Added prompt from line 66 to batch.
2025-05-30 20:16:11,702 - INFO - Reading line 67 from input file...
2025-05-30 20:16:11,702 - INFO - Added prompt from line 67 to batch.
2025-05-30 20:16:11,702 - INFO - Reading line 68 from input file...
2025-05-30 20:16:11,702 - INFO - Added prompt from line 68 to batch.
2025-05-30 20:16:11,702 - INFO - Reading line 69 from input file...
2025-05-30 20:16:11,702 - INFO - Added prompt from line 69 to batch.
2025-05-30 20:16:11,702 - INFO - Reading line 70 from input file...
2025-05-30 20:16:11,702 - INFO - Added prompt from line 70 to batch.
2025-05-30 20:16:11,702 - INFO - Reading line 71 from input file...
2025-05-30 20:16:11,702 - INFO - Added prompt from line 71 to batch.
2025-05-30 20:16:11,702 - INFO - Reading line 72 from input file...
2025-05-30 20:16:11,702 - INFO - Added prompt from line 72 to batch.
2025-05-30 20:16:11,702 - INFO - Processing batch of 8 prompts (up to line 72)...
2025-05-30 20:16:11,702 - INFO - Generating rankings for batch of 8 pairs of prompts. System prompt: 'You are a helpful assistant. Your task is to rank the two provided texts. Please explicitly write which of the two texts is of higher quality by writing the corresponding letter in the output, and nothing else.'
2025-05-30 20:16:11,703 - INFO - First formatted prompt for tokenizer (first 100 chars): '<|begin_of_text|><|start_header_id|>system<|end_header_id|>

Cutting Knowledge Date: December 2023
T...'
2025-05-30 20:16:11,703 - INFO - Input device: cuda:0, preparing to move inputs to device.
2025-05-30 20:16:11,705 - INFO - Batch of inputs tokenized, padded, truncated, and moved to model device.
2025-05-30 20:16:11,705 - INFO - Starting batched model.generate()...
Setting `pad_token_id` to `eos_token_id`:128001 for open-end generation.
2025-05-30 20:16:11,852 - INFO - Batched model.generate() completed.
2025-05-30 20:16:11,852 - INFO - Decoding batch of responses and extracting token probabilities...
2025-05-30 20:16:11,855 - INFO - Input tokens stripped from responses and probabilities extracted.
2025-05-30 20:16:11,855 - INFO - Batch of responses generated.
2025-05-30 20:16:11,855 - INFO - Appended 8 results from batch to /scratch-shared/mschaffelder/data/exp_3/pairwise_rankings/small_vanilla.jsonl
2025-05-30 20:16:11,855 - INFO - Reading line 73 from input file...
2025-05-30 20:16:11,855 - INFO - Added prompt from line 73 to batch.
2025-05-30 20:16:11,856 - INFO - Reading line 74 from input file...
2025-05-30 20:16:11,856 - INFO - Added prompt from line 74 to batch.
2025-05-30 20:16:11,856 - INFO - Reading line 75 from input file...
2025-05-30 20:16:11,856 - INFO - Added prompt from line 75 to batch.
2025-05-30 20:16:11,856 - INFO - Reading line 76 from input file...
2025-05-30 20:16:11,856 - INFO - Added prompt from line 76 to batch.
2025-05-30 20:16:11,856 - INFO - Reading line 77 from input file...
2025-05-30 20:16:11,856 - INFO - Added prompt from line 77 to batch.
2025-05-30 20:16:11,856 - INFO - Reading line 78 from input file...
2025-05-30 20:16:11,856 - INFO - Added prompt from line 78 to batch.
2025-05-30 20:16:11,856 - INFO - Reading line 79 from input file...
2025-05-30 20:16:11,856 - INFO - Added prompt from line 79 to batch.
2025-05-30 20:16:11,856 - INFO - Reading line 80 from input file...
2025-05-30 20:16:11,856 - INFO - Added prompt from line 80 to batch.
2025-05-30 20:16:11,856 - INFO - Processing batch of 8 prompts (up to line 80)...
2025-05-30 20:16:11,856 - INFO - Generating rankings for batch of 8 pairs of prompts. System prompt: 'You are a helpful assistant. Your task is to rank the two provided texts. Please explicitly write which of the two texts is of higher quality by writing the corresponding letter in the output, and nothing else.'
2025-05-30 20:16:11,856 - INFO - First formatted prompt for tokenizer (first 100 chars): '<|begin_of_text|><|start_header_id|>system<|end_header_id|>

Cutting Knowledge Date: December 2023
T...'
2025-05-30 20:16:11,856 - INFO - Input device: cuda:0, preparing to move inputs to device.
2025-05-30 20:16:11,859 - INFO - Batch of inputs tokenized, padded, truncated, and moved to model device.
2025-05-30 20:16:11,859 - INFO - Starting batched model.generate()...
Setting `pad_token_id` to `eos_token_id`:128001 for open-end generation.
2025-05-30 20:16:12,020 - INFO - Batched model.generate() completed.
2025-05-30 20:16:12,021 - INFO - Decoding batch of responses and extracting token probabilities...
2025-05-30 20:16:12,023 - INFO - Input tokens stripped from responses and probabilities extracted.
2025-05-30 20:16:12,023 - INFO - Batch of responses generated.
2025-05-30 20:16:12,025 - INFO - Appended 8 results from batch to /scratch-shared/mschaffelder/data/exp_3/pairwise_rankings/small_vanilla.jsonl
2025-05-30 20:16:12,025 - INFO - Reading line 81 from input file...
2025-05-30 20:16:12,025 - INFO - Added prompt from line 81 to batch.
2025-05-30 20:16:12,025 - INFO - Reading line 82 from input file...
2025-05-30 20:16:12,025 - INFO - Added prompt from line 82 to batch.
2025-05-30 20:16:12,025 - INFO - Reading line 83 from input file...
2025-05-30 20:16:12,025 - INFO - Added prompt from line 83 to batch.
2025-05-30 20:16:12,025 - INFO - Reading line 84 from input file...
2025-05-30 20:16:12,025 - INFO - Added prompt from line 84 to batch.
2025-05-30 20:16:12,025 - INFO - Reading line 85 from input file...
2025-05-30 20:16:12,025 - INFO - Added prompt from line 85 to batch.
2025-05-30 20:16:12,025 - INFO - Reading line 86 from input file...
2025-05-30 20:16:12,025 - INFO - Added prompt from line 86 to batch.
2025-05-30 20:16:12,025 - INFO - Reading line 87 from input file...
2025-05-30 20:16:12,025 - INFO - Added prompt from line 87 to batch.
2025-05-30 20:16:12,025 - INFO - Reading line 88 from input file...
2025-05-30 20:16:12,025 - INFO - Added prompt from line 88 to batch.
2025-05-30 20:16:12,025 - INFO - Processing batch of 8 prompts (up to line 88)...
2025-05-30 20:16:12,025 - INFO - Generating rankings for batch of 8 pairs of prompts. System prompt: 'You are a helpful assistant. Your task is to rank the two provided texts. Please explicitly write which of the two texts is of higher quality by writing the corresponding letter in the output, and nothing else.'
2025-05-30 20:16:12,026 - INFO - First formatted prompt for tokenizer (first 100 chars): '<|begin_of_text|><|start_header_id|>system<|end_header_id|>

Cutting Knowledge Date: December 2023
T...'
2025-05-30 20:16:12,026 - INFO - Input device: cuda:0, preparing to move inputs to device.
2025-05-30 20:16:12,028 - INFO - Batch of inputs tokenized, padded, truncated, and moved to model device.
2025-05-30 20:16:12,028 - INFO - Starting batched model.generate()...
Setting `pad_token_id` to `eos_token_id`:128001 for open-end generation.
2025-05-30 20:16:12,200 - INFO - Batched model.generate() completed.
2025-05-30 20:16:12,200 - INFO - Decoding batch of responses and extracting token probabilities...
2025-05-30 20:16:12,203 - INFO - Input tokens stripped from responses and probabilities extracted.
2025-05-30 20:16:12,203 - INFO - Batch of responses generated.
2025-05-30 20:16:12,204 - INFO - Appended 8 results from batch to /scratch-shared/mschaffelder/data/exp_3/pairwise_rankings/small_vanilla.jsonl
2025-05-30 20:16:12,204 - INFO - Reading line 89 from input file...
2025-05-30 20:16:12,204 - INFO - Added prompt from line 89 to batch.
2025-05-30 20:16:12,204 - INFO - Reading line 90 from input file...
2025-05-30 20:16:12,204 - INFO - Added prompt from line 90 to batch.
2025-05-30 20:16:12,204 - INFO - Reading line 91 from input file...
2025-05-30 20:16:12,204 - INFO - Added prompt from line 91 to batch.
2025-05-30 20:16:12,204 - INFO - Reading line 92 from input file...
2025-05-30 20:16:12,204 - INFO - Added prompt from line 92 to batch.
2025-05-30 20:16:12,204 - INFO - Reading line 93 from input file...
2025-05-30 20:16:12,204 - INFO - Added prompt from line 93 to batch.
2025-05-30 20:16:12,204 - INFO - Reading line 94 from input file...
2025-05-30 20:16:12,204 - INFO - Added prompt from line 94 to batch.
2025-05-30 20:16:12,204 - INFO - Reading line 95 from input file...
2025-05-30 20:16:12,204 - INFO - Added prompt from line 95 to batch.
2025-05-30 20:16:12,205 - INFO - Reading line 96 from input file...
2025-05-30 20:16:12,205 - INFO - Added prompt from line 96 to batch.
2025-05-30 20:16:12,205 - INFO - Processing batch of 8 prompts (up to line 96)...
2025-05-30 20:16:12,205 - INFO - Generating rankings for batch of 8 pairs of prompts. System prompt: 'You are a helpful assistant. Your task is to rank the two provided texts. Please explicitly write which of the two texts is of higher quality by writing the corresponding letter in the output, and nothing else.'
2025-05-30 20:16:12,205 - INFO - First formatted prompt for tokenizer (first 100 chars): '<|begin_of_text|><|start_header_id|>system<|end_header_id|>

Cutting Knowledge Date: December 2023
T...'
2025-05-30 20:16:12,205 - INFO - Input device: cuda:0, preparing to move inputs to device.
2025-05-30 20:16:12,208 - INFO - Batch of inputs tokenized, padded, truncated, and moved to model device.
2025-05-30 20:16:12,208 - INFO - Starting batched model.generate()...
Setting `pad_token_id` to `eos_token_id`:128001 for open-end generation.
2025-05-30 20:16:12,377 - INFO - Batched model.generate() completed.
2025-05-30 20:16:12,377 - INFO - Decoding batch of responses and extracting token probabilities...
2025-05-30 20:16:12,379 - INFO - Input tokens stripped from responses and probabilities extracted.
2025-05-30 20:16:12,380 - INFO - Batch of responses generated.
2025-05-30 20:16:12,381 - INFO - Appended 8 results from batch to /scratch-shared/mschaffelder/data/exp_3/pairwise_rankings/small_vanilla.jsonl
2025-05-30 20:16:12,381 - INFO - Reading line 97 from input file...
2025-05-30 20:16:12,381 - INFO - Added prompt from line 97 to batch.
2025-05-30 20:16:12,381 - INFO - Reading line 98 from input file...
2025-05-30 20:16:12,381 - INFO - Added prompt from line 98 to batch.
2025-05-30 20:16:12,381 - INFO - Reading line 99 from input file...
2025-05-30 20:16:12,381 - INFO - Added prompt from line 99 to batch.
2025-05-30 20:16:12,381 - INFO - Reading line 100 from input file...
2025-05-30 20:16:12,381 - INFO - Added prompt from line 100 to batch.
2025-05-30 20:16:12,381 - INFO - Reading line 101 from input file...
2025-05-30 20:16:12,381 - INFO - Added prompt from line 101 to batch.
2025-05-30 20:16:12,381 - INFO - Reading line 102 from input file...
2025-05-30 20:16:12,381 - INFO - Added prompt from line 102 to batch.
2025-05-30 20:16:12,381 - INFO - Reading line 103 from input file...
2025-05-30 20:16:12,381 - INFO - Added prompt from line 103 to batch.
2025-05-30 20:16:12,381 - INFO - Reading line 104 from input file...
2025-05-30 20:16:12,381 - INFO - Added prompt from line 104 to batch.
2025-05-30 20:16:12,381 - INFO - Processing batch of 8 prompts (up to line 104)...
2025-05-30 20:16:12,381 - INFO - Generating rankings for batch of 8 pairs of prompts. System prompt: 'You are a helpful assistant. Your task is to rank the two provided texts. Please explicitly write which of the two texts is of higher quality by writing the corresponding letter in the output, and nothing else.'
2025-05-30 20:16:12,382 - INFO - First formatted prompt for tokenizer (first 100 chars): '<|begin_of_text|><|start_header_id|>system<|end_header_id|>

Cutting Knowledge Date: December 2023
T...'
2025-05-30 20:16:12,382 - INFO - Input device: cuda:0, preparing to move inputs to device.
2025-05-30 20:16:12,384 - INFO - Batch of inputs tokenized, padded, truncated, and moved to model device.
2025-05-30 20:16:12,384 - INFO - Starting batched model.generate()...
Setting `pad_token_id` to `eos_token_id`:128001 for open-end generation.
2025-05-30 20:16:12,514 - INFO - Batched model.generate() completed.
2025-05-30 20:16:12,514 - INFO - Decoding batch of responses and extracting token probabilities...
2025-05-30 20:16:12,517 - INFO - Input tokens stripped from responses and probabilities extracted.
2025-05-30 20:16:12,517 - INFO - Batch of responses generated.
2025-05-30 20:16:12,518 - INFO - Appended 8 results from batch to /scratch-shared/mschaffelder/data/exp_3/pairwise_rankings/small_vanilla.jsonl
2025-05-30 20:16:12,518 - INFO - Reading line 105 from input file...
2025-05-30 20:16:12,518 - INFO - Added prompt from line 105 to batch.
2025-05-30 20:16:12,518 - INFO - Reading line 106 from input file...
2025-05-30 20:16:12,518 - INFO - Added prompt from line 106 to batch.
2025-05-30 20:16:12,519 - INFO - Reading line 107 from input file...
2025-05-30 20:16:12,519 - INFO - Added prompt from line 107 to batch.
2025-05-30 20:16:12,519 - INFO - Reading line 108 from input file...
2025-05-30 20:16:12,519 - INFO - Added prompt from line 108 to batch.
2025-05-30 20:16:12,519 - INFO - Reading line 109 from input file...
2025-05-30 20:16:12,519 - INFO - Added prompt from line 109 to batch.
2025-05-30 20:16:12,519 - INFO - Reading line 110 from input file...
2025-05-30 20:16:12,519 - INFO - Added prompt from line 110 to batch.
2025-05-30 20:16:12,519 - INFO - Reading line 111 from input file...
2025-05-30 20:16:12,519 - INFO - Added prompt from line 111 to batch.
2025-05-30 20:16:12,519 - INFO - Reading line 112 from input file...
2025-05-30 20:16:12,519 - INFO - Added prompt from line 112 to batch.
2025-05-30 20:16:12,519 - INFO - Processing batch of 8 prompts (up to line 112)...
2025-05-30 20:16:12,519 - INFO - Generating rankings for batch of 8 pairs of prompts. System prompt: 'You are a helpful assistant. Your task is to rank the two provided texts. Please explicitly write which of the two texts is of higher quality by writing the corresponding letter in the output, and nothing else.'
2025-05-30 20:16:12,519 - INFO - First formatted prompt for tokenizer (first 100 chars): '<|begin_of_text|><|start_header_id|>system<|end_header_id|>

Cutting Knowledge Date: December 2023
T...'
2025-05-30 20:16:12,519 - INFO - Input device: cuda:0, preparing to move inputs to device.
2025-05-30 20:16:12,522 - INFO - Batch of inputs tokenized, padded, truncated, and moved to model device.
2025-05-30 20:16:12,522 - INFO - Starting batched model.generate()...
Setting `pad_token_id` to `eos_token_id`:128001 for open-end generation.
2025-05-30 20:16:12,692 - INFO - Batched model.generate() completed.
2025-05-30 20:16:12,694 - INFO - Decoding batch of responses and extracting token probabilities...
2025-05-30 20:16:12,696 - INFO - Input tokens stripped from responses and probabilities extracted.
2025-05-30 20:16:12,696 - INFO - Batch of responses generated.
2025-05-30 20:16:12,698 - INFO - Appended 8 results from batch to /scratch-shared/mschaffelder/data/exp_3/pairwise_rankings/small_vanilla.jsonl
2025-05-30 20:16:12,698 - INFO - Reading line 113 from input file...
2025-05-30 20:16:12,698 - INFO - Added prompt from line 113 to batch.
2025-05-30 20:16:12,698 - INFO - Reading line 114 from input file...
2025-05-30 20:16:12,698 - INFO - Added prompt from line 114 to batch.
2025-05-30 20:16:12,698 - INFO - Reading line 115 from input file...
2025-05-30 20:16:12,698 - INFO - Added prompt from line 115 to batch.
2025-05-30 20:16:12,698 - INFO - Reading line 116 from input file...
2025-05-30 20:16:12,698 - INFO - Added prompt from line 116 to batch.
2025-05-30 20:16:12,698 - INFO - Reading line 117 from input file...
2025-05-30 20:16:12,698 - INFO - Added prompt from line 117 to batch.
2025-05-30 20:16:12,698 - INFO - Reading line 118 from input file...
2025-05-30 20:16:12,698 - INFO - Added prompt from line 118 to batch.
2025-05-30 20:16:12,698 - INFO - Reading line 119 from input file...
2025-05-30 20:16:12,698 - INFO - Added prompt from line 119 to batch.
2025-05-30 20:16:12,698 - INFO - Reading line 120 from input file...
2025-05-30 20:16:12,698 - INFO - Added prompt from line 120 to batch.
2025-05-30 20:16:12,698 - INFO - Processing batch of 8 prompts (up to line 120)...
2025-05-30 20:16:12,698 - INFO - Generating rankings for batch of 8 pairs of prompts. System prompt: 'You are a helpful assistant. Your task is to rank the two provided texts. Please explicitly write which of the two texts is of higher quality by writing the corresponding letter in the output, and nothing else.'
2025-05-30 20:16:12,699 - INFO - First formatted prompt for tokenizer (first 100 chars): '<|begin_of_text|><|start_header_id|>system<|end_header_id|>

Cutting Knowledge Date: December 2023
T...'
2025-05-30 20:16:12,699 - INFO - Input device: cuda:0, preparing to move inputs to device.
2025-05-30 20:16:12,701 - INFO - Batch of inputs tokenized, padded, truncated, and moved to model device.
2025-05-30 20:16:12,702 - INFO - Starting batched model.generate()...
Setting `pad_token_id` to `eos_token_id`:128001 for open-end generation.
2025-05-30 20:16:12,883 - INFO - Batched model.generate() completed.
2025-05-30 20:16:12,883 - INFO - Decoding batch of responses and extracting token probabilities...
2025-05-30 20:16:12,886 - INFO - Input tokens stripped from responses and probabilities extracted.
2025-05-30 20:16:12,886 - INFO - Batch of responses generated.
2025-05-30 20:16:12,888 - INFO - Appended 8 results from batch to /scratch-shared/mschaffelder/data/exp_3/pairwise_rankings/small_vanilla.jsonl
2025-05-30 20:16:12,888 - INFO - Reading line 121 from input file...
2025-05-30 20:16:12,888 - INFO - Added prompt from line 121 to batch.
2025-05-30 20:16:12,888 - INFO - Reading line 122 from input file...
2025-05-30 20:16:12,888 - INFO - Added prompt from line 122 to batch.
2025-05-30 20:16:12,888 - INFO - Reading line 123 from input file...
2025-05-30 20:16:12,888 - INFO - Added prompt from line 123 to batch.
2025-05-30 20:16:12,888 - INFO - Reading line 124 from input file...
2025-05-30 20:16:12,888 - INFO - Added prompt from line 124 to batch.
2025-05-30 20:16:12,888 - INFO - Reading line 125 from input file...
2025-05-30 20:16:12,888 - INFO - Added prompt from line 125 to batch.
2025-05-30 20:16:12,888 - INFO - Reading line 126 from input file...
2025-05-30 20:16:12,888 - INFO - Added prompt from line 126 to batch.
2025-05-30 20:16:12,888 - INFO - Reading line 127 from input file...
2025-05-30 20:16:12,888 - INFO - Added prompt from line 127 to batch.
2025-05-30 20:16:12,888 - INFO - Reading line 128 from input file...
2025-05-30 20:16:12,888 - INFO - Added prompt from line 128 to batch.
2025-05-30 20:16:12,888 - INFO - Processing batch of 8 prompts (up to line 128)...
2025-05-30 20:16:12,888 - INFO - Generating rankings for batch of 8 pairs of prompts. System prompt: 'You are a helpful assistant. Your task is to rank the two provided texts. Please explicitly write which of the two texts is of higher quality by writing the corresponding letter in the output, and nothing else.'
2025-05-30 20:16:12,888 - INFO - First formatted prompt for tokenizer (first 100 chars): '<|begin_of_text|><|start_header_id|>system<|end_header_id|>

Cutting Knowledge Date: December 2023
T...'
2025-05-30 20:16:12,889 - INFO - Input device: cuda:0, preparing to move inputs to device.
2025-05-30 20:16:12,891 - INFO - Batch of inputs tokenized, padded, truncated, and moved to model device.
2025-05-30 20:16:12,891 - INFO - Starting batched model.generate()...
Setting `pad_token_id` to `eos_token_id`:128001 for open-end generation.
2025-05-30 20:16:13,056 - INFO - Batched model.generate() completed.
2025-05-30 20:16:13,056 - INFO - Decoding batch of responses and extracting token probabilities...
2025-05-30 20:16:13,058 - INFO - Input tokens stripped from responses and probabilities extracted.
2025-05-30 20:16:13,058 - INFO - Batch of responses generated.
2025-05-30 20:16:13,060 - INFO - Appended 8 results from batch to /scratch-shared/mschaffelder/data/exp_3/pairwise_rankings/small_vanilla.jsonl
2025-05-30 20:16:13,060 - INFO - Reading line 129 from input file...
2025-05-30 20:16:13,060 - INFO - Added prompt from line 129 to batch.
2025-05-30 20:16:13,060 - INFO - Reading line 130 from input file...
2025-05-30 20:16:13,060 - INFO - Added prompt from line 130 to batch.
2025-05-30 20:16:13,060 - INFO - Reading line 131 from input file...
2025-05-30 20:16:13,060 - INFO - Added prompt from line 131 to batch.
2025-05-30 20:16:13,060 - INFO - Reading line 132 from input file...
2025-05-30 20:16:13,060 - INFO - Added prompt from line 132 to batch.
2025-05-30 20:16:13,060 - INFO - Reading line 133 from input file...
2025-05-30 20:16:13,060 - INFO - Added prompt from line 133 to batch.
2025-05-30 20:16:13,060 - INFO - Reading line 134 from input file...
2025-05-30 20:16:13,060 - INFO - Added prompt from line 134 to batch.
2025-05-30 20:16:13,060 - INFO - Reading line 135 from input file...
2025-05-30 20:16:13,061 - INFO - Added prompt from line 135 to batch.
2025-05-30 20:16:13,061 - INFO - Reading line 136 from input file...
2025-05-30 20:16:13,061 - INFO - Added prompt from line 136 to batch.
2025-05-30 20:16:13,061 - INFO - Processing batch of 8 prompts (up to line 136)...
2025-05-30 20:16:13,061 - INFO - Generating rankings for batch of 8 pairs of prompts. System prompt: 'You are a helpful assistant. Your task is to rank the two provided texts. Please explicitly write which of the two texts is of higher quality by writing the corresponding letter in the output, and nothing else.'
2025-05-30 20:16:13,061 - INFO - First formatted prompt for tokenizer (first 100 chars): '<|begin_of_text|><|start_header_id|>system<|end_header_id|>

Cutting Knowledge Date: December 2023
T...'
2025-05-30 20:16:13,061 - INFO - Input device: cuda:0, preparing to move inputs to device.
2025-05-30 20:16:13,064 - INFO - Batch of inputs tokenized, padded, truncated, and moved to model device.
2025-05-30 20:16:13,064 - INFO - Starting batched model.generate()...
Setting `pad_token_id` to `eos_token_id`:128001 for open-end generation.
2025-05-30 20:16:13,226 - INFO - Batched model.generate() completed.
2025-05-30 20:16:13,227 - INFO - Decoding batch of responses and extracting token probabilities...
2025-05-30 20:16:13,229 - INFO - Input tokens stripped from responses and probabilities extracted.
2025-05-30 20:16:13,229 - INFO - Batch of responses generated.
2025-05-30 20:16:13,231 - INFO - Appended 8 results from batch to /scratch-shared/mschaffelder/data/exp_3/pairwise_rankings/small_vanilla.jsonl
2025-05-30 20:16:13,231 - INFO - Reading line 137 from input file...
2025-05-30 20:16:13,231 - INFO - Added prompt from line 137 to batch.
2025-05-30 20:16:13,231 - INFO - Reading line 138 from input file...
2025-05-30 20:16:13,231 - INFO - Added prompt from line 138 to batch.
2025-05-30 20:16:13,231 - INFO - Reading line 139 from input file...
2025-05-30 20:16:13,231 - INFO - Added prompt from line 139 to batch.
2025-05-30 20:16:13,231 - INFO - Reading line 140 from input file...
2025-05-30 20:16:13,231 - INFO - Added prompt from line 140 to batch.
2025-05-30 20:16:13,231 - INFO - Reading line 141 from input file...
2025-05-30 20:16:13,231 - INFO - Added prompt from line 141 to batch.
2025-05-30 20:16:13,231 - INFO - Reading line 142 from input file...
2025-05-30 20:16:13,231 - INFO - Added prompt from line 142 to batch.
2025-05-30 20:16:13,231 - INFO - Reading line 143 from input file...
2025-05-30 20:16:13,231 - INFO - Added prompt from line 143 to batch.
2025-05-30 20:16:13,231 - INFO - Reading line 144 from input file...
2025-05-30 20:16:13,231 - INFO - Added prompt from line 144 to batch.
2025-05-30 20:16:13,231 - INFO - Processing batch of 8 prompts (up to line 144)...
2025-05-30 20:16:13,231 - INFO - Generating rankings for batch of 8 pairs of prompts. System prompt: 'You are a helpful assistant. Your task is to rank the two provided texts. Please explicitly write which of the two texts is of higher quality by writing the corresponding letter in the output, and nothing else.'
2025-05-30 20:16:13,232 - INFO - First formatted prompt for tokenizer (first 100 chars): '<|begin_of_text|><|start_header_id|>system<|end_header_id|>

Cutting Knowledge Date: December 2023
T...'
2025-05-30 20:16:13,232 - INFO - Input device: cuda:0, preparing to move inputs to device.
2025-05-30 20:16:13,234 - INFO - Batch of inputs tokenized, padded, truncated, and moved to model device.
2025-05-30 20:16:13,234 - INFO - Starting batched model.generate()...
Setting `pad_token_id` to `eos_token_id`:128001 for open-end generation.
2025-05-30 20:16:13,404 - INFO - Batched model.generate() completed.
2025-05-30 20:16:13,405 - INFO - Decoding batch of responses and extracting token probabilities...
2025-05-30 20:16:13,408 - INFO - Input tokens stripped from responses and probabilities extracted.
2025-05-30 20:16:13,408 - INFO - Batch of responses generated.
2025-05-30 20:16:13,410 - INFO - Appended 8 results from batch to /scratch-shared/mschaffelder/data/exp_3/pairwise_rankings/small_vanilla.jsonl
2025-05-30 20:16:13,410 - INFO - Reading line 145 from input file...
2025-05-30 20:16:13,410 - INFO - Added prompt from line 145 to batch.
2025-05-30 20:16:13,410 - INFO - Reading line 146 from input file...
2025-05-30 20:16:13,410 - INFO - Added prompt from line 146 to batch.
2025-05-30 20:16:13,410 - INFO - Reading line 147 from input file...
2025-05-30 20:16:13,410 - INFO - Added prompt from line 147 to batch.
2025-05-30 20:16:13,410 - INFO - Reading line 148 from input file...
2025-05-30 20:16:13,410 - INFO - Added prompt from line 148 to batch.
2025-05-30 20:16:13,410 - INFO - Reading line 149 from input file...
2025-05-30 20:16:13,410 - INFO - Added prompt from line 149 to batch.
2025-05-30 20:16:13,410 - INFO - Reading line 150 from input file...
2025-05-30 20:16:13,410 - INFO - Added prompt from line 150 to batch.
2025-05-30 20:16:13,410 - INFO - Reading line 151 from input file...
2025-05-30 20:16:13,410 - INFO - Added prompt from line 151 to batch.
2025-05-30 20:16:13,410 - INFO - Reading line 152 from input file...
2025-05-30 20:16:13,411 - INFO - Added prompt from line 152 to batch.
2025-05-30 20:16:13,411 - INFO - Processing batch of 8 prompts (up to line 152)...
2025-05-30 20:16:13,411 - INFO - Generating rankings for batch of 8 pairs of prompts. System prompt: 'You are a helpful assistant. Your task is to rank the two provided texts. Please explicitly write which of the two texts is of higher quality by writing the corresponding letter in the output, and nothing else.'
2025-05-30 20:16:13,411 - INFO - First formatted prompt for tokenizer (first 100 chars): '<|begin_of_text|><|start_header_id|>system<|end_header_id|>

Cutting Knowledge Date: December 2023
T...'
2025-05-30 20:16:13,411 - INFO - Input device: cuda:0, preparing to move inputs to device.
2025-05-30 20:16:13,415 - INFO - Batch of inputs tokenized, padded, truncated, and moved to model device.
2025-05-30 20:16:13,415 - INFO - Starting batched model.generate()...
Setting `pad_token_id` to `eos_token_id`:128001 for open-end generation.
2025-05-30 20:16:13,622 - INFO - Batched model.generate() completed.
2025-05-30 20:16:13,622 - INFO - Decoding batch of responses and extracting token probabilities...
2025-05-30 20:16:13,625 - INFO - Input tokens stripped from responses and probabilities extracted.
2025-05-30 20:16:13,625 - INFO - Batch of responses generated.
2025-05-30 20:16:13,626 - INFO - Appended 8 results from batch to /scratch-shared/mschaffelder/data/exp_3/pairwise_rankings/small_vanilla.jsonl
2025-05-30 20:16:13,626 - INFO - Reading line 153 from input file...
2025-05-30 20:16:13,626 - INFO - Added prompt from line 153 to batch.
2025-05-30 20:16:13,626 - INFO - Reading line 154 from input file...
2025-05-30 20:16:13,627 - INFO - Added prompt from line 154 to batch.
2025-05-30 20:16:13,627 - INFO - Reading line 155 from input file...
2025-05-30 20:16:13,627 - INFO - Added prompt from line 155 to batch.
2025-05-30 20:16:13,627 - INFO - Reading line 156 from input file...
2025-05-30 20:16:13,627 - INFO - Added prompt from line 156 to batch.
2025-05-30 20:16:13,627 - INFO - Reading line 157 from input file...
2025-05-30 20:16:13,627 - INFO - Added prompt from line 157 to batch.
2025-05-30 20:16:13,627 - INFO - Reading line 158 from input file...
2025-05-30 20:16:13,627 - INFO - Added prompt from line 158 to batch.
2025-05-30 20:16:13,627 - INFO - Reading line 159 from input file...
2025-05-30 20:16:13,627 - INFO - Added prompt from line 159 to batch.
2025-05-30 20:16:13,627 - INFO - Reading line 160 from input file...
2025-05-30 20:16:13,627 - INFO - Added prompt from line 160 to batch.
2025-05-30 20:16:13,627 - INFO - Processing batch of 8 prompts (up to line 160)...
2025-05-30 20:16:13,627 - INFO - Generating rankings for batch of 8 pairs of prompts. System prompt: 'You are a helpful assistant. Your task is to rank the two provided texts. Please explicitly write which of the two texts is of higher quality by writing the corresponding letter in the output, and nothing else.'
2025-05-30 20:16:13,627 - INFO - First formatted prompt for tokenizer (first 100 chars): '<|begin_of_text|><|start_header_id|>system<|end_header_id|>

Cutting Knowledge Date: December 2023
T...'
2025-05-30 20:16:13,651 - INFO - Input device: cuda:0, preparing to move inputs to device.
2025-05-30 20:16:13,653 - INFO - Batch of inputs tokenized, padded, truncated, and moved to model device.
2025-05-30 20:16:13,653 - INFO - Starting batched model.generate()...
Setting `pad_token_id` to `eos_token_id`:128001 for open-end generation.
2025-05-30 20:16:13,815 - INFO - Batched model.generate() completed.
2025-05-30 20:16:13,815 - INFO - Decoding batch of responses and extracting token probabilities...
2025-05-30 20:16:13,818 - INFO - Input tokens stripped from responses and probabilities extracted.
2025-05-30 20:16:13,818 - INFO - Batch of responses generated.
2025-05-30 20:16:13,819 - INFO - Appended 8 results from batch to /scratch-shared/mschaffelder/data/exp_3/pairwise_rankings/small_vanilla.jsonl
2025-05-30 20:16:13,819 - INFO - Reading line 161 from input file...
2025-05-30 20:16:13,819 - INFO - Added prompt from line 161 to batch.
2025-05-30 20:16:13,819 - INFO - Reading line 162 from input file...
2025-05-30 20:16:13,820 - INFO - Added prompt from line 162 to batch.
2025-05-30 20:16:13,820 - INFO - Reading line 163 from input file...
2025-05-30 20:16:13,820 - INFO - Added prompt from line 163 to batch.
2025-05-30 20:16:13,820 - INFO - Reading line 164 from input file...
2025-05-30 20:16:13,820 - INFO - Added prompt from line 164 to batch.
2025-05-30 20:16:13,820 - INFO - Reading line 165 from input file...
2025-05-30 20:16:13,820 - INFO - Added prompt from line 165 to batch.
2025-05-30 20:16:13,820 - INFO - Reading line 166 from input file...
2025-05-30 20:16:13,820 - INFO - Added prompt from line 166 to batch.
2025-05-30 20:16:13,820 - INFO - Reading line 167 from input file...
2025-05-30 20:16:13,820 - INFO - Added prompt from line 167 to batch.
2025-05-30 20:16:13,820 - INFO - Reading line 168 from input file...
2025-05-30 20:16:13,820 - INFO - Added prompt from line 168 to batch.
2025-05-30 20:16:13,820 - INFO - Processing batch of 8 prompts (up to line 168)...
2025-05-30 20:16:13,820 - INFO - Generating rankings for batch of 8 pairs of prompts. System prompt: 'You are a helpful assistant. Your task is to rank the two provided texts. Please explicitly write which of the two texts is of higher quality by writing the corresponding letter in the output, and nothing else.'
2025-05-30 20:16:13,820 - INFO - First formatted prompt for tokenizer (first 100 chars): '<|begin_of_text|><|start_header_id|>system<|end_header_id|>

Cutting Knowledge Date: December 2023
T...'
2025-05-30 20:16:13,820 - INFO - Input device: cuda:0, preparing to move inputs to device.
2025-05-30 20:16:13,823 - INFO - Batch of inputs tokenized, padded, truncated, and moved to model device.
2025-05-30 20:16:13,823 - INFO - Starting batched model.generate()...
Setting `pad_token_id` to `eos_token_id`:128001 for open-end generation.
2025-05-30 20:16:13,997 - INFO - Batched model.generate() completed.
2025-05-30 20:16:13,998 - INFO - Decoding batch of responses and extracting token probabilities...
2025-05-30 20:16:14,000 - INFO - Input tokens stripped from responses and probabilities extracted.
2025-05-30 20:16:14,000 - INFO - Batch of responses generated.
2025-05-30 20:16:14,002 - INFO - Appended 8 results from batch to /scratch-shared/mschaffelder/data/exp_3/pairwise_rankings/small_vanilla.jsonl
2025-05-30 20:16:14,002 - INFO - Reading line 169 from input file...
2025-05-30 20:16:14,002 - INFO - Added prompt from line 169 to batch.
2025-05-30 20:16:14,002 - INFO - Reading line 170 from input file...
2025-05-30 20:16:14,002 - INFO - Added prompt from line 170 to batch.
2025-05-30 20:16:14,002 - INFO - Reading line 171 from input file...
2025-05-30 20:16:14,002 - INFO - Added prompt from line 171 to batch.
2025-05-30 20:16:14,002 - INFO - Reading line 172 from input file...
2025-05-30 20:16:14,002 - INFO - Added prompt from line 172 to batch.
2025-05-30 20:16:14,002 - INFO - Reading line 173 from input file...
2025-05-30 20:16:14,003 - INFO - Added prompt from line 173 to batch.
2025-05-30 20:16:14,003 - INFO - Reading line 174 from input file...
2025-05-30 20:16:14,003 - INFO - Added prompt from line 174 to batch.
2025-05-30 20:16:14,003 - INFO - Reading line 175 from input file...
2025-05-30 20:16:14,003 - INFO - Added prompt from line 175 to batch.
2025-05-30 20:16:14,003 - INFO - Reading line 176 from input file...
2025-05-30 20:16:14,003 - INFO - Added prompt from line 176 to batch.
2025-05-30 20:16:14,003 - INFO - Processing batch of 8 prompts (up to line 176)...
2025-05-30 20:16:14,003 - INFO - Generating rankings for batch of 8 pairs of prompts. System prompt: 'You are a helpful assistant. Your task is to rank the two provided texts. Please explicitly write which of the two texts is of higher quality by writing the corresponding letter in the output, and nothing else.'
2025-05-30 20:16:14,003 - INFO - First formatted prompt for tokenizer (first 100 chars): '<|begin_of_text|><|start_header_id|>system<|end_header_id|>

Cutting Knowledge Date: December 2023
T...'
2025-05-30 20:16:14,003 - INFO - Input device: cuda:0, preparing to move inputs to device.
2025-05-30 20:16:14,006 - INFO - Batch of inputs tokenized, padded, truncated, and moved to model device.
2025-05-30 20:16:14,006 - INFO - Starting batched model.generate()...
Setting `pad_token_id` to `eos_token_id`:128001 for open-end generation.
2025-05-30 20:16:14,210 - INFO - Batched model.generate() completed.
2025-05-30 20:16:14,210 - INFO - Decoding batch of responses and extracting token probabilities...
2025-05-30 20:16:14,213 - INFO - Input tokens stripped from responses and probabilities extracted.
2025-05-30 20:16:14,213 - INFO - Batch of responses generated.
2025-05-30 20:16:14,214 - INFO - Appended 8 results from batch to /scratch-shared/mschaffelder/data/exp_3/pairwise_rankings/small_vanilla.jsonl
2025-05-30 20:16:14,214 - INFO - Reading line 177 from input file...
2025-05-30 20:16:14,214 - INFO - Added prompt from line 177 to batch.
2025-05-30 20:16:14,214 - INFO - Reading line 178 from input file...
2025-05-30 20:16:14,215 - INFO - Added prompt from line 178 to batch.
2025-05-30 20:16:14,215 - INFO - Reading line 179 from input file...
2025-05-30 20:16:14,215 - INFO - Added prompt from line 179 to batch.
2025-05-30 20:16:14,215 - INFO - Reading line 180 from input file...
2025-05-30 20:16:14,215 - INFO - Added prompt from line 180 to batch.
2025-05-30 20:16:14,215 - INFO - Reading line 181 from input file...
2025-05-30 20:16:14,215 - INFO - Added prompt from line 181 to batch.
2025-05-30 20:16:14,215 - INFO - Reading line 182 from input file...
2025-05-30 20:16:14,215 - INFO - Added prompt from line 182 to batch.
2025-05-30 20:16:14,215 - INFO - Reading line 183 from input file...
2025-05-30 20:16:14,215 - INFO - Added prompt from line 183 to batch.
2025-05-30 20:16:14,215 - INFO - Reading line 184 from input file...
2025-05-30 20:16:14,215 - INFO - Added prompt from line 184 to batch.
2025-05-30 20:16:14,215 - INFO - Processing batch of 8 prompts (up to line 184)...
2025-05-30 20:16:14,215 - INFO - Generating rankings for batch of 8 pairs of prompts. System prompt: 'You are a helpful assistant. Your task is to rank the two provided texts. Please explicitly write which of the two texts is of higher quality by writing the corresponding letter in the output, and nothing else.'
2025-05-30 20:16:14,215 - INFO - First formatted prompt for tokenizer (first 100 chars): '<|begin_of_text|><|start_header_id|>system<|end_header_id|>

Cutting Knowledge Date: December 2023
T...'
2025-05-30 20:16:14,215 - INFO - Input device: cuda:0, preparing to move inputs to device.
2025-05-30 20:16:14,218 - INFO - Batch of inputs tokenized, padded, truncated, and moved to model device.
2025-05-30 20:16:14,218 - INFO - Starting batched model.generate()...
Setting `pad_token_id` to `eos_token_id`:128001 for open-end generation.
2025-05-30 20:16:14,386 - INFO - Batched model.generate() completed.
2025-05-30 20:16:14,386 - INFO - Decoding batch of responses and extracting token probabilities...
2025-05-30 20:16:14,389 - INFO - Input tokens stripped from responses and probabilities extracted.
2025-05-30 20:16:14,389 - INFO - Batch of responses generated.
2025-05-30 20:16:14,392 - INFO - Appended 8 results from batch to /scratch-shared/mschaffelder/data/exp_3/pairwise_rankings/small_vanilla.jsonl
2025-05-30 20:16:14,392 - INFO - Reading line 185 from input file...
2025-05-30 20:16:14,392 - INFO - Added prompt from line 185 to batch.
2025-05-30 20:16:14,392 - INFO - Reading line 186 from input file...
2025-05-30 20:16:14,392 - INFO - Added prompt from line 186 to batch.
2025-05-30 20:16:14,392 - INFO - Reading line 187 from input file...
2025-05-30 20:16:14,392 - INFO - Added prompt from line 187 to batch.
2025-05-30 20:16:14,392 - INFO - Reading line 188 from input file...
2025-05-30 20:16:14,392 - INFO - Added prompt from line 188 to batch.
2025-05-30 20:16:14,392 - INFO - Reading line 189 from input file...
2025-05-30 20:16:14,392 - INFO - Added prompt from line 189 to batch.
2025-05-30 20:16:14,392 - INFO - Reading line 190 from input file...
2025-05-30 20:16:14,392 - INFO - Added prompt from line 190 to batch.
2025-05-30 20:16:14,392 - INFO - Reading line 191 from input file...
2025-05-30 20:16:14,392 - INFO - Added prompt from line 191 to batch.
2025-05-30 20:16:14,392 - INFO - Reading line 192 from input file...
2025-05-30 20:16:14,392 - INFO - Added prompt from line 192 to batch.
2025-05-30 20:16:14,392 - INFO - Processing batch of 8 prompts (up to line 192)...
2025-05-30 20:16:14,392 - INFO - Generating rankings for batch of 8 pairs of prompts. System prompt: 'You are a helpful assistant. Your task is to rank the two provided texts. Please explicitly write which of the two texts is of higher quality by writing the corresponding letter in the output, and nothing else.'
2025-05-30 20:16:14,393 - INFO - First formatted prompt for tokenizer (first 100 chars): '<|begin_of_text|><|start_header_id|>system<|end_header_id|>

Cutting Knowledge Date: December 2023
T...'
2025-05-30 20:16:14,393 - INFO - Input device: cuda:0, preparing to move inputs to device.
2025-05-30 20:16:14,395 - INFO - Batch of inputs tokenized, padded, truncated, and moved to model device.
2025-05-30 20:16:14,395 - INFO - Starting batched model.generate()...
Setting `pad_token_id` to `eos_token_id`:128001 for open-end generation.
2025-05-30 20:16:14,564 - INFO - Batched model.generate() completed.
2025-05-30 20:16:14,564 - INFO - Decoding batch of responses and extracting token probabilities...
2025-05-30 20:16:14,566 - INFO - Input tokens stripped from responses and probabilities extracted.
2025-05-30 20:16:14,567 - INFO - Batch of responses generated.
2025-05-30 20:16:14,567 - INFO - Appended 8 results from batch to /scratch-shared/mschaffelder/data/exp_3/pairwise_rankings/small_vanilla.jsonl
2025-05-30 20:16:14,567 - INFO - Reading line 193 from input file...
2025-05-30 20:16:14,567 - INFO - Added prompt from line 193 to batch.
2025-05-30 20:16:14,567 - INFO - Reading line 194 from input file...
2025-05-30 20:16:14,567 - INFO - Added prompt from line 194 to batch.
2025-05-30 20:16:14,567 - INFO - Reading line 195 from input file...
2025-05-30 20:16:14,567 - INFO - Added prompt from line 195 to batch.
2025-05-30 20:16:14,567 - INFO - Reading line 196 from input file...
2025-05-30 20:16:14,567 - INFO - Added prompt from line 196 to batch.
2025-05-30 20:16:14,567 - INFO - Reading line 197 from input file...
2025-05-30 20:16:14,567 - INFO - Added prompt from line 197 to batch.
2025-05-30 20:16:14,567 - INFO - Reading line 198 from input file...
2025-05-30 20:16:14,567 - INFO - Added prompt from line 198 to batch.
2025-05-30 20:16:14,567 - INFO - Reading line 199 from input file...
2025-05-30 20:16:14,567 - INFO - Added prompt from line 199 to batch.
2025-05-30 20:16:14,567 - INFO - Reading line 200 from input file...
2025-05-30 20:16:14,568 - INFO - Added prompt from line 200 to batch.
2025-05-30 20:16:14,568 - INFO - Processing batch of 8 prompts (up to line 200)...
2025-05-30 20:16:14,568 - INFO - Generating rankings for batch of 8 pairs of prompts. System prompt: 'You are a helpful assistant. Your task is to rank the two provided texts. Please explicitly write which of the two texts is of higher quality by writing the corresponding letter in the output, and nothing else.'
2025-05-30 20:16:14,568 - INFO - First formatted prompt for tokenizer (first 100 chars): '<|begin_of_text|><|start_header_id|>system<|end_header_id|>

Cutting Knowledge Date: December 2023
T...'
2025-05-30 20:16:14,568 - INFO - Input device: cuda:0, preparing to move inputs to device.
2025-05-30 20:16:14,571 - INFO - Batch of inputs tokenized, padded, truncated, and moved to model device.
2025-05-30 20:16:14,571 - INFO - Starting batched model.generate()...
Setting `pad_token_id` to `eos_token_id`:128001 for open-end generation.
2025-05-30 20:16:14,769 - INFO - Batched model.generate() completed.
2025-05-30 20:16:14,769 - INFO - Decoding batch of responses and extracting token probabilities...
2025-05-30 20:16:14,771 - INFO - Input tokens stripped from responses and probabilities extracted.
2025-05-30 20:16:14,772 - INFO - Batch of responses generated.
2025-05-30 20:16:14,773 - INFO - Appended 8 results from batch to /scratch-shared/mschaffelder/data/exp_3/pairwise_rankings/small_vanilla.jsonl
2025-05-30 20:16:14,773 - INFO - Reading line 201 from input file...
2025-05-30 20:16:14,773 - INFO - Added prompt from line 201 to batch.
2025-05-30 20:16:14,773 - INFO - Reading line 202 from input file...
2025-05-30 20:16:14,773 - INFO - Added prompt from line 202 to batch.
2025-05-30 20:16:14,773 - INFO - Reading line 203 from input file...
2025-05-30 20:16:14,773 - INFO - Added prompt from line 203 to batch.
2025-05-30 20:16:14,773 - INFO - Reading line 204 from input file...
2025-05-30 20:16:14,773 - INFO - Added prompt from line 204 to batch.
2025-05-30 20:16:14,773 - INFO - Reading line 205 from input file...
2025-05-30 20:16:14,773 - INFO - Added prompt from line 205 to batch.
2025-05-30 20:16:14,774 - INFO - Reading line 206 from input file...
2025-05-30 20:16:14,774 - INFO - Added prompt from line 206 to batch.
2025-05-30 20:16:14,774 - INFO - Reading line 207 from input file...
2025-05-30 20:16:14,774 - INFO - Added prompt from line 207 to batch.
2025-05-30 20:16:14,774 - INFO - Reading line 208 from input file...
2025-05-30 20:16:14,774 - INFO - Added prompt from line 208 to batch.
2025-05-30 20:16:14,774 - INFO - Processing batch of 8 prompts (up to line 208)...
2025-05-30 20:16:14,774 - INFO - Generating rankings for batch of 8 pairs of prompts. System prompt: 'You are a helpful assistant. Your task is to rank the two provided texts. Please explicitly write which of the two texts is of higher quality by writing the corresponding letter in the output, and nothing else.'
2025-05-30 20:16:14,774 - INFO - First formatted prompt for tokenizer (first 100 chars): '<|begin_of_text|><|start_header_id|>system<|end_header_id|>

Cutting Knowledge Date: December 2023
T...'
2025-05-30 20:16:14,774 - INFO - Input device: cuda:0, preparing to move inputs to device.
2025-05-30 20:16:14,777 - INFO - Batch of inputs tokenized, padded, truncated, and moved to model device.
2025-05-30 20:16:14,777 - INFO - Starting batched model.generate()...
Setting `pad_token_id` to `eos_token_id`:128001 for open-end generation.
2025-05-30 20:16:14,941 - INFO - Batched model.generate() completed.
2025-05-30 20:16:14,941 - INFO - Decoding batch of responses and extracting token probabilities...
2025-05-30 20:16:14,943 - INFO - Input tokens stripped from responses and probabilities extracted.
2025-05-30 20:16:14,944 - INFO - Batch of responses generated.
2025-05-30 20:16:14,946 - INFO - Appended 8 results from batch to /scratch-shared/mschaffelder/data/exp_3/pairwise_rankings/small_vanilla.jsonl
2025-05-30 20:16:14,946 - INFO - Reading line 209 from input file...
2025-05-30 20:16:14,946 - INFO - Added prompt from line 209 to batch.
2025-05-30 20:16:14,946 - INFO - Reading line 210 from input file...
2025-05-30 20:16:14,946 - INFO - Added prompt from line 210 to batch.
2025-05-30 20:16:14,947 - INFO - Reading line 211 from input file...
2025-05-30 20:16:14,947 - INFO - Added prompt from line 211 to batch.
2025-05-30 20:16:14,947 - INFO - Reading line 212 from input file...
2025-05-30 20:16:14,947 - INFO - Added prompt from line 212 to batch.
2025-05-30 20:16:14,947 - INFO - Reading line 213 from input file...
2025-05-30 20:16:14,947 - INFO - Added prompt from line 213 to batch.
2025-05-30 20:16:14,947 - INFO - Reading line 214 from input file...
2025-05-30 20:16:14,947 - INFO - Added prompt from line 214 to batch.
2025-05-30 20:16:14,947 - INFO - Reading line 215 from input file...
2025-05-30 20:16:14,947 - INFO - Added prompt from line 215 to batch.
2025-05-30 20:16:14,947 - INFO - Reading line 216 from input file...
2025-05-30 20:16:14,947 - INFO - Added prompt from line 216 to batch.
2025-05-30 20:16:14,947 - INFO - Processing batch of 8 prompts (up to line 216)...
2025-05-30 20:16:14,947 - INFO - Generating rankings for batch of 8 pairs of prompts. System prompt: 'You are a helpful assistant. Your task is to rank the two provided texts. Please explicitly write which of the two texts is of higher quality by writing the corresponding letter in the output, and nothing else.'
2025-05-30 20:16:14,947 - INFO - First formatted prompt for tokenizer (first 100 chars): '<|begin_of_text|><|start_header_id|>system<|end_header_id|>

Cutting Knowledge Date: December 2023
T...'
2025-05-30 20:16:14,947 - INFO - Input device: cuda:0, preparing to move inputs to device.
2025-05-30 20:16:14,950 - INFO - Batch of inputs tokenized, padded, truncated, and moved to model device.
2025-05-30 20:16:14,950 - INFO - Starting batched model.generate()...
Setting `pad_token_id` to `eos_token_id`:128001 for open-end generation.
2025-05-30 20:16:15,119 - INFO - Batched model.generate() completed.
2025-05-30 20:16:15,119 - INFO - Decoding batch of responses and extracting token probabilities...
2025-05-30 20:16:15,122 - INFO - Input tokens stripped from responses and probabilities extracted.
2025-05-30 20:16:15,122 - INFO - Batch of responses generated.
2025-05-30 20:16:15,122 - INFO - Appended 8 results from batch to /scratch-shared/mschaffelder/data/exp_3/pairwise_rankings/small_vanilla.jsonl
2025-05-30 20:16:15,123 - INFO - Reading line 217 from input file...
2025-05-30 20:16:15,123 - INFO - Added prompt from line 217 to batch.
2025-05-30 20:16:15,123 - INFO - Reading line 218 from input file...
2025-05-30 20:16:15,123 - INFO - Added prompt from line 218 to batch.
2025-05-30 20:16:15,123 - INFO - Reading line 219 from input file...
2025-05-30 20:16:15,123 - INFO - Added prompt from line 219 to batch.
2025-05-30 20:16:15,123 - INFO - Reading line 220 from input file...
2025-05-30 20:16:15,123 - INFO - Added prompt from line 220 to batch.
2025-05-30 20:16:15,123 - INFO - Reading line 221 from input file...
2025-05-30 20:16:15,123 - INFO - Added prompt from line 221 to batch.
2025-05-30 20:16:15,123 - INFO - Reading line 222 from input file...
2025-05-30 20:16:15,123 - INFO - Added prompt from line 222 to batch.
2025-05-30 20:16:15,123 - INFO - Reading line 223 from input file...
2025-05-30 20:16:15,123 - INFO - Added prompt from line 223 to batch.
2025-05-30 20:16:15,123 - INFO - Reading line 224 from input file...
2025-05-30 20:16:15,123 - INFO - Added prompt from line 224 to batch.
2025-05-30 20:16:15,123 - INFO - Processing batch of 8 prompts (up to line 224)...
2025-05-30 20:16:15,123 - INFO - Generating rankings for batch of 8 pairs of prompts. System prompt: 'You are a helpful assistant. Your task is to rank the two provided texts. Please explicitly write which of the two texts is of higher quality by writing the corresponding letter in the output, and nothing else.'
2025-05-30 20:16:15,123 - INFO - First formatted prompt for tokenizer (first 100 chars): '<|begin_of_text|><|start_header_id|>system<|end_header_id|>

Cutting Knowledge Date: December 2023
T...'
2025-05-30 20:16:15,123 - INFO - Input device: cuda:0, preparing to move inputs to device.
2025-05-30 20:16:15,126 - INFO - Batch of inputs tokenized, padded, truncated, and moved to model device.
2025-05-30 20:16:15,126 - INFO - Starting batched model.generate()...
Setting `pad_token_id` to `eos_token_id`:128001 for open-end generation.
2025-05-30 20:16:15,280 - INFO - Batched model.generate() completed.
2025-05-30 20:16:15,280 - INFO - Decoding batch of responses and extracting token probabilities...
2025-05-30 20:16:15,283 - INFO - Input tokens stripped from responses and probabilities extracted.
2025-05-30 20:16:15,283 - INFO - Batch of responses generated.
2025-05-30 20:16:15,284 - INFO - Appended 8 results from batch to /scratch-shared/mschaffelder/data/exp_3/pairwise_rankings/small_vanilla.jsonl
2025-05-30 20:16:15,284 - INFO - Reading line 225 from input file...
2025-05-30 20:16:15,284 - INFO - Added prompt from line 225 to batch.
2025-05-30 20:16:15,284 - INFO - Reading line 226 from input file...
2025-05-30 20:16:15,285 - INFO - Added prompt from line 226 to batch.
2025-05-30 20:16:15,285 - INFO - Reading line 227 from input file...
2025-05-30 20:16:15,285 - INFO - Added prompt from line 227 to batch.
2025-05-30 20:16:15,285 - INFO - Reading line 228 from input file...
2025-05-30 20:16:15,285 - INFO - Added prompt from line 228 to batch.
2025-05-30 20:16:15,285 - INFO - Reading line 229 from input file...
2025-05-30 20:16:15,285 - INFO - Added prompt from line 229 to batch.
2025-05-30 20:16:15,285 - INFO - Reading line 230 from input file...
2025-05-30 20:16:15,285 - INFO - Added prompt from line 230 to batch.
2025-05-30 20:16:15,285 - INFO - Reading line 231 from input file...
2025-05-30 20:16:15,285 - INFO - Added prompt from line 231 to batch.
2025-05-30 20:16:15,285 - INFO - Reading line 232 from input file...
2025-05-30 20:16:15,285 - INFO - Added prompt from line 232 to batch.
2025-05-30 20:16:15,285 - INFO - Processing batch of 8 prompts (up to line 232)...
2025-05-30 20:16:15,285 - INFO - Generating rankings for batch of 8 pairs of prompts. System prompt: 'You are a helpful assistant. Your task is to rank the two provided texts. Please explicitly write which of the two texts is of higher quality by writing the corresponding letter in the output, and nothing else.'
2025-05-30 20:16:15,285 - INFO - First formatted prompt for tokenizer (first 100 chars): '<|begin_of_text|><|start_header_id|>system<|end_header_id|>

Cutting Knowledge Date: December 2023
T...'
2025-05-30 20:16:15,285 - INFO - Input device: cuda:0, preparing to move inputs to device.
2025-05-30 20:16:15,288 - INFO - Batch of inputs tokenized, padded, truncated, and moved to model device.
2025-05-30 20:16:15,288 - INFO - Starting batched model.generate()...
Setting `pad_token_id` to `eos_token_id`:128001 for open-end generation.
2025-05-30 20:16:15,439 - INFO - Batched model.generate() completed.
2025-05-30 20:16:15,439 - INFO - Decoding batch of responses and extracting token probabilities...
2025-05-30 20:16:15,441 - INFO - Input tokens stripped from responses and probabilities extracted.
2025-05-30 20:16:15,441 - INFO - Batch of responses generated.
2025-05-30 20:16:15,443 - INFO - Appended 8 results from batch to /scratch-shared/mschaffelder/data/exp_3/pairwise_rankings/small_vanilla.jsonl
2025-05-30 20:16:15,443 - INFO - Reading line 233 from input file...
2025-05-30 20:16:15,443 - INFO - Added prompt from line 233 to batch.
2025-05-30 20:16:15,443 - INFO - Reading line 234 from input file...
2025-05-30 20:16:15,443 - INFO - Added prompt from line 234 to batch.
2025-05-30 20:16:15,443 - INFO - Reading line 235 from input file...
2025-05-30 20:16:15,443 - INFO - Added prompt from line 235 to batch.
2025-05-30 20:16:15,443 - INFO - Reading line 236 from input file...
2025-05-30 20:16:15,443 - INFO - Added prompt from line 236 to batch.
2025-05-30 20:16:15,443 - INFO - Reading line 237 from input file...
2025-05-30 20:16:15,443 - INFO - Added prompt from line 237 to batch.
2025-05-30 20:16:15,443 - INFO - Reading line 238 from input file...
2025-05-30 20:16:15,443 - INFO - Added prompt from line 238 to batch.
2025-05-30 20:16:15,443 - INFO - Reading line 239 from input file...
2025-05-30 20:16:15,443 - INFO - Added prompt from line 239 to batch.
2025-05-30 20:16:15,444 - INFO - Reading line 240 from input file...
2025-05-30 20:16:15,444 - INFO - Added prompt from line 240 to batch.
2025-05-30 20:16:15,444 - INFO - Processing batch of 8 prompts (up to line 240)...
2025-05-30 20:16:15,444 - INFO - Generating rankings for batch of 8 pairs of prompts. System prompt: 'You are a helpful assistant. Your task is to rank the two provided texts. Please explicitly write which of the two texts is of higher quality by writing the corresponding letter in the output, and nothing else.'
2025-05-30 20:16:15,444 - INFO - First formatted prompt for tokenizer (first 100 chars): '<|begin_of_text|><|start_header_id|>system<|end_header_id|>

Cutting Knowledge Date: December 2023
T...'
2025-05-30 20:16:15,444 - INFO - Input device: cuda:0, preparing to move inputs to device.
2025-05-30 20:16:15,446 - INFO - Batch of inputs tokenized, padded, truncated, and moved to model device.
2025-05-30 20:16:15,447 - INFO - Starting batched model.generate()...
Setting `pad_token_id` to `eos_token_id`:128001 for open-end generation.
2025-05-30 20:16:15,592 - INFO - Batched model.generate() completed.
2025-05-30 20:16:15,592 - INFO - Decoding batch of responses and extracting token probabilities...
2025-05-30 20:16:15,594 - INFO - Input tokens stripped from responses and probabilities extracted.
2025-05-30 20:16:15,594 - INFO - Batch of responses generated.
2025-05-30 20:16:15,596 - INFO - Appended 8 results from batch to /scratch-shared/mschaffelder/data/exp_3/pairwise_rankings/small_vanilla.jsonl
2025-05-30 20:16:15,596 - INFO - Reading line 241 from input file...
2025-05-30 20:16:15,596 - INFO - Added prompt from line 241 to batch.
2025-05-30 20:16:15,596 - INFO - Reading line 242 from input file...
2025-05-30 20:16:15,596 - INFO - Added prompt from line 242 to batch.
2025-05-30 20:16:15,596 - INFO - Reading line 243 from input file...
2025-05-30 20:16:15,596 - INFO - Added prompt from line 243 to batch.
2025-05-30 20:16:15,596 - INFO - Reading line 244 from input file...
2025-05-30 20:16:15,596 - INFO - Added prompt from line 244 to batch.
2025-05-30 20:16:15,596 - INFO - Reading line 245 from input file...
2025-05-30 20:16:15,596 - INFO - Added prompt from line 245 to batch.
2025-05-30 20:16:15,596 - INFO - Reading line 246 from input file...
2025-05-30 20:16:15,596 - INFO - Added prompt from line 246 to batch.
2025-05-30 20:16:15,596 - INFO - Reading line 247 from input file...
2025-05-30 20:16:15,596 - INFO - Added prompt from line 247 to batch.
2025-05-30 20:16:15,596 - INFO - Reading line 248 from input file...
2025-05-30 20:16:15,596 - INFO - Added prompt from line 248 to batch.
2025-05-30 20:16:15,596 - INFO - Processing batch of 8 prompts (up to line 248)...
2025-05-30 20:16:15,596 - INFO - Generating rankings for batch of 8 pairs of prompts. System prompt: 'You are a helpful assistant. Your task is to rank the two provided texts. Please explicitly write which of the two texts is of higher quality by writing the corresponding letter in the output, and nothing else.'
2025-05-30 20:16:15,597 - INFO - First formatted prompt for tokenizer (first 100 chars): '<|begin_of_text|><|start_header_id|>system<|end_header_id|>

Cutting Knowledge Date: December 2023
T...'
2025-05-30 20:16:15,597 - INFO - Input device: cuda:0, preparing to move inputs to device.
2025-05-30 20:16:15,600 - INFO - Batch of inputs tokenized, padded, truncated, and moved to model device.
2025-05-30 20:16:15,600 - INFO - Starting batched model.generate()...
Setting `pad_token_id` to `eos_token_id`:128001 for open-end generation.
2025-05-30 20:16:15,775 - INFO - Batched model.generate() completed.
2025-05-30 20:16:15,775 - INFO - Decoding batch of responses and extracting token probabilities...
2025-05-30 20:16:15,777 - INFO - Input tokens stripped from responses and probabilities extracted.
2025-05-30 20:16:15,777 - INFO - Batch of responses generated.
2025-05-30 20:16:15,779 - INFO - Appended 8 results from batch to /scratch-shared/mschaffelder/data/exp_3/pairwise_rankings/small_vanilla.jsonl
2025-05-30 20:16:15,779 - INFO - Reading line 249 from input file...
2025-05-30 20:16:15,779 - INFO - Added prompt from line 249 to batch.
2025-05-30 20:16:15,779 - INFO - Reading line 250 from input file...
2025-05-30 20:16:15,779 - INFO - Added prompt from line 250 to batch.
2025-05-30 20:16:15,779 - INFO - Reading line 251 from input file...
2025-05-30 20:16:15,779 - INFO - Added prompt from line 251 to batch.
2025-05-30 20:16:15,779 - INFO - Reading line 252 from input file...
2025-05-30 20:16:15,779 - INFO - Added prompt from line 252 to batch.
2025-05-30 20:16:15,779 - INFO - Reading line 253 from input file...
2025-05-30 20:16:15,779 - INFO - Added prompt from line 253 to batch.
2025-05-30 20:16:15,779 - INFO - Reading line 254 from input file...
2025-05-30 20:16:15,779 - INFO - Added prompt from line 254 to batch.
2025-05-30 20:16:15,779 - INFO - Reading line 255 from input file...
2025-05-30 20:16:15,779 - INFO - Added prompt from line 255 to batch.
2025-05-30 20:16:15,779 - INFO - Reading line 256 from input file...
2025-05-30 20:16:15,780 - INFO - Added prompt from line 256 to batch.
2025-05-30 20:16:15,780 - INFO - Processing batch of 8 prompts (up to line 256)...
2025-05-30 20:16:15,780 - INFO - Generating rankings for batch of 8 pairs of prompts. System prompt: 'You are a helpful assistant. Your task is to rank the two provided texts. Please explicitly write which of the two texts is of higher quality by writing the corresponding letter in the output, and nothing else.'
2025-05-30 20:16:15,780 - INFO - First formatted prompt for tokenizer (first 100 chars): '<|begin_of_text|><|start_header_id|>system<|end_header_id|>

Cutting Knowledge Date: December 2023
T...'
2025-05-30 20:16:15,780 - INFO - Input device: cuda:0, preparing to move inputs to device.
2025-05-30 20:16:15,783 - INFO - Batch of inputs tokenized, padded, truncated, and moved to model device.
2025-05-30 20:16:15,783 - INFO - Starting batched model.generate()...
Setting `pad_token_id` to `eos_token_id`:128001 for open-end generation.
2025-05-30 20:16:15,955 - INFO - Batched model.generate() completed.
2025-05-30 20:16:15,956 - INFO - Decoding batch of responses and extracting token probabilities...
2025-05-30 20:16:15,958 - INFO - Input tokens stripped from responses and probabilities extracted.
2025-05-30 20:16:15,958 - INFO - Batch of responses generated.
2025-05-30 20:16:15,960 - INFO - Appended 8 results from batch to /scratch-shared/mschaffelder/data/exp_3/pairwise_rankings/small_vanilla.jsonl
2025-05-30 20:16:15,960 - INFO - Reading line 257 from input file...
2025-05-30 20:16:15,960 - INFO - Added prompt from line 257 to batch.
2025-05-30 20:16:15,960 - INFO - Reading line 258 from input file...
2025-05-30 20:16:15,960 - INFO - Added prompt from line 258 to batch.
2025-05-30 20:16:15,960 - INFO - Reading line 259 from input file...
2025-05-30 20:16:15,960 - INFO - Added prompt from line 259 to batch.
2025-05-30 20:16:15,960 - INFO - Reading line 260 from input file...
2025-05-30 20:16:15,960 - INFO - Added prompt from line 260 to batch.
2025-05-30 20:16:15,960 - INFO - Reading line 261 from input file...
2025-05-30 20:16:15,960 - INFO - Added prompt from line 261 to batch.
2025-05-30 20:16:15,960 - INFO - Reading line 262 from input file...
2025-05-30 20:16:15,960 - INFO - Added prompt from line 262 to batch.
2025-05-30 20:16:15,960 - INFO - Reading line 263 from input file...
2025-05-30 20:16:15,960 - INFO - Added prompt from line 263 to batch.
2025-05-30 20:16:15,960 - INFO - Reading line 264 from input file...
2025-05-30 20:16:15,960 - INFO - Added prompt from line 264 to batch.
2025-05-30 20:16:15,960 - INFO - Processing batch of 8 prompts (up to line 264)...
2025-05-30 20:16:15,960 - INFO - Generating rankings for batch of 8 pairs of prompts. System prompt: 'You are a helpful assistant. Your task is to rank the two provided texts. Please explicitly write which of the two texts is of higher quality by writing the corresponding letter in the output, and nothing else.'
2025-05-30 20:16:15,961 - INFO - First formatted prompt for tokenizer (first 100 chars): '<|begin_of_text|><|start_header_id|>system<|end_header_id|>

Cutting Knowledge Date: December 2023
T...'
2025-05-30 20:16:16,000 - INFO - Input device: cuda:0, preparing to move inputs to device.
2025-05-30 20:16:16,003 - INFO - Batch of inputs tokenized, padded, truncated, and moved to model device.
2025-05-30 20:16:16,003 - INFO - Starting batched model.generate()...
Setting `pad_token_id` to `eos_token_id`:128001 for open-end generation.
2025-05-30 20:16:16,164 - INFO - Batched model.generate() completed.
2025-05-30 20:16:16,164 - INFO - Decoding batch of responses and extracting token probabilities...
2025-05-30 20:16:16,166 - INFO - Input tokens stripped from responses and probabilities extracted.
2025-05-30 20:16:16,167 - INFO - Batch of responses generated.
2025-05-30 20:16:16,168 - INFO - Appended 8 results from batch to /scratch-shared/mschaffelder/data/exp_3/pairwise_rankings/small_vanilla.jsonl
2025-05-30 20:16:16,168 - INFO - Reading line 265 from input file...
2025-05-30 20:16:16,168 - INFO - Added prompt from line 265 to batch.
2025-05-30 20:16:16,168 - INFO - Reading line 266 from input file...
2025-05-30 20:16:16,168 - INFO - Added prompt from line 266 to batch.
2025-05-30 20:16:16,168 - INFO - Reading line 267 from input file...
2025-05-30 20:16:16,168 - INFO - Added prompt from line 267 to batch.
2025-05-30 20:16:16,168 - INFO - Reading line 268 from input file...
2025-05-30 20:16:16,168 - INFO - Added prompt from line 268 to batch.
2025-05-30 20:16:16,168 - INFO - Reading line 269 from input file...
2025-05-30 20:16:16,168 - INFO - Added prompt from line 269 to batch.
2025-05-30 20:16:16,168 - INFO - Reading line 270 from input file...
2025-05-30 20:16:16,168 - INFO - Added prompt from line 270 to batch.
2025-05-30 20:16:16,168 - INFO - Reading line 271 from input file...
2025-05-30 20:16:16,169 - INFO - Added prompt from line 271 to batch.
2025-05-30 20:16:16,169 - INFO - Reading line 272 from input file...
2025-05-30 20:16:16,169 - INFO - Added prompt from line 272 to batch.
2025-05-30 20:16:16,169 - INFO - Processing batch of 8 prompts (up to line 272)...
2025-05-30 20:16:16,169 - INFO - Generating rankings for batch of 8 pairs of prompts. System prompt: 'You are a helpful assistant. Your task is to rank the two provided texts. Please explicitly write which of the two texts is of higher quality by writing the corresponding letter in the output, and nothing else.'
2025-05-30 20:16:16,169 - INFO - First formatted prompt for tokenizer (first 100 chars): '<|begin_of_text|><|start_header_id|>system<|end_header_id|>

Cutting Knowledge Date: December 2023
T...'
2025-05-30 20:16:16,169 - INFO - Input device: cuda:0, preparing to move inputs to device.
2025-05-30 20:16:16,173 - INFO - Batch of inputs tokenized, padded, truncated, and moved to model device.
2025-05-30 20:16:16,173 - INFO - Starting batched model.generate()...
Setting `pad_token_id` to `eos_token_id`:128001 for open-end generation.
2025-05-30 20:16:16,397 - INFO - Batched model.generate() completed.
2025-05-30 20:16:16,397 - INFO - Decoding batch of responses and extracting token probabilities...
2025-05-30 20:16:16,399 - INFO - Input tokens stripped from responses and probabilities extracted.
2025-05-30 20:16:16,399 - INFO - Batch of responses generated.
2025-05-30 20:16:16,401 - INFO - Appended 8 results from batch to /scratch-shared/mschaffelder/data/exp_3/pairwise_rankings/small_vanilla.jsonl
2025-05-30 20:16:16,401 - INFO - Reading line 273 from input file...
2025-05-30 20:16:16,401 - INFO - Added prompt from line 273 to batch.
2025-05-30 20:16:16,401 - INFO - Reading line 274 from input file...
2025-05-30 20:16:16,401 - INFO - Added prompt from line 274 to batch.
2025-05-30 20:16:16,401 - INFO - Reading line 275 from input file...
2025-05-30 20:16:16,401 - INFO - Added prompt from line 275 to batch.
2025-05-30 20:16:16,401 - INFO - Reading line 276 from input file...
2025-05-30 20:16:16,401 - INFO - Added prompt from line 276 to batch.
2025-05-30 20:16:16,401 - INFO - Reading line 277 from input file...
2025-05-30 20:16:16,402 - INFO - Added prompt from line 277 to batch.
2025-05-30 20:16:16,402 - INFO - Reading line 278 from input file...
2025-05-30 20:16:16,402 - INFO - Added prompt from line 278 to batch.
2025-05-30 20:16:16,402 - INFO - Reading line 279 from input file...
2025-05-30 20:16:16,402 - INFO - Added prompt from line 279 to batch.
2025-05-30 20:16:16,402 - INFO - Reading line 280 from input file...
2025-05-30 20:16:16,402 - INFO - Added prompt from line 280 to batch.
2025-05-30 20:16:16,402 - INFO - Processing batch of 8 prompts (up to line 280)...
2025-05-30 20:16:16,402 - INFO - Generating rankings for batch of 8 pairs of prompts. System prompt: 'You are a helpful assistant. Your task is to rank the two provided texts. Please explicitly write which of the two texts is of higher quality by writing the corresponding letter in the output, and nothing else.'
2025-05-30 20:16:16,402 - INFO - First formatted prompt for tokenizer (first 100 chars): '<|begin_of_text|><|start_header_id|>system<|end_header_id|>

Cutting Knowledge Date: December 2023
T...'
2025-05-30 20:16:16,402 - INFO - Input device: cuda:0, preparing to move inputs to device.
2025-05-30 20:16:16,405 - INFO - Batch of inputs tokenized, padded, truncated, and moved to model device.
2025-05-30 20:16:16,405 - INFO - Starting batched model.generate()...
Setting `pad_token_id` to `eos_token_id`:128001 for open-end generation.
2025-05-30 20:16:16,603 - INFO - Batched model.generate() completed.
2025-05-30 20:16:16,603 - INFO - Decoding batch of responses and extracting token probabilities...
2025-05-30 20:16:16,605 - INFO - Input tokens stripped from responses and probabilities extracted.
2025-05-30 20:16:16,606 - INFO - Batch of responses generated.
2025-05-30 20:16:16,607 - INFO - Appended 8 results from batch to /scratch-shared/mschaffelder/data/exp_3/pairwise_rankings/small_vanilla.jsonl
2025-05-30 20:16:16,607 - INFO - Reading line 281 from input file...
2025-05-30 20:16:16,607 - INFO - Added prompt from line 281 to batch.
2025-05-30 20:16:16,607 - INFO - Reading line 282 from input file...
2025-05-30 20:16:16,607 - INFO - Added prompt from line 282 to batch.
2025-05-30 20:16:16,607 - INFO - Reading line 283 from input file...
2025-05-30 20:16:16,608 - INFO - Added prompt from line 283 to batch.
2025-05-30 20:16:16,608 - INFO - Reading line 284 from input file...
2025-05-30 20:16:16,608 - INFO - Added prompt from line 284 to batch.
2025-05-30 20:16:16,608 - INFO - Reading line 285 from input file...
2025-05-30 20:16:16,608 - INFO - Added prompt from line 285 to batch.
2025-05-30 20:16:16,608 - INFO - Reading line 286 from input file...
2025-05-30 20:16:16,608 - INFO - Added prompt from line 286 to batch.
2025-05-30 20:16:16,608 - INFO - Reading line 287 from input file...
2025-05-30 20:16:16,608 - INFO - Added prompt from line 287 to batch.
2025-05-30 20:16:16,608 - INFO - Reading line 288 from input file...
2025-05-30 20:16:16,608 - INFO - Added prompt from line 288 to batch.
2025-05-30 20:16:16,608 - INFO - Processing batch of 8 prompts (up to line 288)...
2025-05-30 20:16:16,608 - INFO - Generating rankings for batch of 8 pairs of prompts. System prompt: 'You are a helpful assistant. Your task is to rank the two provided texts. Please explicitly write which of the two texts is of higher quality by writing the corresponding letter in the output, and nothing else.'
2025-05-30 20:16:16,608 - INFO - First formatted prompt for tokenizer (first 100 chars): '<|begin_of_text|><|start_header_id|>system<|end_header_id|>

Cutting Knowledge Date: December 2023
T...'
2025-05-30 20:16:16,608 - INFO - Input device: cuda:0, preparing to move inputs to device.
2025-05-30 20:16:16,611 - INFO - Batch of inputs tokenized, padded, truncated, and moved to model device.
2025-05-30 20:16:16,611 - INFO - Starting batched model.generate()...
Setting `pad_token_id` to `eos_token_id`:128001 for open-end generation.
2025-05-30 20:16:16,755 - INFO - Batched model.generate() completed.
2025-05-30 20:16:16,755 - INFO - Decoding batch of responses and extracting token probabilities...
2025-05-30 20:16:16,758 - INFO - Input tokens stripped from responses and probabilities extracted.
2025-05-30 20:16:16,758 - INFO - Batch of responses generated.
2025-05-30 20:16:16,760 - INFO - Appended 8 results from batch to /scratch-shared/mschaffelder/data/exp_3/pairwise_rankings/small_vanilla.jsonl
2025-05-30 20:16:16,760 - INFO - Reading line 289 from input file...
2025-05-30 20:16:16,760 - INFO - Added prompt from line 289 to batch.
2025-05-30 20:16:16,760 - INFO - Reading line 290 from input file...
2025-05-30 20:16:16,760 - INFO - Added prompt from line 290 to batch.
2025-05-30 20:16:16,760 - INFO - Reading line 291 from input file...
2025-05-30 20:16:16,760 - INFO - Added prompt from line 291 to batch.
2025-05-30 20:16:16,760 - INFO - Reading line 292 from input file...
2025-05-30 20:16:16,760 - INFO - Added prompt from line 292 to batch.
2025-05-30 20:16:16,760 - INFO - Reading line 293 from input file...
2025-05-30 20:16:16,760 - INFO - Added prompt from line 293 to batch.
2025-05-30 20:16:16,760 - INFO - Reading line 294 from input file...
2025-05-30 20:16:16,760 - INFO - Added prompt from line 294 to batch.
2025-05-30 20:16:16,760 - INFO - Reading line 295 from input file...
2025-05-30 20:16:16,760 - INFO - Added prompt from line 295 to batch.
2025-05-30 20:16:16,760 - INFO - Reading line 296 from input file...
2025-05-30 20:16:16,760 - INFO - Added prompt from line 296 to batch.
2025-05-30 20:16:16,760 - INFO - Processing batch of 8 prompts (up to line 296)...
2025-05-30 20:16:16,760 - INFO - Generating rankings for batch of 8 pairs of prompts. System prompt: 'You are a helpful assistant. Your task is to rank the two provided texts. Please explicitly write which of the two texts is of higher quality by writing the corresponding letter in the output, and nothing else.'
2025-05-30 20:16:16,761 - INFO - First formatted prompt for tokenizer (first 100 chars): '<|begin_of_text|><|start_header_id|>system<|end_header_id|>

Cutting Knowledge Date: December 2023
T...'
2025-05-30 20:16:16,761 - INFO - Input device: cuda:0, preparing to move inputs to device.
2025-05-30 20:16:16,763 - INFO - Batch of inputs tokenized, padded, truncated, and moved to model device.
2025-05-30 20:16:16,763 - INFO - Starting batched model.generate()...
Setting `pad_token_id` to `eos_token_id`:128001 for open-end generation.
2025-05-30 20:16:16,900 - INFO - Batched model.generate() completed.
2025-05-30 20:16:16,900 - INFO - Decoding batch of responses and extracting token probabilities...
2025-05-30 20:16:16,902 - INFO - Input tokens stripped from responses and probabilities extracted.
2025-05-30 20:16:16,902 - INFO - Batch of responses generated.
2025-05-30 20:16:16,904 - INFO - Appended 8 results from batch to /scratch-shared/mschaffelder/data/exp_3/pairwise_rankings/small_vanilla.jsonl
2025-05-30 20:16:16,904 - INFO - Reading line 297 from input file...
2025-05-30 20:16:16,904 - INFO - Added prompt from line 297 to batch.
2025-05-30 20:16:16,904 - INFO - Reading line 298 from input file...
2025-05-30 20:16:16,904 - INFO - Added prompt from line 298 to batch.
2025-05-30 20:16:16,904 - INFO - Reading line 299 from input file...
2025-05-30 20:16:16,904 - INFO - Added prompt from line 299 to batch.
2025-05-30 20:16:16,904 - INFO - Reading line 300 from input file...
2025-05-30 20:16:16,904 - INFO - Added prompt from line 300 to batch.
2025-05-30 20:16:16,904 - INFO - Reading line 301 from input file...
2025-05-30 20:16:16,904 - INFO - Added prompt from line 301 to batch.
2025-05-30 20:16:16,904 - INFO - Reading line 302 from input file...
2025-05-30 20:16:16,904 - INFO - Added prompt from line 302 to batch.
2025-05-30 20:16:16,904 - INFO - Reading line 303 from input file...
2025-05-30 20:16:16,904 - INFO - Added prompt from line 303 to batch.
2025-05-30 20:16:16,904 - INFO - Reading line 304 from input file...
2025-05-30 20:16:16,904 - INFO - Added prompt from line 304 to batch.
2025-05-30 20:16:16,904 - INFO - Processing batch of 8 prompts (up to line 304)...
2025-05-30 20:16:16,904 - INFO - Generating rankings for batch of 8 pairs of prompts. System prompt: 'You are a helpful assistant. Your task is to rank the two provided texts. Please explicitly write which of the two texts is of higher quality by writing the corresponding letter in the output, and nothing else.'
2025-05-30 20:16:16,905 - INFO - First formatted prompt for tokenizer (first 100 chars): '<|begin_of_text|><|start_header_id|>system<|end_header_id|>

Cutting Knowledge Date: December 2023
T...'
2025-05-30 20:16:16,905 - INFO - Input device: cuda:0, preparing to move inputs to device.
2025-05-30 20:16:16,908 - INFO - Batch of inputs tokenized, padded, truncated, and moved to model device.
2025-05-30 20:16:16,908 - INFO - Starting batched model.generate()...
Setting `pad_token_id` to `eos_token_id`:128001 for open-end generation.
2025-05-30 20:16:17,076 - INFO - Batched model.generate() completed.
2025-05-30 20:16:17,076 - INFO - Decoding batch of responses and extracting token probabilities...
2025-05-30 20:16:17,078 - INFO - Input tokens stripped from responses and probabilities extracted.
2025-05-30 20:16:17,078 - INFO - Batch of responses generated.
2025-05-30 20:16:17,080 - INFO - Appended 8 results from batch to /scratch-shared/mschaffelder/data/exp_3/pairwise_rankings/small_vanilla.jsonl
2025-05-30 20:16:17,080 - INFO - Reading line 305 from input file...
2025-05-30 20:16:17,080 - INFO - Added prompt from line 305 to batch.
2025-05-30 20:16:17,080 - INFO - Reading line 306 from input file...
2025-05-30 20:16:17,080 - INFO - Added prompt from line 306 to batch.
2025-05-30 20:16:17,080 - INFO - Reading line 307 from input file...
2025-05-30 20:16:17,080 - INFO - Added prompt from line 307 to batch.
2025-05-30 20:16:17,080 - INFO - Reading line 308 from input file...
2025-05-30 20:16:17,080 - INFO - Added prompt from line 308 to batch.
2025-05-30 20:16:17,080 - INFO - Reading line 309 from input file...
2025-05-30 20:16:17,080 - INFO - Added prompt from line 309 to batch.
2025-05-30 20:16:17,080 - INFO - Reading line 310 from input file...
2025-05-30 20:16:17,080 - INFO - Added prompt from line 310 to batch.
2025-05-30 20:16:17,080 - INFO - Reading line 311 from input file...
2025-05-30 20:16:17,080 - INFO - Added prompt from line 311 to batch.
2025-05-30 20:16:17,080 - INFO - Reading line 312 from input file...
2025-05-30 20:16:17,080 - INFO - Added prompt from line 312 to batch.
2025-05-30 20:16:17,080 - INFO - Processing batch of 8 prompts (up to line 312)...
2025-05-30 20:16:17,080 - INFO - Generating rankings for batch of 8 pairs of prompts. System prompt: 'You are a helpful assistant. Your task is to rank the two provided texts. Please explicitly write which of the two texts is of higher quality by writing the corresponding letter in the output, and nothing else.'
2025-05-30 20:16:17,081 - INFO - First formatted prompt for tokenizer (first 100 chars): '<|begin_of_text|><|start_header_id|>system<|end_header_id|>

Cutting Knowledge Date: December 2023
T...'
2025-05-30 20:16:17,081 - INFO - Input device: cuda:0, preparing to move inputs to device.
2025-05-30 20:16:17,084 - INFO - Batch of inputs tokenized, padded, truncated, and moved to model device.
2025-05-30 20:16:17,084 - INFO - Starting batched model.generate()...
Setting `pad_token_id` to `eos_token_id`:128001 for open-end generation.
2025-05-30 20:16:17,266 - INFO - Batched model.generate() completed.
2025-05-30 20:16:17,266 - INFO - Decoding batch of responses and extracting token probabilities...
2025-05-30 20:16:17,268 - INFO - Input tokens stripped from responses and probabilities extracted.
2025-05-30 20:16:17,268 - INFO - Batch of responses generated.
2025-05-30 20:16:17,270 - INFO - Appended 8 results from batch to /scratch-shared/mschaffelder/data/exp_3/pairwise_rankings/small_vanilla.jsonl
2025-05-30 20:16:17,270 - INFO - Reading line 313 from input file...
2025-05-30 20:16:17,270 - INFO - Added prompt from line 313 to batch.
2025-05-30 20:16:17,270 - INFO - Reading line 314 from input file...
2025-05-30 20:16:17,270 - INFO - Added prompt from line 314 to batch.
2025-05-30 20:16:17,270 - INFO - Reading line 315 from input file...
2025-05-30 20:16:17,271 - INFO - Added prompt from line 315 to batch.
2025-05-30 20:16:17,271 - INFO - Reading line 316 from input file...
2025-05-30 20:16:17,271 - INFO - Added prompt from line 316 to batch.
2025-05-30 20:16:17,271 - INFO - Reading line 317 from input file...
2025-05-30 20:16:17,271 - INFO - Added prompt from line 317 to batch.
2025-05-30 20:16:17,271 - INFO - Reading line 318 from input file...
2025-05-30 20:16:17,271 - INFO - Added prompt from line 318 to batch.
2025-05-30 20:16:17,271 - INFO - Reading line 319 from input file...
2025-05-30 20:16:17,271 - INFO - Added prompt from line 319 to batch.
2025-05-30 20:16:17,271 - INFO - Reading line 320 from input file...
2025-05-30 20:16:17,271 - INFO - Added prompt from line 320 to batch.
2025-05-30 20:16:17,271 - INFO - Processing batch of 8 prompts (up to line 320)...
2025-05-30 20:16:17,271 - INFO - Generating rankings for batch of 8 pairs of prompts. System prompt: 'You are a helpful assistant. Your task is to rank the two provided texts. Please explicitly write which of the two texts is of higher quality by writing the corresponding letter in the output, and nothing else.'
2025-05-30 20:16:17,271 - INFO - First formatted prompt for tokenizer (first 100 chars): '<|begin_of_text|><|start_header_id|>system<|end_header_id|>

Cutting Knowledge Date: December 2023
T...'
2025-05-30 20:16:17,271 - INFO - Input device: cuda:0, preparing to move inputs to device.
2025-05-30 20:16:17,274 - INFO - Batch of inputs tokenized, padded, truncated, and moved to model device.
2025-05-30 20:16:17,274 - INFO - Starting batched model.generate()...
Setting `pad_token_id` to `eos_token_id`:128001 for open-end generation.
2025-05-30 20:16:17,459 - INFO - Batched model.generate() completed.
2025-05-30 20:16:17,459 - INFO - Decoding batch of responses and extracting token probabilities...
2025-05-30 20:16:17,461 - INFO - Input tokens stripped from responses and probabilities extracted.
2025-05-30 20:16:17,461 - INFO - Batch of responses generated.
2025-05-30 20:16:17,463 - INFO - Appended 8 results from batch to /scratch-shared/mschaffelder/data/exp_3/pairwise_rankings/small_vanilla.jsonl
2025-05-30 20:16:17,463 - INFO - Reading line 321 from input file...
2025-05-30 20:16:17,463 - INFO - Added prompt from line 321 to batch.
2025-05-30 20:16:17,463 - INFO - Reading line 322 from input file...
2025-05-30 20:16:17,463 - INFO - Added prompt from line 322 to batch.
2025-05-30 20:16:17,463 - INFO - Reading line 323 from input file...
2025-05-30 20:16:17,463 - INFO - Added prompt from line 323 to batch.
2025-05-30 20:16:17,463 - INFO - Reading line 324 from input file...
2025-05-30 20:16:17,463 - INFO - Added prompt from line 324 to batch.
2025-05-30 20:16:17,463 - INFO - Reading line 325 from input file...
2025-05-30 20:16:17,463 - INFO - Added prompt from line 325 to batch.
2025-05-30 20:16:17,463 - INFO - Reading line 326 from input file...
2025-05-30 20:16:17,463 - INFO - Added prompt from line 326 to batch.
2025-05-30 20:16:17,463 - INFO - Reading line 327 from input file...
2025-05-30 20:16:17,463 - INFO - Added prompt from line 327 to batch.
2025-05-30 20:16:17,463 - INFO - Reading line 328 from input file...
2025-05-30 20:16:17,463 - INFO - Added prompt from line 328 to batch.
2025-05-30 20:16:17,463 - INFO - Processing batch of 8 prompts (up to line 328)...
2025-05-30 20:16:17,463 - INFO - Generating rankings for batch of 8 pairs of prompts. System prompt: 'You are a helpful assistant. Your task is to rank the two provided texts. Please explicitly write which of the two texts is of higher quality by writing the corresponding letter in the output, and nothing else.'
2025-05-30 20:16:17,464 - INFO - First formatted prompt for tokenizer (first 100 chars): '<|begin_of_text|><|start_header_id|>system<|end_header_id|>

Cutting Knowledge Date: December 2023
T...'
2025-05-30 20:16:17,464 - INFO - Input device: cuda:0, preparing to move inputs to device.
2025-05-30 20:16:17,466 - INFO - Batch of inputs tokenized, padded, truncated, and moved to model device.
2025-05-30 20:16:17,467 - INFO - Starting batched model.generate()...
Setting `pad_token_id` to `eos_token_id`:128001 for open-end generation.
2025-05-30 20:16:17,629 - INFO - Batched model.generate() completed.
2025-05-30 20:16:17,629 - INFO - Decoding batch of responses and extracting token probabilities...
2025-05-30 20:16:17,631 - INFO - Input tokens stripped from responses and probabilities extracted.
2025-05-30 20:16:17,632 - INFO - Batch of responses generated.
2025-05-30 20:16:17,633 - INFO - Appended 8 results from batch to /scratch-shared/mschaffelder/data/exp_3/pairwise_rankings/small_vanilla.jsonl
2025-05-30 20:16:17,633 - INFO - Reading line 329 from input file...
2025-05-30 20:16:17,633 - INFO - Added prompt from line 329 to batch.
2025-05-30 20:16:17,633 - INFO - Reading line 330 from input file...
2025-05-30 20:16:17,633 - INFO - Added prompt from line 330 to batch.
2025-05-30 20:16:17,633 - INFO - Reading line 331 from input file...
2025-05-30 20:16:17,633 - INFO - Added prompt from line 331 to batch.
2025-05-30 20:16:17,633 - INFO - Reading line 332 from input file...
2025-05-30 20:16:17,633 - INFO - Added prompt from line 332 to batch.
2025-05-30 20:16:17,634 - INFO - Reading line 333 from input file...
2025-05-30 20:16:17,634 - INFO - Added prompt from line 333 to batch.
2025-05-30 20:16:17,634 - INFO - Reading line 334 from input file...
2025-05-30 20:16:17,634 - INFO - Added prompt from line 334 to batch.
2025-05-30 20:16:17,634 - INFO - Reading line 335 from input file...
2025-05-30 20:16:17,634 - INFO - Added prompt from line 335 to batch.
2025-05-30 20:16:17,634 - INFO - Reading line 336 from input file...
2025-05-30 20:16:17,634 - INFO - Added prompt from line 336 to batch.
2025-05-30 20:16:17,634 - INFO - Processing batch of 8 prompts (up to line 336)...
2025-05-30 20:16:17,634 - INFO - Generating rankings for batch of 8 pairs of prompts. System prompt: 'You are a helpful assistant. Your task is to rank the two provided texts. Please explicitly write which of the two texts is of higher quality by writing the corresponding letter in the output, and nothing else.'
2025-05-30 20:16:17,634 - INFO - First formatted prompt for tokenizer (first 100 chars): '<|begin_of_text|><|start_header_id|>system<|end_header_id|>

Cutting Knowledge Date: December 2023
T...'
2025-05-30 20:16:17,634 - INFO - Input device: cuda:0, preparing to move inputs to device.
2025-05-30 20:16:17,636 - INFO - Batch of inputs tokenized, padded, truncated, and moved to model device.
2025-05-30 20:16:17,637 - INFO - Starting batched model.generate()...
Setting `pad_token_id` to `eos_token_id`:128001 for open-end generation.
2025-05-30 20:16:17,779 - INFO - Batched model.generate() completed.
2025-05-30 20:16:17,779 - INFO - Decoding batch of responses and extracting token probabilities...
2025-05-30 20:16:17,781 - INFO - Input tokens stripped from responses and probabilities extracted.
2025-05-30 20:16:17,781 - INFO - Batch of responses generated.
2025-05-30 20:16:17,783 - INFO - Appended 8 results from batch to /scratch-shared/mschaffelder/data/exp_3/pairwise_rankings/small_vanilla.jsonl
2025-05-30 20:16:17,783 - INFO - Reading line 337 from input file...
2025-05-30 20:16:17,783 - INFO - Added prompt from line 337 to batch.
2025-05-30 20:16:17,783 - INFO - Reading line 338 from input file...
2025-05-30 20:16:17,783 - INFO - Added prompt from line 338 to batch.
2025-05-30 20:16:17,783 - INFO - Reading line 339 from input file...
2025-05-30 20:16:17,783 - INFO - Added prompt from line 339 to batch.
2025-05-30 20:16:17,783 - INFO - Reading line 340 from input file...
2025-05-30 20:16:17,783 - INFO - Added prompt from line 340 to batch.
2025-05-30 20:16:17,783 - INFO - Reading line 341 from input file...
2025-05-30 20:16:17,783 - INFO - Added prompt from line 341 to batch.
2025-05-30 20:16:17,783 - INFO - Reading line 342 from input file...
2025-05-30 20:16:17,783 - INFO - Added prompt from line 342 to batch.
2025-05-30 20:16:17,783 - INFO - Reading line 343 from input file...
2025-05-30 20:16:17,783 - INFO - Added prompt from line 343 to batch.
2025-05-30 20:16:17,783 - INFO - Reading line 344 from input file...
2025-05-30 20:16:17,783 - INFO - Added prompt from line 344 to batch.
2025-05-30 20:16:17,784 - INFO - Processing batch of 8 prompts (up to line 344)...
2025-05-30 20:16:17,784 - INFO - Generating rankings for batch of 8 pairs of prompts. System prompt: 'You are a helpful assistant. Your task is to rank the two provided texts. Please explicitly write which of the two texts is of higher quality by writing the corresponding letter in the output, and nothing else.'
2025-05-30 20:16:17,784 - INFO - First formatted prompt for tokenizer (first 100 chars): '<|begin_of_text|><|start_header_id|>system<|end_header_id|>

Cutting Knowledge Date: December 2023
T...'
2025-05-30 20:16:17,784 - INFO - Input device: cuda:0, preparing to move inputs to device.
2025-05-30 20:16:17,787 - INFO - Batch of inputs tokenized, padded, truncated, and moved to model device.
2025-05-30 20:16:17,787 - INFO - Starting batched model.generate()...
Setting `pad_token_id` to `eos_token_id`:128001 for open-end generation.
2025-05-30 20:16:17,995 - INFO - Batched model.generate() completed.
2025-05-30 20:16:17,995 - INFO - Decoding batch of responses and extracting token probabilities...
2025-05-30 20:16:17,997 - INFO - Input tokens stripped from responses and probabilities extracted.
2025-05-30 20:16:17,997 - INFO - Batch of responses generated.
2025-05-30 20:16:17,999 - INFO - Appended 8 results from batch to /scratch-shared/mschaffelder/data/exp_3/pairwise_rankings/small_vanilla.jsonl
2025-05-30 20:16:17,999 - INFO - Reading line 345 from input file...
2025-05-30 20:16:17,999 - INFO - Added prompt from line 345 to batch.
2025-05-30 20:16:17,999 - INFO - Reading line 346 from input file...
2025-05-30 20:16:17,999 - INFO - Added prompt from line 346 to batch.
2025-05-30 20:16:17,999 - INFO - Reading line 347 from input file...
2025-05-30 20:16:17,999 - INFO - Added prompt from line 347 to batch.
2025-05-30 20:16:17,999 - INFO - Reading line 348 from input file...
2025-05-30 20:16:17,999 - INFO - Added prompt from line 348 to batch.
2025-05-30 20:16:17,999 - INFO - Reading line 349 from input file...
2025-05-30 20:16:17,999 - INFO - Added prompt from line 349 to batch.
2025-05-30 20:16:17,999 - INFO - Reading line 350 from input file...
2025-05-30 20:16:17,999 - INFO - Added prompt from line 350 to batch.
2025-05-30 20:16:17,999 - INFO - Reading line 351 from input file...
2025-05-30 20:16:17,999 - INFO - Added prompt from line 351 to batch.
2025-05-30 20:16:17,999 - INFO - Reading line 352 from input file...
2025-05-30 20:16:18,000 - INFO - Added prompt from line 352 to batch.
2025-05-30 20:16:18,000 - INFO - Processing batch of 8 prompts (up to line 352)...
2025-05-30 20:16:18,000 - INFO - Generating rankings for batch of 8 pairs of prompts. System prompt: 'You are a helpful assistant. Your task is to rank the two provided texts. Please explicitly write which of the two texts is of higher quality by writing the corresponding letter in the output, and nothing else.'
2025-05-30 20:16:18,000 - INFO - First formatted prompt for tokenizer (first 100 chars): '<|begin_of_text|><|start_header_id|>system<|end_header_id|>

Cutting Knowledge Date: December 2023
T...'
2025-05-30 20:16:18,000 - INFO - Input device: cuda:0, preparing to move inputs to device.
2025-05-30 20:16:18,003 - INFO - Batch of inputs tokenized, padded, truncated, and moved to model device.
2025-05-30 20:16:18,003 - INFO - Starting batched model.generate()...
Setting `pad_token_id` to `eos_token_id`:128001 for open-end generation.
2025-05-30 20:16:18,181 - INFO - Batched model.generate() completed.
2025-05-30 20:16:18,181 - INFO - Decoding batch of responses and extracting token probabilities...
2025-05-30 20:16:18,183 - INFO - Input tokens stripped from responses and probabilities extracted.
2025-05-30 20:16:18,183 - INFO - Batch of responses generated.
2025-05-30 20:16:18,186 - INFO - Appended 8 results from batch to /scratch-shared/mschaffelder/data/exp_3/pairwise_rankings/small_vanilla.jsonl
2025-05-30 20:16:18,186 - INFO - Reading line 353 from input file...
2025-05-30 20:16:18,186 - INFO - Added prompt from line 353 to batch.
2025-05-30 20:16:18,186 - INFO - Reading line 354 from input file...
2025-05-30 20:16:18,186 - INFO - Added prompt from line 354 to batch.
2025-05-30 20:16:18,186 - INFO - Reading line 355 from input file...
2025-05-30 20:16:18,186 - INFO - Added prompt from line 355 to batch.
2025-05-30 20:16:18,186 - INFO - Reading line 356 from input file...
2025-05-30 20:16:18,187 - INFO - Added prompt from line 356 to batch.
2025-05-30 20:16:18,187 - INFO - Reading line 357 from input file...
2025-05-30 20:16:18,187 - INFO - Added prompt from line 357 to batch.
2025-05-30 20:16:18,187 - INFO - Reading line 358 from input file...
2025-05-30 20:16:18,187 - INFO - Added prompt from line 358 to batch.
2025-05-30 20:16:18,187 - INFO - Reading line 359 from input file...
2025-05-30 20:16:18,187 - INFO - Added prompt from line 359 to batch.
2025-05-30 20:16:18,187 - INFO - Reading line 360 from input file...
2025-05-30 20:16:18,187 - INFO - Added prompt from line 360 to batch.
2025-05-30 20:16:18,187 - INFO - Processing batch of 8 prompts (up to line 360)...
2025-05-30 20:16:18,187 - INFO - Generating rankings for batch of 8 pairs of prompts. System prompt: 'You are a helpful assistant. Your task is to rank the two provided texts. Please explicitly write which of the two texts is of higher quality by writing the corresponding letter in the output, and nothing else.'
2025-05-30 20:16:18,187 - INFO - First formatted prompt for tokenizer (first 100 chars): '<|begin_of_text|><|start_header_id|>system<|end_header_id|>

Cutting Knowledge Date: December 2023
T...'
2025-05-30 20:16:18,187 - INFO - Input device: cuda:0, preparing to move inputs to device.
2025-05-30 20:16:18,190 - INFO - Batch of inputs tokenized, padded, truncated, and moved to model device.
2025-05-30 20:16:18,190 - INFO - Starting batched model.generate()...
Setting `pad_token_id` to `eos_token_id`:128001 for open-end generation.
2025-05-30 20:16:18,370 - INFO - Batched model.generate() completed.
2025-05-30 20:16:18,371 - INFO - Decoding batch of responses and extracting token probabilities...
2025-05-30 20:16:18,374 - INFO - Input tokens stripped from responses and probabilities extracted.
2025-05-30 20:16:18,374 - INFO - Batch of responses generated.
2025-05-30 20:16:18,375 - INFO - Appended 8 results from batch to /scratch-shared/mschaffelder/data/exp_3/pairwise_rankings/small_vanilla.jsonl
2025-05-30 20:16:18,375 - INFO - Reading line 361 from input file...
2025-05-30 20:16:18,375 - INFO - Added prompt from line 361 to batch.
2025-05-30 20:16:18,375 - INFO - Reading line 362 from input file...
2025-05-30 20:16:18,375 - INFO - Added prompt from line 362 to batch.
2025-05-30 20:16:18,375 - INFO - Reading line 363 from input file...
2025-05-30 20:16:18,375 - INFO - Added prompt from line 363 to batch.
2025-05-30 20:16:18,375 - INFO - Reading line 364 from input file...
2025-05-30 20:16:18,375 - INFO - Added prompt from line 364 to batch.
2025-05-30 20:16:18,375 - INFO - Reading line 365 from input file...
2025-05-30 20:16:18,375 - INFO - Added prompt from line 365 to batch.
2025-05-30 20:16:18,375 - INFO - Reading line 366 from input file...
2025-05-30 20:16:18,376 - INFO - Added prompt from line 366 to batch.
2025-05-30 20:16:18,376 - INFO - Reading line 367 from input file...
2025-05-30 20:16:18,376 - INFO - Added prompt from line 367 to batch.
2025-05-30 20:16:18,376 - INFO - Reading line 368 from input file...
2025-05-30 20:16:18,376 - INFO - Added prompt from line 368 to batch.
2025-05-30 20:16:18,376 - INFO - Processing batch of 8 prompts (up to line 368)...
2025-05-30 20:16:18,376 - INFO - Generating rankings for batch of 8 pairs of prompts. System prompt: 'You are a helpful assistant. Your task is to rank the two provided texts. Please explicitly write which of the two texts is of higher quality by writing the corresponding letter in the output, and nothing else.'
2025-05-30 20:16:18,376 - INFO - First formatted prompt for tokenizer (first 100 chars): '<|begin_of_text|><|start_header_id|>system<|end_header_id|>

Cutting Knowledge Date: December 2023
T...'
2025-05-30 20:16:18,377 - INFO - Input device: cuda:0, preparing to move inputs to device.
2025-05-30 20:16:18,379 - INFO - Batch of inputs tokenized, padded, truncated, and moved to model device.
2025-05-30 20:16:18,379 - INFO - Starting batched model.generate()...
Setting `pad_token_id` to `eos_token_id`:128001 for open-end generation.
2025-05-30 20:16:18,531 - INFO - Batched model.generate() completed.
2025-05-30 20:16:18,531 - INFO - Decoding batch of responses and extracting token probabilities...
2025-05-30 20:16:18,533 - INFO - Input tokens stripped from responses and probabilities extracted.
2025-05-30 20:16:18,534 - INFO - Batch of responses generated.
2025-05-30 20:16:18,535 - INFO - Appended 8 results from batch to /scratch-shared/mschaffelder/data/exp_3/pairwise_rankings/small_vanilla.jsonl
2025-05-30 20:16:18,535 - INFO - Reading line 369 from input file...
2025-05-30 20:16:18,535 - INFO - Added prompt from line 369 to batch.
2025-05-30 20:16:18,535 - INFO - Reading line 370 from input file...
2025-05-30 20:16:18,535 - INFO - Added prompt from line 370 to batch.
2025-05-30 20:16:18,535 - INFO - Reading line 371 from input file...
2025-05-30 20:16:18,535 - INFO - Added prompt from line 371 to batch.
2025-05-30 20:16:18,535 - INFO - Reading line 372 from input file...
2025-05-30 20:16:18,535 - INFO - Added prompt from line 372 to batch.
2025-05-30 20:16:18,535 - INFO - Reading line 373 from input file...
2025-05-30 20:16:18,535 - INFO - Added prompt from line 373 to batch.
2025-05-30 20:16:18,535 - INFO - Reading line 374 from input file...
2025-05-30 20:16:18,535 - INFO - Added prompt from line 374 to batch.
2025-05-30 20:16:18,535 - INFO - Reading line 375 from input file...
2025-05-30 20:16:18,535 - INFO - Added prompt from line 375 to batch.
2025-05-30 20:16:18,535 - INFO - Reading line 376 from input file...
2025-05-30 20:16:18,535 - INFO - Added prompt from line 376 to batch.
2025-05-30 20:16:18,535 - INFO - Processing batch of 8 prompts (up to line 376)...
2025-05-30 20:16:18,535 - INFO - Generating rankings for batch of 8 pairs of prompts. System prompt: 'You are a helpful assistant. Your task is to rank the two provided texts. Please explicitly write which of the two texts is of higher quality by writing the corresponding letter in the output, and nothing else.'
2025-05-30 20:16:18,536 - INFO - First formatted prompt for tokenizer (first 100 chars): '<|begin_of_text|><|start_header_id|>system<|end_header_id|>

Cutting Knowledge Date: December 2023
T...'
2025-05-30 20:16:18,536 - INFO - Input device: cuda:0, preparing to move inputs to device.
2025-05-30 20:16:18,539 - INFO - Batch of inputs tokenized, padded, truncated, and moved to model device.
2025-05-30 20:16:18,539 - INFO - Starting batched model.generate()...
Setting `pad_token_id` to `eos_token_id`:128001 for open-end generation.
2025-05-30 20:16:18,729 - INFO - Batched model.generate() completed.
2025-05-30 20:16:18,729 - INFO - Decoding batch of responses and extracting token probabilities...
2025-05-30 20:16:18,731 - INFO - Input tokens stripped from responses and probabilities extracted.
2025-05-30 20:16:18,731 - INFO - Batch of responses generated.
2025-05-30 20:16:18,733 - INFO - Appended 8 results from batch to /scratch-shared/mschaffelder/data/exp_3/pairwise_rankings/small_vanilla.jsonl
2025-05-30 20:16:18,733 - INFO - Reading line 377 from input file...
2025-05-30 20:16:18,733 - INFO - Added prompt from line 377 to batch.
2025-05-30 20:16:18,733 - INFO - Reading line 378 from input file...
2025-05-30 20:16:18,733 - INFO - Added prompt from line 378 to batch.
2025-05-30 20:16:18,733 - INFO - Reading line 379 from input file...
2025-05-30 20:16:18,733 - INFO - Added prompt from line 379 to batch.
2025-05-30 20:16:18,733 - INFO - Reading line 380 from input file...
2025-05-30 20:16:18,733 - INFO - Added prompt from line 380 to batch.
2025-05-30 20:16:18,733 - INFO - Reading line 381 from input file...
2025-05-30 20:16:18,733 - INFO - Added prompt from line 381 to batch.
2025-05-30 20:16:18,734 - INFO - Reading line 382 from input file...
2025-05-30 20:16:18,734 - INFO - Added prompt from line 382 to batch.
2025-05-30 20:16:18,734 - INFO - Reading line 383 from input file...
2025-05-30 20:16:18,734 - INFO - Added prompt from line 383 to batch.
2025-05-30 20:16:18,734 - INFO - Reading line 384 from input file...
2025-05-30 20:16:18,734 - INFO - Added prompt from line 384 to batch.
2025-05-30 20:16:18,734 - INFO - Processing batch of 8 prompts (up to line 384)...
2025-05-30 20:16:18,734 - INFO - Generating rankings for batch of 8 pairs of prompts. System prompt: 'You are a helpful assistant. Your task is to rank the two provided texts. Please explicitly write which of the two texts is of higher quality by writing the corresponding letter in the output, and nothing else.'
2025-05-30 20:16:18,734 - INFO - First formatted prompt for tokenizer (first 100 chars): '<|begin_of_text|><|start_header_id|>system<|end_header_id|>

Cutting Knowledge Date: December 2023
T...'
2025-05-30 20:16:18,734 - INFO - Input device: cuda:0, preparing to move inputs to device.
2025-05-30 20:16:18,737 - INFO - Batch of inputs tokenized, padded, truncated, and moved to model device.
2025-05-30 20:16:18,737 - INFO - Starting batched model.generate()...
Setting `pad_token_id` to `eos_token_id`:128001 for open-end generation.
2025-05-30 20:16:18,936 - INFO - Batched model.generate() completed.
2025-05-30 20:16:18,936 - INFO - Decoding batch of responses and extracting token probabilities...
2025-05-30 20:16:18,938 - INFO - Input tokens stripped from responses and probabilities extracted.
2025-05-30 20:16:18,939 - INFO - Batch of responses generated.
2025-05-30 20:16:18,940 - INFO - Appended 8 results from batch to /scratch-shared/mschaffelder/data/exp_3/pairwise_rankings/small_vanilla.jsonl
2025-05-30 20:16:18,940 - INFO - Reading line 385 from input file...
2025-05-30 20:16:18,940 - INFO - Added prompt from line 385 to batch.
2025-05-30 20:16:18,940 - INFO - Reading line 386 from input file...
2025-05-30 20:16:18,940 - INFO - Added prompt from line 386 to batch.
2025-05-30 20:16:18,940 - INFO - Reading line 387 from input file...
2025-05-30 20:16:18,940 - INFO - Added prompt from line 387 to batch.
2025-05-30 20:16:18,940 - INFO - Reading line 388 from input file...
2025-05-30 20:16:18,940 - INFO - Added prompt from line 388 to batch.
2025-05-30 20:16:18,940 - INFO - Reading line 389 from input file...
2025-05-30 20:16:18,940 - INFO - Added prompt from line 389 to batch.
2025-05-30 20:16:18,940 - INFO - Reading line 390 from input file...
2025-05-30 20:16:18,940 - INFO - Added prompt from line 390 to batch.
2025-05-30 20:16:18,940 - INFO - Reading line 391 from input file...
2025-05-30 20:16:18,940 - INFO - Added prompt from line 391 to batch.
2025-05-30 20:16:18,940 - INFO - Reading line 392 from input file...
2025-05-30 20:16:18,940 - INFO - Added prompt from line 392 to batch.
2025-05-30 20:16:18,940 - INFO - Processing batch of 8 prompts (up to line 392)...
2025-05-30 20:16:18,940 - INFO - Generating rankings for batch of 8 pairs of prompts. System prompt: 'You are a helpful assistant. Your task is to rank the two provided texts. Please explicitly write which of the two texts is of higher quality by writing the corresponding letter in the output, and nothing else.'
2025-05-30 20:16:18,941 - INFO - First formatted prompt for tokenizer (first 100 chars): '<|begin_of_text|><|start_header_id|>system<|end_header_id|>

Cutting Knowledge Date: December 2023
T...'
2025-05-30 20:16:18,941 - INFO - Input device: cuda:0, preparing to move inputs to device.
2025-05-30 20:16:18,944 - INFO - Batch of inputs tokenized, padded, truncated, and moved to model device.
2025-05-30 20:16:18,944 - INFO - Starting batched model.generate()...
Setting `pad_token_id` to `eos_token_id`:128001 for open-end generation.
2025-05-30 20:16:19,123 - INFO - Batched model.generate() completed.
2025-05-30 20:16:19,123 - INFO - Decoding batch of responses and extracting token probabilities...
2025-05-30 20:16:19,125 - INFO - Input tokens stripped from responses and probabilities extracted.
2025-05-30 20:16:19,126 - INFO - Batch of responses generated.
2025-05-30 20:16:19,127 - INFO - Appended 8 results from batch to /scratch-shared/mschaffelder/data/exp_3/pairwise_rankings/small_vanilla.jsonl
2025-05-30 20:16:19,127 - INFO - Reading line 393 from input file...
2025-05-30 20:16:19,127 - INFO - Added prompt from line 393 to batch.
2025-05-30 20:16:19,127 - INFO - Reading line 394 from input file...
2025-05-30 20:16:19,127 - INFO - Added prompt from line 394 to batch.
2025-05-30 20:16:19,127 - INFO - Reading line 395 from input file...
2025-05-30 20:16:19,127 - INFO - Added prompt from line 395 to batch.
2025-05-30 20:16:19,127 - INFO - Reading line 396 from input file...
2025-05-30 20:16:19,127 - INFO - Added prompt from line 396 to batch.
2025-05-30 20:16:19,128 - INFO - Reading line 397 from input file...
2025-05-30 20:16:19,128 - INFO - Added prompt from line 397 to batch.
2025-05-30 20:16:19,128 - INFO - Reading line 398 from input file...
2025-05-30 20:16:19,128 - INFO - Added prompt from line 398 to batch.
2025-05-30 20:16:19,128 - INFO - Reading line 399 from input file...
2025-05-30 20:16:19,128 - INFO - Added prompt from line 399 to batch.
2025-05-30 20:16:19,128 - INFO - Reading line 400 from input file...
2025-05-30 20:16:19,128 - INFO - Added prompt from line 400 to batch.
2025-05-30 20:16:19,128 - INFO - Processing batch of 8 prompts (up to line 400)...
2025-05-30 20:16:19,128 - INFO - Generating rankings for batch of 8 pairs of prompts. System prompt: 'You are a helpful assistant. Your task is to rank the two provided texts. Please explicitly write which of the two texts is of higher quality by writing the corresponding letter in the output, and nothing else.'
2025-05-30 20:16:19,128 - INFO - First formatted prompt for tokenizer (first 100 chars): '<|begin_of_text|><|start_header_id|>system<|end_header_id|>

Cutting Knowledge Date: December 2023
T...'
2025-05-30 20:16:19,128 - INFO - Input device: cuda:0, preparing to move inputs to device.
2025-05-30 20:16:19,131 - INFO - Batch of inputs tokenized, padded, truncated, and moved to model device.
2025-05-30 20:16:19,131 - INFO - Starting batched model.generate()...
Setting `pad_token_id` to `eos_token_id`:128001 for open-end generation.
2025-05-30 20:16:19,302 - INFO - Batched model.generate() completed.
2025-05-30 20:16:19,303 - INFO - Decoding batch of responses and extracting token probabilities...
2025-05-30 20:16:19,305 - INFO - Input tokens stripped from responses and probabilities extracted.
2025-05-30 20:16:19,305 - INFO - Batch of responses generated.
2025-05-30 20:16:19,306 - INFO - Appended 8 results from batch to /scratch-shared/mschaffelder/data/exp_3/pairwise_rankings/small_vanilla.jsonl
2025-05-30 20:16:19,307 - INFO - Reading line 401 from input file...
2025-05-30 20:16:19,307 - INFO - Added prompt from line 401 to batch.
2025-05-30 20:16:19,307 - INFO - Reading line 402 from input file...
2025-05-30 20:16:19,307 - INFO - Added prompt from line 402 to batch.
2025-05-30 20:16:19,307 - INFO - Reading line 403 from input file...
2025-05-30 20:16:19,307 - INFO - Added prompt from line 403 to batch.
2025-05-30 20:16:19,307 - INFO - Reading line 404 from input file...
2025-05-30 20:16:19,307 - INFO - Added prompt from line 404 to batch.
2025-05-30 20:16:19,307 - INFO - Reading line 405 from input file...
2025-05-30 20:16:19,307 - INFO - Added prompt from line 405 to batch.
2025-05-30 20:16:19,307 - INFO - Reading line 406 from input file...
2025-05-30 20:16:19,307 - INFO - Added prompt from line 406 to batch.
2025-05-30 20:16:19,307 - INFO - Reading line 407 from input file...
2025-05-30 20:16:19,307 - INFO - Added prompt from line 407 to batch.
2025-05-30 20:16:19,307 - INFO - Reading line 408 from input file...
2025-05-30 20:16:19,307 - INFO - Added prompt from line 408 to batch.
2025-05-30 20:16:19,307 - INFO - Processing batch of 8 prompts (up to line 408)...
2025-05-30 20:16:19,307 - INFO - Generating rankings for batch of 8 pairs of prompts. System prompt: 'You are a helpful assistant. Your task is to rank the two provided texts. Please explicitly write which of the two texts is of higher quality by writing the corresponding letter in the output, and nothing else.'
2025-05-30 20:16:19,308 - INFO - First formatted prompt for tokenizer (first 100 chars): '<|begin_of_text|><|start_header_id|>system<|end_header_id|>

Cutting Knowledge Date: December 2023
T...'
2025-05-30 20:16:19,308 - INFO - Input device: cuda:0, preparing to move inputs to device.
2025-05-30 20:16:19,311 - INFO - Batch of inputs tokenized, padded, truncated, and moved to model device.
2025-05-30 20:16:19,311 - INFO - Starting batched model.generate()...
Setting `pad_token_id` to `eos_token_id`:128001 for open-end generation.
2025-05-30 20:16:19,491 - INFO - Batched model.generate() completed.
2025-05-30 20:16:19,492 - INFO - Decoding batch of responses and extracting token probabilities...
2025-05-30 20:16:19,495 - INFO - Input tokens stripped from responses and probabilities extracted.
2025-05-30 20:16:19,495 - INFO - Batch of responses generated.
2025-05-30 20:16:19,497 - INFO - Appended 8 results from batch to /scratch-shared/mschaffelder/data/exp_3/pairwise_rankings/small_vanilla.jsonl
2025-05-30 20:16:19,497 - INFO - Reading line 409 from input file...
2025-05-30 20:16:19,497 - INFO - Added prompt from line 409 to batch.
2025-05-30 20:16:19,497 - INFO - Reading line 410 from input file...
2025-05-30 20:16:19,497 - INFO - Added prompt from line 410 to batch.
2025-05-30 20:16:19,497 - INFO - Reading line 411 from input file...
2025-05-30 20:16:19,497 - INFO - Added prompt from line 411 to batch.
2025-05-30 20:16:19,497 - INFO - Reading line 412 from input file...
2025-05-30 20:16:19,497 - INFO - Added prompt from line 412 to batch.
2025-05-30 20:16:19,497 - INFO - Reading line 413 from input file...
2025-05-30 20:16:19,497 - INFO - Added prompt from line 413 to batch.
2025-05-30 20:16:19,497 - INFO - Reading line 414 from input file...
2025-05-30 20:16:19,497 - INFO - Added prompt from line 414 to batch.
2025-05-30 20:16:19,497 - INFO - Reading line 415 from input file...
2025-05-30 20:16:19,497 - INFO - Added prompt from line 415 to batch.
2025-05-30 20:16:19,497 - INFO - Reading line 416 from input file...
2025-05-30 20:16:19,497 - INFO - Added prompt from line 416 to batch.
2025-05-30 20:16:19,497 - INFO - Processing batch of 8 prompts (up to line 416)...
2025-05-30 20:16:19,497 - INFO - Generating rankings for batch of 8 pairs of prompts. System prompt: 'You are a helpful assistant. Your task is to rank the two provided texts. Please explicitly write which of the two texts is of higher quality by writing the corresponding letter in the output, and nothing else.'
2025-05-30 20:16:19,497 - INFO - First formatted prompt for tokenizer (first 100 chars): '<|begin_of_text|><|start_header_id|>system<|end_header_id|>

Cutting Knowledge Date: December 2023
T...'
2025-05-30 20:16:19,498 - INFO - Input device: cuda:0, preparing to move inputs to device.
2025-05-30 20:16:19,500 - INFO - Batch of inputs tokenized, padded, truncated, and moved to model device.
2025-05-30 20:16:19,500 - INFO - Starting batched model.generate()...
Setting `pad_token_id` to `eos_token_id`:128001 for open-end generation.
2025-05-30 20:16:19,673 - INFO - Batched model.generate() completed.
2025-05-30 20:16:19,673 - INFO - Decoding batch of responses and extracting token probabilities...
2025-05-30 20:16:19,675 - INFO - Input tokens stripped from responses and probabilities extracted.
2025-05-30 20:16:19,676 - INFO - Batch of responses generated.
2025-05-30 20:16:19,677 - INFO - Appended 8 results from batch to /scratch-shared/mschaffelder/data/exp_3/pairwise_rankings/small_vanilla.jsonl
2025-05-30 20:16:19,677 - INFO - Reading line 417 from input file...
2025-05-30 20:16:19,677 - INFO - Added prompt from line 417 to batch.
2025-05-30 20:16:19,677 - INFO - Reading line 418 from input file...
2025-05-30 20:16:19,677 - INFO - Added prompt from line 418 to batch.
2025-05-30 20:16:19,677 - INFO - Reading line 419 from input file...
2025-05-30 20:16:19,678 - INFO - Added prompt from line 419 to batch.
2025-05-30 20:16:19,678 - INFO - Reading line 420 from input file...
2025-05-30 20:16:19,678 - INFO - Added prompt from line 420 to batch.
2025-05-30 20:16:19,678 - INFO - Reading line 421 from input file...
2025-05-30 20:16:19,678 - INFO - Added prompt from line 421 to batch.
2025-05-30 20:16:19,678 - INFO - Reading line 422 from input file...
2025-05-30 20:16:19,678 - INFO - Added prompt from line 422 to batch.
2025-05-30 20:16:19,678 - INFO - Reading line 423 from input file...
2025-05-30 20:16:19,678 - INFO - Added prompt from line 423 to batch.
2025-05-30 20:16:19,678 - INFO - Reading line 424 from input file...
2025-05-30 20:16:19,678 - INFO - Added prompt from line 424 to batch.
2025-05-30 20:16:19,678 - INFO - Processing batch of 8 prompts (up to line 424)...
2025-05-30 20:16:19,678 - INFO - Generating rankings for batch of 8 pairs of prompts. System prompt: 'You are a helpful assistant. Your task is to rank the two provided texts. Please explicitly write which of the two texts is of higher quality by writing the corresponding letter in the output, and nothing else.'
2025-05-30 20:16:19,678 - INFO - First formatted prompt for tokenizer (first 100 chars): '<|begin_of_text|><|start_header_id|>system<|end_header_id|>

Cutting Knowledge Date: December 2023
T...'
2025-05-30 20:16:19,678 - INFO - Input device: cuda:0, preparing to move inputs to device.
2025-05-30 20:16:19,681 - INFO - Batch of inputs tokenized, padded, truncated, and moved to model device.
2025-05-30 20:16:19,681 - INFO - Starting batched model.generate()...
Setting `pad_token_id` to `eos_token_id`:128001 for open-end generation.
2025-05-30 20:16:19,846 - INFO - Batched model.generate() completed.
2025-05-30 20:16:19,846 - INFO - Decoding batch of responses and extracting token probabilities...
2025-05-30 20:16:19,848 - INFO - Input tokens stripped from responses and probabilities extracted.
2025-05-30 20:16:19,848 - INFO - Batch of responses generated.
2025-05-30 20:16:19,850 - INFO - Appended 8 results from batch to /scratch-shared/mschaffelder/data/exp_3/pairwise_rankings/small_vanilla.jsonl
2025-05-30 20:16:19,850 - INFO - Reading line 425 from input file...
2025-05-30 20:16:19,850 - INFO - Added prompt from line 425 to batch.
2025-05-30 20:16:19,850 - INFO - Reading line 426 from input file...
2025-05-30 20:16:19,850 - INFO - Added prompt from line 426 to batch.
2025-05-30 20:16:19,850 - INFO - Reading line 427 from input file...
2025-05-30 20:16:19,850 - INFO - Added prompt from line 427 to batch.
2025-05-30 20:16:19,850 - INFO - Reading line 428 from input file...
2025-05-30 20:16:19,850 - INFO - Added prompt from line 428 to batch.
2025-05-30 20:16:19,850 - INFO - Reading line 429 from input file...
2025-05-30 20:16:19,850 - INFO - Added prompt from line 429 to batch.
2025-05-30 20:16:19,850 - INFO - Reading line 430 from input file...
2025-05-30 20:16:19,850 - INFO - Added prompt from line 430 to batch.
2025-05-30 20:16:19,850 - INFO - Reading line 431 from input file...
2025-05-30 20:16:19,850 - INFO - Added prompt from line 431 to batch.
2025-05-30 20:16:19,850 - INFO - Reading line 432 from input file...
2025-05-30 20:16:19,850 - INFO - Added prompt from line 432 to batch.
2025-05-30 20:16:19,850 - INFO - Processing batch of 8 prompts (up to line 432)...
2025-05-30 20:16:19,850 - INFO - Generating rankings for batch of 8 pairs of prompts. System prompt: 'You are a helpful assistant. Your task is to rank the two provided texts. Please explicitly write which of the two texts is of higher quality by writing the corresponding letter in the output, and nothing else.'
2025-05-30 20:16:19,851 - INFO - First formatted prompt for tokenizer (first 100 chars): '<|begin_of_text|><|start_header_id|>system<|end_header_id|>

Cutting Knowledge Date: December 2023
T...'
2025-05-30 20:16:19,851 - INFO - Input device: cuda:0, preparing to move inputs to device.
2025-05-30 20:16:19,853 - INFO - Batch of inputs tokenized, padded, truncated, and moved to model device.
2025-05-30 20:16:19,853 - INFO - Starting batched model.generate()...
Setting `pad_token_id` to `eos_token_id`:128001 for open-end generation.
2025-05-30 20:16:20,018 - INFO - Batched model.generate() completed.
2025-05-30 20:16:20,018 - INFO - Decoding batch of responses and extracting token probabilities...
2025-05-30 20:16:20,021 - INFO - Input tokens stripped from responses and probabilities extracted.
2025-05-30 20:16:20,021 - INFO - Batch of responses generated.
2025-05-30 20:16:20,022 - INFO - Appended 8 results from batch to /scratch-shared/mschaffelder/data/exp_3/pairwise_rankings/small_vanilla.jsonl
2025-05-30 20:16:20,023 - INFO - Reading line 433 from input file...
2025-05-30 20:16:20,023 - INFO - Added prompt from line 433 to batch.
2025-05-30 20:16:20,023 - INFO - Reading line 434 from input file...
2025-05-30 20:16:20,023 - INFO - Added prompt from line 434 to batch.
2025-05-30 20:16:20,023 - INFO - Reading line 435 from input file...
2025-05-30 20:16:20,023 - INFO - Added prompt from line 435 to batch.
2025-05-30 20:16:20,023 - INFO - Reading line 436 from input file...
2025-05-30 20:16:20,023 - INFO - Added prompt from line 436 to batch.
2025-05-30 20:16:20,023 - INFO - Reading line 437 from input file...
2025-05-30 20:16:20,023 - INFO - Added prompt from line 437 to batch.
2025-05-30 20:16:20,023 - INFO - Reading line 438 from input file...
2025-05-30 20:16:20,023 - INFO - Added prompt from line 438 to batch.
2025-05-30 20:16:20,023 - INFO - Reading line 439 from input file...
2025-05-30 20:16:20,023 - INFO - Added prompt from line 439 to batch.
2025-05-30 20:16:20,023 - INFO - Reading line 440 from input file...
2025-05-30 20:16:20,023 - INFO - Added prompt from line 440 to batch.
2025-05-30 20:16:20,023 - INFO - Processing batch of 8 prompts (up to line 440)...
2025-05-30 20:16:20,023 - INFO - Generating rankings for batch of 8 pairs of prompts. System prompt: 'You are a helpful assistant. Your task is to rank the two provided texts. Please explicitly write which of the two texts is of higher quality by writing the corresponding letter in the output, and nothing else.'
2025-05-30 20:16:20,023 - INFO - First formatted prompt for tokenizer (first 100 chars): '<|begin_of_text|><|start_header_id|>system<|end_header_id|>

Cutting Knowledge Date: December 2023
T...'
2025-05-30 20:16:20,023 - INFO - Input device: cuda:0, preparing to move inputs to device.
2025-05-30 20:16:20,026 - INFO - Batch of inputs tokenized, padded, truncated, and moved to model device.
2025-05-30 20:16:20,026 - INFO - Starting batched model.generate()...
Setting `pad_token_id` to `eos_token_id`:128001 for open-end generation.
2025-05-30 20:16:20,186 - INFO - Batched model.generate() completed.
2025-05-30 20:16:20,186 - INFO - Decoding batch of responses and extracting token probabilities...
2025-05-30 20:16:20,188 - INFO - Input tokens stripped from responses and probabilities extracted.
2025-05-30 20:16:20,188 - INFO - Batch of responses generated.
2025-05-30 20:16:20,190 - INFO - Appended 8 results from batch to /scratch-shared/mschaffelder/data/exp_3/pairwise_rankings/small_vanilla.jsonl
2025-05-30 20:16:20,190 - INFO - Reading line 441 from input file...
2025-05-30 20:16:20,190 - INFO - Added prompt from line 441 to batch.
2025-05-30 20:16:20,190 - INFO - Reading line 442 from input file...
2025-05-30 20:16:20,190 - INFO - Added prompt from line 442 to batch.
2025-05-30 20:16:20,190 - INFO - Reading line 443 from input file...
2025-05-30 20:16:20,190 - INFO - Added prompt from line 443 to batch.
2025-05-30 20:16:20,190 - INFO - Reading line 444 from input file...
2025-05-30 20:16:20,190 - INFO - Added prompt from line 444 to batch.
2025-05-30 20:16:20,190 - INFO - Reading line 445 from input file...
2025-05-30 20:16:20,190 - INFO - Added prompt from line 445 to batch.
2025-05-30 20:16:20,190 - INFO - Reading line 446 from input file...
2025-05-30 20:16:20,190 - INFO - Added prompt from line 446 to batch.
2025-05-30 20:16:20,190 - INFO - Reading line 447 from input file...
2025-05-30 20:16:20,190 - INFO - Added prompt from line 447 to batch.
2025-05-30 20:16:20,190 - INFO - Reading line 448 from input file...
2025-05-30 20:16:20,190 - INFO - Added prompt from line 448 to batch.
2025-05-30 20:16:20,190 - INFO - Processing batch of 8 prompts (up to line 448)...
2025-05-30 20:16:20,191 - INFO - Generating rankings for batch of 8 pairs of prompts. System prompt: 'You are a helpful assistant. Your task is to rank the two provided texts. Please explicitly write which of the two texts is of higher quality by writing the corresponding letter in the output, and nothing else.'
2025-05-30 20:16:20,191 - INFO - First formatted prompt for tokenizer (first 100 chars): '<|begin_of_text|><|start_header_id|>system<|end_header_id|>

Cutting Knowledge Date: December 2023
T...'
2025-05-30 20:16:20,191 - INFO - Input device: cuda:0, preparing to move inputs to device.
2025-05-30 20:16:20,194 - INFO - Batch of inputs tokenized, padded, truncated, and moved to model device.
2025-05-30 20:16:20,194 - INFO - Starting batched model.generate()...
Setting `pad_token_id` to `eos_token_id`:128001 for open-end generation.
2025-05-30 20:16:20,372 - INFO - Batched model.generate() completed.
2025-05-30 20:16:20,434 - INFO - Decoding batch of responses and extracting token probabilities...
2025-05-30 20:16:20,440 - INFO - Input tokens stripped from responses and probabilities extracted.
2025-05-30 20:16:20,441 - INFO - Batch of responses generated.
2025-05-30 20:16:20,443 - INFO - Appended 8 results from batch to /scratch-shared/mschaffelder/data/exp_3/pairwise_rankings/small_vanilla.jsonl
2025-05-30 20:16:20,445 - INFO - Reading line 449 from input file...
2025-05-30 20:16:20,446 - INFO - Added prompt from line 449 to batch.
2025-05-30 20:16:20,446 - INFO - Reading line 450 from input file...
2025-05-30 20:16:20,446 - INFO - Added prompt from line 450 to batch.
2025-05-30 20:16:20,446 - INFO - Reading line 451 from input file...
2025-05-30 20:16:20,446 - INFO - Added prompt from line 451 to batch.
2025-05-30 20:16:20,447 - INFO - Reading line 452 from input file...
2025-05-30 20:16:20,447 - INFO - Added prompt from line 452 to batch.
2025-05-30 20:16:20,449 - INFO - Reading line 453 from input file...
2025-05-30 20:16:20,452 - INFO - Added prompt from line 453 to batch.
2025-05-30 20:16:20,455 - INFO - Reading line 454 from input file...
2025-05-30 20:16:20,458 - INFO - Added prompt from line 454 to batch.
2025-05-30 20:16:20,461 - INFO - Reading line 455 from input file...
2025-05-30 20:16:20,464 - INFO - Added prompt from line 455 to batch.
2025-05-30 20:16:20,464 - INFO - Reading line 456 from input file...
2025-05-30 20:16:20,464 - INFO - Added prompt from line 456 to batch.
2025-05-30 20:16:20,465 - INFO - Processing batch of 8 prompts (up to line 456)...
2025-05-30 20:16:20,465 - INFO - Generating rankings for batch of 8 pairs of prompts. System prompt: 'You are a helpful assistant. Your task is to rank the two provided texts. Please explicitly write which of the two texts is of higher quality by writing the corresponding letter in the output, and nothing else.'
2025-05-30 20:16:20,465 - INFO - First formatted prompt for tokenizer (first 100 chars): '<|begin_of_text|><|start_header_id|>system<|end_header_id|>

Cutting Knowledge Date: December 2023
T...'
2025-05-30 20:16:20,465 - INFO - Input device: cuda:0, preparing to move inputs to device.
2025-05-30 20:16:20,468 - INFO - Batch of inputs tokenized, padded, truncated, and moved to model device.
2025-05-30 20:16:20,468 - INFO - Starting batched model.generate()...
Setting `pad_token_id` to `eos_token_id`:128001 for open-end generation.
2025-05-30 20:16:20,648 - INFO - Batched model.generate() completed.
2025-05-30 20:16:20,649 - INFO - Decoding batch of responses and extracting token probabilities...
2025-05-30 20:16:20,651 - INFO - Input tokens stripped from responses and probabilities extracted.
2025-05-30 20:16:20,651 - INFO - Batch of responses generated.
2025-05-30 20:16:20,653 - INFO - Appended 8 results from batch to /scratch-shared/mschaffelder/data/exp_3/pairwise_rankings/small_vanilla.jsonl
2025-05-30 20:16:20,653 - INFO - Reading line 457 from input file...
2025-05-30 20:16:20,653 - INFO - Added prompt from line 457 to batch.
2025-05-30 20:16:20,653 - INFO - Reading line 458 from input file...
2025-05-30 20:16:20,653 - INFO - Added prompt from line 458 to batch.
2025-05-30 20:16:20,653 - INFO - Reading line 459 from input file...
2025-05-30 20:16:20,653 - INFO - Added prompt from line 459 to batch.
2025-05-30 20:16:20,653 - INFO - Reading line 460 from input file...
2025-05-30 20:16:20,653 - INFO - Added prompt from line 460 to batch.
2025-05-30 20:16:20,653 - INFO - Reading line 461 from input file...
2025-05-30 20:16:20,653 - INFO - Added prompt from line 461 to batch.
2025-05-30 20:16:20,653 - INFO - Reading line 462 from input file...
2025-05-30 20:16:20,653 - INFO - Added prompt from line 462 to batch.
2025-05-30 20:16:20,653 - INFO - Reading line 463 from input file...
2025-05-30 20:16:20,653 - INFO - Added prompt from line 463 to batch.
2025-05-30 20:16:20,653 - INFO - Reading line 464 from input file...
2025-05-30 20:16:20,653 - INFO - Added prompt from line 464 to batch.
2025-05-30 20:16:20,654 - INFO - Processing batch of 8 prompts (up to line 464)...
2025-05-30 20:16:20,654 - INFO - Generating rankings for batch of 8 pairs of prompts. System prompt: 'You are a helpful assistant. Your task is to rank the two provided texts. Please explicitly write which of the two texts is of higher quality by writing the corresponding letter in the output, and nothing else.'
2025-05-30 20:16:20,654 - INFO - First formatted prompt for tokenizer (first 100 chars): '<|begin_of_text|><|start_header_id|>system<|end_header_id|>

Cutting Knowledge Date: December 2023
T...'
2025-05-30 20:16:20,654 - INFO - Input device: cuda:0, preparing to move inputs to device.
2025-05-30 20:16:20,656 - INFO - Batch of inputs tokenized, padded, truncated, and moved to model device.
2025-05-30 20:16:20,656 - INFO - Starting batched model.generate()...
Setting `pad_token_id` to `eos_token_id`:128001 for open-end generation.
2025-05-30 20:16:20,792 - INFO - Batched model.generate() completed.
2025-05-30 20:16:20,792 - INFO - Decoding batch of responses and extracting token probabilities...
2025-05-30 20:16:20,794 - INFO - Input tokens stripped from responses and probabilities extracted.
2025-05-30 20:16:20,795 - INFO - Batch of responses generated.
2025-05-30 20:16:20,796 - INFO - Appended 8 results from batch to /scratch-shared/mschaffelder/data/exp_3/pairwise_rankings/small_vanilla.jsonl
2025-05-30 20:16:20,796 - INFO - Reading line 465 from input file...
2025-05-30 20:16:20,796 - INFO - Added prompt from line 465 to batch.
2025-05-30 20:16:20,796 - INFO - Reading line 466 from input file...
2025-05-30 20:16:20,796 - INFO - Added prompt from line 466 to batch.
2025-05-30 20:16:20,796 - INFO - Reading line 467 from input file...
2025-05-30 20:16:20,797 - INFO - Added prompt from line 467 to batch.
2025-05-30 20:16:20,797 - INFO - Reading line 468 from input file...
2025-05-30 20:16:20,797 - INFO - Added prompt from line 468 to batch.
2025-05-30 20:16:20,797 - INFO - Reading line 469 from input file...
2025-05-30 20:16:20,797 - INFO - Added prompt from line 469 to batch.
2025-05-30 20:16:20,797 - INFO - Reading line 470 from input file...
2025-05-30 20:16:20,797 - INFO - Added prompt from line 470 to batch.
2025-05-30 20:16:20,797 - INFO - Reading line 471 from input file...
2025-05-30 20:16:20,797 - INFO - Added prompt from line 471 to batch.
2025-05-30 20:16:20,797 - INFO - Reading line 472 from input file...
2025-05-30 20:16:20,797 - INFO - Added prompt from line 472 to batch.
2025-05-30 20:16:20,797 - INFO - Processing batch of 8 prompts (up to line 472)...
2025-05-30 20:16:20,797 - INFO - Generating rankings for batch of 8 pairs of prompts. System prompt: 'You are a helpful assistant. Your task is to rank the two provided texts. Please explicitly write which of the two texts is of higher quality by writing the corresponding letter in the output, and nothing else.'
2025-05-30 20:16:20,797 - INFO - First formatted prompt for tokenizer (first 100 chars): '<|begin_of_text|><|start_header_id|>system<|end_header_id|>

Cutting Knowledge Date: December 2023
T...'
2025-05-30 20:16:20,798 - INFO - Input device: cuda:0, preparing to move inputs to device.
2025-05-30 20:16:20,801 - INFO - Batch of inputs tokenized, padded, truncated, and moved to model device.
2025-05-30 20:16:20,802 - INFO - Starting batched model.generate()...
Setting `pad_token_id` to `eos_token_id`:128001 for open-end generation.
2025-05-30 20:16:21,034 - INFO - Batched model.generate() completed.
2025-05-30 20:16:21,034 - INFO - Decoding batch of responses and extracting token probabilities...
2025-05-30 20:16:21,037 - INFO - Input tokens stripped from responses and probabilities extracted.
2025-05-30 20:16:21,037 - INFO - Batch of responses generated.
2025-05-30 20:16:21,038 - INFO - Appended 8 results from batch to /scratch-shared/mschaffelder/data/exp_3/pairwise_rankings/small_vanilla.jsonl
2025-05-30 20:16:21,038 - INFO - Reading line 473 from input file...
2025-05-30 20:16:21,039 - INFO - Added prompt from line 473 to batch.
2025-05-30 20:16:21,039 - INFO - Reading line 474 from input file...
2025-05-30 20:16:21,039 - INFO - Added prompt from line 474 to batch.
2025-05-30 20:16:21,039 - INFO - Reading line 475 from input file...
2025-05-30 20:16:21,039 - INFO - Added prompt from line 475 to batch.
2025-05-30 20:16:21,039 - INFO - Reading line 476 from input file...
2025-05-30 20:16:21,039 - INFO - Added prompt from line 476 to batch.
2025-05-30 20:16:21,039 - INFO - Reading line 477 from input file...
2025-05-30 20:16:21,039 - INFO - Added prompt from line 477 to batch.
2025-05-30 20:16:21,039 - INFO - Reading line 478 from input file...
2025-05-30 20:16:21,039 - INFO - Added prompt from line 478 to batch.
2025-05-30 20:16:21,039 - INFO - Reading line 479 from input file...
2025-05-30 20:16:21,039 - INFO - Added prompt from line 479 to batch.
2025-05-30 20:16:21,039 - INFO - Reading line 480 from input file...
2025-05-30 20:16:21,039 - INFO - Added prompt from line 480 to batch.
2025-05-30 20:16:21,039 - INFO - Processing batch of 8 prompts (up to line 480)...
2025-05-30 20:16:21,039 - INFO - Generating rankings for batch of 8 pairs of prompts. System prompt: 'You are a helpful assistant. Your task is to rank the two provided texts. Please explicitly write which of the two texts is of higher quality by writing the corresponding letter in the output, and nothing else.'
2025-05-30 20:16:21,039 - INFO - First formatted prompt for tokenizer (first 100 chars): '<|begin_of_text|><|start_header_id|>system<|end_header_id|>

Cutting Knowledge Date: December 2023
T...'
2025-05-30 20:16:21,039 - INFO - Input device: cuda:0, preparing to move inputs to device.
2025-05-30 20:16:21,043 - INFO - Batch of inputs tokenized, padded, truncated, and moved to model device.
2025-05-30 20:16:21,043 - INFO - Starting batched model.generate()...
Setting `pad_token_id` to `eos_token_id`:128001 for open-end generation.
2025-05-30 20:16:21,255 - INFO - Batched model.generate() completed.
2025-05-30 20:16:21,255 - INFO - Decoding batch of responses and extracting token probabilities...
2025-05-30 20:16:21,258 - INFO - Input tokens stripped from responses and probabilities extracted.
2025-05-30 20:16:21,258 - INFO - Batch of responses generated.
2025-05-30 20:16:21,260 - INFO - Appended 8 results from batch to /scratch-shared/mschaffelder/data/exp_3/pairwise_rankings/small_vanilla.jsonl
2025-05-30 20:16:21,260 - INFO - Reading line 481 from input file...
2025-05-30 20:16:21,260 - INFO - Added prompt from line 481 to batch.
2025-05-30 20:16:21,260 - INFO - Reading line 482 from input file...
2025-05-30 20:16:21,260 - INFO - Added prompt from line 482 to batch.
2025-05-30 20:16:21,260 - INFO - Reading line 483 from input file...
2025-05-30 20:16:21,260 - INFO - Added prompt from line 483 to batch.
2025-05-30 20:16:21,260 - INFO - Reading line 484 from input file...
2025-05-30 20:16:21,260 - INFO - Added prompt from line 484 to batch.
2025-05-30 20:16:21,260 - INFO - Reading line 485 from input file...
2025-05-30 20:16:21,260 - INFO - Added prompt from line 485 to batch.
2025-05-30 20:16:21,260 - INFO - Reading line 486 from input file...
2025-05-30 20:16:21,260 - INFO - Added prompt from line 486 to batch.
2025-05-30 20:16:21,260 - INFO - Reading line 487 from input file...
2025-05-30 20:16:21,260 - INFO - Added prompt from line 487 to batch.
2025-05-30 20:16:21,260 - INFO - Reading line 488 from input file...
2025-05-30 20:16:21,260 - INFO - Added prompt from line 488 to batch.
2025-05-30 20:16:21,260 - INFO - Processing batch of 8 prompts (up to line 488)...
2025-05-30 20:16:21,260 - INFO - Generating rankings for batch of 8 pairs of prompts. System prompt: 'You are a helpful assistant. Your task is to rank the two provided texts. Please explicitly write which of the two texts is of higher quality by writing the corresponding letter in the output, and nothing else.'
2025-05-30 20:16:21,261 - INFO - First formatted prompt for tokenizer (first 100 chars): '<|begin_of_text|><|start_header_id|>system<|end_header_id|>

Cutting Knowledge Date: December 2023
T...'
2025-05-30 20:16:21,261 - INFO - Input device: cuda:0, preparing to move inputs to device.
2025-05-30 20:16:21,264 - INFO - Batch of inputs tokenized, padded, truncated, and moved to model device.
2025-05-30 20:16:21,264 - INFO - Starting batched model.generate()...
Setting `pad_token_id` to `eos_token_id`:128001 for open-end generation.
2025-05-30 20:16:21,454 - INFO - Batched model.generate() completed.
2025-05-30 20:16:21,454 - INFO - Decoding batch of responses and extracting token probabilities...
2025-05-30 20:16:21,456 - INFO - Input tokens stripped from responses and probabilities extracted.
2025-05-30 20:16:21,456 - INFO - Batch of responses generated.
2025-05-30 20:16:21,458 - INFO - Appended 8 results from batch to /scratch-shared/mschaffelder/data/exp_3/pairwise_rankings/small_vanilla.jsonl
2025-05-30 20:16:21,458 - INFO - Reading line 489 from input file...
2025-05-30 20:16:21,458 - INFO - Added prompt from line 489 to batch.
2025-05-30 20:16:21,458 - INFO - Reading line 490 from input file...
2025-05-30 20:16:21,458 - INFO - Added prompt from line 490 to batch.
2025-05-30 20:16:21,458 - INFO - Reading line 491 from input file...
2025-05-30 20:16:21,458 - INFO - Added prompt from line 491 to batch.
2025-05-30 20:16:21,458 - INFO - Reading line 492 from input file...
2025-05-30 20:16:21,458 - INFO - Added prompt from line 492 to batch.
2025-05-30 20:16:21,458 - INFO - Reading line 493 from input file...
2025-05-30 20:16:21,458 - INFO - Added prompt from line 493 to batch.
2025-05-30 20:16:21,458 - INFO - Reading line 494 from input file...
2025-05-30 20:16:21,458 - INFO - Added prompt from line 494 to batch.
2025-05-30 20:16:21,458 - INFO - Reading line 495 from input file...
2025-05-30 20:16:21,458 - INFO - Added prompt from line 495 to batch.
2025-05-30 20:16:21,458 - INFO - Reading line 496 from input file...
2025-05-30 20:16:21,458 - INFO - Added prompt from line 496 to batch.
2025-05-30 20:16:21,458 - INFO - Processing batch of 8 prompts (up to line 496)...
2025-05-30 20:16:21,458 - INFO - Generating rankings for batch of 8 pairs of prompts. System prompt: 'You are a helpful assistant. Your task is to rank the two provided texts. Please explicitly write which of the two texts is of higher quality by writing the corresponding letter in the output, and nothing else.'
2025-05-30 20:16:21,459 - INFO - First formatted prompt for tokenizer (first 100 chars): '<|begin_of_text|><|start_header_id|>system<|end_header_id|>

Cutting Knowledge Date: December 2023
T...'
2025-05-30 20:16:21,459 - INFO - Input device: cuda:0, preparing to move inputs to device.
2025-05-30 20:16:21,461 - INFO - Batch of inputs tokenized, padded, truncated, and moved to model device.
2025-05-30 20:16:21,461 - INFO - Starting batched model.generate()...
Setting `pad_token_id` to `eos_token_id`:128001 for open-end generation.
2025-05-30 20:16:21,608 - INFO - Batched model.generate() completed.
2025-05-30 20:16:21,610 - INFO - Decoding batch of responses and extracting token probabilities...
2025-05-30 20:16:21,612 - INFO - Input tokens stripped from responses and probabilities extracted.
2025-05-30 20:16:21,613 - INFO - Batch of responses generated.
2025-05-30 20:16:21,614 - INFO - Appended 8 results from batch to /scratch-shared/mschaffelder/data/exp_3/pairwise_rankings/small_vanilla.jsonl
2025-05-30 20:16:21,614 - INFO - Reading line 497 from input file...
2025-05-30 20:16:21,614 - INFO - Added prompt from line 497 to batch.
2025-05-30 20:16:21,614 - INFO - Reading line 498 from input file...
2025-05-30 20:16:21,614 - INFO - Added prompt from line 498 to batch.
2025-05-30 20:16:21,614 - INFO - Reading line 499 from input file...
2025-05-30 20:16:21,614 - INFO - Added prompt from line 499 to batch.
2025-05-30 20:16:21,614 - INFO - Reading line 500 from input file...
2025-05-30 20:16:21,614 - INFO - Added prompt from line 500 to batch.
2025-05-30 20:16:21,614 - INFO - Reading line 501 from input file...
2025-05-30 20:16:21,614 - INFO - Added prompt from line 501 to batch.
2025-05-30 20:16:21,614 - INFO - Reading line 502 from input file...
2025-05-30 20:16:21,614 - INFO - Added prompt from line 502 to batch.
2025-05-30 20:16:21,614 - INFO - Reading line 503 from input file...
2025-05-30 20:16:21,614 - INFO - Added prompt from line 503 to batch.
2025-05-30 20:16:21,614 - INFO - Reading line 504 from input file...
2025-05-30 20:16:21,614 - INFO - Added prompt from line 504 to batch.
2025-05-30 20:16:21,614 - INFO - Processing batch of 8 prompts (up to line 504)...
2025-05-30 20:16:21,614 - INFO - Generating rankings for batch of 8 pairs of prompts. System prompt: 'You are a helpful assistant. Your task is to rank the two provided texts. Please explicitly write which of the two texts is of higher quality by writing the corresponding letter in the output, and nothing else.'
2025-05-30 20:16:21,615 - INFO - First formatted prompt for tokenizer (first 100 chars): '<|begin_of_text|><|start_header_id|>system<|end_header_id|>

Cutting Knowledge Date: December 2023
T...'
2025-05-30 20:16:21,615 - INFO - Input device: cuda:0, preparing to move inputs to device.
2025-05-30 20:16:21,617 - INFO - Batch of inputs tokenized, padded, truncated, and moved to model device.
2025-05-30 20:16:21,618 - INFO - Starting batched model.generate()...
Setting `pad_token_id` to `eos_token_id`:128001 for open-end generation.
2025-05-30 20:16:21,769 - INFO - Batched model.generate() completed.
2025-05-30 20:16:21,769 - INFO - Decoding batch of responses and extracting token probabilities...
2025-05-30 20:16:21,772 - INFO - Input tokens stripped from responses and probabilities extracted.
2025-05-30 20:16:21,772 - INFO - Batch of responses generated.
2025-05-30 20:16:21,773 - INFO - Appended 8 results from batch to /scratch-shared/mschaffelder/data/exp_3/pairwise_rankings/small_vanilla.jsonl
2025-05-30 20:16:21,773 - INFO - Reading line 505 from input file...
2025-05-30 20:16:21,773 - INFO - Added prompt from line 505 to batch.
2025-05-30 20:16:21,773 - INFO - Reading line 506 from input file...
2025-05-30 20:16:21,773 - INFO - Added prompt from line 506 to batch.
2025-05-30 20:16:21,773 - INFO - Reading line 507 from input file...
2025-05-30 20:16:21,773 - INFO - Added prompt from line 507 to batch.
2025-05-30 20:16:21,773 - INFO - Reading line 508 from input file...
2025-05-30 20:16:21,773 - INFO - Added prompt from line 508 to batch.
2025-05-30 20:16:21,774 - INFO - Reading line 509 from input file...
2025-05-30 20:16:21,774 - INFO - Added prompt from line 509 to batch.
2025-05-30 20:16:21,774 - INFO - Reading line 510 from input file...
2025-05-30 20:16:21,774 - INFO - Added prompt from line 510 to batch.
2025-05-30 20:16:21,774 - INFO - Reading line 511 from input file...
2025-05-30 20:16:21,774 - INFO - Added prompt from line 511 to batch.
2025-05-30 20:16:21,774 - INFO - Reading line 512 from input file...
2025-05-30 20:16:21,774 - INFO - Added prompt from line 512 to batch.
2025-05-30 20:16:21,774 - INFO - Processing batch of 8 prompts (up to line 512)...
2025-05-30 20:16:21,774 - INFO - Generating rankings for batch of 8 pairs of prompts. System prompt: 'You are a helpful assistant. Your task is to rank the two provided texts. Please explicitly write which of the two texts is of higher quality by writing the corresponding letter in the output, and nothing else.'
2025-05-30 20:16:21,774 - INFO - First formatted prompt for tokenizer (first 100 chars): '<|begin_of_text|><|start_header_id|>system<|end_header_id|>

Cutting Knowledge Date: December 2023
T...'
2025-05-30 20:16:21,775 - INFO - Input device: cuda:0, preparing to move inputs to device.
2025-05-30 20:16:21,778 - INFO - Batch of inputs tokenized, padded, truncated, and moved to model device.
2025-05-30 20:16:21,778 - INFO - Starting batched model.generate()...
Setting `pad_token_id` to `eos_token_id`:128001 for open-end generation.
2025-05-30 20:16:21,977 - INFO - Batched model.generate() completed.
2025-05-30 20:16:21,977 - INFO - Decoding batch of responses and extracting token probabilities...
2025-05-30 20:16:21,980 - INFO - Input tokens stripped from responses and probabilities extracted.
2025-05-30 20:16:21,980 - INFO - Batch of responses generated.
2025-05-30 20:16:21,981 - INFO - Appended 8 results from batch to /scratch-shared/mschaffelder/data/exp_3/pairwise_rankings/small_vanilla.jsonl
2025-05-30 20:16:21,981 - INFO - Reading line 513 from input file...
2025-05-30 20:16:21,982 - INFO - Added prompt from line 513 to batch.
2025-05-30 20:16:21,982 - INFO - Reading line 514 from input file...
2025-05-30 20:16:21,982 - INFO - Added prompt from line 514 to batch.
2025-05-30 20:16:21,982 - INFO - Reading line 515 from input file...
2025-05-30 20:16:21,982 - INFO - Added prompt from line 515 to batch.
2025-05-30 20:16:21,982 - INFO - Reading line 516 from input file...
2025-05-30 20:16:21,982 - INFO - Added prompt from line 516 to batch.
2025-05-30 20:16:21,982 - INFO - Reading line 517 from input file...
2025-05-30 20:16:21,982 - INFO - Added prompt from line 517 to batch.
2025-05-30 20:16:21,982 - INFO - Reading line 518 from input file...
2025-05-30 20:16:21,982 - INFO - Added prompt from line 518 to batch.
2025-05-30 20:16:21,982 - INFO - Reading line 519 from input file...
2025-05-30 20:16:21,982 - INFO - Added prompt from line 519 to batch.
2025-05-30 20:16:21,982 - INFO - Reading line 520 from input file...
2025-05-30 20:16:21,982 - INFO - Added prompt from line 520 to batch.
2025-05-30 20:16:21,982 - INFO - Processing batch of 8 prompts (up to line 520)...
2025-05-30 20:16:21,982 - INFO - Generating rankings for batch of 8 pairs of prompts. System prompt: 'You are a helpful assistant. Your task is to rank the two provided texts. Please explicitly write which of the two texts is of higher quality by writing the corresponding letter in the output, and nothing else.'
2025-05-30 20:16:21,982 - INFO - First formatted prompt for tokenizer (first 100 chars): '<|begin_of_text|><|start_header_id|>system<|end_header_id|>

Cutting Knowledge Date: December 2023
T...'
2025-05-30 20:16:21,982 - INFO - Input device: cuda:0, preparing to move inputs to device.
2025-05-30 20:16:21,985 - INFO - Batch of inputs tokenized, padded, truncated, and moved to model device.
2025-05-30 20:16:21,985 - INFO - Starting batched model.generate()...
Setting `pad_token_id` to `eos_token_id`:128001 for open-end generation.
2025-05-30 20:16:22,155 - INFO - Batched model.generate() completed.
2025-05-30 20:16:22,155 - INFO - Decoding batch of responses and extracting token probabilities...
2025-05-30 20:16:22,157 - INFO - Input tokens stripped from responses and probabilities extracted.
2025-05-30 20:16:22,157 - INFO - Batch of responses generated.
2025-05-30 20:16:22,158 - INFO - Appended 8 results from batch to /scratch-shared/mschaffelder/data/exp_3/pairwise_rankings/small_vanilla.jsonl
2025-05-30 20:16:22,158 - INFO - Reading line 521 from input file...
2025-05-30 20:16:22,159 - INFO - Added prompt from line 521 to batch.
2025-05-30 20:16:22,159 - INFO - Reading line 522 from input file...
2025-05-30 20:16:22,159 - INFO - Added prompt from line 522 to batch.
2025-05-30 20:16:22,159 - INFO - Reading line 523 from input file...
2025-05-30 20:16:22,159 - INFO - Added prompt from line 523 to batch.
2025-05-30 20:16:22,159 - INFO - Reading line 524 from input file...
2025-05-30 20:16:22,159 - INFO - Added prompt from line 524 to batch.
2025-05-30 20:16:22,159 - INFO - Reading line 525 from input file...
2025-05-30 20:16:22,159 - INFO - Added prompt from line 525 to batch.
2025-05-30 20:16:22,159 - INFO - Reading line 526 from input file...
2025-05-30 20:16:22,159 - INFO - Added prompt from line 526 to batch.
2025-05-30 20:16:22,159 - INFO - Reading line 527 from input file...
2025-05-30 20:16:22,159 - INFO - Added prompt from line 527 to batch.
2025-05-30 20:16:22,159 - INFO - Reading line 528 from input file...
2025-05-30 20:16:22,159 - INFO - Added prompt from line 528 to batch.
2025-05-30 20:16:22,159 - INFO - Processing batch of 8 prompts (up to line 528)...
2025-05-30 20:16:22,159 - INFO - Generating rankings for batch of 8 pairs of prompts. System prompt: 'You are a helpful assistant. Your task is to rank the two provided texts. Please explicitly write which of the two texts is of higher quality by writing the corresponding letter in the output, and nothing else.'
2025-05-30 20:16:22,160 - INFO - First formatted prompt for tokenizer (first 100 chars): '<|begin_of_text|><|start_header_id|>system<|end_header_id|>

Cutting Knowledge Date: December 2023
T...'
2025-05-30 20:16:22,160 - INFO - Input device: cuda:0, preparing to move inputs to device.
2025-05-30 20:16:22,162 - INFO - Batch of inputs tokenized, padded, truncated, and moved to model device.
2025-05-30 20:16:22,162 - INFO - Starting batched model.generate()...
Setting `pad_token_id` to `eos_token_id`:128001 for open-end generation.
2025-05-30 20:16:22,326 - INFO - Batched model.generate() completed.
2025-05-30 20:16:22,326 - INFO - Decoding batch of responses and extracting token probabilities...
2025-05-30 20:16:22,328 - INFO - Input tokens stripped from responses and probabilities extracted.
2025-05-30 20:16:22,328 - INFO - Batch of responses generated.
2025-05-30 20:16:22,330 - INFO - Appended 8 results from batch to /scratch-shared/mschaffelder/data/exp_3/pairwise_rankings/small_vanilla.jsonl
2025-05-30 20:16:22,330 - INFO - Reading line 529 from input file...
2025-05-30 20:16:22,330 - INFO - Added prompt from line 529 to batch.
2025-05-30 20:16:22,330 - INFO - Reading line 530 from input file...
2025-05-30 20:16:22,330 - INFO - Added prompt from line 530 to batch.
2025-05-30 20:16:22,330 - INFO - Reading line 531 from input file...
2025-05-30 20:16:22,330 - INFO - Added prompt from line 531 to batch.
2025-05-30 20:16:22,330 - INFO - Reading line 532 from input file...
2025-05-30 20:16:22,330 - INFO - Added prompt from line 532 to batch.
2025-05-30 20:16:22,330 - INFO - Reading line 533 from input file...
2025-05-30 20:16:22,330 - INFO - Added prompt from line 533 to batch.
2025-05-30 20:16:22,330 - INFO - Reading line 534 from input file...
2025-05-30 20:16:22,330 - INFO - Added prompt from line 534 to batch.
2025-05-30 20:16:22,330 - INFO - Reading line 535 from input file...
2025-05-30 20:16:22,330 - INFO - Added prompt from line 535 to batch.
2025-05-30 20:16:22,330 - INFO - Reading line 536 from input file...
2025-05-30 20:16:22,330 - INFO - Added prompt from line 536 to batch.
2025-05-30 20:16:22,330 - INFO - Processing batch of 8 prompts (up to line 536)...
2025-05-30 20:16:22,330 - INFO - Generating rankings for batch of 8 pairs of prompts. System prompt: 'You are a helpful assistant. Your task is to rank the two provided texts. Please explicitly write which of the two texts is of higher quality by writing the corresponding letter in the output, and nothing else.'
2025-05-30 20:16:22,331 - INFO - First formatted prompt for tokenizer (first 100 chars): '<|begin_of_text|><|start_header_id|>system<|end_header_id|>

Cutting Knowledge Date: December 2023
T...'
2025-05-30 20:16:22,331 - INFO - Input device: cuda:0, preparing to move inputs to device.
2025-05-30 20:16:22,334 - INFO - Batch of inputs tokenized, padded, truncated, and moved to model device.
2025-05-30 20:16:22,334 - INFO - Starting batched model.generate()...
Setting `pad_token_id` to `eos_token_id`:128001 for open-end generation.
2025-05-30 20:16:22,566 - INFO - Batched model.generate() completed.
2025-05-30 20:16:22,567 - INFO - Decoding batch of responses and extracting token probabilities...
2025-05-30 20:16:22,569 - INFO - Input tokens stripped from responses and probabilities extracted.
2025-05-30 20:16:22,570 - INFO - Batch of responses generated.
2025-05-30 20:16:22,571 - INFO - Appended 8 results from batch to /scratch-shared/mschaffelder/data/exp_3/pairwise_rankings/small_vanilla.jsonl
2025-05-30 20:16:22,571 - INFO - Reading line 537 from input file...
2025-05-30 20:16:22,571 - INFO - Added prompt from line 537 to batch.
2025-05-30 20:16:22,571 - INFO - Reading line 538 from input file...
2025-05-30 20:16:22,571 - INFO - Added prompt from line 538 to batch.
2025-05-30 20:16:22,571 - INFO - Reading line 539 from input file...
2025-05-30 20:16:22,571 - INFO - Added prompt from line 539 to batch.
2025-05-30 20:16:22,571 - INFO - Reading line 540 from input file...
2025-05-30 20:16:22,571 - INFO - Added prompt from line 540 to batch.
2025-05-30 20:16:22,571 - INFO - Reading line 541 from input file...
2025-05-30 20:16:22,571 - INFO - Added prompt from line 541 to batch.
2025-05-30 20:16:22,571 - INFO - Reading line 542 from input file...
2025-05-30 20:16:22,571 - INFO - Added prompt from line 542 to batch.
2025-05-30 20:16:22,571 - INFO - Reading line 543 from input file...
2025-05-30 20:16:22,571 - INFO - Added prompt from line 543 to batch.
2025-05-30 20:16:22,571 - INFO - Reading line 544 from input file...
2025-05-30 20:16:22,571 - INFO - Added prompt from line 544 to batch.
2025-05-30 20:16:22,571 - INFO - Processing batch of 8 prompts (up to line 544)...
2025-05-30 20:16:22,571 - INFO - Generating rankings for batch of 8 pairs of prompts. System prompt: 'You are a helpful assistant. Your task is to rank the two provided texts. Please explicitly write which of the two texts is of higher quality by writing the corresponding letter in the output, and nothing else.'
2025-05-30 20:16:22,572 - INFO - First formatted prompt for tokenizer (first 100 chars): '<|begin_of_text|><|start_header_id|>system<|end_header_id|>

Cutting Knowledge Date: December 2023
T...'
2025-05-30 20:16:22,572 - INFO - Input device: cuda:0, preparing to move inputs to device.
2025-05-30 20:16:22,574 - INFO - Batch of inputs tokenized, padded, truncated, and moved to model device.
2025-05-30 20:16:22,574 - INFO - Starting batched model.generate()...
Setting `pad_token_id` to `eos_token_id`:128001 for open-end generation.
2025-05-30 20:16:22,737 - INFO - Batched model.generate() completed.
2025-05-30 20:16:22,737 - INFO - Decoding batch of responses and extracting token probabilities...
2025-05-30 20:16:22,739 - INFO - Input tokens stripped from responses and probabilities extracted.
2025-05-30 20:16:22,739 - INFO - Batch of responses generated.
2025-05-30 20:16:22,741 - INFO - Appended 8 results from batch to /scratch-shared/mschaffelder/data/exp_3/pairwise_rankings/small_vanilla.jsonl
2025-05-30 20:16:22,741 - INFO - Reading line 545 from input file...
2025-05-30 20:16:22,741 - INFO - Added prompt from line 545 to batch.
2025-05-30 20:16:22,741 - INFO - Reading line 546 from input file...
2025-05-30 20:16:22,741 - INFO - Added prompt from line 546 to batch.
2025-05-30 20:16:22,741 - INFO - Reading line 547 from input file...
2025-05-30 20:16:22,741 - INFO - Added prompt from line 547 to batch.
2025-05-30 20:16:22,741 - INFO - Reading line 548 from input file...
2025-05-30 20:16:22,741 - INFO - Added prompt from line 548 to batch.
2025-05-30 20:16:22,741 - INFO - Reading line 549 from input file...
2025-05-30 20:16:22,741 - INFO - Added prompt from line 549 to batch.
2025-05-30 20:16:22,741 - INFO - Reading line 550 from input file...
2025-05-30 20:16:22,741 - INFO - Added prompt from line 550 to batch.
2025-05-30 20:16:22,741 - INFO - Reading line 551 from input file...
2025-05-30 20:16:22,741 - INFO - Added prompt from line 551 to batch.
2025-05-30 20:16:22,741 - INFO - Reading line 552 from input file...
2025-05-30 20:16:22,741 - INFO - Added prompt from line 552 to batch.
2025-05-30 20:16:22,741 - INFO - Processing batch of 8 prompts (up to line 552)...
2025-05-30 20:16:22,741 - INFO - Generating rankings for batch of 8 pairs of prompts. System prompt: 'You are a helpful assistant. Your task is to rank the two provided texts. Please explicitly write which of the two texts is of higher quality by writing the corresponding letter in the output, and nothing else.'
2025-05-30 20:16:22,742 - INFO - First formatted prompt for tokenizer (first 100 chars): '<|begin_of_text|><|start_header_id|>system<|end_header_id|>

Cutting Knowledge Date: December 2023
T...'
2025-05-30 20:16:22,742 - INFO - Input device: cuda:0, preparing to move inputs to device.
2025-05-30 20:16:22,744 - INFO - Batch of inputs tokenized, padded, truncated, and moved to model device.
2025-05-30 20:16:22,744 - INFO - Starting batched model.generate()...
Setting `pad_token_id` to `eos_token_id`:128001 for open-end generation.
2025-05-30 20:16:22,871 - INFO - Batched model.generate() completed.
2025-05-30 20:16:22,871 - INFO - Decoding batch of responses and extracting token probabilities...
2025-05-30 20:16:22,873 - INFO - Input tokens stripped from responses and probabilities extracted.
2025-05-30 20:16:22,873 - INFO - Batch of responses generated.
2025-05-30 20:16:22,875 - INFO - Appended 8 results from batch to /scratch-shared/mschaffelder/data/exp_3/pairwise_rankings/small_vanilla.jsonl
2025-05-30 20:16:22,875 - INFO - Reading line 553 from input file...
2025-05-30 20:16:22,875 - INFO - Added prompt from line 553 to batch.
2025-05-30 20:16:22,875 - INFO - Reading line 554 from input file...
2025-05-30 20:16:22,875 - INFO - Added prompt from line 554 to batch.
2025-05-30 20:16:22,875 - INFO - Reading line 555 from input file...
2025-05-30 20:16:22,875 - INFO - Added prompt from line 555 to batch.
2025-05-30 20:16:22,875 - INFO - Reading line 556 from input file...
2025-05-30 20:16:22,875 - INFO - Added prompt from line 556 to batch.
2025-05-30 20:16:22,875 - INFO - Reading line 557 from input file...
2025-05-30 20:16:22,875 - INFO - Added prompt from line 557 to batch.
2025-05-30 20:16:22,875 - INFO - Reading line 558 from input file...
2025-05-30 20:16:22,875 - INFO - Added prompt from line 558 to batch.
2025-05-30 20:16:22,875 - INFO - Reading line 559 from input file...
2025-05-30 20:16:22,875 - INFO - Added prompt from line 559 to batch.
2025-05-30 20:16:22,875 - INFO - Reading line 560 from input file...
2025-05-30 20:16:22,875 - INFO - Added prompt from line 560 to batch.
2025-05-30 20:16:22,875 - INFO - Processing batch of 8 prompts (up to line 560)...
2025-05-30 20:16:22,875 - INFO - Generating rankings for batch of 8 pairs of prompts. System prompt: 'You are a helpful assistant. Your task is to rank the two provided texts. Please explicitly write which of the two texts is of higher quality by writing the corresponding letter in the output, and nothing else.'
2025-05-30 20:16:22,875 - INFO - First formatted prompt for tokenizer (first 100 chars): '<|begin_of_text|><|start_header_id|>system<|end_header_id|>

Cutting Knowledge Date: December 2023
T...'
2025-05-30 20:16:22,876 - INFO - Input device: cuda:0, preparing to move inputs to device.
2025-05-30 20:16:22,879 - INFO - Batch of inputs tokenized, padded, truncated, and moved to model device.
2025-05-30 20:16:22,879 - INFO - Starting batched model.generate()...
Setting `pad_token_id` to `eos_token_id`:128001 for open-end generation.
2025-05-30 20:16:23,072 - INFO - Batched model.generate() completed.
2025-05-30 20:16:23,072 - INFO - Decoding batch of responses and extracting token probabilities...
2025-05-30 20:16:23,074 - INFO - Input tokens stripped from responses and probabilities extracted.
2025-05-30 20:16:23,074 - INFO - Batch of responses generated.
2025-05-30 20:16:23,076 - INFO - Appended 8 results from batch to /scratch-shared/mschaffelder/data/exp_3/pairwise_rankings/small_vanilla.jsonl
2025-05-30 20:16:23,076 - INFO - Reading line 561 from input file...
2025-05-30 20:16:23,076 - INFO - Added prompt from line 561 to batch.
2025-05-30 20:16:23,076 - INFO - Reading line 562 from input file...
2025-05-30 20:16:23,076 - INFO - Added prompt from line 562 to batch.
2025-05-30 20:16:23,076 - INFO - Reading line 563 from input file...
2025-05-30 20:16:23,076 - INFO - Added prompt from line 563 to batch.
2025-05-30 20:16:23,076 - INFO - Reading line 564 from input file...
2025-05-30 20:16:23,076 - INFO - Added prompt from line 564 to batch.
2025-05-30 20:16:23,076 - INFO - Reading line 565 from input file...
2025-05-30 20:16:23,076 - INFO - Added prompt from line 565 to batch.
2025-05-30 20:16:23,076 - INFO - Reading line 566 from input file...
2025-05-30 20:16:23,076 - INFO - Added prompt from line 566 to batch.
2025-05-30 20:16:23,076 - INFO - Reading line 567 from input file...
2025-05-30 20:16:23,076 - INFO - Added prompt from line 567 to batch.
2025-05-30 20:16:23,076 - INFO - Reading line 568 from input file...
2025-05-30 20:16:23,076 - INFO - Added prompt from line 568 to batch.
2025-05-30 20:16:23,076 - INFO - Processing batch of 8 prompts (up to line 568)...
2025-05-30 20:16:23,076 - INFO - Generating rankings for batch of 8 pairs of prompts. System prompt: 'You are a helpful assistant. Your task is to rank the two provided texts. Please explicitly write which of the two texts is of higher quality by writing the corresponding letter in the output, and nothing else.'
2025-05-30 20:16:23,077 - INFO - First formatted prompt for tokenizer (first 100 chars): '<|begin_of_text|><|start_header_id|>system<|end_header_id|>

Cutting Knowledge Date: December 2023
T...'
2025-05-30 20:16:23,077 - INFO - Input device: cuda:0, preparing to move inputs to device.
2025-05-30 20:16:23,080 - INFO - Batch of inputs tokenized, padded, truncated, and moved to model device.
2025-05-30 20:16:23,080 - INFO - Starting batched model.generate()...
Setting `pad_token_id` to `eos_token_id`:128001 for open-end generation.
2025-05-30 20:16:23,250 - INFO - Batched model.generate() completed.
2025-05-30 20:16:23,250 - INFO - Decoding batch of responses and extracting token probabilities...
2025-05-30 20:16:23,252 - INFO - Input tokens stripped from responses and probabilities extracted.
2025-05-30 20:16:23,252 - INFO - Batch of responses generated.
2025-05-30 20:16:23,253 - INFO - Appended 8 results from batch to /scratch-shared/mschaffelder/data/exp_3/pairwise_rankings/small_vanilla.jsonl
2025-05-30 20:16:23,253 - INFO - Reading line 569 from input file...
2025-05-30 20:16:23,254 - INFO - Added prompt from line 569 to batch.
2025-05-30 20:16:23,254 - INFO - Reading line 570 from input file...
2025-05-30 20:16:23,254 - INFO - Added prompt from line 570 to batch.
2025-05-30 20:16:23,254 - INFO - Reading line 571 from input file...
2025-05-30 20:16:23,254 - INFO - Added prompt from line 571 to batch.
2025-05-30 20:16:23,254 - INFO - Reading line 572 from input file...
2025-05-30 20:16:23,254 - INFO - Added prompt from line 572 to batch.
2025-05-30 20:16:23,254 - INFO - Reading line 573 from input file...
2025-05-30 20:16:23,254 - INFO - Added prompt from line 573 to batch.
2025-05-30 20:16:23,254 - INFO - Reading line 574 from input file...
2025-05-30 20:16:23,254 - INFO - Added prompt from line 574 to batch.
2025-05-30 20:16:23,254 - INFO - Reading line 575 from input file...
2025-05-30 20:16:23,254 - INFO - Added prompt from line 575 to batch.
2025-05-30 20:16:23,254 - INFO - Reading line 576 from input file...
2025-05-30 20:16:23,254 - INFO - Added prompt from line 576 to batch.
2025-05-30 20:16:23,254 - INFO - Processing batch of 8 prompts (up to line 576)...
2025-05-30 20:16:23,254 - INFO - Generating rankings for batch of 8 pairs of prompts. System prompt: 'You are a helpful assistant. Your task is to rank the two provided texts. Please explicitly write which of the two texts is of higher quality by writing the corresponding letter in the output, and nothing else.'
2025-05-30 20:16:23,254 - INFO - First formatted prompt for tokenizer (first 100 chars): '<|begin_of_text|><|start_header_id|>system<|end_header_id|>

Cutting Knowledge Date: December 2023
T...'
2025-05-30 20:16:23,255 - INFO - Input device: cuda:0, preparing to move inputs to device.
2025-05-30 20:16:23,257 - INFO - Batch of inputs tokenized, padded, truncated, and moved to model device.
2025-05-30 20:16:23,257 - INFO - Starting batched model.generate()...
Setting `pad_token_id` to `eos_token_id`:128001 for open-end generation.
2025-05-30 20:16:23,415 - INFO - Batched model.generate() completed.
2025-05-30 20:16:23,415 - INFO - Decoding batch of responses and extracting token probabilities...
2025-05-30 20:16:23,417 - INFO - Input tokens stripped from responses and probabilities extracted.
2025-05-30 20:16:23,417 - INFO - Batch of responses generated.
2025-05-30 20:16:23,419 - INFO - Appended 8 results from batch to /scratch-shared/mschaffelder/data/exp_3/pairwise_rankings/small_vanilla.jsonl
2025-05-30 20:16:23,419 - INFO - Reading line 577 from input file...
2025-05-30 20:16:23,419 - INFO - Added prompt from line 577 to batch.
2025-05-30 20:16:23,419 - INFO - Reading line 578 from input file...
2025-05-30 20:16:23,419 - INFO - Added prompt from line 578 to batch.
2025-05-30 20:16:23,419 - INFO - Reading line 579 from input file...
2025-05-30 20:16:23,419 - INFO - Added prompt from line 579 to batch.
2025-05-30 20:16:23,419 - INFO - Reading line 580 from input file...
2025-05-30 20:16:23,419 - INFO - Added prompt from line 580 to batch.
2025-05-30 20:16:23,419 - INFO - Reading line 581 from input file...
2025-05-30 20:16:23,419 - INFO - Added prompt from line 581 to batch.
2025-05-30 20:16:23,419 - INFO - Reading line 582 from input file...
2025-05-30 20:16:23,419 - INFO - Added prompt from line 582 to batch.
2025-05-30 20:16:23,419 - INFO - Reading line 583 from input file...
2025-05-30 20:16:23,419 - INFO - Added prompt from line 583 to batch.
2025-05-30 20:16:23,419 - INFO - Reading line 584 from input file...
2025-05-30 20:16:23,419 - INFO - Added prompt from line 584 to batch.
2025-05-30 20:16:23,419 - INFO - Processing batch of 8 prompts (up to line 584)...
2025-05-30 20:16:23,419 - INFO - Generating rankings for batch of 8 pairs of prompts. System prompt: 'You are a helpful assistant. Your task is to rank the two provided texts. Please explicitly write which of the two texts is of higher quality by writing the corresponding letter in the output, and nothing else.'
2025-05-30 20:16:23,419 - INFO - First formatted prompt for tokenizer (first 100 chars): '<|begin_of_text|><|start_header_id|>system<|end_header_id|>

Cutting Knowledge Date: December 2023
T...'
2025-05-30 20:16:23,419 - INFO - Input device: cuda:0, preparing to move inputs to device.
2025-05-30 20:16:23,421 - INFO - Batch of inputs tokenized, padded, truncated, and moved to model device.
2025-05-30 20:16:23,421 - INFO - Starting batched model.generate()...
Setting `pad_token_id` to `eos_token_id`:128001 for open-end generation.
2025-05-30 20:16:23,531 - INFO - Batched model.generate() completed.
2025-05-30 20:16:23,533 - INFO - Decoding batch of responses and extracting token probabilities...
2025-05-30 20:16:23,535 - INFO - Input tokens stripped from responses and probabilities extracted.
2025-05-30 20:16:23,535 - INFO - Batch of responses generated.
2025-05-30 20:16:23,536 - INFO - Appended 8 results from batch to /scratch-shared/mschaffelder/data/exp_3/pairwise_rankings/small_vanilla.jsonl
2025-05-30 20:16:23,536 - INFO - Reading line 585 from input file...
2025-05-30 20:16:23,536 - INFO - Added prompt from line 585 to batch.
2025-05-30 20:16:23,536 - INFO - Reading line 586 from input file...
2025-05-30 20:16:23,536 - INFO - Added prompt from line 586 to batch.
2025-05-30 20:16:23,536 - INFO - Reading line 587 from input file...
2025-05-30 20:16:23,536 - INFO - Added prompt from line 587 to batch.
2025-05-30 20:16:23,536 - INFO - Reading line 588 from input file...
2025-05-30 20:16:23,536 - INFO - Added prompt from line 588 to batch.
2025-05-30 20:16:23,536 - INFO - Reading line 589 from input file...
2025-05-30 20:16:23,536 - INFO - Added prompt from line 589 to batch.
2025-05-30 20:16:23,536 - INFO - Reading line 590 from input file...
2025-05-30 20:16:23,537 - INFO - Added prompt from line 590 to batch.
2025-05-30 20:16:23,537 - INFO - Reading line 591 from input file...
2025-05-30 20:16:23,537 - INFO - Added prompt from line 591 to batch.
2025-05-30 20:16:23,537 - INFO - Reading line 592 from input file...
2025-05-30 20:16:23,537 - INFO - Added prompt from line 592 to batch.
2025-05-30 20:16:23,537 - INFO - Processing batch of 8 prompts (up to line 592)...
2025-05-30 20:16:23,537 - INFO - Generating rankings for batch of 8 pairs of prompts. System prompt: 'You are a helpful assistant. Your task is to rank the two provided texts. Please explicitly write which of the two texts is of higher quality by writing the corresponding letter in the output, and nothing else.'
2025-05-30 20:16:23,537 - INFO - First formatted prompt for tokenizer (first 100 chars): '<|begin_of_text|><|start_header_id|>system<|end_header_id|>

Cutting Knowledge Date: December 2023
T...'
2025-05-30 20:16:23,537 - INFO - Input device: cuda:0, preparing to move inputs to device.
2025-05-30 20:16:23,540 - INFO - Batch of inputs tokenized, padded, truncated, and moved to model device.
2025-05-30 20:16:23,541 - INFO - Starting batched model.generate()...
Setting `pad_token_id` to `eos_token_id`:128001 for open-end generation.
2025-05-30 20:16:23,744 - INFO - Batched model.generate() completed.
2025-05-30 20:16:23,744 - INFO - Decoding batch of responses and extracting token probabilities...
2025-05-30 20:16:23,746 - INFO - Input tokens stripped from responses and probabilities extracted.
2025-05-30 20:16:23,747 - INFO - Batch of responses generated.
2025-05-30 20:16:23,748 - INFO - Appended 8 results from batch to /scratch-shared/mschaffelder/data/exp_3/pairwise_rankings/small_vanilla.jsonl
2025-05-30 20:16:23,748 - INFO - Reading line 593 from input file...
2025-05-30 20:16:23,748 - INFO - Added prompt from line 593 to batch.
2025-05-30 20:16:23,748 - INFO - Reading line 594 from input file...
2025-05-30 20:16:23,748 - INFO - Added prompt from line 594 to batch.
2025-05-30 20:16:23,748 - INFO - Reading line 595 from input file...
2025-05-30 20:16:23,748 - INFO - Added prompt from line 595 to batch.
2025-05-30 20:16:23,748 - INFO - Reading line 596 from input file...
2025-05-30 20:16:23,748 - INFO - Added prompt from line 596 to batch.
2025-05-30 20:16:23,748 - INFO - Reading line 597 from input file...
2025-05-30 20:16:23,748 - INFO - Added prompt from line 597 to batch.
2025-05-30 20:16:23,748 - INFO - Reading line 598 from input file...
2025-05-30 20:16:23,748 - INFO - Added prompt from line 598 to batch.
2025-05-30 20:16:23,748 - INFO - Reading line 599 from input file...
2025-05-30 20:16:23,748 - INFO - Added prompt from line 599 to batch.
2025-05-30 20:16:23,748 - INFO - Reading line 600 from input file...
2025-05-30 20:16:23,748 - INFO - Added prompt from line 600 to batch.
2025-05-30 20:16:23,748 - INFO - Processing batch of 8 prompts (up to line 600)...
2025-05-30 20:16:23,748 - INFO - Generating rankings for batch of 8 pairs of prompts. System prompt: 'You are a helpful assistant. Your task is to rank the two provided texts. Please explicitly write which of the two texts is of higher quality by writing the corresponding letter in the output, and nothing else.'
2025-05-30 20:16:23,749 - INFO - First formatted prompt for tokenizer (first 100 chars): '<|begin_of_text|><|start_header_id|>system<|end_header_id|>

Cutting Knowledge Date: December 2023
T...'
2025-05-30 20:16:23,749 - INFO - Input device: cuda:0, preparing to move inputs to device.
2025-05-30 20:16:23,752 - INFO - Batch of inputs tokenized, padded, truncated, and moved to model device.
2025-05-30 20:16:23,752 - INFO - Starting batched model.generate()...
Setting `pad_token_id` to `eos_token_id`:128001 for open-end generation.
2025-05-30 20:16:23,948 - INFO - Batched model.generate() completed.
2025-05-30 20:16:23,949 - INFO - Decoding batch of responses and extracting token probabilities...
2025-05-30 20:16:23,951 - INFO - Input tokens stripped from responses and probabilities extracted.
2025-05-30 20:16:23,952 - INFO - Batch of responses generated.
2025-05-30 20:16:23,953 - INFO - Appended 8 results from batch to /scratch-shared/mschaffelder/data/exp_3/pairwise_rankings/small_vanilla.jsonl
2025-05-30 20:16:23,953 - INFO - Reading line 601 from input file...
2025-05-30 20:16:23,953 - INFO - Added prompt from line 601 to batch.
2025-05-30 20:16:23,953 - INFO - Reading line 602 from input file...
2025-05-30 20:16:23,953 - INFO - Added prompt from line 602 to batch.
2025-05-30 20:16:23,953 - INFO - Reading line 603 from input file...
2025-05-30 20:16:23,953 - INFO - Added prompt from line 603 to batch.
2025-05-30 20:16:23,953 - INFO - Reading line 604 from input file...
2025-05-30 20:16:23,953 - INFO - Added prompt from line 604 to batch.
2025-05-30 20:16:23,953 - INFO - Reading line 605 from input file...
2025-05-30 20:16:23,953 - INFO - Added prompt from line 605 to batch.
2025-05-30 20:16:23,953 - INFO - Reading line 606 from input file...
2025-05-30 20:16:23,953 - INFO - Added prompt from line 606 to batch.
2025-05-30 20:16:23,953 - INFO - Reading line 607 from input file...
2025-05-30 20:16:23,953 - INFO - Added prompt from line 607 to batch.
2025-05-30 20:16:23,953 - INFO - Reading line 608 from input file...
2025-05-30 20:16:23,953 - INFO - Added prompt from line 608 to batch.
2025-05-30 20:16:23,953 - INFO - Processing batch of 8 prompts (up to line 608)...
2025-05-30 20:16:23,953 - INFO - Generating rankings for batch of 8 pairs of prompts. System prompt: 'You are a helpful assistant. Your task is to rank the two provided texts. Please explicitly write which of the two texts is of higher quality by writing the corresponding letter in the output, and nothing else.'
2025-05-30 20:16:23,954 - INFO - First formatted prompt for tokenizer (first 100 chars): '<|begin_of_text|><|start_header_id|>system<|end_header_id|>

Cutting Knowledge Date: December 2023
T...'
2025-05-30 20:16:23,954 - INFO - Input device: cuda:0, preparing to move inputs to device.
2025-05-30 20:16:23,957 - INFO - Batch of inputs tokenized, padded, truncated, and moved to model device.
2025-05-30 20:16:23,957 - INFO - Starting batched model.generate()...
Setting `pad_token_id` to `eos_token_id`:128001 for open-end generation.
2025-05-30 20:16:24,168 - INFO - Batched model.generate() completed.
2025-05-30 20:16:24,168 - INFO - Decoding batch of responses and extracting token probabilities...
2025-05-30 20:16:24,170 - INFO - Input tokens stripped from responses and probabilities extracted.
2025-05-30 20:16:24,171 - INFO - Batch of responses generated.
2025-05-30 20:16:24,172 - INFO - Appended 8 results from batch to /scratch-shared/mschaffelder/data/exp_3/pairwise_rankings/small_vanilla.jsonl
2025-05-30 20:16:24,172 - INFO - Reading line 609 from input file...
2025-05-30 20:16:24,172 - INFO - Added prompt from line 609 to batch.
2025-05-30 20:16:24,172 - INFO - Reading line 610 from input file...
2025-05-30 20:16:24,172 - INFO - Added prompt from line 610 to batch.
2025-05-30 20:16:24,172 - INFO - Reading line 611 from input file...
2025-05-30 20:16:24,172 - INFO - Added prompt from line 611 to batch.
2025-05-30 20:16:24,172 - INFO - Reading line 612 from input file...
2025-05-30 20:16:24,172 - INFO - Added prompt from line 612 to batch.
2025-05-30 20:16:24,172 - INFO - Reading line 613 from input file...
2025-05-30 20:16:24,172 - INFO - Added prompt from line 613 to batch.
2025-05-30 20:16:24,172 - INFO - Reading line 614 from input file...
2025-05-30 20:16:24,172 - INFO - Added prompt from line 614 to batch.
2025-05-30 20:16:24,172 - INFO - Reading line 615 from input file...
2025-05-30 20:16:24,172 - INFO - Added prompt from line 615 to batch.
2025-05-30 20:16:24,172 - INFO - Reading line 616 from input file...
2025-05-30 20:16:24,172 - INFO - Added prompt from line 616 to batch.
2025-05-30 20:16:24,172 - INFO - Processing batch of 8 prompts (up to line 616)...
2025-05-30 20:16:24,172 - INFO - Generating rankings for batch of 8 pairs of prompts. System prompt: 'You are a helpful assistant. Your task is to rank the two provided texts. Please explicitly write which of the two texts is of higher quality by writing the corresponding letter in the output, and nothing else.'
2025-05-30 20:16:24,173 - INFO - First formatted prompt for tokenizer (first 100 chars): '<|begin_of_text|><|start_header_id|>system<|end_header_id|>

Cutting Knowledge Date: December 2023
T...'
2025-05-30 20:16:24,173 - INFO - Input device: cuda:0, preparing to move inputs to device.
2025-05-30 20:16:24,176 - INFO - Batch of inputs tokenized, padded, truncated, and moved to model device.
2025-05-30 20:16:24,176 - INFO - Starting batched model.generate()...
Setting `pad_token_id` to `eos_token_id`:128001 for open-end generation.
2025-05-30 20:16:24,359 - INFO - Batched model.generate() completed.
2025-05-30 20:16:24,359 - INFO - Decoding batch of responses and extracting token probabilities...
2025-05-30 20:16:24,362 - INFO - Input tokens stripped from responses and probabilities extracted.
2025-05-30 20:16:24,362 - INFO - Batch of responses generated.
2025-05-30 20:16:24,363 - INFO - Appended 8 results from batch to /scratch-shared/mschaffelder/data/exp_3/pairwise_rankings/small_vanilla.jsonl
2025-05-30 20:16:24,363 - INFO - Reading line 617 from input file...
2025-05-30 20:16:24,364 - INFO - Added prompt from line 617 to batch.
2025-05-30 20:16:24,364 - INFO - Reading line 618 from input file...
2025-05-30 20:16:24,364 - INFO - Added prompt from line 618 to batch.
2025-05-30 20:16:24,364 - INFO - Reading line 619 from input file...
2025-05-30 20:16:24,364 - INFO - Added prompt from line 619 to batch.
2025-05-30 20:16:24,364 - INFO - Reading line 620 from input file...
2025-05-30 20:16:24,364 - INFO - Added prompt from line 620 to batch.
2025-05-30 20:16:24,364 - INFO - Reading line 621 from input file...
2025-05-30 20:16:24,364 - INFO - Added prompt from line 621 to batch.
2025-05-30 20:16:24,364 - INFO - Reading line 622 from input file...
2025-05-30 20:16:24,364 - INFO - Added prompt from line 622 to batch.
2025-05-30 20:16:24,364 - INFO - Reading line 623 from input file...
2025-05-30 20:16:24,364 - INFO - Added prompt from line 623 to batch.
2025-05-30 20:16:24,364 - INFO - Reading line 624 from input file...
2025-05-30 20:16:24,364 - INFO - Added prompt from line 624 to batch.
2025-05-30 20:16:24,364 - INFO - Processing batch of 8 prompts (up to line 624)...
2025-05-30 20:16:24,364 - INFO - Generating rankings for batch of 8 pairs of prompts. System prompt: 'You are a helpful assistant. Your task is to rank the two provided texts. Please explicitly write which of the two texts is of higher quality by writing the corresponding letter in the output, and nothing else.'
2025-05-30 20:16:24,364 - INFO - First formatted prompt for tokenizer (first 100 chars): '<|begin_of_text|><|start_header_id|>system<|end_header_id|>

Cutting Knowledge Date: December 2023
T...'
2025-05-30 20:16:24,364 - INFO - Input device: cuda:0, preparing to move inputs to device.
2025-05-30 20:16:24,368 - INFO - Batch of inputs tokenized, padded, truncated, and moved to model device.
2025-05-30 20:16:24,368 - INFO - Starting batched model.generate()...
Setting `pad_token_id` to `eos_token_id`:128001 for open-end generation.
2025-05-30 20:16:24,585 - INFO - Batched model.generate() completed.
2025-05-30 20:16:24,586 - INFO - Decoding batch of responses and extracting token probabilities...
2025-05-30 20:16:24,588 - INFO - Input tokens stripped from responses and probabilities extracted.
2025-05-30 20:16:24,588 - INFO - Batch of responses generated.
2025-05-30 20:16:24,590 - INFO - Appended 8 results from batch to /scratch-shared/mschaffelder/data/exp_3/pairwise_rankings/small_vanilla.jsonl
2025-05-30 20:16:24,590 - INFO - Reading line 625 from input file...
2025-05-30 20:16:24,590 - INFO - Added prompt from line 625 to batch.
2025-05-30 20:16:24,590 - INFO - Reading line 626 from input file...
2025-05-30 20:16:24,590 - INFO - Added prompt from line 626 to batch.
2025-05-30 20:16:24,590 - INFO - Reading line 627 from input file...
2025-05-30 20:16:24,590 - INFO - Added prompt from line 627 to batch.
2025-05-30 20:16:24,590 - INFO - Reading line 628 from input file...
2025-05-30 20:16:24,590 - INFO - Added prompt from line 628 to batch.
2025-05-30 20:16:24,590 - INFO - Reading line 629 from input file...
2025-05-30 20:16:24,590 - INFO - Added prompt from line 629 to batch.
2025-05-30 20:16:24,590 - INFO - Reading line 630 from input file...
2025-05-30 20:16:24,590 - INFO - Added prompt from line 630 to batch.
2025-05-30 20:16:24,590 - INFO - Reading line 631 from input file...
2025-05-30 20:16:24,590 - INFO - Added prompt from line 631 to batch.
2025-05-30 20:16:24,590 - INFO - Reading line 632 from input file...
2025-05-30 20:16:24,590 - INFO - Added prompt from line 632 to batch.
2025-05-30 20:16:24,590 - INFO - Processing batch of 8 prompts (up to line 632)...
2025-05-30 20:16:24,590 - INFO - Generating rankings for batch of 8 pairs of prompts. System prompt: 'You are a helpful assistant. Your task is to rank the two provided texts. Please explicitly write which of the two texts is of higher quality by writing the corresponding letter in the output, and nothing else.'
2025-05-30 20:16:24,591 - INFO - First formatted prompt for tokenizer (first 100 chars): '<|begin_of_text|><|start_header_id|>system<|end_header_id|>

Cutting Knowledge Date: December 2023
T...'
2025-05-30 20:16:24,591 - INFO - Input device: cuda:0, preparing to move inputs to device.
2025-05-30 20:16:24,593 - INFO - Batch of inputs tokenized, padded, truncated, and moved to model device.
2025-05-30 20:16:24,593 - INFO - Starting batched model.generate()...
Setting `pad_token_id` to `eos_token_id`:128001 for open-end generation.
2025-05-30 20:16:24,719 - INFO - Batched model.generate() completed.
2025-05-30 20:16:24,719 - INFO - Decoding batch of responses and extracting token probabilities...
2025-05-30 20:16:24,722 - INFO - Input tokens stripped from responses and probabilities extracted.
2025-05-30 20:16:24,722 - INFO - Batch of responses generated.
2025-05-30 20:16:24,722 - INFO - Appended 8 results from batch to /scratch-shared/mschaffelder/data/exp_3/pairwise_rankings/small_vanilla.jsonl
2025-05-30 20:16:24,722 - INFO - Reading line 633 from input file...
2025-05-30 20:16:24,723 - INFO - Added prompt from line 633 to batch.
2025-05-30 20:16:24,723 - INFO - Reading line 634 from input file...
2025-05-30 20:16:24,723 - INFO - Added prompt from line 634 to batch.
2025-05-30 20:16:24,723 - INFO - Reading line 635 from input file...
2025-05-30 20:16:24,723 - INFO - Added prompt from line 635 to batch.
2025-05-30 20:16:24,723 - INFO - Reading line 636 from input file...
2025-05-30 20:16:24,723 - INFO - Added prompt from line 636 to batch.
2025-05-30 20:16:24,723 - INFO - Reading line 637 from input file...
2025-05-30 20:16:24,723 - INFO - Added prompt from line 637 to batch.
2025-05-30 20:16:24,723 - INFO - Reading line 638 from input file...
2025-05-30 20:16:24,723 - INFO - Added prompt from line 638 to batch.
2025-05-30 20:16:24,723 - INFO - Reading line 639 from input file...
2025-05-30 20:16:24,723 - INFO - Added prompt from line 639 to batch.
2025-05-30 20:16:24,723 - INFO - Reading line 640 from input file...
2025-05-30 20:16:24,723 - INFO - Added prompt from line 640 to batch.
2025-05-30 20:16:24,723 - INFO - Processing batch of 8 prompts (up to line 640)...
2025-05-30 20:16:24,723 - INFO - Generating rankings for batch of 8 pairs of prompts. System prompt: 'You are a helpful assistant. Your task is to rank the two provided texts. Please explicitly write which of the two texts is of higher quality by writing the corresponding letter in the output, and nothing else.'
2025-05-30 20:16:24,723 - INFO - First formatted prompt for tokenizer (first 100 chars): '<|begin_of_text|><|start_header_id|>system<|end_header_id|>

Cutting Knowledge Date: December 2023
T...'
2025-05-30 20:16:24,723 - INFO - Input device: cuda:0, preparing to move inputs to device.
2025-05-30 20:16:24,726 - INFO - Batch of inputs tokenized, padded, truncated, and moved to model device.
2025-05-30 20:16:24,726 - INFO - Starting batched model.generate()...
Setting `pad_token_id` to `eos_token_id`:128001 for open-end generation.
2025-05-30 20:16:24,892 - INFO - Batched model.generate() completed.
2025-05-30 20:16:24,892 - INFO - Decoding batch of responses and extracting token probabilities...
2025-05-30 20:16:24,895 - INFO - Input tokens stripped from responses and probabilities extracted.
2025-05-30 20:16:24,895 - INFO - Batch of responses generated.
2025-05-30 20:16:24,896 - INFO - Appended 8 results from batch to /scratch-shared/mschaffelder/data/exp_3/pairwise_rankings/small_vanilla.jsonl
2025-05-30 20:16:24,896 - INFO - Reading line 641 from input file...
2025-05-30 20:16:24,896 - INFO - Added prompt from line 641 to batch.
2025-05-30 20:16:24,896 - INFO - Reading line 642 from input file...
2025-05-30 20:16:24,896 - INFO - Added prompt from line 642 to batch.
2025-05-30 20:16:24,896 - INFO - Reading line 643 from input file...
2025-05-30 20:16:24,896 - INFO - Added prompt from line 643 to batch.
2025-05-30 20:16:24,896 - INFO - Reading line 644 from input file...
2025-05-30 20:16:24,896 - INFO - Added prompt from line 644 to batch.
2025-05-30 20:16:24,896 - INFO - Reading line 645 from input file...
2025-05-30 20:16:24,896 - INFO - Added prompt from line 645 to batch.
2025-05-30 20:16:24,896 - INFO - Reading line 646 from input file...
2025-05-30 20:16:24,897 - INFO - Added prompt from line 646 to batch.
2025-05-30 20:16:24,897 - INFO - Reading line 647 from input file...
2025-05-30 20:16:24,897 - INFO - Added prompt from line 647 to batch.
2025-05-30 20:16:24,897 - INFO - Reading line 648 from input file...
2025-05-30 20:16:24,897 - INFO - Added prompt from line 648 to batch.
2025-05-30 20:16:24,897 - INFO - Processing batch of 8 prompts (up to line 648)...
2025-05-30 20:16:24,897 - INFO - Generating rankings for batch of 8 pairs of prompts. System prompt: 'You are a helpful assistant. Your task is to rank the two provided texts. Please explicitly write which of the two texts is of higher quality by writing the corresponding letter in the output, and nothing else.'
2025-05-30 20:16:24,897 - INFO - First formatted prompt for tokenizer (first 100 chars): '<|begin_of_text|><|start_header_id|>system<|end_header_id|>

Cutting Knowledge Date: December 2023
T...'
2025-05-30 20:16:24,897 - INFO - Input device: cuda:0, preparing to move inputs to device.
2025-05-30 20:16:24,900 - INFO - Batch of inputs tokenized, padded, truncated, and moved to model device.
2025-05-30 20:16:24,900 - INFO - Starting batched model.generate()...
Setting `pad_token_id` to `eos_token_id`:128001 for open-end generation.
2025-05-30 20:16:25,081 - INFO - Batched model.generate() completed.
2025-05-30 20:16:25,081 - INFO - Decoding batch of responses and extracting token probabilities...
2025-05-30 20:16:25,083 - INFO - Input tokens stripped from responses and probabilities extracted.
2025-05-30 20:16:25,084 - INFO - Batch of responses generated.
2025-05-30 20:16:25,085 - INFO - Appended 8 results from batch to /scratch-shared/mschaffelder/data/exp_3/pairwise_rankings/small_vanilla.jsonl
2025-05-30 20:16:25,085 - INFO - Reading line 649 from input file...
2025-05-30 20:16:25,085 - INFO - Added prompt from line 649 to batch.
2025-05-30 20:16:25,085 - INFO - Reading line 650 from input file...
2025-05-30 20:16:25,085 - INFO - Added prompt from line 650 to batch.
2025-05-30 20:16:25,085 - INFO - Reading line 651 from input file...
2025-05-30 20:16:25,085 - INFO - Added prompt from line 651 to batch.
2025-05-30 20:16:25,085 - INFO - Reading line 652 from input file...
2025-05-30 20:16:25,085 - INFO - Added prompt from line 652 to batch.
2025-05-30 20:16:25,085 - INFO - Reading line 653 from input file...
2025-05-30 20:16:25,085 - INFO - Added prompt from line 653 to batch.
2025-05-30 20:16:25,085 - INFO - Reading line 654 from input file...
2025-05-30 20:16:25,085 - INFO - Added prompt from line 654 to batch.
2025-05-30 20:16:25,085 - INFO - Reading line 655 from input file...
2025-05-30 20:16:25,085 - INFO - Added prompt from line 655 to batch.
2025-05-30 20:16:25,085 - INFO - Reading line 656 from input file...
2025-05-30 20:16:25,085 - INFO - Added prompt from line 656 to batch.
2025-05-30 20:16:25,086 - INFO - Processing batch of 8 prompts (up to line 656)...
2025-05-30 20:16:25,086 - INFO - Generating rankings for batch of 8 pairs of prompts. System prompt: 'You are a helpful assistant. Your task is to rank the two provided texts. Please explicitly write which of the two texts is of higher quality by writing the corresponding letter in the output, and nothing else.'
2025-05-30 20:16:25,086 - INFO - First formatted prompt for tokenizer (first 100 chars): '<|begin_of_text|><|start_header_id|>system<|end_header_id|>

Cutting Knowledge Date: December 2023
T...'
2025-05-30 20:16:25,086 - INFO - Input device: cuda:0, preparing to move inputs to device.
2025-05-30 20:16:25,089 - INFO - Batch of inputs tokenized, padded, truncated, and moved to model device.
2025-05-30 20:16:25,089 - INFO - Starting batched model.generate()...
Setting `pad_token_id` to `eos_token_id`:128001 for open-end generation.
2025-05-30 20:16:25,258 - INFO - Batched model.generate() completed.
2025-05-30 20:16:25,258 - INFO - Decoding batch of responses and extracting token probabilities...
2025-05-30 20:16:25,261 - INFO - Input tokens stripped from responses and probabilities extracted.
2025-05-30 20:16:25,261 - INFO - Batch of responses generated.
2025-05-30 20:16:25,262 - INFO - Appended 8 results from batch to /scratch-shared/mschaffelder/data/exp_3/pairwise_rankings/small_vanilla.jsonl
2025-05-30 20:16:25,262 - INFO - Reading line 657 from input file...
2025-05-30 20:16:25,262 - INFO - Added prompt from line 657 to batch.
2025-05-30 20:16:25,262 - INFO - Reading line 658 from input file...
2025-05-30 20:16:25,262 - INFO - Added prompt from line 658 to batch.
2025-05-30 20:16:25,262 - INFO - Reading line 659 from input file...
2025-05-30 20:16:25,262 - INFO - Added prompt from line 659 to batch.
2025-05-30 20:16:25,262 - INFO - Reading line 660 from input file...
2025-05-30 20:16:25,262 - INFO - Added prompt from line 660 to batch.
2025-05-30 20:16:25,262 - INFO - Reading line 661 from input file...
2025-05-30 20:16:25,262 - INFO - Added prompt from line 661 to batch.
2025-05-30 20:16:25,262 - INFO - Reading line 662 from input file...
2025-05-30 20:16:25,262 - INFO - Added prompt from line 662 to batch.
2025-05-30 20:16:25,262 - INFO - Reading line 663 from input file...
2025-05-30 20:16:25,263 - INFO - Added prompt from line 663 to batch.
2025-05-30 20:16:25,263 - INFO - Reading line 664 from input file...
2025-05-30 20:16:25,263 - INFO - Added prompt from line 664 to batch.
2025-05-30 20:16:25,263 - INFO - Processing batch of 8 prompts (up to line 664)...
2025-05-30 20:16:25,263 - INFO - Generating rankings for batch of 8 pairs of prompts. System prompt: 'You are a helpful assistant. Your task is to rank the two provided texts. Please explicitly write which of the two texts is of higher quality by writing the corresponding letter in the output, and nothing else.'
2025-05-30 20:16:25,263 - INFO - First formatted prompt for tokenizer (first 100 chars): '<|begin_of_text|><|start_header_id|>system<|end_header_id|>

Cutting Knowledge Date: December 2023
T...'
2025-05-30 20:16:25,263 - INFO - Input device: cuda:0, preparing to move inputs to device.
2025-05-30 20:16:25,265 - INFO - Batch of inputs tokenized, padded, truncated, and moved to model device.
2025-05-30 20:16:25,266 - INFO - Starting batched model.generate()...
Setting `pad_token_id` to `eos_token_id`:128001 for open-end generation.
2025-05-30 20:16:25,408 - INFO - Batched model.generate() completed.
2025-05-30 20:16:25,408 - INFO - Decoding batch of responses and extracting token probabilities...
2025-05-30 20:16:25,410 - INFO - Input tokens stripped from responses and probabilities extracted.
2025-05-30 20:16:25,410 - INFO - Batch of responses generated.
2025-05-30 20:16:25,411 - INFO - Appended 8 results from batch to /scratch-shared/mschaffelder/data/exp_3/pairwise_rankings/small_vanilla.jsonl
2025-05-30 20:16:25,412 - INFO - Reading line 665 from input file...
2025-05-30 20:16:25,412 - INFO - Added prompt from line 665 to batch.
2025-05-30 20:16:25,412 - INFO - Reading line 666 from input file...
2025-05-30 20:16:25,412 - INFO - Added prompt from line 666 to batch.
2025-05-30 20:16:25,412 - INFO - Reading line 667 from input file...
2025-05-30 20:16:25,412 - INFO - Added prompt from line 667 to batch.
2025-05-30 20:16:25,412 - INFO - Reading line 668 from input file...
2025-05-30 20:16:25,412 - INFO - Added prompt from line 668 to batch.
2025-05-30 20:16:25,412 - INFO - Reading line 669 from input file...
2025-05-30 20:16:25,412 - INFO - Added prompt from line 669 to batch.
2025-05-30 20:16:25,412 - INFO - Reading line 670 from input file...
2025-05-30 20:16:25,412 - INFO - Added prompt from line 670 to batch.
2025-05-30 20:16:25,412 - INFO - Reading line 671 from input file...
2025-05-30 20:16:25,412 - INFO - Added prompt from line 671 to batch.
2025-05-30 20:16:25,412 - INFO - Reading line 672 from input file...
2025-05-30 20:16:25,412 - INFO - Added prompt from line 672 to batch.
2025-05-30 20:16:25,412 - INFO - Processing batch of 8 prompts (up to line 672)...
2025-05-30 20:16:25,412 - INFO - Generating rankings for batch of 8 pairs of prompts. System prompt: 'You are a helpful assistant. Your task is to rank the two provided texts. Please explicitly write which of the two texts is of higher quality by writing the corresponding letter in the output, and nothing else.'
2025-05-30 20:16:25,413 - INFO - First formatted prompt for tokenizer (first 100 chars): '<|begin_of_text|><|start_header_id|>system<|end_header_id|>

Cutting Knowledge Date: December 2023
T...'
2025-05-30 20:16:25,413 - INFO - Input device: cuda:0, preparing to move inputs to device.
2025-05-30 20:16:25,415 - INFO - Batch of inputs tokenized, padded, truncated, and moved to model device.
2025-05-30 20:16:25,415 - INFO - Starting batched model.generate()...
Setting `pad_token_id` to `eos_token_id`:128001 for open-end generation.
2025-05-30 20:16:25,556 - INFO - Batched model.generate() completed.
2025-05-30 20:16:25,557 - INFO - Decoding batch of responses and extracting token probabilities...
2025-05-30 20:16:25,559 - INFO - Input tokens stripped from responses and probabilities extracted.
2025-05-30 20:16:25,560 - INFO - Batch of responses generated.
2025-05-30 20:16:25,561 - INFO - Appended 8 results from batch to /scratch-shared/mschaffelder/data/exp_3/pairwise_rankings/small_vanilla.jsonl
2025-05-30 20:16:25,561 - INFO - Reading line 673 from input file...
2025-05-30 20:16:25,561 - INFO - Added prompt from line 673 to batch.
2025-05-30 20:16:25,561 - INFO - Reading line 674 from input file...
2025-05-30 20:16:25,561 - INFO - Added prompt from line 674 to batch.
2025-05-30 20:16:25,561 - INFO - Reading line 675 from input file...
2025-05-30 20:16:25,561 - INFO - Added prompt from line 675 to batch.
2025-05-30 20:16:25,561 - INFO - Reading line 676 from input file...
2025-05-30 20:16:25,561 - INFO - Added prompt from line 676 to batch.
2025-05-30 20:16:25,561 - INFO - Reading line 677 from input file...
2025-05-30 20:16:25,561 - INFO - Added prompt from line 677 to batch.
2025-05-30 20:16:25,561 - INFO - Reading line 678 from input file...
2025-05-30 20:16:25,561 - INFO - Added prompt from line 678 to batch.
2025-05-30 20:16:25,561 - INFO - Reading line 679 from input file...
2025-05-30 20:16:25,561 - INFO - Added prompt from line 679 to batch.
2025-05-30 20:16:25,561 - INFO - Reading line 680 from input file...
2025-05-30 20:16:25,561 - INFO - Added prompt from line 680 to batch.
2025-05-30 20:16:25,561 - INFO - Processing batch of 8 prompts (up to line 680)...
2025-05-30 20:16:25,561 - INFO - Generating rankings for batch of 8 pairs of prompts. System prompt: 'You are a helpful assistant. Your task is to rank the two provided texts. Please explicitly write which of the two texts is of higher quality by writing the corresponding letter in the output, and nothing else.'
2025-05-30 20:16:25,562 - INFO - First formatted prompt for tokenizer (first 100 chars): '<|begin_of_text|><|start_header_id|>system<|end_header_id|>

Cutting Knowledge Date: December 2023
T...'
2025-05-30 20:16:25,562 - INFO - Input device: cuda:0, preparing to move inputs to device.
2025-05-30 20:16:25,566 - INFO - Batch of inputs tokenized, padded, truncated, and moved to model device.
2025-05-30 20:16:25,566 - INFO - Starting batched model.generate()...
Setting `pad_token_id` to `eos_token_id`:128001 for open-end generation.
2025-05-30 20:16:25,776 - INFO - Batched model.generate() completed.
2025-05-30 20:16:25,776 - INFO - Decoding batch of responses and extracting token probabilities...
2025-05-30 20:16:25,778 - INFO - Input tokens stripped from responses and probabilities extracted.
2025-05-30 20:16:25,779 - INFO - Batch of responses generated.
2025-05-30 20:16:25,780 - INFO - Appended 8 results from batch to /scratch-shared/mschaffelder/data/exp_3/pairwise_rankings/small_vanilla.jsonl
2025-05-30 20:16:25,780 - INFO - Reading line 681 from input file...
2025-05-30 20:16:25,780 - INFO - Added prompt from line 681 to batch.
2025-05-30 20:16:25,780 - INFO - Reading line 682 from input file...
2025-05-30 20:16:25,780 - INFO - Added prompt from line 682 to batch.
2025-05-30 20:16:25,780 - INFO - Reading line 683 from input file...
2025-05-30 20:16:25,780 - INFO - Added prompt from line 683 to batch.
2025-05-30 20:16:25,780 - INFO - Reading line 684 from input file...
2025-05-30 20:16:25,780 - INFO - Added prompt from line 684 to batch.
2025-05-30 20:16:25,780 - INFO - Reading line 685 from input file...
2025-05-30 20:16:25,780 - INFO - Added prompt from line 685 to batch.
2025-05-30 20:16:25,780 - INFO - Reading line 686 from input file...
2025-05-30 20:16:25,780 - INFO - Added prompt from line 686 to batch.
2025-05-30 20:16:25,780 - INFO - Reading line 687 from input file...
2025-05-30 20:16:25,780 - INFO - Added prompt from line 687 to batch.
2025-05-30 20:16:25,780 - INFO - Reading line 688 from input file...
2025-05-30 20:16:25,780 - INFO - Added prompt from line 688 to batch.
2025-05-30 20:16:25,780 - INFO - Processing batch of 8 prompts (up to line 688)...
2025-05-30 20:16:25,780 - INFO - Generating rankings for batch of 8 pairs of prompts. System prompt: 'You are a helpful assistant. Your task is to rank the two provided texts. Please explicitly write which of the two texts is of higher quality by writing the corresponding letter in the output, and nothing else.'
2025-05-30 20:16:25,781 - INFO - First formatted prompt for tokenizer (first 100 chars): '<|begin_of_text|><|start_header_id|>system<|end_header_id|>

Cutting Knowledge Date: December 2023
T...'
2025-05-30 20:16:25,781 - INFO - Input device: cuda:0, preparing to move inputs to device.
2025-05-30 20:16:25,783 - INFO - Batch of inputs tokenized, padded, truncated, and moved to model device.
2025-05-30 20:16:25,783 - INFO - Starting batched model.generate()...
Setting `pad_token_id` to `eos_token_id`:128001 for open-end generation.
2025-05-30 20:16:25,934 - INFO - Batched model.generate() completed.
2025-05-30 20:16:25,934 - INFO - Decoding batch of responses and extracting token probabilities...
2025-05-30 20:16:25,937 - INFO - Input tokens stripped from responses and probabilities extracted.
2025-05-30 20:16:25,937 - INFO - Batch of responses generated.
2025-05-30 20:16:25,938 - INFO - Appended 8 results from batch to /scratch-shared/mschaffelder/data/exp_3/pairwise_rankings/small_vanilla.jsonl
2025-05-30 20:16:25,938 - INFO - Reading line 689 from input file...
2025-05-30 20:16:25,938 - INFO - Added prompt from line 689 to batch.
2025-05-30 20:16:25,938 - INFO - Reading line 690 from input file...
2025-05-30 20:16:25,938 - INFO - Added prompt from line 690 to batch.
2025-05-30 20:16:25,938 - INFO - Reading line 691 from input file...
2025-05-30 20:16:25,938 - INFO - Added prompt from line 691 to batch.
2025-05-30 20:16:25,938 - INFO - Reading line 692 from input file...
2025-05-30 20:16:25,938 - INFO - Added prompt from line 692 to batch.
2025-05-30 20:16:25,938 - INFO - Reading line 693 from input file...
2025-05-30 20:16:25,938 - INFO - Added prompt from line 693 to batch.
2025-05-30 20:16:25,938 - INFO - Reading line 694 from input file...
2025-05-30 20:16:25,939 - INFO - Added prompt from line 694 to batch.
2025-05-30 20:16:25,939 - INFO - Reading line 695 from input file...
2025-05-30 20:16:25,939 - INFO - Added prompt from line 695 to batch.
2025-05-30 20:16:25,939 - INFO - Reading line 696 from input file...
2025-05-30 20:16:25,939 - INFO - Added prompt from line 696 to batch.
2025-05-30 20:16:25,939 - INFO - Processing batch of 8 prompts (up to line 696)...
2025-05-30 20:16:25,939 - INFO - Generating rankings for batch of 8 pairs of prompts. System prompt: 'You are a helpful assistant. Your task is to rank the two provided texts. Please explicitly write which of the two texts is of higher quality by writing the corresponding letter in the output, and nothing else.'
2025-05-30 20:16:25,939 - INFO - First formatted prompt for tokenizer (first 100 chars): '<|begin_of_text|><|start_header_id|>system<|end_header_id|>

Cutting Knowledge Date: December 2023
T...'
2025-05-30 20:16:25,939 - INFO - Input device: cuda:0, preparing to move inputs to device.
2025-05-30 20:16:25,942 - INFO - Batch of inputs tokenized, padded, truncated, and moved to model device.
2025-05-30 20:16:25,942 - INFO - Starting batched model.generate()...
Setting `pad_token_id` to `eos_token_id`:128001 for open-end generation.
2025-05-30 20:16:26,092 - INFO - Batched model.generate() completed.
2025-05-30 20:16:26,092 - INFO - Decoding batch of responses and extracting token probabilities...
2025-05-30 20:16:26,095 - INFO - Input tokens stripped from responses and probabilities extracted.
2025-05-30 20:16:26,095 - INFO - Batch of responses generated.
2025-05-30 20:16:26,096 - INFO - Appended 8 results from batch to /scratch-shared/mschaffelder/data/exp_3/pairwise_rankings/small_vanilla.jsonl
2025-05-30 20:16:26,096 - INFO - Reading line 697 from input file...
2025-05-30 20:16:26,096 - INFO - Added prompt from line 697 to batch.
2025-05-30 20:16:26,096 - INFO - Reading line 698 from input file...
2025-05-30 20:16:26,096 - INFO - Added prompt from line 698 to batch.
2025-05-30 20:16:26,096 - INFO - Reading line 699 from input file...
2025-05-30 20:16:26,096 - INFO - Added prompt from line 699 to batch.
2025-05-30 20:16:26,096 - INFO - Reading line 700 from input file...
2025-05-30 20:16:26,096 - INFO - Added prompt from line 700 to batch.
2025-05-30 20:16:26,096 - INFO - Reading line 701 from input file...
2025-05-30 20:16:26,096 - INFO - Added prompt from line 701 to batch.
2025-05-30 20:16:26,096 - INFO - Reading line 702 from input file...
2025-05-30 20:16:26,096 - INFO - Added prompt from line 702 to batch.
2025-05-30 20:16:26,096 - INFO - Reading line 703 from input file...
2025-05-30 20:16:26,096 - INFO - Added prompt from line 703 to batch.
2025-05-30 20:16:26,096 - INFO - Reading line 704 from input file...
2025-05-30 20:16:26,096 - INFO - Added prompt from line 704 to batch.
2025-05-30 20:16:26,096 - INFO - Processing batch of 8 prompts (up to line 704)...
2025-05-30 20:16:26,096 - INFO - Generating rankings for batch of 8 pairs of prompts. System prompt: 'You are a helpful assistant. Your task is to rank the two provided texts. Please explicitly write which of the two texts is of higher quality by writing the corresponding letter in the output, and nothing else.'
2025-05-30 20:16:26,097 - INFO - First formatted prompt for tokenizer (first 100 chars): '<|begin_of_text|><|start_header_id|>system<|end_header_id|>

Cutting Knowledge Date: December 2023
T...'
2025-05-30 20:16:26,097 - INFO - Input device: cuda:0, preparing to move inputs to device.
2025-05-30 20:16:26,099 - INFO - Batch of inputs tokenized, padded, truncated, and moved to model device.
2025-05-30 20:16:26,099 - INFO - Starting batched model.generate()...
Setting `pad_token_id` to `eos_token_id`:128001 for open-end generation.
2025-05-30 20:16:26,236 - INFO - Batched model.generate() completed.
2025-05-30 20:16:26,236 - INFO - Decoding batch of responses and extracting token probabilities...
2025-05-30 20:16:26,238 - INFO - Input tokens stripped from responses and probabilities extracted.
2025-05-30 20:16:26,238 - INFO - Batch of responses generated.
2025-05-30 20:16:26,240 - INFO - Appended 8 results from batch to /scratch-shared/mschaffelder/data/exp_3/pairwise_rankings/small_vanilla.jsonl
2025-05-30 20:16:26,240 - INFO - Reading line 705 from input file...
2025-05-30 20:16:26,240 - INFO - Added prompt from line 705 to batch.
2025-05-30 20:16:26,240 - INFO - Reading line 706 from input file...
2025-05-30 20:16:26,240 - INFO - Added prompt from line 706 to batch.
2025-05-30 20:16:26,240 - INFO - Reading line 707 from input file...
2025-05-30 20:16:26,240 - INFO - Added prompt from line 707 to batch.
2025-05-30 20:16:26,240 - INFO - Reading line 708 from input file...
2025-05-30 20:16:26,240 - INFO - Added prompt from line 708 to batch.
2025-05-30 20:16:26,240 - INFO - Reading line 709 from input file...
2025-05-30 20:16:26,240 - INFO - Added prompt from line 709 to batch.
2025-05-30 20:16:26,240 - INFO - Reading line 710 from input file...
2025-05-30 20:16:26,240 - INFO - Added prompt from line 710 to batch.
2025-05-30 20:16:26,240 - INFO - Reading line 711 from input file...
2025-05-30 20:16:26,240 - INFO - Added prompt from line 711 to batch.
2025-05-30 20:16:26,240 - INFO - Reading line 712 from input file...
2025-05-30 20:16:26,240 - INFO - Added prompt from line 712 to batch.
2025-05-30 20:16:26,240 - INFO - Processing batch of 8 prompts (up to line 712)...
2025-05-30 20:16:26,240 - INFO - Generating rankings for batch of 8 pairs of prompts. System prompt: 'You are a helpful assistant. Your task is to rank the two provided texts. Please explicitly write which of the two texts is of higher quality by writing the corresponding letter in the output, and nothing else.'
2025-05-30 20:16:26,241 - INFO - First formatted prompt for tokenizer (first 100 chars): '<|begin_of_text|><|start_header_id|>system<|end_header_id|>

Cutting Knowledge Date: December 2023
T...'
2025-05-30 20:16:26,241 - INFO - Input device: cuda:0, preparing to move inputs to device.
2025-05-30 20:16:26,243 - INFO - Batch of inputs tokenized, padded, truncated, and moved to model device.
2025-05-30 20:16:26,243 - INFO - Starting batched model.generate()...
Setting `pad_token_id` to `eos_token_id`:128001 for open-end generation.
2025-05-30 20:16:26,378 - INFO - Batched model.generate() completed.
2025-05-30 20:16:26,378 - INFO - Decoding batch of responses and extracting token probabilities...
2025-05-30 20:16:26,380 - INFO - Input tokens stripped from responses and probabilities extracted.
2025-05-30 20:16:26,380 - INFO - Batch of responses generated.
2025-05-30 20:16:26,381 - INFO - Appended 8 results from batch to /scratch-shared/mschaffelder/data/exp_3/pairwise_rankings/small_vanilla.jsonl
2025-05-30 20:16:26,382 - INFO - Reading line 713 from input file...
2025-05-30 20:16:26,382 - INFO - Added prompt from line 713 to batch.
2025-05-30 20:16:26,382 - INFO - Reading line 714 from input file...
2025-05-30 20:16:26,382 - INFO - Added prompt from line 714 to batch.
2025-05-30 20:16:26,382 - INFO - Reading line 715 from input file...
2025-05-30 20:16:26,382 - INFO - Added prompt from line 715 to batch.
2025-05-30 20:16:26,382 - INFO - Reading line 716 from input file...
2025-05-30 20:16:26,382 - INFO - Added prompt from line 716 to batch.
2025-05-30 20:16:26,382 - INFO - Reading line 717 from input file...
2025-05-30 20:16:26,382 - INFO - Added prompt from line 717 to batch.
2025-05-30 20:16:26,382 - INFO - Reading line 718 from input file...
2025-05-30 20:16:26,382 - INFO - Added prompt from line 718 to batch.
2025-05-30 20:16:26,382 - INFO - Reading line 719 from input file...
2025-05-30 20:16:26,382 - INFO - Added prompt from line 719 to batch.
2025-05-30 20:16:26,382 - INFO - Reading line 720 from input file...
2025-05-30 20:16:26,382 - INFO - Added prompt from line 720 to batch.
2025-05-30 20:16:26,382 - INFO - Processing batch of 8 prompts (up to line 720)...
2025-05-30 20:16:26,382 - INFO - Generating rankings for batch of 8 pairs of prompts. System prompt: 'You are a helpful assistant. Your task is to rank the two provided texts. Please explicitly write which of the two texts is of higher quality by writing the corresponding letter in the output, and nothing else.'
2025-05-30 20:16:26,383 - INFO - First formatted prompt for tokenizer (first 100 chars): '<|begin_of_text|><|start_header_id|>system<|end_header_id|>

Cutting Knowledge Date: December 2023
T...'
2025-05-30 20:16:26,383 - INFO - Input device: cuda:0, preparing to move inputs to device.
2025-05-30 20:16:26,385 - INFO - Batch of inputs tokenized, padded, truncated, and moved to model device.
2025-05-30 20:16:26,385 - INFO - Starting batched model.generate()...
Setting `pad_token_id` to `eos_token_id`:128001 for open-end generation.
2025-05-30 20:16:26,532 - INFO - Batched model.generate() completed.
2025-05-30 20:16:26,533 - INFO - Decoding batch of responses and extracting token probabilities...
2025-05-30 20:16:26,535 - INFO - Input tokens stripped from responses and probabilities extracted.
2025-05-30 20:16:26,535 - INFO - Batch of responses generated.
2025-05-30 20:16:26,537 - INFO - Appended 8 results from batch to /scratch-shared/mschaffelder/data/exp_3/pairwise_rankings/small_vanilla.jsonl
2025-05-30 20:16:26,537 - INFO - Reading line 721 from input file...
2025-05-30 20:16:26,537 - INFO - Added prompt from line 721 to batch.
2025-05-30 20:16:26,537 - INFO - Reading line 722 from input file...
2025-05-30 20:16:26,537 - INFO - Added prompt from line 722 to batch.
2025-05-30 20:16:26,537 - INFO - Reading line 723 from input file...
2025-05-30 20:16:26,537 - INFO - Added prompt from line 723 to batch.
2025-05-30 20:16:26,537 - INFO - Reading line 724 from input file...
2025-05-30 20:16:26,537 - INFO - Added prompt from line 724 to batch.
2025-05-30 20:16:26,537 - INFO - Reading line 725 from input file...
2025-05-30 20:16:26,537 - INFO - Added prompt from line 725 to batch.
2025-05-30 20:16:26,537 - INFO - Reading line 726 from input file...
2025-05-30 20:16:26,537 - INFO - Added prompt from line 726 to batch.
2025-05-30 20:16:26,537 - INFO - Reading line 727 from input file...
2025-05-30 20:16:26,537 - INFO - Added prompt from line 727 to batch.
2025-05-30 20:16:26,537 - INFO - Reading line 728 from input file...
2025-05-30 20:16:26,537 - INFO - Added prompt from line 728 to batch.
2025-05-30 20:16:26,537 - INFO - Processing batch of 8 prompts (up to line 728)...
2025-05-30 20:16:26,537 - INFO - Generating rankings for batch of 8 pairs of prompts. System prompt: 'You are a helpful assistant. Your task is to rank the two provided texts. Please explicitly write which of the two texts is of higher quality by writing the corresponding letter in the output, and nothing else.'
2025-05-30 20:16:26,537 - INFO - First formatted prompt for tokenizer (first 100 chars): '<|begin_of_text|><|start_header_id|>system<|end_header_id|>

Cutting Knowledge Date: December 2023
T...'
2025-05-30 20:16:26,538 - INFO - Input device: cuda:0, preparing to move inputs to device.
2025-05-30 20:16:26,541 - INFO - Batch of inputs tokenized, padded, truncated, and moved to model device.
2025-05-30 20:16:26,541 - INFO - Starting batched model.generate()...
Setting `pad_token_id` to `eos_token_id`:128001 for open-end generation.
2025-05-30 20:16:26,770 - INFO - Batched model.generate() completed.
2025-05-30 20:16:26,770 - INFO - Decoding batch of responses and extracting token probabilities...
2025-05-30 20:16:26,772 - INFO - Input tokens stripped from responses and probabilities extracted.
2025-05-30 20:16:26,773 - INFO - Batch of responses generated.
2025-05-30 20:16:26,774 - INFO - Appended 8 results from batch to /scratch-shared/mschaffelder/data/exp_3/pairwise_rankings/small_vanilla.jsonl
2025-05-30 20:16:26,774 - INFO - Reading line 729 from input file...
2025-05-30 20:16:26,774 - INFO - Added prompt from line 729 to batch.
2025-05-30 20:16:26,774 - INFO - Reading line 730 from input file...
2025-05-30 20:16:26,774 - INFO - Added prompt from line 730 to batch.
2025-05-30 20:16:26,774 - INFO - Reading line 731 from input file...
2025-05-30 20:16:26,774 - INFO - Added prompt from line 731 to batch.
2025-05-30 20:16:26,774 - INFO - Reading line 732 from input file...
2025-05-30 20:16:26,774 - INFO - Added prompt from line 732 to batch.
2025-05-30 20:16:26,774 - INFO - Reading line 733 from input file...
2025-05-30 20:16:26,774 - INFO - Added prompt from line 733 to batch.
2025-05-30 20:16:26,774 - INFO - Reading line 734 from input file...
2025-05-30 20:16:26,774 - INFO - Added prompt from line 734 to batch.
2025-05-30 20:16:26,774 - INFO - Reading line 735 from input file...
2025-05-30 20:16:26,774 - INFO - Added prompt from line 735 to batch.
2025-05-30 20:16:26,774 - INFO - Reading line 736 from input file...
2025-05-30 20:16:26,774 - INFO - Added prompt from line 736 to batch.
2025-05-30 20:16:26,774 - INFO - Processing batch of 8 prompts (up to line 736)...
2025-05-30 20:16:26,774 - INFO - Generating rankings for batch of 8 pairs of prompts. System prompt: 'You are a helpful assistant. Your task is to rank the two provided texts. Please explicitly write which of the two texts is of higher quality by writing the corresponding letter in the output, and nothing else.'
2025-05-30 20:16:26,775 - INFO - First formatted prompt for tokenizer (first 100 chars): '<|begin_of_text|><|start_header_id|>system<|end_header_id|>

Cutting Knowledge Date: December 2023
T...'
2025-05-30 20:16:26,775 - INFO - Input device: cuda:0, preparing to move inputs to device.
2025-05-30 20:16:26,778 - INFO - Batch of inputs tokenized, padded, truncated, and moved to model device.
2025-05-30 20:16:26,778 - INFO - Starting batched model.generate()...
Setting `pad_token_id` to `eos_token_id`:128001 for open-end generation.
2025-05-30 20:16:26,943 - INFO - Batched model.generate() completed.
2025-05-30 20:16:26,943 - INFO - Decoding batch of responses and extracting token probabilities...
2025-05-30 20:16:26,945 - INFO - Input tokens stripped from responses and probabilities extracted.
2025-05-30 20:16:26,946 - INFO - Batch of responses generated.
2025-05-30 20:16:26,947 - INFO - Appended 8 results from batch to /scratch-shared/mschaffelder/data/exp_3/pairwise_rankings/small_vanilla.jsonl
2025-05-30 20:16:26,947 - INFO - Reading line 737 from input file...
2025-05-30 20:16:26,947 - INFO - Added prompt from line 737 to batch.
2025-05-30 20:16:26,947 - INFO - Reading line 738 from input file...
2025-05-30 20:16:26,947 - INFO - Added prompt from line 738 to batch.
2025-05-30 20:16:26,947 - INFO - Reading line 739 from input file...
2025-05-30 20:16:26,947 - INFO - Added prompt from line 739 to batch.
2025-05-30 20:16:26,947 - INFO - Reading line 740 from input file...
2025-05-30 20:16:26,947 - INFO - Added prompt from line 740 to batch.
2025-05-30 20:16:26,947 - INFO - Reading line 741 from input file...
2025-05-30 20:16:26,947 - INFO - Added prompt from line 741 to batch.
2025-05-30 20:16:26,947 - INFO - Reading line 742 from input file...
2025-05-30 20:16:26,947 - INFO - Added prompt from line 742 to batch.
2025-05-30 20:16:26,947 - INFO - Reading line 743 from input file...
2025-05-30 20:16:26,947 - INFO - Added prompt from line 743 to batch.
2025-05-30 20:16:26,947 - INFO - Reading line 744 from input file...
2025-05-30 20:16:26,947 - INFO - Added prompt from line 744 to batch.
2025-05-30 20:16:26,947 - INFO - Processing batch of 8 prompts (up to line 744)...
2025-05-30 20:16:26,947 - INFO - Generating rankings for batch of 8 pairs of prompts. System prompt: 'You are a helpful assistant. Your task is to rank the two provided texts. Please explicitly write which of the two texts is of higher quality by writing the corresponding letter in the output, and nothing else.'
2025-05-30 20:16:26,948 - INFO - First formatted prompt for tokenizer (first 100 chars): '<|begin_of_text|><|start_header_id|>system<|end_header_id|>

Cutting Knowledge Date: December 2023
T...'
2025-05-30 20:16:26,948 - INFO - Input device: cuda:0, preparing to move inputs to device.
2025-05-30 20:16:26,950 - INFO - Batch of inputs tokenized, padded, truncated, and moved to model device.
2025-05-30 20:16:26,950 - INFO - Starting batched model.generate()...
Setting `pad_token_id` to `eos_token_id`:128001 for open-end generation.
2025-05-30 20:16:27,091 - INFO - Batched model.generate() completed.
2025-05-30 20:16:27,091 - INFO - Decoding batch of responses and extracting token probabilities...
2025-05-30 20:16:27,093 - INFO - Input tokens stripped from responses and probabilities extracted.
2025-05-30 20:16:27,093 - INFO - Batch of responses generated.
2025-05-30 20:16:27,095 - INFO - Appended 8 results from batch to /scratch-shared/mschaffelder/data/exp_3/pairwise_rankings/small_vanilla.jsonl
2025-05-30 20:16:27,095 - INFO - Reading line 745 from input file...
2025-05-30 20:16:27,095 - INFO - Added prompt from line 745 to batch.
2025-05-30 20:16:27,095 - INFO - Reading line 746 from input file...
2025-05-30 20:16:27,095 - INFO - Added prompt from line 746 to batch.
2025-05-30 20:16:27,095 - INFO - Reading line 747 from input file...
2025-05-30 20:16:27,095 - INFO - Added prompt from line 747 to batch.
2025-05-30 20:16:27,095 - INFO - Reading line 748 from input file...
2025-05-30 20:16:27,095 - INFO - Added prompt from line 748 to batch.
2025-05-30 20:16:27,095 - INFO - Reading line 749 from input file...
2025-05-30 20:16:27,095 - INFO - Added prompt from line 749 to batch.
2025-05-30 20:16:27,095 - INFO - Reading line 750 from input file...
2025-05-30 20:16:27,095 - INFO - Added prompt from line 750 to batch.
2025-05-30 20:16:27,095 - INFO - Reading line 751 from input file...
2025-05-30 20:16:27,095 - INFO - Added prompt from line 751 to batch.
2025-05-30 20:16:27,095 - INFO - Reading line 752 from input file...
2025-05-30 20:16:27,095 - INFO - Added prompt from line 752 to batch.
2025-05-30 20:16:27,095 - INFO - Processing batch of 8 prompts (up to line 752)...
2025-05-30 20:16:27,095 - INFO - Generating rankings for batch of 8 pairs of prompts. System prompt: 'You are a helpful assistant. Your task is to rank the two provided texts. Please explicitly write which of the two texts is of higher quality by writing the corresponding letter in the output, and nothing else.'
2025-05-30 20:16:27,095 - INFO - First formatted prompt for tokenizer (first 100 chars): '<|begin_of_text|><|start_header_id|>system<|end_header_id|>

Cutting Knowledge Date: December 2023
T...'
2025-05-30 20:16:27,096 - INFO - Input device: cuda:0, preparing to move inputs to device.
2025-05-30 20:16:27,099 - INFO - Batch of inputs tokenized, padded, truncated, and moved to model device.
2025-05-30 20:16:27,099 - INFO - Starting batched model.generate()...
Setting `pad_token_id` to `eos_token_id`:128001 for open-end generation.
2025-05-30 20:16:27,297 - INFO - Batched model.generate() completed.
2025-05-30 20:16:27,298 - INFO - Decoding batch of responses and extracting token probabilities...
2025-05-30 20:16:27,300 - INFO - Input tokens stripped from responses and probabilities extracted.
2025-05-30 20:16:27,300 - INFO - Batch of responses generated.
2025-05-30 20:16:27,301 - INFO - Appended 8 results from batch to /scratch-shared/mschaffelder/data/exp_3/pairwise_rankings/small_vanilla.jsonl
2025-05-30 20:16:27,301 - INFO - Reading line 753 from input file...
2025-05-30 20:16:27,301 - INFO - Added prompt from line 753 to batch.
2025-05-30 20:16:27,301 - INFO - Reading line 754 from input file...
2025-05-30 20:16:27,301 - INFO - Added prompt from line 754 to batch.
2025-05-30 20:16:27,301 - INFO - Reading line 755 from input file...
2025-05-30 20:16:27,301 - INFO - Added prompt from line 755 to batch.
2025-05-30 20:16:27,301 - INFO - Reading line 756 from input file...
2025-05-30 20:16:27,301 - INFO - Added prompt from line 756 to batch.
2025-05-30 20:16:27,301 - INFO - Reading line 757 from input file...
2025-05-30 20:16:27,302 - INFO - Added prompt from line 757 to batch.
2025-05-30 20:16:27,302 - INFO - Reading line 758 from input file...
2025-05-30 20:16:27,302 - INFO - Added prompt from line 758 to batch.
2025-05-30 20:16:27,302 - INFO - Reading line 759 from input file...
2025-05-30 20:16:27,302 - INFO - Added prompt from line 759 to batch.
2025-05-30 20:16:27,302 - INFO - Reading line 760 from input file...
2025-05-30 20:16:27,302 - INFO - Added prompt from line 760 to batch.
2025-05-30 20:16:27,302 - INFO - Processing batch of 8 prompts (up to line 760)...
2025-05-30 20:16:27,302 - INFO - Generating rankings for batch of 8 pairs of prompts. System prompt: 'You are a helpful assistant. Your task is to rank the two provided texts. Please explicitly write which of the two texts is of higher quality by writing the corresponding letter in the output, and nothing else.'
2025-05-30 20:16:27,302 - INFO - First formatted prompt for tokenizer (first 100 chars): '<|begin_of_text|><|start_header_id|>system<|end_header_id|>

Cutting Knowledge Date: December 2023
T...'
2025-05-30 20:16:27,302 - INFO - Input device: cuda:0, preparing to move inputs to device.
2025-05-30 20:16:27,305 - INFO - Batch of inputs tokenized, padded, truncated, and moved to model device.
2025-05-30 20:16:27,305 - INFO - Starting batched model.generate()...
Setting `pad_token_id` to `eos_token_id`:128001 for open-end generation.
2025-05-30 20:16:27,431 - INFO - Batched model.generate() completed.
2025-05-30 20:16:27,432 - INFO - Decoding batch of responses and extracting token probabilities...
2025-05-30 20:16:27,434 - INFO - Input tokens stripped from responses and probabilities extracted.
2025-05-30 20:16:27,434 - INFO - Batch of responses generated.
2025-05-30 20:16:27,435 - INFO - Appended 8 results from batch to /scratch-shared/mschaffelder/data/exp_3/pairwise_rankings/small_vanilla.jsonl
2025-05-30 20:16:27,435 - INFO - Reading line 761 from input file...
2025-05-30 20:16:27,435 - INFO - Added prompt from line 761 to batch.
2025-05-30 20:16:27,435 - INFO - Reading line 762 from input file...
2025-05-30 20:16:27,435 - INFO - Added prompt from line 762 to batch.
2025-05-30 20:16:27,435 - INFO - Reading line 763 from input file...
2025-05-30 20:16:27,435 - INFO - Added prompt from line 763 to batch.
2025-05-30 20:16:27,435 - INFO - Reading line 764 from input file...
2025-05-30 20:16:27,435 - INFO - Added prompt from line 764 to batch.
2025-05-30 20:16:27,435 - INFO - Reading line 765 from input file...
2025-05-30 20:16:27,435 - INFO - Added prompt from line 765 to batch.
2025-05-30 20:16:27,435 - INFO - Reading line 766 from input file...
2025-05-30 20:16:27,435 - INFO - Added prompt from line 766 to batch.
2025-05-30 20:16:27,435 - INFO - Reading line 767 from input file...
2025-05-30 20:16:27,436 - INFO - Added prompt from line 767 to batch.
2025-05-30 20:16:27,436 - INFO - Reading line 768 from input file...
2025-05-30 20:16:27,436 - INFO - Added prompt from line 768 to batch.
2025-05-30 20:16:27,436 - INFO - Processing batch of 8 prompts (up to line 768)...
2025-05-30 20:16:27,436 - INFO - Generating rankings for batch of 8 pairs of prompts. System prompt: 'You are a helpful assistant. Your task is to rank the two provided texts. Please explicitly write which of the two texts is of higher quality by writing the corresponding letter in the output, and nothing else.'
2025-05-30 20:16:27,436 - INFO - First formatted prompt for tokenizer (first 100 chars): '<|begin_of_text|><|start_header_id|>system<|end_header_id|>

Cutting Knowledge Date: December 2023
T...'
2025-05-30 20:16:27,436 - INFO - Input device: cuda:0, preparing to move inputs to device.
2025-05-30 20:16:27,438 - INFO - Batch of inputs tokenized, padded, truncated, and moved to model device.
2025-05-30 20:16:27,438 - INFO - Starting batched model.generate()...
Setting `pad_token_id` to `eos_token_id`:128001 for open-end generation.
2025-05-30 20:16:27,548 - INFO - Batched model.generate() completed.
2025-05-30 20:16:27,549 - INFO - Decoding batch of responses and extracting token probabilities...
2025-05-30 20:16:27,551 - INFO - Input tokens stripped from responses and probabilities extracted.
2025-05-30 20:16:27,552 - INFO - Batch of responses generated.
2025-05-30 20:16:27,553 - INFO - Appended 8 results from batch to /scratch-shared/mschaffelder/data/exp_3/pairwise_rankings/small_vanilla.jsonl
2025-05-30 20:16:27,553 - INFO - Reading line 769 from input file...
2025-05-30 20:16:27,553 - INFO - Added prompt from line 769 to batch.
2025-05-30 20:16:27,553 - INFO - Reading line 770 from input file...
2025-05-30 20:16:27,553 - INFO - Added prompt from line 770 to batch.
2025-05-30 20:16:27,553 - INFO - Reading line 771 from input file...
2025-05-30 20:16:27,553 - INFO - Added prompt from line 771 to batch.
2025-05-30 20:16:27,553 - INFO - Reading line 772 from input file...
2025-05-30 20:16:27,553 - INFO - Added prompt from line 772 to batch.
2025-05-30 20:16:27,553 - INFO - Reading line 773 from input file...
2025-05-30 20:16:27,553 - INFO - Added prompt from line 773 to batch.
2025-05-30 20:16:27,553 - INFO - Reading line 774 from input file...
2025-05-30 20:16:27,553 - INFO - Added prompt from line 774 to batch.
2025-05-30 20:16:27,553 - INFO - Reading line 775 from input file...
2025-05-30 20:16:27,553 - INFO - Added prompt from line 775 to batch.
2025-05-30 20:16:27,553 - INFO - Reading line 776 from input file...
2025-05-30 20:16:27,553 - INFO - Added prompt from line 776 to batch.
2025-05-30 20:16:27,553 - INFO - Processing batch of 8 prompts (up to line 776)...
2025-05-30 20:16:27,553 - INFO - Generating rankings for batch of 8 pairs of prompts. System prompt: 'You are a helpful assistant. Your task is to rank the two provided texts. Please explicitly write which of the two texts is of higher quality by writing the corresponding letter in the output, and nothing else.'
2025-05-30 20:16:27,554 - INFO - First formatted prompt for tokenizer (first 100 chars): '<|begin_of_text|><|start_header_id|>system<|end_header_id|>

Cutting Knowledge Date: December 2023
T...'
2025-05-30 20:16:27,554 - INFO - Input device: cuda:0, preparing to move inputs to device.
2025-05-30 20:16:27,557 - INFO - Batch of inputs tokenized, padded, truncated, and moved to model device.
2025-05-30 20:16:27,557 - INFO - Starting batched model.generate()...
Setting `pad_token_id` to `eos_token_id`:128001 for open-end generation.
2025-05-30 20:16:27,737 - INFO - Batched model.generate() completed.
2025-05-30 20:16:27,737 - INFO - Decoding batch of responses and extracting token probabilities...
2025-05-30 20:16:27,739 - INFO - Input tokens stripped from responses and probabilities extracted.
2025-05-30 20:16:27,740 - INFO - Batch of responses generated.
2025-05-30 20:16:27,741 - INFO - Appended 8 results from batch to /scratch-shared/mschaffelder/data/exp_3/pairwise_rankings/small_vanilla.jsonl
2025-05-30 20:16:27,741 - INFO - Reading line 777 from input file...
2025-05-30 20:16:27,741 - INFO - Added prompt from line 777 to batch.
2025-05-30 20:16:27,741 - INFO - Reading line 778 from input file...
2025-05-30 20:16:27,741 - INFO - Added prompt from line 778 to batch.
2025-05-30 20:16:27,741 - INFO - Reading line 779 from input file...
2025-05-30 20:16:27,741 - INFO - Added prompt from line 779 to batch.
2025-05-30 20:16:27,741 - INFO - Reading line 780 from input file...
2025-05-30 20:16:27,741 - INFO - Added prompt from line 780 to batch.
2025-05-30 20:16:27,741 - INFO - Reading line 781 from input file...
2025-05-30 20:16:27,741 - INFO - Added prompt from line 781 to batch.
2025-05-30 20:16:27,741 - INFO - Reading line 782 from input file...
2025-05-30 20:16:27,741 - INFO - Added prompt from line 782 to batch.
2025-05-30 20:16:27,741 - INFO - Reading line 783 from input file...
2025-05-30 20:16:27,741 - INFO - Added prompt from line 783 to batch.
2025-05-30 20:16:27,741 - INFO - Reading line 784 from input file...
2025-05-30 20:16:27,741 - INFO - Added prompt from line 784 to batch.
2025-05-30 20:16:27,741 - INFO - Processing batch of 8 prompts (up to line 784)...
2025-05-30 20:16:27,741 - INFO - Generating rankings for batch of 8 pairs of prompts. System prompt: 'You are a helpful assistant. Your task is to rank the two provided texts. Please explicitly write which of the two texts is of higher quality by writing the corresponding letter in the output, and nothing else.'
2025-05-30 20:16:27,742 - INFO - First formatted prompt for tokenizer (first 100 chars): '<|begin_of_text|><|start_header_id|>system<|end_header_id|>

Cutting Knowledge Date: December 2023
T...'
2025-05-30 20:16:27,742 - INFO - Input device: cuda:0, preparing to move inputs to device.
2025-05-30 20:16:27,746 - INFO - Batch of inputs tokenized, padded, truncated, and moved to model device.
2025-05-30 20:16:27,746 - INFO - Starting batched model.generate()...
Setting `pad_token_id` to `eos_token_id`:128001 for open-end generation.
2025-05-30 20:16:27,978 - INFO - Batched model.generate() completed.
2025-05-30 20:16:27,979 - INFO - Decoding batch of responses and extracting token probabilities...
2025-05-30 20:16:27,981 - INFO - Input tokens stripped from responses and probabilities extracted.
2025-05-30 20:16:27,981 - INFO - Batch of responses generated.
2025-05-30 20:16:27,982 - INFO - Appended 8 results from batch to /scratch-shared/mschaffelder/data/exp_3/pairwise_rankings/small_vanilla.jsonl
2025-05-30 20:16:27,982 - INFO - Reading line 785 from input file...
2025-05-30 20:16:27,982 - INFO - Added prompt from line 785 to batch.
2025-05-30 20:16:27,982 - INFO - Reading line 786 from input file...
2025-05-30 20:16:27,982 - INFO - Added prompt from line 786 to batch.
2025-05-30 20:16:27,982 - INFO - Reading line 787 from input file...
2025-05-30 20:16:27,982 - INFO - Added prompt from line 787 to batch.
2025-05-30 20:16:27,983 - INFO - Reading line 788 from input file...
2025-05-30 20:16:27,983 - INFO - Added prompt from line 788 to batch.
2025-05-30 20:16:27,983 - INFO - Reading line 789 from input file...
2025-05-30 20:16:27,983 - INFO - Added prompt from line 789 to batch.
2025-05-30 20:16:27,983 - INFO - Reading line 790 from input file...
2025-05-30 20:16:27,983 - INFO - Added prompt from line 790 to batch.
2025-05-30 20:16:27,983 - INFO - Reading line 791 from input file...
2025-05-30 20:16:27,983 - INFO - Added prompt from line 791 to batch.
2025-05-30 20:16:27,983 - INFO - Reading line 792 from input file...
2025-05-30 20:16:27,983 - INFO - Added prompt from line 792 to batch.
2025-05-30 20:16:27,983 - INFO - Processing batch of 8 prompts (up to line 792)...
2025-05-30 20:16:27,983 - INFO - Generating rankings for batch of 8 pairs of prompts. System prompt: 'You are a helpful assistant. Your task is to rank the two provided texts. Please explicitly write which of the two texts is of higher quality by writing the corresponding letter in the output, and nothing else.'
2025-05-30 20:16:27,983 - INFO - First formatted prompt for tokenizer (first 100 chars): '<|begin_of_text|><|start_header_id|>system<|end_header_id|>

Cutting Knowledge Date: December 2023
T...'
2025-05-30 20:16:27,983 - INFO - Input device: cuda:0, preparing to move inputs to device.
2025-05-30 20:16:27,987 - INFO - Batch of inputs tokenized, padded, truncated, and moved to model device.
2025-05-30 20:16:27,987 - INFO - Starting batched model.generate()...
Setting `pad_token_id` to `eos_token_id`:128001 for open-end generation.
2025-05-30 20:16:28,207 - INFO - Batched model.generate() completed.
2025-05-30 20:16:28,207 - INFO - Decoding batch of responses and extracting token probabilities...
2025-05-30 20:16:28,209 - INFO - Input tokens stripped from responses and probabilities extracted.
2025-05-30 20:16:28,210 - INFO - Batch of responses generated.
2025-05-30 20:16:28,211 - INFO - Appended 8 results from batch to /scratch-shared/mschaffelder/data/exp_3/pairwise_rankings/small_vanilla.jsonl
2025-05-30 20:16:28,211 - INFO - Reading line 793 from input file...
2025-05-30 20:16:28,211 - INFO - Added prompt from line 793 to batch.
2025-05-30 20:16:28,211 - INFO - Reading line 794 from input file...
2025-05-30 20:16:28,211 - INFO - Added prompt from line 794 to batch.
2025-05-30 20:16:28,211 - INFO - Reading line 795 from input file...
2025-05-30 20:16:28,211 - INFO - Added prompt from line 795 to batch.
2025-05-30 20:16:28,211 - INFO - Reading line 796 from input file...
2025-05-30 20:16:28,211 - INFO - Added prompt from line 796 to batch.
2025-05-30 20:16:28,211 - INFO - Reading line 797 from input file...
2025-05-30 20:16:28,211 - INFO - Added prompt from line 797 to batch.
2025-05-30 20:16:28,211 - INFO - Reading line 798 from input file...
2025-05-30 20:16:28,211 - INFO - Added prompt from line 798 to batch.
2025-05-30 20:16:28,211 - INFO - Reading line 799 from input file...
2025-05-30 20:16:28,211 - INFO - Added prompt from line 799 to batch.
2025-05-30 20:16:28,212 - INFO - Reading line 800 from input file...
2025-05-30 20:16:28,212 - INFO - Added prompt from line 800 to batch.
2025-05-30 20:16:28,212 - INFO - Processing batch of 8 prompts (up to line 800)...
2025-05-30 20:16:28,212 - INFO - Generating rankings for batch of 8 pairs of prompts. System prompt: 'You are a helpful assistant. Your task is to rank the two provided texts. Please explicitly write which of the two texts is of higher quality by writing the corresponding letter in the output, and nothing else.'
2025-05-30 20:16:28,212 - INFO - First formatted prompt for tokenizer (first 100 chars): '<|begin_of_text|><|start_header_id|>system<|end_header_id|>

Cutting Knowledge Date: December 2023
T...'
2025-05-30 20:16:28,212 - INFO - Input device: cuda:0, preparing to move inputs to device.
2025-05-30 20:16:28,215 - INFO - Batch of inputs tokenized, padded, truncated, and moved to model device.
2025-05-30 20:16:28,215 - INFO - Starting batched model.generate()...
Setting `pad_token_id` to `eos_token_id`:128001 for open-end generation.
2025-05-30 20:16:28,385 - INFO - Batched model.generate() completed.
2025-05-30 20:16:28,385 - INFO - Decoding batch of responses and extracting token probabilities...
2025-05-30 20:16:28,387 - INFO - Input tokens stripped from responses and probabilities extracted.
2025-05-30 20:16:28,387 - INFO - Batch of responses generated.
2025-05-30 20:16:28,388 - INFO - Appended 8 results from batch to /scratch-shared/mschaffelder/data/exp_3/pairwise_rankings/small_vanilla.jsonl
2025-05-30 20:16:28,388 - INFO - Reading line 801 from input file...
2025-05-30 20:16:28,388 - INFO - Added prompt from line 801 to batch.
2025-05-30 20:16:28,388 - INFO - Reading line 802 from input file...
2025-05-30 20:16:28,388 - INFO - Added prompt from line 802 to batch.
2025-05-30 20:16:28,388 - INFO - Reading line 803 from input file...
2025-05-30 20:16:28,389 - INFO - Added prompt from line 803 to batch.
2025-05-30 20:16:28,389 - INFO - Reading line 804 from input file...
2025-05-30 20:16:28,389 - INFO - Added prompt from line 804 to batch.
2025-05-30 20:16:28,389 - INFO - Reading line 805 from input file...
2025-05-30 20:16:28,389 - INFO - Added prompt from line 805 to batch.
2025-05-30 20:16:28,389 - INFO - Reading line 806 from input file...
2025-05-30 20:16:28,389 - INFO - Added prompt from line 806 to batch.
2025-05-30 20:16:28,389 - INFO - Reading line 807 from input file...
2025-05-30 20:16:28,389 - INFO - Added prompt from line 807 to batch.
2025-05-30 20:16:28,389 - INFO - Reading line 808 from input file...
2025-05-30 20:16:28,389 - INFO - Added prompt from line 808 to batch.
2025-05-30 20:16:28,389 - INFO - Processing batch of 8 prompts (up to line 808)...
2025-05-30 20:16:28,389 - INFO - Generating rankings for batch of 8 pairs of prompts. System prompt: 'You are a helpful assistant. Your task is to rank the two provided texts. Please explicitly write which of the two texts is of higher quality by writing the corresponding letter in the output, and nothing else.'
2025-05-30 20:16:28,389 - INFO - First formatted prompt for tokenizer (first 100 chars): '<|begin_of_text|><|start_header_id|>system<|end_header_id|>

Cutting Knowledge Date: December 2023
T...'
2025-05-30 20:16:28,389 - INFO - Input device: cuda:0, preparing to move inputs to device.
2025-05-30 20:16:28,393 - INFO - Batch of inputs tokenized, padded, truncated, and moved to model device.
2025-05-30 20:16:28,393 - INFO - Starting batched model.generate()...
Setting `pad_token_id` to `eos_token_id`:128001 for open-end generation.
2025-05-30 20:16:28,608 - INFO - Batched model.generate() completed.
2025-05-30 20:16:28,609 - INFO - Decoding batch of responses and extracting token probabilities...
2025-05-30 20:16:28,611 - INFO - Input tokens stripped from responses and probabilities extracted.
2025-05-30 20:16:28,611 - INFO - Batch of responses generated.
2025-05-30 20:16:28,613 - INFO - Appended 8 results from batch to /scratch-shared/mschaffelder/data/exp_3/pairwise_rankings/small_vanilla.jsonl
2025-05-30 20:16:28,613 - INFO - Reading line 809 from input file...
2025-05-30 20:16:28,613 - INFO - Added prompt from line 809 to batch.
2025-05-30 20:16:28,613 - INFO - Reading line 810 from input file...
2025-05-30 20:16:28,613 - INFO - Added prompt from line 810 to batch.
2025-05-30 20:16:28,613 - INFO - Reading line 811 from input file...
2025-05-30 20:16:28,613 - INFO - Added prompt from line 811 to batch.
2025-05-30 20:16:28,613 - INFO - Reading line 812 from input file...
2025-05-30 20:16:28,613 - INFO - Added prompt from line 812 to batch.
2025-05-30 20:16:28,613 - INFO - Reading line 813 from input file...
2025-05-30 20:16:28,613 - INFO - Added prompt from line 813 to batch.
2025-05-30 20:16:28,613 - INFO - Reading line 814 from input file...
2025-05-30 20:16:28,613 - INFO - Added prompt from line 814 to batch.
2025-05-30 20:16:28,613 - INFO - Reading line 815 from input file...
2025-05-30 20:16:28,613 - INFO - Added prompt from line 815 to batch.
2025-05-30 20:16:28,613 - INFO - Reading line 816 from input file...
2025-05-30 20:16:28,613 - INFO - Added prompt from line 816 to batch.
2025-05-30 20:16:28,613 - INFO - Processing batch of 8 prompts (up to line 816)...
2025-05-30 20:16:28,613 - INFO - Generating rankings for batch of 8 pairs of prompts. System prompt: 'You are a helpful assistant. Your task is to rank the two provided texts. Please explicitly write which of the two texts is of higher quality by writing the corresponding letter in the output, and nothing else.'
2025-05-30 20:16:28,614 - INFO - First formatted prompt for tokenizer (first 100 chars): '<|begin_of_text|><|start_header_id|>system<|end_header_id|>

Cutting Knowledge Date: December 2023
T...'
2025-05-30 20:16:28,614 - INFO - Input device: cuda:0, preparing to move inputs to device.
2025-05-30 20:16:28,617 - INFO - Batch of inputs tokenized, padded, truncated, and moved to model device.
2025-05-30 20:16:28,617 - INFO - Starting batched model.generate()...
Setting `pad_token_id` to `eos_token_id`:128001 for open-end generation.
2025-05-30 20:16:28,808 - INFO - Batched model.generate() completed.
2025-05-30 20:16:28,808 - INFO - Decoding batch of responses and extracting token probabilities...
2025-05-30 20:16:28,811 - INFO - Input tokens stripped from responses and probabilities extracted.
2025-05-30 20:16:28,811 - INFO - Batch of responses generated.
2025-05-30 20:16:28,812 - INFO - Appended 8 results from batch to /scratch-shared/mschaffelder/data/exp_3/pairwise_rankings/small_vanilla.jsonl
2025-05-30 20:16:28,812 - INFO - Reading line 817 from input file...
2025-05-30 20:16:28,812 - INFO - Added prompt from line 817 to batch.
2025-05-30 20:16:28,812 - INFO - Reading line 818 from input file...
2025-05-30 20:16:28,812 - INFO - Added prompt from line 818 to batch.
2025-05-30 20:16:28,812 - INFO - Reading line 819 from input file...
2025-05-30 20:16:28,812 - INFO - Added prompt from line 819 to batch.
2025-05-30 20:16:28,812 - INFO - Reading line 820 from input file...
2025-05-30 20:16:28,812 - INFO - Added prompt from line 820 to batch.
2025-05-30 20:16:28,812 - INFO - Reading line 821 from input file...
2025-05-30 20:16:28,812 - INFO - Added prompt from line 821 to batch.
2025-05-30 20:16:28,812 - INFO - Reading line 822 from input file...
2025-05-30 20:16:28,812 - INFO - Added prompt from line 822 to batch.
2025-05-30 20:16:28,812 - INFO - Reading line 823 from input file...
2025-05-30 20:16:28,812 - INFO - Added prompt from line 823 to batch.
2025-05-30 20:16:28,813 - INFO - Reading line 824 from input file...
2025-05-30 20:16:28,813 - INFO - Added prompt from line 824 to batch.
2025-05-30 20:16:28,813 - INFO - Processing batch of 8 prompts (up to line 824)...
2025-05-30 20:16:28,813 - INFO - Generating rankings for batch of 8 pairs of prompts. System prompt: 'You are a helpful assistant. Your task is to rank the two provided texts. Please explicitly write which of the two texts is of higher quality by writing the corresponding letter in the output, and nothing else.'
2025-05-30 20:16:28,814 - INFO - First formatted prompt for tokenizer (first 100 chars): '<|begin_of_text|><|start_header_id|>system<|end_header_id|>

Cutting Knowledge Date: December 2023
T...'
2025-05-30 20:16:28,814 - INFO - Input device: cuda:0, preparing to move inputs to device.
2025-05-30 20:16:28,815 - INFO - Batch of inputs tokenized, padded, truncated, and moved to model device.
2025-05-30 20:16:28,816 - INFO - Starting batched model.generate()...
Setting `pad_token_id` to `eos_token_id`:128001 for open-end generation.
2025-05-30 20:16:28,936 - INFO - Batched model.generate() completed.
2025-05-30 20:16:28,937 - INFO - Decoding batch of responses and extracting token probabilities...
2025-05-30 20:16:28,939 - INFO - Input tokens stripped from responses and probabilities extracted.
2025-05-30 20:16:28,939 - INFO - Batch of responses generated.
2025-05-30 20:16:28,940 - INFO - Appended 8 results from batch to /scratch-shared/mschaffelder/data/exp_3/pairwise_rankings/small_vanilla.jsonl
2025-05-30 20:16:28,940 - INFO - Reading line 825 from input file...
2025-05-30 20:16:28,940 - INFO - Added prompt from line 825 to batch.
2025-05-30 20:16:28,940 - INFO - Reading line 826 from input file...
2025-05-30 20:16:28,940 - INFO - Added prompt from line 826 to batch.
2025-05-30 20:16:28,940 - INFO - Reading line 827 from input file...
2025-05-30 20:16:28,940 - INFO - Added prompt from line 827 to batch.
2025-05-30 20:16:28,940 - INFO - Reading line 828 from input file...
2025-05-30 20:16:28,940 - INFO - Added prompt from line 828 to batch.
2025-05-30 20:16:28,941 - INFO - Reading line 829 from input file...
2025-05-30 20:16:28,941 - INFO - Added prompt from line 829 to batch.
2025-05-30 20:16:28,941 - INFO - Reading line 830 from input file...
2025-05-30 20:16:28,941 - INFO - Added prompt from line 830 to batch.
2025-05-30 20:16:28,941 - INFO - Reading line 831 from input file...
2025-05-30 20:16:28,941 - INFO - Added prompt from line 831 to batch.
2025-05-30 20:16:28,941 - INFO - Reading line 832 from input file...
2025-05-30 20:16:28,941 - INFO - Added prompt from line 832 to batch.
2025-05-30 20:16:28,941 - INFO - Processing batch of 8 prompts (up to line 832)...
2025-05-30 20:16:28,941 - INFO - Generating rankings for batch of 8 pairs of prompts. System prompt: 'You are a helpful assistant. Your task is to rank the two provided texts. Please explicitly write which of the two texts is of higher quality by writing the corresponding letter in the output, and nothing else.'
2025-05-30 20:16:28,941 - INFO - First formatted prompt for tokenizer (first 100 chars): '<|begin_of_text|><|start_header_id|>system<|end_header_id|>

Cutting Knowledge Date: December 2023
T...'
2025-05-30 20:16:28,941 - INFO - Input device: cuda:0, preparing to move inputs to device.
2025-05-30 20:16:28,944 - INFO - Batch of inputs tokenized, padded, truncated, and moved to model device.
2025-05-30 20:16:28,944 - INFO - Starting batched model.generate()...
Setting `pad_token_id` to `eos_token_id`:128001 for open-end generation.
2025-05-30 20:16:29,124 - INFO - Batched model.generate() completed.
2025-05-30 20:16:29,124 - INFO - Decoding batch of responses and extracting token probabilities...
2025-05-30 20:16:29,127 - INFO - Input tokens stripped from responses and probabilities extracted.
2025-05-30 20:16:29,127 - INFO - Batch of responses generated.
2025-05-30 20:16:29,128 - INFO - Appended 8 results from batch to /scratch-shared/mschaffelder/data/exp_3/pairwise_rankings/small_vanilla.jsonl
2025-05-30 20:16:29,128 - INFO - Reading line 833 from input file...
2025-05-30 20:16:29,128 - INFO - Added prompt from line 833 to batch.
2025-05-30 20:16:29,128 - INFO - Reading line 834 from input file...
2025-05-30 20:16:29,128 - INFO - Added prompt from line 834 to batch.
2025-05-30 20:16:29,128 - INFO - Reading line 835 from input file...
2025-05-30 20:16:29,128 - INFO - Added prompt from line 835 to batch.
2025-05-30 20:16:29,128 - INFO - Reading line 836 from input file...
2025-05-30 20:16:29,129 - INFO - Added prompt from line 836 to batch.
2025-05-30 20:16:29,129 - INFO - Reading line 837 from input file...
2025-05-30 20:16:29,129 - INFO - Added prompt from line 837 to batch.
2025-05-30 20:16:29,129 - INFO - Reading line 838 from input file...
2025-05-30 20:16:29,129 - INFO - Added prompt from line 838 to batch.
2025-05-30 20:16:29,129 - INFO - Reading line 839 from input file...
2025-05-30 20:16:29,129 - INFO - Added prompt from line 839 to batch.
2025-05-30 20:16:29,129 - INFO - Reading line 840 from input file...
2025-05-30 20:16:29,129 - INFO - Added prompt from line 840 to batch.
2025-05-30 20:16:29,129 - INFO - Processing batch of 8 prompts (up to line 840)...
2025-05-30 20:16:29,129 - INFO - Generating rankings for batch of 8 pairs of prompts. System prompt: 'You are a helpful assistant. Your task is to rank the two provided texts. Please explicitly write which of the two texts is of higher quality by writing the corresponding letter in the output, and nothing else.'
2025-05-30 20:16:29,129 - INFO - First formatted prompt for tokenizer (first 100 chars): '<|begin_of_text|><|start_header_id|>system<|end_header_id|>

Cutting Knowledge Date: December 2023
T...'
2025-05-30 20:16:29,129 - INFO - Input device: cuda:0, preparing to move inputs to device.
2025-05-30 20:16:29,132 - INFO - Batch of inputs tokenized, padded, truncated, and moved to model device.
2025-05-30 20:16:29,132 - INFO - Starting batched model.generate()...
Setting `pad_token_id` to `eos_token_id`:128001 for open-end generation.
2025-05-30 20:16:29,308 - INFO - Batched model.generate() completed.
2025-05-30 20:16:29,308 - INFO - Decoding batch of responses and extracting token probabilities...
2025-05-30 20:16:29,311 - INFO - Input tokens stripped from responses and probabilities extracted.
2025-05-30 20:16:29,311 - INFO - Batch of responses generated.
2025-05-30 20:16:29,312 - INFO - Appended 8 results from batch to /scratch-shared/mschaffelder/data/exp_3/pairwise_rankings/small_vanilla.jsonl
2025-05-30 20:16:29,312 - INFO - Reading line 841 from input file...
2025-05-30 20:16:29,312 - INFO - Added prompt from line 841 to batch.
2025-05-30 20:16:29,312 - INFO - Reading line 842 from input file...
2025-05-30 20:16:29,312 - INFO - Added prompt from line 842 to batch.
2025-05-30 20:16:29,312 - INFO - Reading line 843 from input file...
2025-05-30 20:16:29,312 - INFO - Added prompt from line 843 to batch.
2025-05-30 20:16:29,312 - INFO - Reading line 844 from input file...
2025-05-30 20:16:29,312 - INFO - Added prompt from line 844 to batch.
2025-05-30 20:16:29,312 - INFO - Reading line 845 from input file...
2025-05-30 20:16:29,312 - INFO - Added prompt from line 845 to batch.
2025-05-30 20:16:29,312 - INFO - Reading line 846 from input file...
2025-05-30 20:16:29,312 - INFO - Added prompt from line 846 to batch.
2025-05-30 20:16:29,312 - INFO - Reading line 847 from input file...
2025-05-30 20:16:29,312 - INFO - Added prompt from line 847 to batch.
2025-05-30 20:16:29,312 - INFO - Reading line 848 from input file...
2025-05-30 20:16:29,312 - INFO - Added prompt from line 848 to batch.
2025-05-30 20:16:29,312 - INFO - Processing batch of 8 prompts (up to line 848)...
2025-05-30 20:16:29,313 - INFO - Generating rankings for batch of 8 pairs of prompts. System prompt: 'You are a helpful assistant. Your task is to rank the two provided texts. Please explicitly write which of the two texts is of higher quality by writing the corresponding letter in the output, and nothing else.'
2025-05-30 20:16:29,313 - INFO - First formatted prompt for tokenizer (first 100 chars): '<|begin_of_text|><|start_header_id|>system<|end_header_id|>

Cutting Knowledge Date: December 2023
T...'
2025-05-30 20:16:29,313 - INFO - Input device: cuda:0, preparing to move inputs to device.
2025-05-30 20:16:29,316 - INFO - Batch of inputs tokenized, padded, truncated, and moved to model device.
2025-05-30 20:16:29,316 - INFO - Starting batched model.generate()...
Setting `pad_token_id` to `eos_token_id`:128001 for open-end generation.
2025-05-30 20:16:29,501 - INFO - Batched model.generate() completed.
2025-05-30 20:16:29,502 - INFO - Decoding batch of responses and extracting token probabilities...
2025-05-30 20:16:29,505 - INFO - Input tokens stripped from responses and probabilities extracted.
2025-05-30 20:16:29,508 - INFO - Batch of responses generated.
2025-05-30 20:16:29,512 - INFO - Appended 8 results from batch to /scratch-shared/mschaffelder/data/exp_3/pairwise_rankings/small_vanilla.jsonl
2025-05-30 20:16:29,515 - INFO - Reading line 849 from input file...
2025-05-30 20:16:29,515 - INFO - Added prompt from line 849 to batch.
2025-05-30 20:16:29,515 - INFO - Reading line 850 from input file...
2025-05-30 20:16:29,515 - INFO - Added prompt from line 850 to batch.
2025-05-30 20:16:29,515 - INFO - Reading line 851 from input file...
2025-05-30 20:16:29,515 - INFO - Added prompt from line 851 to batch.
2025-05-30 20:16:29,515 - INFO - Reading line 852 from input file...
2025-05-30 20:16:29,515 - INFO - Added prompt from line 852 to batch.
2025-05-30 20:16:29,515 - INFO - Reading line 853 from input file...
2025-05-30 20:16:29,515 - INFO - Added prompt from line 853 to batch.
2025-05-30 20:16:29,515 - INFO - Reading line 854 from input file...
2025-05-30 20:16:29,515 - INFO - Added prompt from line 854 to batch.
2025-05-30 20:16:29,515 - INFO - Reading line 855 from input file...
2025-05-30 20:16:29,515 - INFO - Added prompt from line 855 to batch.
2025-05-30 20:16:29,515 - INFO - Reading line 856 from input file...
2025-05-30 20:16:29,515 - INFO - Added prompt from line 856 to batch.
2025-05-30 20:16:29,515 - INFO - Processing batch of 8 prompts (up to line 856)...
2025-05-30 20:16:29,515 - INFO - Generating rankings for batch of 8 pairs of prompts. System prompt: 'You are a helpful assistant. Your task is to rank the two provided texts. Please explicitly write which of the two texts is of higher quality by writing the corresponding letter in the output, and nothing else.'
2025-05-30 20:16:29,516 - INFO - First formatted prompt for tokenizer (first 100 chars): '<|begin_of_text|><|start_header_id|>system<|end_header_id|>

Cutting Knowledge Date: December 2023
T...'
2025-05-30 20:16:29,516 - INFO - Input device: cuda:0, preparing to move inputs to device.
2025-05-30 20:16:29,519 - INFO - Batch of inputs tokenized, padded, truncated, and moved to model device.
2025-05-30 20:16:29,519 - INFO - Starting batched model.generate()...
Setting `pad_token_id` to `eos_token_id`:128001 for open-end generation.
2025-05-30 20:16:29,696 - INFO - Batched model.generate() completed.
2025-05-30 20:16:29,696 - INFO - Decoding batch of responses and extracting token probabilities...
2025-05-30 20:16:29,699 - INFO - Input tokens stripped from responses and probabilities extracted.
2025-05-30 20:16:29,699 - INFO - Batch of responses generated.
2025-05-30 20:16:29,700 - INFO - Appended 8 results from batch to /scratch-shared/mschaffelder/data/exp_3/pairwise_rankings/small_vanilla.jsonl
2025-05-30 20:16:29,700 - INFO - Reading line 857 from input file...
2025-05-30 20:16:29,700 - INFO - Added prompt from line 857 to batch.
2025-05-30 20:16:29,700 - INFO - Reading line 858 from input file...
2025-05-30 20:16:29,700 - INFO - Added prompt from line 858 to batch.
2025-05-30 20:16:29,700 - INFO - Reading line 859 from input file...
2025-05-30 20:16:29,700 - INFO - Added prompt from line 859 to batch.
2025-05-30 20:16:29,700 - INFO - Reading line 860 from input file...
2025-05-30 20:16:29,700 - INFO - Added prompt from line 860 to batch.
2025-05-30 20:16:29,700 - INFO - Reading line 861 from input file...
2025-05-30 20:16:29,700 - INFO - Added prompt from line 861 to batch.
2025-05-30 20:16:29,700 - INFO - Reading line 862 from input file...
2025-05-30 20:16:29,700 - INFO - Added prompt from line 862 to batch.
2025-05-30 20:16:29,700 - INFO - Reading line 863 from input file...
2025-05-30 20:16:29,700 - INFO - Added prompt from line 863 to batch.
2025-05-30 20:16:29,700 - INFO - Reading line 864 from input file...
2025-05-30 20:16:29,701 - INFO - Added prompt from line 864 to batch.
2025-05-30 20:16:29,701 - INFO - Processing batch of 8 prompts (up to line 864)...
2025-05-30 20:16:29,701 - INFO - Generating rankings for batch of 8 pairs of prompts. System prompt: 'You are a helpful assistant. Your task is to rank the two provided texts. Please explicitly write which of the two texts is of higher quality by writing the corresponding letter in the output, and nothing else.'
2025-05-30 20:16:29,701 - INFO - First formatted prompt for tokenizer (first 100 chars): '<|begin_of_text|><|start_header_id|>system<|end_header_id|>

Cutting Knowledge Date: December 2023
T...'
2025-05-30 20:16:29,701 - INFO - Input device: cuda:0, preparing to move inputs to device.
2025-05-30 20:16:29,704 - INFO - Batch of inputs tokenized, padded, truncated, and moved to model device.
2025-05-30 20:16:29,704 - INFO - Starting batched model.generate()...
Setting `pad_token_id` to `eos_token_id`:128001 for open-end generation.
2025-05-30 20:16:29,891 - INFO - Batched model.generate() completed.
2025-05-30 20:16:29,891 - INFO - Decoding batch of responses and extracting token probabilities...
2025-05-30 20:16:29,894 - INFO - Input tokens stripped from responses and probabilities extracted.
2025-05-30 20:16:29,894 - INFO - Batch of responses generated.
2025-05-30 20:16:29,895 - INFO - Appended 8 results from batch to /scratch-shared/mschaffelder/data/exp_3/pairwise_rankings/small_vanilla.jsonl
2025-05-30 20:16:29,895 - INFO - Reading line 865 from input file...
2025-05-30 20:16:29,895 - INFO - Added prompt from line 865 to batch.
2025-05-30 20:16:29,895 - INFO - Reading line 866 from input file...
2025-05-30 20:16:29,895 - INFO - Added prompt from line 866 to batch.
2025-05-30 20:16:29,895 - INFO - Reading line 867 from input file...
2025-05-30 20:16:29,895 - INFO - Added prompt from line 867 to batch.
2025-05-30 20:16:29,895 - INFO - Reading line 868 from input file...
2025-05-30 20:16:29,895 - INFO - Added prompt from line 868 to batch.
2025-05-30 20:16:29,895 - INFO - Reading line 869 from input file...
2025-05-30 20:16:29,895 - INFO - Added prompt from line 869 to batch.
2025-05-30 20:16:29,895 - INFO - Reading line 870 from input file...
2025-05-30 20:16:29,896 - INFO - Added prompt from line 870 to batch.
2025-05-30 20:16:29,896 - INFO - Reading line 871 from input file...
2025-05-30 20:16:29,896 - INFO - Added prompt from line 871 to batch.
2025-05-30 20:16:29,896 - INFO - Reading line 872 from input file...
2025-05-30 20:16:29,896 - INFO - Added prompt from line 872 to batch.
2025-05-30 20:16:29,896 - INFO - Processing batch of 8 prompts (up to line 872)...
2025-05-30 20:16:29,896 - INFO - Generating rankings for batch of 8 pairs of prompts. System prompt: 'You are a helpful assistant. Your task is to rank the two provided texts. Please explicitly write which of the two texts is of higher quality by writing the corresponding letter in the output, and nothing else.'
2025-05-30 20:16:29,896 - INFO - First formatted prompt for tokenizer (first 100 chars): '<|begin_of_text|><|start_header_id|>system<|end_header_id|>

Cutting Knowledge Date: December 2023
T...'
2025-05-30 20:16:29,896 - INFO - Input device: cuda:0, preparing to move inputs to device.
2025-05-30 20:16:29,900 - INFO - Batch of inputs tokenized, padded, truncated, and moved to model device.
2025-05-30 20:16:29,900 - INFO - Starting batched model.generate()...
Setting `pad_token_id` to `eos_token_id`:128001 for open-end generation.
2025-05-30 20:16:30,120 - INFO - Batched model.generate() completed.
2025-05-30 20:16:30,120 - INFO - Decoding batch of responses and extracting token probabilities...
2025-05-30 20:16:30,123 - INFO - Input tokens stripped from responses and probabilities extracted.
2025-05-30 20:16:30,123 - INFO - Batch of responses generated.
2025-05-30 20:16:30,124 - INFO - Appended 8 results from batch to /scratch-shared/mschaffelder/data/exp_3/pairwise_rankings/small_vanilla.jsonl
2025-05-30 20:16:30,124 - INFO - Reading line 873 from input file...
2025-05-30 20:16:30,124 - INFO - Added prompt from line 873 to batch.
2025-05-30 20:16:30,124 - INFO - Reading line 874 from input file...
2025-05-30 20:16:30,125 - INFO - Added prompt from line 874 to batch.
2025-05-30 20:16:30,125 - INFO - Reading line 875 from input file...
2025-05-30 20:16:30,125 - INFO - Added prompt from line 875 to batch.
2025-05-30 20:16:30,125 - INFO - Reading line 876 from input file...
2025-05-30 20:16:30,125 - INFO - Added prompt from line 876 to batch.
2025-05-30 20:16:30,125 - INFO - Reading line 877 from input file...
2025-05-30 20:16:30,125 - INFO - Added prompt from line 877 to batch.
2025-05-30 20:16:30,125 - INFO - Reading line 878 from input file...
2025-05-30 20:16:30,125 - INFO - Added prompt from line 878 to batch.
2025-05-30 20:16:30,125 - INFO - Reading line 879 from input file...
2025-05-30 20:16:30,125 - INFO - Added prompt from line 879 to batch.
2025-05-30 20:16:30,125 - INFO - Reading line 880 from input file...
2025-05-30 20:16:30,125 - INFO - Added prompt from line 880 to batch.
2025-05-30 20:16:30,125 - INFO - Processing batch of 8 prompts (up to line 880)...
2025-05-30 20:16:30,125 - INFO - Generating rankings for batch of 8 pairs of prompts. System prompt: 'You are a helpful assistant. Your task is to rank the two provided texts. Please explicitly write which of the two texts is of higher quality by writing the corresponding letter in the output, and nothing else.'
2025-05-30 20:16:30,125 - INFO - First formatted prompt for tokenizer (first 100 chars): '<|begin_of_text|><|start_header_id|>system<|end_header_id|>

Cutting Knowledge Date: December 2023
T...'
2025-05-30 20:16:30,125 - INFO - Input device: cuda:0, preparing to move inputs to device.
2025-05-30 20:16:30,128 - INFO - Batch of inputs tokenized, padded, truncated, and moved to model device.
2025-05-30 20:16:30,128 - INFO - Starting batched model.generate()...
Setting `pad_token_id` to `eos_token_id`:128001 for open-end generation.
2025-05-30 20:16:30,306 - INFO - Batched model.generate() completed.
2025-05-30 20:16:30,306 - INFO - Decoding batch of responses and extracting token probabilities...
2025-05-30 20:16:30,308 - INFO - Input tokens stripped from responses and probabilities extracted.
2025-05-30 20:16:30,309 - INFO - Batch of responses generated.
2025-05-30 20:16:30,310 - INFO - Appended 8 results from batch to /scratch-shared/mschaffelder/data/exp_3/pairwise_rankings/small_vanilla.jsonl
2025-05-30 20:16:30,310 - INFO - Reading line 881 from input file...
2025-05-30 20:16:30,310 - INFO - Added prompt from line 881 to batch.
2025-05-30 20:16:30,310 - INFO - Reading line 882 from input file...
2025-05-30 20:16:30,310 - INFO - Added prompt from line 882 to batch.
2025-05-30 20:16:30,310 - INFO - Reading line 883 from input file...
2025-05-30 20:16:30,310 - INFO - Added prompt from line 883 to batch.
2025-05-30 20:16:30,310 - INFO - Reading line 884 from input file...
2025-05-30 20:16:30,310 - INFO - Added prompt from line 884 to batch.
2025-05-30 20:16:30,310 - INFO - Reading line 885 from input file...
2025-05-30 20:16:30,310 - INFO - Added prompt from line 885 to batch.
2025-05-30 20:16:30,310 - INFO - Reading line 886 from input file...
2025-05-30 20:16:30,310 - INFO - Added prompt from line 886 to batch.
2025-05-30 20:16:30,310 - INFO - Reading line 887 from input file...
2025-05-30 20:16:30,310 - INFO - Added prompt from line 887 to batch.
2025-05-30 20:16:30,310 - INFO - Reading line 888 from input file...
2025-05-30 20:16:30,310 - INFO - Added prompt from line 888 to batch.
2025-05-30 20:16:30,310 - INFO - Processing batch of 8 prompts (up to line 888)...
2025-05-30 20:16:30,310 - INFO - Generating rankings for batch of 8 pairs of prompts. System prompt: 'You are a helpful assistant. Your task is to rank the two provided texts. Please explicitly write which of the two texts is of higher quality by writing the corresponding letter in the output, and nothing else.'
2025-05-30 20:16:30,311 - INFO - First formatted prompt for tokenizer (first 100 chars): '<|begin_of_text|><|start_header_id|>system<|end_header_id|>

Cutting Knowledge Date: December 2023
T...'
2025-05-30 20:16:30,311 - INFO - Input device: cuda:0, preparing to move inputs to device.
2025-05-30 20:16:30,314 - INFO - Batch of inputs tokenized, padded, truncated, and moved to model device.
2025-05-30 20:16:30,314 - INFO - Starting batched model.generate()...
Setting `pad_token_id` to `eos_token_id`:128001 for open-end generation.
2025-05-30 20:16:30,503 - INFO - Batched model.generate() completed.
2025-05-30 20:16:30,503 - INFO - Decoding batch of responses and extracting token probabilities...
2025-05-30 20:16:30,505 - INFO - Input tokens stripped from responses and probabilities extracted.
2025-05-30 20:16:30,506 - INFO - Batch of responses generated.
2025-05-30 20:16:30,507 - INFO - Appended 8 results from batch to /scratch-shared/mschaffelder/data/exp_3/pairwise_rankings/small_vanilla.jsonl
2025-05-30 20:16:30,507 - INFO - Reading line 889 from input file...
2025-05-30 20:16:30,507 - INFO - Added prompt from line 889 to batch.
2025-05-30 20:16:30,507 - INFO - Reading line 890 from input file...
2025-05-30 20:16:30,507 - INFO - Added prompt from line 890 to batch.
2025-05-30 20:16:30,507 - INFO - Reading line 891 from input file...
2025-05-30 20:16:30,507 - INFO - Added prompt from line 891 to batch.
2025-05-30 20:16:30,507 - INFO - Reading line 892 from input file...
2025-05-30 20:16:30,507 - INFO - Added prompt from line 892 to batch.
2025-05-30 20:16:30,507 - INFO - Reading line 893 from input file...
2025-05-30 20:16:30,507 - INFO - Added prompt from line 893 to batch.
2025-05-30 20:16:30,507 - INFO - Reading line 894 from input file...
2025-05-30 20:16:30,507 - INFO - Added prompt from line 894 to batch.
2025-05-30 20:16:30,507 - INFO - Reading line 895 from input file...
2025-05-30 20:16:30,507 - INFO - Added prompt from line 895 to batch.
2025-05-30 20:16:30,507 - INFO - Reading line 896 from input file...
2025-05-30 20:16:30,507 - INFO - Added prompt from line 896 to batch.
2025-05-30 20:16:30,507 - INFO - Processing batch of 8 prompts (up to line 896)...
2025-05-30 20:16:30,507 - INFO - Generating rankings for batch of 8 pairs of prompts. System prompt: 'You are a helpful assistant. Your task is to rank the two provided texts. Please explicitly write which of the two texts is of higher quality by writing the corresponding letter in the output, and nothing else.'
2025-05-30 20:16:30,508 - INFO - First formatted prompt for tokenizer (first 100 chars): '<|begin_of_text|><|start_header_id|>system<|end_header_id|>

Cutting Knowledge Date: December 2023
T...'
2025-05-30 20:16:30,508 - INFO - Input device: cuda:0, preparing to move inputs to device.
2025-05-30 20:16:30,512 - INFO - Batch of inputs tokenized, padded, truncated, and moved to model device.
2025-05-30 20:16:30,512 - INFO - Starting batched model.generate()...
Setting `pad_token_id` to `eos_token_id`:128001 for open-end generation.
2025-05-30 20:16:30,770 - INFO - Batched model.generate() completed.
2025-05-30 20:16:30,771 - INFO - Decoding batch of responses and extracting token probabilities...
2025-05-30 20:16:30,773 - INFO - Input tokens stripped from responses and probabilities extracted.
2025-05-30 20:16:30,774 - INFO - Batch of responses generated.
2025-05-30 20:16:30,775 - INFO - Appended 8 results from batch to /scratch-shared/mschaffelder/data/exp_3/pairwise_rankings/small_vanilla.jsonl
2025-05-30 20:16:30,775 - INFO - Reading line 897 from input file...
2025-05-30 20:16:30,775 - INFO - Added prompt from line 897 to batch.
2025-05-30 20:16:30,775 - INFO - Reading line 898 from input file...
2025-05-30 20:16:30,775 - INFO - Added prompt from line 898 to batch.
2025-05-30 20:16:30,775 - INFO - Reading line 899 from input file...
2025-05-30 20:16:30,775 - INFO - Added prompt from line 899 to batch.
2025-05-30 20:16:30,775 - INFO - Reading line 900 from input file...
2025-05-30 20:16:30,775 - INFO - Added prompt from line 900 to batch.
2025-05-30 20:16:30,776 - INFO - Reading line 901 from input file...
2025-05-30 20:16:30,776 - INFO - Added prompt from line 901 to batch.
2025-05-30 20:16:30,776 - INFO - Reading line 902 from input file...
2025-05-30 20:16:30,776 - INFO - Added prompt from line 902 to batch.
2025-05-30 20:16:30,776 - INFO - Reading line 903 from input file...
2025-05-30 20:16:30,776 - INFO - Added prompt from line 903 to batch.
2025-05-30 20:16:30,776 - INFO - Reading line 904 from input file...
2025-05-30 20:16:30,776 - INFO - Added prompt from line 904 to batch.
2025-05-30 20:16:30,776 - INFO - Processing batch of 8 prompts (up to line 904)...
2025-05-30 20:16:30,776 - INFO - Generating rankings for batch of 8 pairs of prompts. System prompt: 'You are a helpful assistant. Your task is to rank the two provided texts. Please explicitly write which of the two texts is of higher quality by writing the corresponding letter in the output, and nothing else.'
2025-05-30 20:16:30,777 - INFO - First formatted prompt for tokenizer (first 100 chars): '<|begin_of_text|><|start_header_id|>system<|end_header_id|>

Cutting Knowledge Date: December 2023
T...'
2025-05-30 20:16:30,777 - INFO - Input device: cuda:0, preparing to move inputs to device.
2025-05-30 20:16:30,780 - INFO - Batch of inputs tokenized, padded, truncated, and moved to model device.
2025-05-30 20:16:30,780 - INFO - Starting batched model.generate()...
Setting `pad_token_id` to `eos_token_id`:128001 for open-end generation.
2025-05-30 20:16:31,003 - INFO - Batched model.generate() completed.
2025-05-30 20:16:31,003 - INFO - Decoding batch of responses and extracting token probabilities...
2025-05-30 20:16:31,005 - INFO - Input tokens stripped from responses and probabilities extracted.
2025-05-30 20:16:31,006 - INFO - Batch of responses generated.
2025-05-30 20:16:31,007 - INFO - Appended 8 results from batch to /scratch-shared/mschaffelder/data/exp_3/pairwise_rankings/small_vanilla.jsonl
2025-05-30 20:16:31,007 - INFO - Reading line 905 from input file...
2025-05-30 20:16:31,007 - INFO - Added prompt from line 905 to batch.
2025-05-30 20:16:31,007 - INFO - Reading line 906 from input file...
2025-05-30 20:16:31,007 - INFO - Added prompt from line 906 to batch.
2025-05-30 20:16:31,007 - INFO - Reading line 907 from input file...
2025-05-30 20:16:31,007 - INFO - Added prompt from line 907 to batch.
2025-05-30 20:16:31,007 - INFO - Reading line 908 from input file...
2025-05-30 20:16:31,007 - INFO - Added prompt from line 908 to batch.
2025-05-30 20:16:31,007 - INFO - Reading line 909 from input file...
2025-05-30 20:16:31,007 - INFO - Added prompt from line 909 to batch.
2025-05-30 20:16:31,007 - INFO - Reading line 910 from input file...
2025-05-30 20:16:31,007 - INFO - Added prompt from line 910 to batch.
2025-05-30 20:16:31,007 - INFO - Reading line 911 from input file...
2025-05-30 20:16:31,007 - INFO - Added prompt from line 911 to batch.
2025-05-30 20:16:31,007 - INFO - Reading line 912 from input file...
2025-05-30 20:16:31,007 - INFO - Added prompt from line 912 to batch.
2025-05-30 20:16:31,007 - INFO - Processing batch of 8 prompts (up to line 912)...
2025-05-30 20:16:31,007 - INFO - Generating rankings for batch of 8 pairs of prompts. System prompt: 'You are a helpful assistant. Your task is to rank the two provided texts. Please explicitly write which of the two texts is of higher quality by writing the corresponding letter in the output, and nothing else.'
2025-05-30 20:16:31,008 - INFO - First formatted prompt for tokenizer (first 100 chars): '<|begin_of_text|><|start_header_id|>system<|end_header_id|>

Cutting Knowledge Date: December 2023
T...'
2025-05-30 20:16:31,008 - INFO - Input device: cuda:0, preparing to move inputs to device.
2025-05-30 20:16:31,010 - INFO - Batch of inputs tokenized, padded, truncated, and moved to model device.
2025-05-30 20:16:31,010 - INFO - Starting batched model.generate()...
Setting `pad_token_id` to `eos_token_id`:128001 for open-end generation.
2025-05-30 20:16:31,164 - INFO - Batched model.generate() completed.
2025-05-30 20:16:31,165 - INFO - Decoding batch of responses and extracting token probabilities...
2025-05-30 20:16:31,167 - INFO - Input tokens stripped from responses and probabilities extracted.
2025-05-30 20:16:31,167 - INFO - Batch of responses generated.
2025-05-30 20:16:31,168 - INFO - Appended 8 results from batch to /scratch-shared/mschaffelder/data/exp_3/pairwise_rankings/small_vanilla.jsonl
2025-05-30 20:16:31,169 - INFO - Reading line 913 from input file...
2025-05-30 20:16:31,169 - INFO - Added prompt from line 913 to batch.
2025-05-30 20:16:31,169 - INFO - Reading line 914 from input file...
2025-05-30 20:16:31,169 - INFO - Added prompt from line 914 to batch.
2025-05-30 20:16:31,169 - INFO - Reading line 915 from input file...
2025-05-30 20:16:31,169 - INFO - Added prompt from line 915 to batch.
2025-05-30 20:16:31,169 - INFO - Reading line 916 from input file...
2025-05-30 20:16:31,169 - INFO - Added prompt from line 916 to batch.
2025-05-30 20:16:31,169 - INFO - Reading line 917 from input file...
2025-05-30 20:16:31,169 - INFO - Added prompt from line 917 to batch.
2025-05-30 20:16:31,169 - INFO - Reading line 918 from input file...
2025-05-30 20:16:31,169 - INFO - Added prompt from line 918 to batch.
2025-05-30 20:16:31,169 - INFO - Reading line 919 from input file...
2025-05-30 20:16:31,169 - INFO - Added prompt from line 919 to batch.
2025-05-30 20:16:31,169 - INFO - Reading line 920 from input file...
2025-05-30 20:16:31,169 - INFO - Added prompt from line 920 to batch.
2025-05-30 20:16:31,169 - INFO - Processing batch of 8 prompts (up to line 920)...
2025-05-30 20:16:31,169 - INFO - Generating rankings for batch of 8 pairs of prompts. System prompt: 'You are a helpful assistant. Your task is to rank the two provided texts. Please explicitly write which of the two texts is of higher quality by writing the corresponding letter in the output, and nothing else.'
2025-05-30 20:16:31,169 - INFO - First formatted prompt for tokenizer (first 100 chars): '<|begin_of_text|><|start_header_id|>system<|end_header_id|>

Cutting Knowledge Date: December 2023
T...'
2025-05-30 20:16:31,170 - INFO - Input device: cuda:0, preparing to move inputs to device.
2025-05-30 20:16:31,173 - INFO - Batch of inputs tokenized, padded, truncated, and moved to model device.
2025-05-30 20:16:31,173 - INFO - Starting batched model.generate()...
Setting `pad_token_id` to `eos_token_id`:128001 for open-end generation.
2025-05-30 20:16:31,368 - INFO - Batched model.generate() completed.
2025-05-30 20:16:31,368 - INFO - Decoding batch of responses and extracting token probabilities...
2025-05-30 20:16:31,370 - INFO - Input tokens stripped from responses and probabilities extracted.
2025-05-30 20:16:31,370 - INFO - Batch of responses generated.
2025-05-30 20:16:31,372 - INFO - Appended 8 results from batch to /scratch-shared/mschaffelder/data/exp_3/pairwise_rankings/small_vanilla.jsonl
2025-05-30 20:16:31,372 - INFO - Reading line 921 from input file...
2025-05-30 20:16:31,372 - INFO - Added prompt from line 921 to batch.
2025-05-30 20:16:31,372 - INFO - Reading line 922 from input file...
2025-05-30 20:16:31,372 - INFO - Added prompt from line 922 to batch.
2025-05-30 20:16:31,372 - INFO - Reading line 923 from input file...
2025-05-30 20:16:31,372 - INFO - Added prompt from line 923 to batch.
2025-05-30 20:16:31,372 - INFO - Reading line 924 from input file...
2025-05-30 20:16:31,372 - INFO - Added prompt from line 924 to batch.
2025-05-30 20:16:31,372 - INFO - Reading line 925 from input file...
2025-05-30 20:16:31,372 - INFO - Added prompt from line 925 to batch.
2025-05-30 20:16:31,372 - INFO - Reading line 926 from input file...
2025-05-30 20:16:31,372 - INFO - Added prompt from line 926 to batch.
2025-05-30 20:16:31,372 - INFO - Reading line 927 from input file...
2025-05-30 20:16:31,372 - INFO - Added prompt from line 927 to batch.
2025-05-30 20:16:31,372 - INFO - Reading line 928 from input file...
2025-05-30 20:16:31,372 - INFO - Added prompt from line 928 to batch.
2025-05-30 20:16:31,372 - INFO - Processing batch of 8 prompts (up to line 928)...
2025-05-30 20:16:31,372 - INFO - Generating rankings for batch of 8 pairs of prompts. System prompt: 'You are a helpful assistant. Your task is to rank the two provided texts. Please explicitly write which of the two texts is of higher quality by writing the corresponding letter in the output, and nothing else.'
2025-05-30 20:16:31,373 - INFO - First formatted prompt for tokenizer (first 100 chars): '<|begin_of_text|><|start_header_id|>system<|end_header_id|>

Cutting Knowledge Date: December 2023
T...'
2025-05-30 20:16:31,373 - INFO - Input device: cuda:0, preparing to move inputs to device.
2025-05-30 20:16:31,376 - INFO - Batch of inputs tokenized, padded, truncated, and moved to model device.
2025-05-30 20:16:31,376 - INFO - Starting batched model.generate()...
Setting `pad_token_id` to `eos_token_id`:128001 for open-end generation.
2025-05-30 20:16:31,560 - INFO - Batched model.generate() completed.
2025-05-30 20:16:31,561 - INFO - Decoding batch of responses and extracting token probabilities...
2025-05-30 20:16:31,564 - INFO - Input tokens stripped from responses and probabilities extracted.
2025-05-30 20:16:31,564 - INFO - Batch of responses generated.
2025-05-30 20:16:31,565 - INFO - Appended 8 results from batch to /scratch-shared/mschaffelder/data/exp_3/pairwise_rankings/small_vanilla.jsonl
2025-05-30 20:16:31,565 - INFO - Reading line 929 from input file...
2025-05-30 20:16:31,565 - INFO - Added prompt from line 929 to batch.
2025-05-30 20:16:31,565 - INFO - Reading line 930 from input file...
2025-05-30 20:16:31,565 - INFO - Added prompt from line 930 to batch.
2025-05-30 20:16:31,565 - INFO - Reading line 931 from input file...
2025-05-30 20:16:31,565 - INFO - Added prompt from line 931 to batch.
2025-05-30 20:16:31,565 - INFO - Reading line 932 from input file...
2025-05-30 20:16:31,565 - INFO - Added prompt from line 932 to batch.
2025-05-30 20:16:31,565 - INFO - Reading line 933 from input file...
2025-05-30 20:16:31,565 - INFO - Added prompt from line 933 to batch.
2025-05-30 20:16:31,565 - INFO - Reading line 934 from input file...
2025-05-30 20:16:31,565 - INFO - Added prompt from line 934 to batch.
2025-05-30 20:16:31,565 - INFO - Reading line 935 from input file...
2025-05-30 20:16:31,565 - INFO - Added prompt from line 935 to batch.
2025-05-30 20:16:31,565 - INFO - Reading line 936 from input file...
2025-05-30 20:16:31,566 - INFO - Added prompt from line 936 to batch.
2025-05-30 20:16:31,566 - INFO - Processing batch of 8 prompts (up to line 936)...
2025-05-30 20:16:31,566 - INFO - Generating rankings for batch of 8 pairs of prompts. System prompt: 'You are a helpful assistant. Your task is to rank the two provided texts. Please explicitly write which of the two texts is of higher quality by writing the corresponding letter in the output, and nothing else.'
2025-05-30 20:16:31,566 - INFO - First formatted prompt for tokenizer (first 100 chars): '<|begin_of_text|><|start_header_id|>system<|end_header_id|>

Cutting Knowledge Date: December 2023
T...'
2025-05-30 20:16:31,566 - INFO - Input device: cuda:0, preparing to move inputs to device.
2025-05-30 20:16:31,569 - INFO - Batch of inputs tokenized, padded, truncated, and moved to model device.
2025-05-30 20:16:31,569 - INFO - Starting batched model.generate()...
Setting `pad_token_id` to `eos_token_id`:128001 for open-end generation.
2025-05-30 20:16:31,752 - INFO - Batched model.generate() completed.
2025-05-30 20:16:31,752 - INFO - Decoding batch of responses and extracting token probabilities...
2025-05-30 20:16:31,754 - INFO - Input tokens stripped from responses and probabilities extracted.
2025-05-30 20:16:31,754 - INFO - Batch of responses generated.
2025-05-30 20:16:31,756 - INFO - Appended 8 results from batch to /scratch-shared/mschaffelder/data/exp_3/pairwise_rankings/small_vanilla.jsonl
2025-05-30 20:16:31,756 - INFO - Reading line 937 from input file...
2025-05-30 20:16:31,756 - INFO - Added prompt from line 937 to batch.
2025-05-30 20:16:31,756 - INFO - Reading line 938 from input file...
2025-05-30 20:16:31,756 - INFO - Added prompt from line 938 to batch.
2025-05-30 20:16:31,756 - INFO - Reading line 939 from input file...
2025-05-30 20:16:31,756 - INFO - Added prompt from line 939 to batch.
2025-05-30 20:16:31,756 - INFO - Reading line 940 from input file...
2025-05-30 20:16:31,756 - INFO - Added prompt from line 940 to batch.
2025-05-30 20:16:31,756 - INFO - Reading line 941 from input file...
2025-05-30 20:16:31,756 - INFO - Added prompt from line 941 to batch.
2025-05-30 20:16:31,756 - INFO - Reading line 942 from input file...
2025-05-30 20:16:31,756 - INFO - Added prompt from line 942 to batch.
2025-05-30 20:16:31,756 - INFO - Reading line 943 from input file...
2025-05-30 20:16:31,756 - INFO - Added prompt from line 943 to batch.
2025-05-30 20:16:31,756 - INFO - Reading line 944 from input file...
2025-05-30 20:16:31,756 - INFO - Added prompt from line 944 to batch.
2025-05-30 20:16:31,756 - INFO - Processing batch of 8 prompts (up to line 944)...
2025-05-30 20:16:31,756 - INFO - Generating rankings for batch of 8 pairs of prompts. System prompt: 'You are a helpful assistant. Your task is to rank the two provided texts. Please explicitly write which of the two texts is of higher quality by writing the corresponding letter in the output, and nothing else.'
2025-05-30 20:16:31,757 - INFO - First formatted prompt for tokenizer (first 100 chars): '<|begin_of_text|><|start_header_id|>system<|end_header_id|>

Cutting Knowledge Date: December 2023
T...'
2025-05-30 20:16:31,757 - INFO - Input device: cuda:0, preparing to move inputs to device.
2025-05-30 20:16:31,759 - INFO - Batch of inputs tokenized, padded, truncated, and moved to model device.
2025-05-30 20:16:31,759 - INFO - Starting batched model.generate()...
Setting `pad_token_id` to `eos_token_id`:128001 for open-end generation.
2025-05-30 20:16:31,921 - INFO - Batched model.generate() completed.
2025-05-30 20:16:31,921 - INFO - Decoding batch of responses and extracting token probabilities...
2025-05-30 20:16:31,923 - INFO - Input tokens stripped from responses and probabilities extracted.
2025-05-30 20:16:31,924 - INFO - Batch of responses generated.
2025-05-30 20:16:31,925 - INFO - Appended 8 results from batch to /scratch-shared/mschaffelder/data/exp_3/pairwise_rankings/small_vanilla.jsonl
2025-05-30 20:16:31,925 - INFO - Reading line 945 from input file...
2025-05-30 20:16:31,925 - INFO - Added prompt from line 945 to batch.
2025-05-30 20:16:31,925 - INFO - Reading line 946 from input file...
2025-05-30 20:16:31,925 - INFO - Added prompt from line 946 to batch.
2025-05-30 20:16:31,925 - INFO - Reading line 947 from input file...
2025-05-30 20:16:31,925 - INFO - Added prompt from line 947 to batch.
2025-05-30 20:16:31,925 - INFO - Reading line 948 from input file...
2025-05-30 20:16:31,925 - INFO - Added prompt from line 948 to batch.
2025-05-30 20:16:31,925 - INFO - Reading line 949 from input file...
2025-05-30 20:16:31,925 - INFO - Added prompt from line 949 to batch.
2025-05-30 20:16:31,925 - INFO - Reading line 950 from input file...
2025-05-30 20:16:31,925 - INFO - Added prompt from line 950 to batch.
2025-05-30 20:16:31,925 - INFO - Reading line 951 from input file...
2025-05-30 20:16:31,925 - INFO - Added prompt from line 951 to batch.
2025-05-30 20:16:31,925 - INFO - Reading line 952 from input file...
2025-05-30 20:16:31,925 - INFO - Added prompt from line 952 to batch.
2025-05-30 20:16:31,925 - INFO - Processing batch of 8 prompts (up to line 952)...
2025-05-30 20:16:31,925 - INFO - Generating rankings for batch of 8 pairs of prompts. System prompt: 'You are a helpful assistant. Your task is to rank the two provided texts. Please explicitly write which of the two texts is of higher quality by writing the corresponding letter in the output, and nothing else.'
2025-05-30 20:16:31,926 - INFO - First formatted prompt for tokenizer (first 100 chars): '<|begin_of_text|><|start_header_id|>system<|end_header_id|>

Cutting Knowledge Date: December 2023
T...'
2025-05-30 20:16:31,926 - INFO - Input device: cuda:0, preparing to move inputs to device.
2025-05-30 20:16:31,928 - INFO - Batch of inputs tokenized, padded, truncated, and moved to model device.
2025-05-30 20:16:31,928 - INFO - Starting batched model.generate()...
Setting `pad_token_id` to `eos_token_id`:128001 for open-end generation.
2025-05-30 20:16:32,097 - INFO - Batched model.generate() completed.
2025-05-30 20:16:32,097 - INFO - Decoding batch of responses and extracting token probabilities...
2025-05-30 20:16:32,100 - INFO - Input tokens stripped from responses and probabilities extracted.
2025-05-30 20:16:32,100 - INFO - Batch of responses generated.
2025-05-30 20:16:32,101 - INFO - Appended 8 results from batch to /scratch-shared/mschaffelder/data/exp_3/pairwise_rankings/small_vanilla.jsonl
2025-05-30 20:16:32,101 - INFO - Reading line 953 from input file...
2025-05-30 20:16:32,101 - INFO - Added prompt from line 953 to batch.
2025-05-30 20:16:32,101 - INFO - Reading line 954 from input file...
2025-05-30 20:16:32,101 - INFO - Added prompt from line 954 to batch.
2025-05-30 20:16:32,101 - INFO - Reading line 955 from input file...
2025-05-30 20:16:32,101 - INFO - Added prompt from line 955 to batch.
2025-05-30 20:16:32,101 - INFO - Reading line 956 from input file...
2025-05-30 20:16:32,101 - INFO - Added prompt from line 956 to batch.
2025-05-30 20:16:32,101 - INFO - Reading line 957 from input file...
2025-05-30 20:16:32,101 - INFO - Added prompt from line 957 to batch.
2025-05-30 20:16:32,101 - INFO - Reading line 958 from input file...
2025-05-30 20:16:32,101 - INFO - Added prompt from line 958 to batch.
2025-05-30 20:16:32,101 - INFO - Reading line 959 from input file...
2025-05-30 20:16:32,101 - INFO - Added prompt from line 959 to batch.
2025-05-30 20:16:32,101 - INFO - Reading line 960 from input file...
2025-05-30 20:16:32,101 - INFO - Added prompt from line 960 to batch.
2025-05-30 20:16:32,101 - INFO - Processing batch of 8 prompts (up to line 960)...
2025-05-30 20:16:32,101 - INFO - Generating rankings for batch of 8 pairs of prompts. System prompt: 'You are a helpful assistant. Your task is to rank the two provided texts. Please explicitly write which of the two texts is of higher quality by writing the corresponding letter in the output, and nothing else.'
2025-05-30 20:16:32,102 - INFO - First formatted prompt for tokenizer (first 100 chars): '<|begin_of_text|><|start_header_id|>system<|end_header_id|>

Cutting Knowledge Date: December 2023
T...'
2025-05-30 20:16:32,102 - INFO - Input device: cuda:0, preparing to move inputs to device.
2025-05-30 20:16:32,104 - INFO - Batch of inputs tokenized, padded, truncated, and moved to model device.
2025-05-30 20:16:32,105 - INFO - Starting batched model.generate()...
Setting `pad_token_id` to `eos_token_id`:128001 for open-end generation.
2025-05-30 20:16:32,262 - INFO - Batched model.generate() completed.
2025-05-30 20:16:32,262 - INFO - Decoding batch of responses and extracting token probabilities...
2025-05-30 20:16:32,264 - INFO - Input tokens stripped from responses and probabilities extracted.
2025-05-30 20:16:32,264 - INFO - Batch of responses generated.
2025-05-30 20:16:32,265 - INFO - Appended 8 results from batch to /scratch-shared/mschaffelder/data/exp_3/pairwise_rankings/small_vanilla.jsonl
2025-05-30 20:16:32,265 - INFO - Reading line 961 from input file...
2025-05-30 20:16:32,266 - INFO - Added prompt from line 961 to batch.
2025-05-30 20:16:32,266 - INFO - Reading line 962 from input file...
2025-05-30 20:16:32,266 - INFO - Added prompt from line 962 to batch.
2025-05-30 20:16:32,266 - INFO - Reading line 963 from input file...
2025-05-30 20:16:32,266 - INFO - Added prompt from line 963 to batch.
2025-05-30 20:16:32,266 - INFO - Reading line 964 from input file...
2025-05-30 20:16:32,266 - INFO - Added prompt from line 964 to batch.
2025-05-30 20:16:32,266 - INFO - Reading line 965 from input file...
2025-05-30 20:16:32,266 - INFO - Added prompt from line 965 to batch.
2025-05-30 20:16:32,266 - INFO - Reading line 966 from input file...
2025-05-30 20:16:32,266 - INFO - Added prompt from line 966 to batch.
2025-05-30 20:16:32,266 - INFO - Reading line 967 from input file...
2025-05-30 20:16:32,266 - INFO - Added prompt from line 967 to batch.
2025-05-30 20:16:32,266 - INFO - Reading line 968 from input file...
2025-05-30 20:16:32,266 - INFO - Added prompt from line 968 to batch.
2025-05-30 20:16:32,266 - INFO - Processing batch of 8 prompts (up to line 968)...
2025-05-30 20:16:32,266 - INFO - Generating rankings for batch of 8 pairs of prompts. System prompt: 'You are a helpful assistant. Your task is to rank the two provided texts. Please explicitly write which of the two texts is of higher quality by writing the corresponding letter in the output, and nothing else.'
2025-05-30 20:16:32,267 - INFO - First formatted prompt for tokenizer (first 100 chars): '<|begin_of_text|><|start_header_id|>system<|end_header_id|>

Cutting Knowledge Date: December 2023
T...'
2025-05-30 20:16:32,267 - INFO - Input device: cuda:0, preparing to move inputs to device.
2025-05-30 20:16:32,269 - INFO - Batch of inputs tokenized, padded, truncated, and moved to model device.
2025-05-30 20:16:32,269 - INFO - Starting batched model.generate()...
Setting `pad_token_id` to `eos_token_id`:128001 for open-end generation.
2025-05-30 20:16:32,430 - INFO - Batched model.generate() completed.
2025-05-30 20:16:32,431 - INFO - Decoding batch of responses and extracting token probabilities...
2025-05-30 20:16:32,433 - INFO - Input tokens stripped from responses and probabilities extracted.
2025-05-30 20:16:32,433 - INFO - Batch of responses generated.
2025-05-30 20:16:32,434 - INFO - Appended 8 results from batch to /scratch-shared/mschaffelder/data/exp_3/pairwise_rankings/small_vanilla.jsonl
2025-05-30 20:16:32,434 - INFO - Reading line 969 from input file...
2025-05-30 20:16:32,434 - INFO - Added prompt from line 969 to batch.
2025-05-30 20:16:32,435 - INFO - Reading line 970 from input file...
2025-05-30 20:16:32,435 - INFO - Added prompt from line 970 to batch.
2025-05-30 20:16:32,435 - INFO - Reading line 971 from input file...
2025-05-30 20:16:32,435 - INFO - Added prompt from line 971 to batch.
2025-05-30 20:16:32,435 - INFO - Reading line 972 from input file...
2025-05-30 20:16:32,435 - INFO - Added prompt from line 972 to batch.
2025-05-30 20:16:32,435 - INFO - Reading line 973 from input file...
2025-05-30 20:16:32,435 - INFO - Added prompt from line 973 to batch.
2025-05-30 20:16:32,435 - INFO - Reading line 974 from input file...
2025-05-30 20:16:32,435 - INFO - Added prompt from line 974 to batch.
2025-05-30 20:16:32,435 - INFO - Reading line 975 from input file...
2025-05-30 20:16:32,435 - INFO - Added prompt from line 975 to batch.
2025-05-30 20:16:32,435 - INFO - Reading line 976 from input file...
2025-05-30 20:16:32,435 - INFO - Added prompt from line 976 to batch.
2025-05-30 20:16:32,435 - INFO - Processing batch of 8 prompts (up to line 976)...
2025-05-30 20:16:32,435 - INFO - Generating rankings for batch of 8 pairs of prompts. System prompt: 'You are a helpful assistant. Your task is to rank the two provided texts. Please explicitly write which of the two texts is of higher quality by writing the corresponding letter in the output, and nothing else.'
2025-05-30 20:16:32,435 - INFO - First formatted prompt for tokenizer (first 100 chars): '<|begin_of_text|><|start_header_id|>system<|end_header_id|>

Cutting Knowledge Date: December 2023
T...'
2025-05-30 20:16:32,435 - INFO - Input device: cuda:0, preparing to move inputs to device.
2025-05-30 20:16:32,438 - INFO - Batch of inputs tokenized, padded, truncated, and moved to model device.
2025-05-30 20:16:32,439 - INFO - Starting batched model.generate()...
Setting `pad_token_id` to `eos_token_id`:128001 for open-end generation.
2025-05-30 20:16:32,636 - INFO - Batched model.generate() completed.
2025-05-30 20:16:32,637 - INFO - Decoding batch of responses and extracting token probabilities...
2025-05-30 20:16:32,639 - INFO - Input tokens stripped from responses and probabilities extracted.
2025-05-30 20:16:32,640 - INFO - Batch of responses generated.
2025-05-30 20:16:32,641 - INFO - Appended 8 results from batch to /scratch-shared/mschaffelder/data/exp_3/pairwise_rankings/small_vanilla.jsonl
2025-05-30 20:16:32,641 - INFO - Reading line 977 from input file...
2025-05-30 20:16:32,641 - INFO - Added prompt from line 977 to batch.
2025-05-30 20:16:32,641 - INFO - Reading line 978 from input file...
2025-05-30 20:16:32,641 - INFO - Added prompt from line 978 to batch.
2025-05-30 20:16:32,641 - INFO - Reading line 979 from input file...
2025-05-30 20:16:32,641 - INFO - Added prompt from line 979 to batch.
2025-05-30 20:16:32,641 - INFO - Reading line 980 from input file...
2025-05-30 20:16:32,641 - INFO - Added prompt from line 980 to batch.
2025-05-30 20:16:32,641 - INFO - Reading line 981 from input file...
2025-05-30 20:16:32,641 - INFO - Added prompt from line 981 to batch.
2025-05-30 20:16:32,641 - INFO - Reading line 982 from input file...
2025-05-30 20:16:32,641 - INFO - Added prompt from line 982 to batch.
2025-05-30 20:16:32,641 - INFO - Reading line 983 from input file...
2025-05-30 20:16:32,641 - INFO - Added prompt from line 983 to batch.
2025-05-30 20:16:32,641 - INFO - Reading line 984 from input file...
2025-05-30 20:16:32,642 - INFO - Added prompt from line 984 to batch.
2025-05-30 20:16:32,642 - INFO - Processing batch of 8 prompts (up to line 984)...
2025-05-30 20:16:32,642 - INFO - Generating rankings for batch of 8 pairs of prompts. System prompt: 'You are a helpful assistant. Your task is to rank the two provided texts. Please explicitly write which of the two texts is of higher quality by writing the corresponding letter in the output, and nothing else.'
2025-05-30 20:16:32,642 - INFO - First formatted prompt for tokenizer (first 100 chars): '<|begin_of_text|><|start_header_id|>system<|end_header_id|>

Cutting Knowledge Date: December 2023
T...'
2025-05-30 20:16:32,642 - INFO - Input device: cuda:0, preparing to move inputs to device.
2025-05-30 20:16:32,645 - INFO - Batch of inputs tokenized, padded, truncated, and moved to model device.
2025-05-30 20:16:32,645 - INFO - Starting batched model.generate()...
Setting `pad_token_id` to `eos_token_id`:128001 for open-end generation.
2025-05-30 20:16:32,840 - INFO - Batched model.generate() completed.
2025-05-30 20:16:32,840 - INFO - Decoding batch of responses and extracting token probabilities...
2025-05-30 20:16:32,843 - INFO - Input tokens stripped from responses and probabilities extracted.
2025-05-30 20:16:32,843 - INFO - Batch of responses generated.
2025-05-30 20:16:32,844 - INFO - Appended 8 results from batch to /scratch-shared/mschaffelder/data/exp_3/pairwise_rankings/small_vanilla.jsonl
2025-05-30 20:16:32,844 - INFO - Reading line 985 from input file...
2025-05-30 20:16:32,844 - INFO - Added prompt from line 985 to batch.
2025-05-30 20:16:32,844 - INFO - Reading line 986 from input file...
2025-05-30 20:16:32,844 - INFO - Added prompt from line 986 to batch.
2025-05-30 20:16:32,844 - INFO - Reading line 987 from input file...
2025-05-30 20:16:32,844 - INFO - Added prompt from line 987 to batch.
2025-05-30 20:16:32,844 - INFO - Reading line 988 from input file...
2025-05-30 20:16:32,844 - INFO - Added prompt from line 988 to batch.
2025-05-30 20:16:32,844 - INFO - Reading line 989 from input file...
2025-05-30 20:16:32,844 - INFO - Added prompt from line 989 to batch.
2025-05-30 20:16:32,844 - INFO - Reading line 990 from input file...
2025-05-30 20:16:32,844 - INFO - Added prompt from line 990 to batch.
2025-05-30 20:16:32,844 - INFO - Reading line 991 from input file...
2025-05-30 20:16:32,844 - INFO - Added prompt from line 991 to batch.
2025-05-30 20:16:32,844 - INFO - Reading line 992 from input file...
2025-05-30 20:16:32,845 - INFO - Added prompt from line 992 to batch.
2025-05-30 20:16:32,845 - INFO - Processing batch of 8 prompts (up to line 992)...
2025-05-30 20:16:32,845 - INFO - Generating rankings for batch of 8 pairs of prompts. System prompt: 'You are a helpful assistant. Your task is to rank the two provided texts. Please explicitly write which of the two texts is of higher quality by writing the corresponding letter in the output, and nothing else.'
2025-05-30 20:16:32,845 - INFO - First formatted prompt for tokenizer (first 100 chars): '<|begin_of_text|><|start_header_id|>system<|end_header_id|>

Cutting Knowledge Date: December 2023
T...'
2025-05-30 20:16:32,845 - INFO - Input device: cuda:0, preparing to move inputs to device.
2025-05-30 20:16:32,848 - INFO - Batch of inputs tokenized, padded, truncated, and moved to model device.
2025-05-30 20:16:32,848 - INFO - Starting batched model.generate()...
Setting `pad_token_id` to `eos_token_id`:128001 for open-end generation.
2025-05-30 20:16:33,009 - INFO - Batched model.generate() completed.
2025-05-30 20:16:33,009 - INFO - Decoding batch of responses and extracting token probabilities...
2025-05-30 20:16:33,011 - INFO - Input tokens stripped from responses and probabilities extracted.
2025-05-30 20:16:33,012 - INFO - Batch of responses generated.
2025-05-30 20:16:33,013 - INFO - Appended 8 results from batch to /scratch-shared/mschaffelder/data/exp_3/pairwise_rankings/small_vanilla.jsonl
2025-05-30 20:16:33,013 - INFO - Reading line 993 from input file...
2025-05-30 20:16:33,013 - INFO - Added prompt from line 993 to batch.
2025-05-30 20:16:33,013 - INFO - Reading line 994 from input file...
2025-05-30 20:16:33,013 - INFO - Added prompt from line 994 to batch.
2025-05-30 20:16:33,013 - INFO - Reading line 995 from input file...
2025-05-30 20:16:33,013 - INFO - Added prompt from line 995 to batch.
2025-05-30 20:16:33,013 - INFO - Reading line 996 from input file...
2025-05-30 20:16:33,013 - INFO - Added prompt from line 996 to batch.
2025-05-30 20:16:33,013 - INFO - Reading line 997 from input file...
2025-05-30 20:16:33,013 - INFO - Added prompt from line 997 to batch.
2025-05-30 20:16:33,013 - INFO - Reading line 998 from input file...
2025-05-30 20:16:33,013 - INFO - Added prompt from line 998 to batch.
2025-05-30 20:16:33,013 - INFO - Reading line 999 from input file...
2025-05-30 20:16:33,013 - INFO - Added prompt from line 999 to batch.
2025-05-30 20:16:33,013 - INFO - Reading line 1000 from input file...
2025-05-30 20:16:33,013 - INFO - Added prompt from line 1000 to batch.
2025-05-30 20:16:33,013 - INFO - Processing batch of 8 prompts (up to line 1000)...
2025-05-30 20:16:33,013 - INFO - Generating rankings for batch of 8 pairs of prompts. System prompt: 'You are a helpful assistant. Your task is to rank the two provided texts. Please explicitly write which of the two texts is of higher quality by writing the corresponding letter in the output, and nothing else.'
2025-05-30 20:16:33,014 - INFO - First formatted prompt for tokenizer (first 100 chars): '<|begin_of_text|><|start_header_id|>system<|end_header_id|>

Cutting Knowledge Date: December 2023
T...'
2025-05-30 20:16:33,014 - INFO - Input device: cuda:0, preparing to move inputs to device.
2025-05-30 20:16:33,016 - INFO - Batch of inputs tokenized, padded, truncated, and moved to model device.
2025-05-30 20:16:33,016 - INFO - Starting batched model.generate()...
Setting `pad_token_id` to `eos_token_id`:128001 for open-end generation.
2025-05-30 20:16:33,163 - INFO - Batched model.generate() completed.
2025-05-30 20:16:33,163 - INFO - Decoding batch of responses and extracting token probabilities...
2025-05-30 20:16:33,165 - INFO - Input tokens stripped from responses and probabilities extracted.
2025-05-30 20:16:33,165 - INFO - Batch of responses generated.
2025-05-30 20:16:33,166 - INFO - Appended 8 results from batch to /scratch-shared/mschaffelder/data/exp_3/pairwise_rankings/small_vanilla.jsonl
2025-05-30 20:16:33,166 - INFO - Reading line 1001 from input file...
2025-05-30 20:16:33,166 - INFO - Added prompt from line 1001 to batch.
2025-05-30 20:16:33,166 - INFO - Reading line 1002 from input file...
2025-05-30 20:16:33,166 - INFO - Added prompt from line 1002 to batch.
2025-05-30 20:16:33,166 - INFO - Reading line 1003 from input file...
2025-05-30 20:16:33,166 - INFO - Added prompt from line 1003 to batch.
2025-05-30 20:16:33,166 - INFO - Reading line 1004 from input file...
2025-05-30 20:16:33,166 - INFO - Added prompt from line 1004 to batch.
2025-05-30 20:16:33,166 - INFO - Reading line 1005 from input file...
2025-05-30 20:16:33,166 - INFO - Added prompt from line 1005 to batch.
2025-05-30 20:16:33,166 - INFO - Reading line 1006 from input file...
2025-05-30 20:16:33,166 - INFO - Added prompt from line 1006 to batch.
2025-05-30 20:16:33,167 - INFO - Reading line 1007 from input file...
2025-05-30 20:16:33,167 - INFO - Added prompt from line 1007 to batch.
2025-05-30 20:16:33,167 - INFO - Reading line 1008 from input file...
2025-05-30 20:16:33,167 - INFO - Added prompt from line 1008 to batch.
2025-05-30 20:16:33,167 - INFO - Processing batch of 8 prompts (up to line 1008)...
2025-05-30 20:16:33,167 - INFO - Generating rankings for batch of 8 pairs of prompts. System prompt: 'You are a helpful assistant. Your task is to rank the two provided texts. Please explicitly write which of the two texts is of higher quality by writing the corresponding letter in the output, and nothing else.'
2025-05-30 20:16:33,167 - INFO - First formatted prompt for tokenizer (first 100 chars): '<|begin_of_text|><|start_header_id|>system<|end_header_id|>

Cutting Knowledge Date: December 2023
T...'
2025-05-30 20:16:33,167 - INFO - Input device: cuda:0, preparing to move inputs to device.
2025-05-30 20:16:33,170 - INFO - Batch of inputs tokenized, padded, truncated, and moved to model device.
2025-05-30 20:16:33,170 - INFO - Starting batched model.generate()...
Setting `pad_token_id` to `eos_token_id`:128001 for open-end generation.
2025-05-30 20:16:33,319 - INFO - Batched model.generate() completed.
2025-05-30 20:16:33,319 - INFO - Decoding batch of responses and extracting token probabilities...
2025-05-30 20:16:33,321 - INFO - Input tokens stripped from responses and probabilities extracted.
2025-05-30 20:16:33,322 - INFO - Batch of responses generated.
2025-05-30 20:16:33,323 - INFO - Appended 8 results from batch to /scratch-shared/mschaffelder/data/exp_3/pairwise_rankings/small_vanilla.jsonl
2025-05-30 20:16:33,323 - INFO - Reading line 1009 from input file...
2025-05-30 20:16:33,323 - INFO - Added prompt from line 1009 to batch.
2025-05-30 20:16:33,323 - INFO - Reading line 1010 from input file...
2025-05-30 20:16:33,323 - INFO - Added prompt from line 1010 to batch.
2025-05-30 20:16:33,323 - INFO - Reading line 1011 from input file...
2025-05-30 20:16:33,323 - INFO - Added prompt from line 1011 to batch.
2025-05-30 20:16:33,323 - INFO - Reading line 1012 from input file...
2025-05-30 20:16:33,323 - INFO - Added prompt from line 1012 to batch.
2025-05-30 20:16:33,323 - INFO - Reading line 1013 from input file...
2025-05-30 20:16:33,323 - INFO - Added prompt from line 1013 to batch.
2025-05-30 20:16:33,323 - INFO - Reading line 1014 from input file...
2025-05-30 20:16:33,323 - INFO - Added prompt from line 1014 to batch.
2025-05-30 20:16:33,323 - INFO - Reading line 1015 from input file...
2025-05-30 20:16:33,323 - INFO - Added prompt from line 1015 to batch.
2025-05-30 20:16:33,323 - INFO - Reading line 1016 from input file...
2025-05-30 20:16:33,323 - INFO - Added prompt from line 1016 to batch.
2025-05-30 20:16:33,323 - INFO - Processing batch of 8 prompts (up to line 1016)...
2025-05-30 20:16:33,323 - INFO - Generating rankings for batch of 8 pairs of prompts. System prompt: 'You are a helpful assistant. Your task is to rank the two provided texts. Please explicitly write which of the two texts is of higher quality by writing the corresponding letter in the output, and nothing else.'
2025-05-30 20:16:33,324 - INFO - First formatted prompt for tokenizer (first 100 chars): '<|begin_of_text|><|start_header_id|>system<|end_header_id|>

Cutting Knowledge Date: December 2023
T...'
2025-05-30 20:16:33,324 - INFO - Input device: cuda:0, preparing to move inputs to device.
2025-05-30 20:16:33,327 - INFO - Batch of inputs tokenized, padded, truncated, and moved to model device.
2025-05-30 20:16:33,327 - INFO - Starting batched model.generate()...
Setting `pad_token_id` to `eos_token_id`:128001 for open-end generation.
2025-05-30 20:16:33,514 - INFO - Batched model.generate() completed.
2025-05-30 20:16:33,514 - INFO - Decoding batch of responses and extracting token probabilities...
2025-05-30 20:16:33,517 - INFO - Input tokens stripped from responses and probabilities extracted.
2025-05-30 20:16:33,517 - INFO - Batch of responses generated.
2025-05-30 20:16:33,518 - INFO - Appended 8 results from batch to /scratch-shared/mschaffelder/data/exp_3/pairwise_rankings/small_vanilla.jsonl
2025-05-30 20:16:33,519 - INFO - Reading line 1017 from input file...
2025-05-30 20:16:33,519 - INFO - Added prompt from line 1017 to batch.
2025-05-30 20:16:33,519 - INFO - Reading line 1018 from input file...
2025-05-30 20:16:33,519 - INFO - Added prompt from line 1018 to batch.
2025-05-30 20:16:33,519 - INFO - Reading line 1019 from input file...
2025-05-30 20:16:33,519 - INFO - Added prompt from line 1019 to batch.
2025-05-30 20:16:33,519 - INFO - Reading line 1020 from input file...
2025-05-30 20:16:33,519 - INFO - Added prompt from line 1020 to batch.
2025-05-30 20:16:33,519 - INFO - Reading line 1021 from input file...
2025-05-30 20:16:33,519 - INFO - Added prompt from line 1021 to batch.
2025-05-30 20:16:33,519 - INFO - Reading line 1022 from input file...
2025-05-30 20:16:33,519 - INFO - Added prompt from line 1022 to batch.
2025-05-30 20:16:33,519 - INFO - Reading line 1023 from input file...
2025-05-30 20:16:33,519 - INFO - Added prompt from line 1023 to batch.
2025-05-30 20:16:33,519 - INFO - Reading line 1024 from input file...
2025-05-30 20:16:33,519 - INFO - Added prompt from line 1024 to batch.
2025-05-30 20:16:33,519 - INFO - Processing batch of 8 prompts (up to line 1024)...
2025-05-30 20:16:33,519 - INFO - Generating rankings for batch of 8 pairs of prompts. System prompt: 'You are a helpful assistant. Your task is to rank the two provided texts. Please explicitly write which of the two texts is of higher quality by writing the corresponding letter in the output, and nothing else.'
2025-05-30 20:16:33,520 - INFO - First formatted prompt for tokenizer (first 100 chars): '<|begin_of_text|><|start_header_id|>system<|end_header_id|>

Cutting Knowledge Date: December 2023
T...'
2025-05-30 20:16:33,520 - INFO - Input device: cuda:0, preparing to move inputs to device.
2025-05-30 20:16:33,522 - INFO - Batch of inputs tokenized, padded, truncated, and moved to model device.
2025-05-30 20:16:33,522 - INFO - Starting batched model.generate()...
Setting `pad_token_id` to `eos_token_id`:128001 for open-end generation.
2025-05-30 20:16:33,693 - INFO - Batched model.generate() completed.
2025-05-30 20:16:33,695 - INFO - Decoding batch of responses and extracting token probabilities...
2025-05-30 20:16:33,697 - INFO - Input tokens stripped from responses and probabilities extracted.
2025-05-30 20:16:33,697 - INFO - Batch of responses generated.
2025-05-30 20:16:33,698 - INFO - Appended 8 results from batch to /scratch-shared/mschaffelder/data/exp_3/pairwise_rankings/small_vanilla.jsonl
2025-05-30 20:16:33,699 - INFO - Reading line 1025 from input file...
2025-05-30 20:16:33,699 - INFO - Added prompt from line 1025 to batch.
2025-05-30 20:16:33,699 - INFO - Reading line 1026 from input file...
2025-05-30 20:16:33,699 - INFO - Added prompt from line 1026 to batch.
2025-05-30 20:16:33,699 - INFO - Reading line 1027 from input file...
2025-05-30 20:16:33,699 - INFO - Added prompt from line 1027 to batch.
2025-05-30 20:16:33,699 - INFO - Reading line 1028 from input file...
2025-05-30 20:16:33,699 - INFO - Added prompt from line 1028 to batch.
2025-05-30 20:16:33,699 - INFO - Reading line 1029 from input file...
2025-05-30 20:16:33,699 - INFO - Added prompt from line 1029 to batch.
2025-05-30 20:16:33,699 - INFO - Reading line 1030 from input file...
2025-05-30 20:16:33,699 - INFO - Added prompt from line 1030 to batch.
2025-05-30 20:16:33,699 - INFO - Reading line 1031 from input file...
2025-05-30 20:16:33,699 - INFO - Added prompt from line 1031 to batch.
2025-05-30 20:16:33,699 - INFO - Reading line 1032 from input file...
2025-05-30 20:16:33,699 - INFO - Added prompt from line 1032 to batch.
2025-05-30 20:16:33,699 - INFO - Processing batch of 8 prompts (up to line 1032)...
2025-05-30 20:16:33,699 - INFO - Generating rankings for batch of 8 pairs of prompts. System prompt: 'You are a helpful assistant. Your task is to rank the two provided texts. Please explicitly write which of the two texts is of higher quality by writing the corresponding letter in the output, and nothing else.'
2025-05-30 20:16:33,700 - INFO - First formatted prompt for tokenizer (first 100 chars): '<|begin_of_text|><|start_header_id|>system<|end_header_id|>

Cutting Knowledge Date: December 2023
T...'
2025-05-30 20:16:33,700 - INFO - Input device: cuda:0, preparing to move inputs to device.
2025-05-30 20:16:33,703 - INFO - Batch of inputs tokenized, padded, truncated, and moved to model device.
2025-05-30 20:16:33,703 - INFO - Starting batched model.generate()...
Setting `pad_token_id` to `eos_token_id`:128001 for open-end generation.
2025-05-30 20:16:33,884 - INFO - Batched model.generate() completed.
2025-05-30 20:16:33,884 - INFO - Decoding batch of responses and extracting token probabilities...
2025-05-30 20:16:33,887 - INFO - Input tokens stripped from responses and probabilities extracted.
2025-05-30 20:16:33,887 - INFO - Batch of responses generated.
2025-05-30 20:16:33,888 - INFO - Appended 8 results from batch to /scratch-shared/mschaffelder/data/exp_3/pairwise_rankings/small_vanilla.jsonl
2025-05-30 20:16:33,888 - INFO - Reading line 1033 from input file...
2025-05-30 20:16:33,888 - INFO - Added prompt from line 1033 to batch.
2025-05-30 20:16:33,888 - INFO - Reading line 1034 from input file...
2025-05-30 20:16:33,888 - INFO - Added prompt from line 1034 to batch.
2025-05-30 20:16:33,888 - INFO - Reading line 1035 from input file...
2025-05-30 20:16:33,888 - INFO - Added prompt from line 1035 to batch.
2025-05-30 20:16:33,888 - INFO - Reading line 1036 from input file...
2025-05-30 20:16:33,888 - INFO - Added prompt from line 1036 to batch.
2025-05-30 20:16:33,888 - INFO - Reading line 1037 from input file...
2025-05-30 20:16:33,888 - INFO - Added prompt from line 1037 to batch.
2025-05-30 20:16:33,888 - INFO - Reading line 1038 from input file...
2025-05-30 20:16:33,888 - INFO - Added prompt from line 1038 to batch.
2025-05-30 20:16:33,888 - INFO - Reading line 1039 from input file...
2025-05-30 20:16:33,888 - INFO - Added prompt from line 1039 to batch.
2025-05-30 20:16:33,888 - INFO - Reading line 1040 from input file...
2025-05-30 20:16:33,888 - INFO - Added prompt from line 1040 to batch.
2025-05-30 20:16:33,889 - INFO - Processing batch of 8 prompts (up to line 1040)...
2025-05-30 20:16:33,889 - INFO - Generating rankings for batch of 8 pairs of prompts. System prompt: 'You are a helpful assistant. Your task is to rank the two provided texts. Please explicitly write which of the two texts is of higher quality by writing the corresponding letter in the output, and nothing else.'
2025-05-30 20:16:33,889 - INFO - First formatted prompt for tokenizer (first 100 chars): '<|begin_of_text|><|start_header_id|>system<|end_header_id|>

Cutting Knowledge Date: December 2023
T...'
2025-05-30 20:16:33,889 - INFO - Input device: cuda:0, preparing to move inputs to device.
2025-05-30 20:16:33,892 - INFO - Batch of inputs tokenized, padded, truncated, and moved to model device.
2025-05-30 20:16:33,892 - INFO - Starting batched model.generate()...
Setting `pad_token_id` to `eos_token_id`:128001 for open-end generation.
2025-05-30 20:16:34,106 - INFO - Batched model.generate() completed.
2025-05-30 20:16:34,106 - INFO - Decoding batch of responses and extracting token probabilities...
2025-05-30 20:16:34,109 - INFO - Input tokens stripped from responses and probabilities extracted.
2025-05-30 20:16:34,109 - INFO - Batch of responses generated.
2025-05-30 20:16:34,110 - INFO - Appended 8 results from batch to /scratch-shared/mschaffelder/data/exp_3/pairwise_rankings/small_vanilla.jsonl
2025-05-30 20:16:34,110 - INFO - Reading line 1041 from input file...
2025-05-30 20:16:34,110 - INFO - Added prompt from line 1041 to batch.
2025-05-30 20:16:34,110 - INFO - Reading line 1042 from input file...
2025-05-30 20:16:34,110 - INFO - Added prompt from line 1042 to batch.
2025-05-30 20:16:34,110 - INFO - Reading line 1043 from input file...
2025-05-30 20:16:34,110 - INFO - Added prompt from line 1043 to batch.
2025-05-30 20:16:34,110 - INFO - Reading line 1044 from input file...
2025-05-30 20:16:34,111 - INFO - Added prompt from line 1044 to batch.
2025-05-30 20:16:34,111 - INFO - Reading line 1045 from input file...
2025-05-30 20:16:34,111 - INFO - Added prompt from line 1045 to batch.
2025-05-30 20:16:34,111 - INFO - Reading line 1046 from input file...
2025-05-30 20:16:34,111 - INFO - Added prompt from line 1046 to batch.
2025-05-30 20:16:34,111 - INFO - Reading line 1047 from input file...
2025-05-30 20:16:34,111 - INFO - Added prompt from line 1047 to batch.
2025-05-30 20:16:34,111 - INFO - Reading line 1048 from input file...
2025-05-30 20:16:34,111 - INFO - Added prompt from line 1048 to batch.
2025-05-30 20:16:34,111 - INFO - Processing batch of 8 prompts (up to line 1048)...
2025-05-30 20:16:34,111 - INFO - Generating rankings for batch of 8 pairs of prompts. System prompt: 'You are a helpful assistant. Your task is to rank the two provided texts. Please explicitly write which of the two texts is of higher quality by writing the corresponding letter in the output, and nothing else.'
2025-05-30 20:16:34,111 - INFO - First formatted prompt for tokenizer (first 100 chars): '<|begin_of_text|><|start_header_id|>system<|end_header_id|>

Cutting Knowledge Date: December 2023
T...'
2025-05-30 20:16:34,111 - INFO - Input device: cuda:0, preparing to move inputs to device.
2025-05-30 20:16:34,114 - INFO - Batch of inputs tokenized, padded, truncated, and moved to model device.
2025-05-30 20:16:34,114 - INFO - Starting batched model.generate()...
Setting `pad_token_id` to `eos_token_id`:128001 for open-end generation.
2025-05-30 20:16:34,288 - INFO - Batched model.generate() completed.
2025-05-30 20:16:34,288 - INFO - Decoding batch of responses and extracting token probabilities...
2025-05-30 20:16:34,290 - INFO - Input tokens stripped from responses and probabilities extracted.
2025-05-30 20:16:34,290 - INFO - Batch of responses generated.
2025-05-30 20:16:34,291 - INFO - Appended 8 results from batch to /scratch-shared/mschaffelder/data/exp_3/pairwise_rankings/small_vanilla.jsonl
2025-05-30 20:16:34,291 - INFO - Reading line 1049 from input file...
2025-05-30 20:16:34,292 - INFO - Added prompt from line 1049 to batch.
2025-05-30 20:16:34,292 - INFO - Reading line 1050 from input file...
2025-05-30 20:16:34,292 - INFO - Added prompt from line 1050 to batch.
2025-05-30 20:16:34,292 - INFO - Reading line 1051 from input file...
2025-05-30 20:16:34,292 - INFO - Added prompt from line 1051 to batch.
2025-05-30 20:16:34,292 - INFO - Reading line 1052 from input file...
2025-05-30 20:16:34,292 - INFO - Added prompt from line 1052 to batch.
2025-05-30 20:16:34,292 - INFO - Reading line 1053 from input file...
2025-05-30 20:16:34,292 - INFO - Added prompt from line 1053 to batch.
2025-05-30 20:16:34,292 - INFO - Reading line 1054 from input file...
2025-05-30 20:16:34,292 - INFO - Added prompt from line 1054 to batch.
2025-05-30 20:16:34,292 - INFO - Reading line 1055 from input file...
2025-05-30 20:16:34,292 - INFO - Added prompt from line 1055 to batch.
2025-05-30 20:16:34,292 - INFO - Reading line 1056 from input file...
2025-05-30 20:16:34,292 - INFO - Added prompt from line 1056 to batch.
2025-05-30 20:16:34,292 - INFO - Processing batch of 8 prompts (up to line 1056)...
2025-05-30 20:16:34,292 - INFO - Generating rankings for batch of 8 pairs of prompts. System prompt: 'You are a helpful assistant. Your task is to rank the two provided texts. Please explicitly write which of the two texts is of higher quality by writing the corresponding letter in the output, and nothing else.'
2025-05-30 20:16:34,292 - INFO - First formatted prompt for tokenizer (first 100 chars): '<|begin_of_text|><|start_header_id|>system<|end_header_id|>

Cutting Knowledge Date: December 2023
T...'
2025-05-30 20:16:34,292 - INFO - Input device: cuda:0, preparing to move inputs to device.
2025-05-30 20:16:34,295 - INFO - Batch of inputs tokenized, padded, truncated, and moved to model device.
2025-05-30 20:16:34,295 - INFO - Starting batched model.generate()...
Setting `pad_token_id` to `eos_token_id`:128001 for open-end generation.
2025-05-30 20:16:34,476 - INFO - Batched model.generate() completed.
2025-05-30 20:16:34,476 - INFO - Decoding batch of responses and extracting token probabilities...
2025-05-30 20:16:34,479 - INFO - Input tokens stripped from responses and probabilities extracted.
2025-05-30 20:16:34,479 - INFO - Batch of responses generated.
2025-05-30 20:16:34,480 - INFO - Appended 8 results from batch to /scratch-shared/mschaffelder/data/exp_3/pairwise_rankings/small_vanilla.jsonl
2025-05-30 20:16:34,480 - INFO - Reading line 1057 from input file...
2025-05-30 20:16:34,480 - INFO - Added prompt from line 1057 to batch.
2025-05-30 20:16:34,480 - INFO - Reading line 1058 from input file...
2025-05-30 20:16:34,480 - INFO - Added prompt from line 1058 to batch.
2025-05-30 20:16:34,480 - INFO - Reading line 1059 from input file...
2025-05-30 20:16:34,480 - INFO - Added prompt from line 1059 to batch.
2025-05-30 20:16:34,480 - INFO - Reading line 1060 from input file...
2025-05-30 20:16:34,480 - INFO - Added prompt from line 1060 to batch.
2025-05-30 20:16:34,480 - INFO - Reading line 1061 from input file...
2025-05-30 20:16:34,480 - INFO - Added prompt from line 1061 to batch.
2025-05-30 20:16:34,480 - INFO - Reading line 1062 from input file...
2025-05-30 20:16:34,480 - INFO - Added prompt from line 1062 to batch.
2025-05-30 20:16:34,480 - INFO - Reading line 1063 from input file...
2025-05-30 20:16:34,480 - INFO - Added prompt from line 1063 to batch.
2025-05-30 20:16:34,481 - INFO - Reading line 1064 from input file...
2025-05-30 20:16:34,481 - INFO - Added prompt from line 1064 to batch.
2025-05-30 20:16:34,481 - INFO - Processing batch of 8 prompts (up to line 1064)...
2025-05-30 20:16:34,481 - INFO - Generating rankings for batch of 8 pairs of prompts. System prompt: 'You are a helpful assistant. Your task is to rank the two provided texts. Please explicitly write which of the two texts is of higher quality by writing the corresponding letter in the output, and nothing else.'
2025-05-30 20:16:34,481 - INFO - First formatted prompt for tokenizer (first 100 chars): '<|begin_of_text|><|start_header_id|>system<|end_header_id|>

Cutting Knowledge Date: December 2023
T...'
2025-05-30 20:16:34,481 - INFO - Input device: cuda:0, preparing to move inputs to device.
2025-05-30 20:16:34,484 - INFO - Batch of inputs tokenized, padded, truncated, and moved to model device.
2025-05-30 20:16:34,484 - INFO - Starting batched model.generate()...
Setting `pad_token_id` to `eos_token_id`:128001 for open-end generation.
2025-05-30 20:16:34,644 - INFO - Batched model.generate() completed.
2025-05-30 20:16:34,645 - INFO - Decoding batch of responses and extracting token probabilities...
2025-05-30 20:16:34,648 - INFO - Input tokens stripped from responses and probabilities extracted.
2025-05-30 20:16:34,648 - INFO - Batch of responses generated.
2025-05-30 20:16:34,649 - INFO - Appended 8 results from batch to /scratch-shared/mschaffelder/data/exp_3/pairwise_rankings/small_vanilla.jsonl
2025-05-30 20:16:34,649 - INFO - Reading line 1065 from input file...
2025-05-30 20:16:34,649 - INFO - Added prompt from line 1065 to batch.
2025-05-30 20:16:34,649 - INFO - Reading line 1066 from input file...
2025-05-30 20:16:34,649 - INFO - Added prompt from line 1066 to batch.
2025-05-30 20:16:34,649 - INFO - Reading line 1067 from input file...
2025-05-30 20:16:34,649 - INFO - Added prompt from line 1067 to batch.
2025-05-30 20:16:34,649 - INFO - Reading line 1068 from input file...
2025-05-30 20:16:34,649 - INFO - Added prompt from line 1068 to batch.
2025-05-30 20:16:34,649 - INFO - Reading line 1069 from input file...
2025-05-30 20:16:34,649 - INFO - Added prompt from line 1069 to batch.
2025-05-30 20:16:34,649 - INFO - Reading line 1070 from input file...
2025-05-30 20:16:34,649 - INFO - Added prompt from line 1070 to batch.
2025-05-30 20:16:34,649 - INFO - Reading line 1071 from input file...
2025-05-30 20:16:34,649 - INFO - Added prompt from line 1071 to batch.
2025-05-30 20:16:34,649 - INFO - Reading line 1072 from input file...
2025-05-30 20:16:34,650 - INFO - Added prompt from line 1072 to batch.
2025-05-30 20:16:34,650 - INFO - Processing batch of 8 prompts (up to line 1072)...
2025-05-30 20:16:34,650 - INFO - Generating rankings for batch of 8 pairs of prompts. System prompt: 'You are a helpful assistant. Your task is to rank the two provided texts. Please explicitly write which of the two texts is of higher quality by writing the corresponding letter in the output, and nothing else.'
2025-05-30 20:16:34,650 - INFO - First formatted prompt for tokenizer (first 100 chars): '<|begin_of_text|><|start_header_id|>system<|end_header_id|>

Cutting Knowledge Date: December 2023
T...'
2025-05-30 20:16:34,650 - INFO - Input device: cuda:0, preparing to move inputs to device.
2025-05-30 20:16:34,653 - INFO - Batch of inputs tokenized, padded, truncated, and moved to model device.
2025-05-30 20:16:34,653 - INFO - Starting batched model.generate()...
Setting `pad_token_id` to `eos_token_id`:128001 for open-end generation.
2025-05-30 20:16:34,794 - INFO - Batched model.generate() completed.
2025-05-30 20:16:34,794 - INFO - Decoding batch of responses and extracting token probabilities...
2025-05-30 20:16:34,797 - INFO - Input tokens stripped from responses and probabilities extracted.
2025-05-30 20:16:34,797 - INFO - Batch of responses generated.
2025-05-30 20:16:34,798 - INFO - Appended 8 results from batch to /scratch-shared/mschaffelder/data/exp_3/pairwise_rankings/small_vanilla.jsonl
2025-05-30 20:16:34,798 - INFO - Reading line 1073 from input file...
2025-05-30 20:16:34,798 - INFO - Added prompt from line 1073 to batch.
2025-05-30 20:16:34,798 - INFO - Reading line 1074 from input file...
2025-05-30 20:16:34,798 - INFO - Added prompt from line 1074 to batch.
2025-05-30 20:16:34,798 - INFO - Reading line 1075 from input file...
2025-05-30 20:16:34,798 - INFO - Added prompt from line 1075 to batch.
2025-05-30 20:16:34,798 - INFO - Reading line 1076 from input file...
2025-05-30 20:16:34,798 - INFO - Added prompt from line 1076 to batch.
2025-05-30 20:16:34,798 - INFO - Reading line 1077 from input file...
2025-05-30 20:16:34,798 - INFO - Added prompt from line 1077 to batch.
2025-05-30 20:16:34,798 - INFO - Reading line 1078 from input file...
2025-05-30 20:16:34,798 - INFO - Added prompt from line 1078 to batch.
2025-05-30 20:16:34,798 - INFO - Reading line 1079 from input file...
2025-05-30 20:16:34,798 - INFO - Added prompt from line 1079 to batch.
2025-05-30 20:16:34,798 - INFO - Reading line 1080 from input file...
2025-05-30 20:16:34,798 - INFO - Added prompt from line 1080 to batch.
2025-05-30 20:16:34,798 - INFO - Processing batch of 8 prompts (up to line 1080)...
2025-05-30 20:16:34,798 - INFO - Generating rankings for batch of 8 pairs of prompts. System prompt: 'You are a helpful assistant. Your task is to rank the two provided texts. Please explicitly write which of the two texts is of higher quality by writing the corresponding letter in the output, and nothing else.'
2025-05-30 20:16:34,799 - INFO - First formatted prompt for tokenizer (first 100 chars): '<|begin_of_text|><|start_header_id|>system<|end_header_id|>

Cutting Knowledge Date: December 2023
T...'
2025-05-30 20:16:34,799 - INFO - Input device: cuda:0, preparing to move inputs to device.
2025-05-30 20:16:34,801 - INFO - Batch of inputs tokenized, padded, truncated, and moved to model device.
2025-05-30 20:16:34,801 - INFO - Starting batched model.generate()...
Setting `pad_token_id` to `eos_token_id`:128001 for open-end generation.
2025-05-30 20:16:34,940 - INFO - Batched model.generate() completed.
2025-05-30 20:16:34,940 - INFO - Decoding batch of responses and extracting token probabilities...
2025-05-30 20:16:34,943 - INFO - Input tokens stripped from responses and probabilities extracted.
2025-05-30 20:16:34,943 - INFO - Batch of responses generated.
2025-05-30 20:16:34,944 - INFO - Appended 8 results from batch to /scratch-shared/mschaffelder/data/exp_3/pairwise_rankings/small_vanilla.jsonl
2025-05-30 20:16:34,944 - INFO - Reading line 1081 from input file...
2025-05-30 20:16:34,944 - INFO - Added prompt from line 1081 to batch.
2025-05-30 20:16:34,944 - INFO - Reading line 1082 from input file...
2025-05-30 20:16:34,944 - INFO - Added prompt from line 1082 to batch.
2025-05-30 20:16:34,944 - INFO - Reading line 1083 from input file...
2025-05-30 20:16:34,944 - INFO - Added prompt from line 1083 to batch.
2025-05-30 20:16:34,944 - INFO - Reading line 1084 from input file...
2025-05-30 20:16:34,944 - INFO - Added prompt from line 1084 to batch.
2025-05-30 20:16:34,945 - INFO - Reading line 1085 from input file...
2025-05-30 20:16:34,945 - INFO - Added prompt from line 1085 to batch.
2025-05-30 20:16:34,945 - INFO - Reading line 1086 from input file...
2025-05-30 20:16:34,945 - INFO - Added prompt from line 1086 to batch.
2025-05-30 20:16:34,945 - INFO - Reading line 1087 from input file...
2025-05-30 20:16:34,945 - INFO - Added prompt from line 1087 to batch.
2025-05-30 20:16:34,945 - INFO - Reading line 1088 from input file...
2025-05-30 20:16:34,945 - INFO - Added prompt from line 1088 to batch.
2025-05-30 20:16:34,945 - INFO - Processing batch of 8 prompts (up to line 1088)...
2025-05-30 20:16:34,945 - INFO - Generating rankings for batch of 8 pairs of prompts. System prompt: 'You are a helpful assistant. Your task is to rank the two provided texts. Please explicitly write which of the two texts is of higher quality by writing the corresponding letter in the output, and nothing else.'
2025-05-30 20:16:34,945 - INFO - First formatted prompt for tokenizer (first 100 chars): '<|begin_of_text|><|start_header_id|>system<|end_header_id|>

Cutting Knowledge Date: December 2023
T...'
2025-05-30 20:16:34,945 - INFO - Input device: cuda:0, preparing to move inputs to device.
2025-05-30 20:16:34,948 - INFO - Batch of inputs tokenized, padded, truncated, and moved to model device.
2025-05-30 20:16:34,948 - INFO - Starting batched model.generate()...
Setting `pad_token_id` to `eos_token_id`:128001 for open-end generation.
2025-05-30 20:16:35,139 - INFO - Batched model.generate() completed.
2025-05-30 20:16:35,139 - INFO - Decoding batch of responses and extracting token probabilities...
2025-05-30 20:16:35,141 - INFO - Input tokens stripped from responses and probabilities extracted.
2025-05-30 20:16:35,141 - INFO - Batch of responses generated.
2025-05-30 20:16:35,142 - INFO - Appended 8 results from batch to /scratch-shared/mschaffelder/data/exp_3/pairwise_rankings/small_vanilla.jsonl
2025-05-30 20:16:35,142 - INFO - Reading line 1089 from input file...
2025-05-30 20:16:35,142 - INFO - Added prompt from line 1089 to batch.
2025-05-30 20:16:35,143 - INFO - Reading line 1090 from input file...
2025-05-30 20:16:35,143 - INFO - Added prompt from line 1090 to batch.
2025-05-30 20:16:35,143 - INFO - Reading line 1091 from input file...
2025-05-30 20:16:35,143 - INFO - Added prompt from line 1091 to batch.
2025-05-30 20:16:35,143 - INFO - Reading line 1092 from input file...
2025-05-30 20:16:35,143 - INFO - Added prompt from line 1092 to batch.
2025-05-30 20:16:35,143 - INFO - Reading line 1093 from input file...
2025-05-30 20:16:35,143 - INFO - Added prompt from line 1093 to batch.
2025-05-30 20:16:35,143 - INFO - Reading line 1094 from input file...
2025-05-30 20:16:35,143 - INFO - Added prompt from line 1094 to batch.
2025-05-30 20:16:35,143 - INFO - Reading line 1095 from input file...
2025-05-30 20:16:35,143 - INFO - Added prompt from line 1095 to batch.
2025-05-30 20:16:35,143 - INFO - Reading line 1096 from input file...
2025-05-30 20:16:35,143 - INFO - Added prompt from line 1096 to batch.
2025-05-30 20:16:35,143 - INFO - Processing batch of 8 prompts (up to line 1096)...
2025-05-30 20:16:35,143 - INFO - Generating rankings for batch of 8 pairs of prompts. System prompt: 'You are a helpful assistant. Your task is to rank the two provided texts. Please explicitly write which of the two texts is of higher quality by writing the corresponding letter in the output, and nothing else.'
2025-05-30 20:16:35,143 - INFO - First formatted prompt for tokenizer (first 100 chars): '<|begin_of_text|><|start_header_id|>system<|end_header_id|>

Cutting Knowledge Date: December 2023
T...'
2025-05-30 20:16:35,144 - INFO - Input device: cuda:0, preparing to move inputs to device.
2025-05-30 20:16:35,147 - INFO - Batch of inputs tokenized, padded, truncated, and moved to model device.
2025-05-30 20:16:35,147 - INFO - Starting batched model.generate()...
Setting `pad_token_id` to `eos_token_id`:128001 for open-end generation.
2025-05-30 20:16:35,331 - INFO - Batched model.generate() completed.
2025-05-30 20:16:35,332 - INFO - Decoding batch of responses and extracting token probabilities...
2025-05-30 20:16:35,334 - INFO - Input tokens stripped from responses and probabilities extracted.
2025-05-30 20:16:35,334 - INFO - Batch of responses generated.
2025-05-30 20:16:35,335 - INFO - Appended 8 results from batch to /scratch-shared/mschaffelder/data/exp_3/pairwise_rankings/small_vanilla.jsonl
2025-05-30 20:16:35,335 - INFO - Reading line 1097 from input file...
2025-05-30 20:16:35,335 - INFO - Added prompt from line 1097 to batch.
2025-05-30 20:16:35,335 - INFO - Reading line 1098 from input file...
2025-05-30 20:16:35,336 - INFO - Added prompt from line 1098 to batch.
2025-05-30 20:16:35,336 - INFO - Reading line 1099 from input file...
2025-05-30 20:16:35,336 - INFO - Added prompt from line 1099 to batch.
2025-05-30 20:16:35,336 - INFO - Reading line 1100 from input file...
2025-05-30 20:16:35,336 - INFO - Added prompt from line 1100 to batch.
2025-05-30 20:16:35,336 - INFO - Reading line 1101 from input file...
2025-05-30 20:16:35,336 - INFO - Added prompt from line 1101 to batch.
2025-05-30 20:16:35,336 - INFO - Reading line 1102 from input file...
2025-05-30 20:16:35,336 - INFO - Added prompt from line 1102 to batch.
2025-05-30 20:16:35,336 - INFO - Reading line 1103 from input file...
2025-05-30 20:16:35,336 - INFO - Added prompt from line 1103 to batch.
2025-05-30 20:16:35,336 - INFO - Reading line 1104 from input file...
2025-05-30 20:16:35,336 - INFO - Added prompt from line 1104 to batch.
2025-05-30 20:16:35,336 - INFO - Processing batch of 8 prompts (up to line 1104)...
2025-05-30 20:16:35,336 - INFO - Generating rankings for batch of 8 pairs of prompts. System prompt: 'You are a helpful assistant. Your task is to rank the two provided texts. Please explicitly write which of the two texts is of higher quality by writing the corresponding letter in the output, and nothing else.'
2025-05-30 20:16:35,336 - INFO - First formatted prompt for tokenizer (first 100 chars): '<|begin_of_text|><|start_header_id|>system<|end_header_id|>

Cutting Knowledge Date: December 2023
T...'
2025-05-30 20:16:35,336 - INFO - Input device: cuda:0, preparing to move inputs to device.
2025-05-30 20:16:35,339 - INFO - Batch of inputs tokenized, padded, truncated, and moved to model device.
2025-05-30 20:16:35,339 - INFO - Starting batched model.generate()...
Setting `pad_token_id` to `eos_token_id`:128001 for open-end generation.
2025-05-30 20:16:35,535 - INFO - Batched model.generate() completed.
2025-05-30 20:16:35,535 - INFO - Decoding batch of responses and extracting token probabilities...
2025-05-30 20:16:35,537 - INFO - Input tokens stripped from responses and probabilities extracted.
2025-05-30 20:16:35,544 - INFO - Batch of responses generated.
2025-05-30 20:16:35,548 - INFO - Appended 8 results from batch to /scratch-shared/mschaffelder/data/exp_3/pairwise_rankings/small_vanilla.jsonl
2025-05-30 20:16:35,552 - INFO - Reading line 1105 from input file...
2025-05-30 20:16:35,552 - INFO - Added prompt from line 1105 to batch.
2025-05-30 20:16:35,552 - INFO - Reading line 1106 from input file...
2025-05-30 20:16:35,552 - INFO - Added prompt from line 1106 to batch.
2025-05-30 20:16:35,552 - INFO - Reading line 1107 from input file...
2025-05-30 20:16:35,552 - INFO - Added prompt from line 1107 to batch.
2025-05-30 20:16:35,552 - INFO - Reading line 1108 from input file...
2025-05-30 20:16:35,552 - INFO - Added prompt from line 1108 to batch.
2025-05-30 20:16:35,552 - INFO - Reading line 1109 from input file...
2025-05-30 20:16:35,552 - INFO - Added prompt from line 1109 to batch.
2025-05-30 20:16:35,553 - INFO - Reading line 1110 from input file...
2025-05-30 20:16:35,553 - INFO - Added prompt from line 1110 to batch.
2025-05-30 20:16:35,553 - INFO - Reading line 1111 from input file...
2025-05-30 20:16:35,553 - INFO - Added prompt from line 1111 to batch.
2025-05-30 20:16:35,553 - INFO - Reading line 1112 from input file...
2025-05-30 20:16:35,553 - INFO - Added prompt from line 1112 to batch.
2025-05-30 20:16:35,553 - INFO - Processing batch of 8 prompts (up to line 1112)...
2025-05-30 20:16:35,553 - INFO - Generating rankings for batch of 8 pairs of prompts. System prompt: 'You are a helpful assistant. Your task is to rank the two provided texts. Please explicitly write which of the two texts is of higher quality by writing the corresponding letter in the output, and nothing else.'
2025-05-30 20:16:35,553 - INFO - First formatted prompt for tokenizer (first 100 chars): '<|begin_of_text|><|start_header_id|>system<|end_header_id|>

Cutting Knowledge Date: December 2023
T...'
2025-05-30 20:16:35,553 - INFO - Input device: cuda:0, preparing to move inputs to device.
2025-05-30 20:16:35,556 - INFO - Batch of inputs tokenized, padded, truncated, and moved to model device.
2025-05-30 20:16:35,556 - INFO - Starting batched model.generate()...
Setting `pad_token_id` to `eos_token_id`:128001 for open-end generation.
2025-05-30 20:16:35,687 - INFO - Batched model.generate() completed.
2025-05-30 20:16:35,688 - INFO - Decoding batch of responses and extracting token probabilities...
2025-05-30 20:16:35,690 - INFO - Input tokens stripped from responses and probabilities extracted.
2025-05-30 20:16:35,690 - INFO - Batch of responses generated.
2025-05-30 20:16:35,691 - INFO - Appended 8 results from batch to /scratch-shared/mschaffelder/data/exp_3/pairwise_rankings/small_vanilla.jsonl
2025-05-30 20:16:35,691 - INFO - Reading line 1113 from input file...
2025-05-30 20:16:35,691 - INFO - Added prompt from line 1113 to batch.
2025-05-30 20:16:35,691 - INFO - Reading line 1114 from input file...
2025-05-30 20:16:35,691 - INFO - Added prompt from line 1114 to batch.
2025-05-30 20:16:35,691 - INFO - Reading line 1115 from input file...
2025-05-30 20:16:35,691 - INFO - Added prompt from line 1115 to batch.
2025-05-30 20:16:35,691 - INFO - Reading line 1116 from input file...
2025-05-30 20:16:35,691 - INFO - Added prompt from line 1116 to batch.
2025-05-30 20:16:35,691 - INFO - Reading line 1117 from input file...
2025-05-30 20:16:35,692 - INFO - Added prompt from line 1117 to batch.
2025-05-30 20:16:35,692 - INFO - Reading line 1118 from input file...
2025-05-30 20:16:35,692 - INFO - Added prompt from line 1118 to batch.
2025-05-30 20:16:35,692 - INFO - Reading line 1119 from input file...
2025-05-30 20:16:35,692 - INFO - Added prompt from line 1119 to batch.
2025-05-30 20:16:35,692 - INFO - Reading line 1120 from input file...
2025-05-30 20:16:35,692 - INFO - Added prompt from line 1120 to batch.
2025-05-30 20:16:35,692 - INFO - Processing batch of 8 prompts (up to line 1120)...
2025-05-30 20:16:35,692 - INFO - Generating rankings for batch of 8 pairs of prompts. System prompt: 'You are a helpful assistant. Your task is to rank the two provided texts. Please explicitly write which of the two texts is of higher quality by writing the corresponding letter in the output, and nothing else.'
2025-05-30 20:16:35,692 - INFO - First formatted prompt for tokenizer (first 100 chars): '<|begin_of_text|><|start_header_id|>system<|end_header_id|>

Cutting Knowledge Date: December 2023
T...'
2025-05-30 20:16:35,692 - INFO - Input device: cuda:0, preparing to move inputs to device.
2025-05-30 20:16:35,695 - INFO - Batch of inputs tokenized, padded, truncated, and moved to model device.
2025-05-30 20:16:35,695 - INFO - Starting batched model.generate()...
Setting `pad_token_id` to `eos_token_id`:128001 for open-end generation.
2025-05-30 20:16:35,862 - INFO - Batched model.generate() completed.
2025-05-30 20:16:35,862 - INFO - Decoding batch of responses and extracting token probabilities...
2025-05-30 20:16:35,864 - INFO - Input tokens stripped from responses and probabilities extracted.
2025-05-30 20:16:35,865 - INFO - Batch of responses generated.
2025-05-30 20:16:35,866 - INFO - Appended 8 results from batch to /scratch-shared/mschaffelder/data/exp_3/pairwise_rankings/small_vanilla.jsonl
2025-05-30 20:16:35,866 - INFO - Reading line 1121 from input file...
2025-05-30 20:16:35,866 - INFO - Added prompt from line 1121 to batch.
2025-05-30 20:16:35,866 - INFO - Reading line 1122 from input file...
2025-05-30 20:16:35,866 - INFO - Added prompt from line 1122 to batch.
2025-05-30 20:16:35,866 - INFO - Reading line 1123 from input file...
2025-05-30 20:16:35,866 - INFO - Added prompt from line 1123 to batch.
2025-05-30 20:16:35,866 - INFO - Reading line 1124 from input file...
2025-05-30 20:16:35,866 - INFO - Added prompt from line 1124 to batch.
2025-05-30 20:16:35,866 - INFO - Reading line 1125 from input file...
2025-05-30 20:16:35,866 - INFO - Added prompt from line 1125 to batch.
2025-05-30 20:16:35,866 - INFO - Reading line 1126 from input file...
2025-05-30 20:16:35,866 - INFO - Added prompt from line 1126 to batch.
2025-05-30 20:16:35,866 - INFO - Reading line 1127 from input file...
2025-05-30 20:16:35,866 - INFO - Added prompt from line 1127 to batch.
2025-05-30 20:16:35,866 - INFO - Reading line 1128 from input file...
2025-05-30 20:16:35,866 - INFO - Added prompt from line 1128 to batch.
2025-05-30 20:16:35,866 - INFO - Processing batch of 8 prompts (up to line 1128)...
2025-05-30 20:16:35,866 - INFO - Generating rankings for batch of 8 pairs of prompts. System prompt: 'You are a helpful assistant. Your task is to rank the two provided texts. Please explicitly write which of the two texts is of higher quality by writing the corresponding letter in the output, and nothing else.'
2025-05-30 20:16:35,867 - INFO - First formatted prompt for tokenizer (first 100 chars): '<|begin_of_text|><|start_header_id|>system<|end_header_id|>

Cutting Knowledge Date: December 2023
T...'
2025-05-30 20:16:35,867 - INFO - Input device: cuda:0, preparing to move inputs to device.
2025-05-30 20:16:35,869 - INFO - Batch of inputs tokenized, padded, truncated, and moved to model device.
2025-05-30 20:16:35,869 - INFO - Starting batched model.generate()...
Setting `pad_token_id` to `eos_token_id`:128001 for open-end generation.
2025-05-30 20:16:36,034 - INFO - Batched model.generate() completed.
2025-05-30 20:16:36,035 - INFO - Decoding batch of responses and extracting token probabilities...
2025-05-30 20:16:36,037 - INFO - Input tokens stripped from responses and probabilities extracted.
2025-05-30 20:16:36,037 - INFO - Batch of responses generated.
2025-05-30 20:16:36,038 - INFO - Appended 8 results from batch to /scratch-shared/mschaffelder/data/exp_3/pairwise_rankings/small_vanilla.jsonl
2025-05-30 20:16:36,038 - INFO - Reading line 1129 from input file...
2025-05-30 20:16:36,038 - INFO - Added prompt from line 1129 to batch.
2025-05-30 20:16:36,038 - INFO - Reading line 1130 from input file...
2025-05-30 20:16:36,038 - INFO - Added prompt from line 1130 to batch.
2025-05-30 20:16:36,038 - INFO - Reading line 1131 from input file...
2025-05-30 20:16:36,038 - INFO - Added prompt from line 1131 to batch.
2025-05-30 20:16:36,038 - INFO - Reading line 1132 from input file...
2025-05-30 20:16:36,038 - INFO - Added prompt from line 1132 to batch.
2025-05-30 20:16:36,038 - INFO - Reading line 1133 from input file...
2025-05-30 20:16:36,038 - INFO - Added prompt from line 1133 to batch.
2025-05-30 20:16:36,038 - INFO - Reading line 1134 from input file...
2025-05-30 20:16:36,038 - INFO - Added prompt from line 1134 to batch.
2025-05-30 20:16:36,039 - INFO - Reading line 1135 from input file...
2025-05-30 20:16:36,039 - INFO - Added prompt from line 1135 to batch.
2025-05-30 20:16:36,039 - INFO - Reading line 1136 from input file...
2025-05-30 20:16:36,039 - INFO - Added prompt from line 1136 to batch.
2025-05-30 20:16:36,039 - INFO - Processing batch of 8 prompts (up to line 1136)...
2025-05-30 20:16:36,039 - INFO - Generating rankings for batch of 8 pairs of prompts. System prompt: 'You are a helpful assistant. Your task is to rank the two provided texts. Please explicitly write which of the two texts is of higher quality by writing the corresponding letter in the output, and nothing else.'
2025-05-30 20:16:36,039 - INFO - First formatted prompt for tokenizer (first 100 chars): '<|begin_of_text|><|start_header_id|>system<|end_header_id|>

Cutting Knowledge Date: December 2023
T...'
2025-05-30 20:16:36,039 - INFO - Input device: cuda:0, preparing to move inputs to device.
2025-05-30 20:16:36,042 - INFO - Batch of inputs tokenized, padded, truncated, and moved to model device.
2025-05-30 20:16:36,042 - INFO - Starting batched model.generate()...
Setting `pad_token_id` to `eos_token_id`:128001 for open-end generation.
2025-05-30 20:16:36,217 - INFO - Batched model.generate() completed.
2025-05-30 20:16:36,217 - INFO - Decoding batch of responses and extracting token probabilities...
2025-05-30 20:16:36,219 - INFO - Input tokens stripped from responses and probabilities extracted.
2025-05-30 20:16:36,219 - INFO - Batch of responses generated.
2025-05-30 20:16:36,221 - INFO - Appended 8 results from batch to /scratch-shared/mschaffelder/data/exp_3/pairwise_rankings/small_vanilla.jsonl
2025-05-30 20:16:36,221 - INFO - Reading line 1137 from input file...
2025-05-30 20:16:36,221 - INFO - Added prompt from line 1137 to batch.
2025-05-30 20:16:36,221 - INFO - Reading line 1138 from input file...
2025-05-30 20:16:36,221 - INFO - Added prompt from line 1138 to batch.
2025-05-30 20:16:36,221 - INFO - Reading line 1139 from input file...
2025-05-30 20:16:36,221 - INFO - Added prompt from line 1139 to batch.
2025-05-30 20:16:36,221 - INFO - Reading line 1140 from input file...
2025-05-30 20:16:36,221 - INFO - Added prompt from line 1140 to batch.
2025-05-30 20:16:36,221 - INFO - Reading line 1141 from input file...
2025-05-30 20:16:36,221 - INFO - Added prompt from line 1141 to batch.
2025-05-30 20:16:36,221 - INFO - Reading line 1142 from input file...
2025-05-30 20:16:36,221 - INFO - Added prompt from line 1142 to batch.
2025-05-30 20:16:36,221 - INFO - Reading line 1143 from input file...
2025-05-30 20:16:36,221 - INFO - Added prompt from line 1143 to batch.
2025-05-30 20:16:36,221 - INFO - Reading line 1144 from input file...
2025-05-30 20:16:36,221 - INFO - Added prompt from line 1144 to batch.
2025-05-30 20:16:36,221 - INFO - Processing batch of 8 prompts (up to line 1144)...
2025-05-30 20:16:36,221 - INFO - Generating rankings for batch of 8 pairs of prompts. System prompt: 'You are a helpful assistant. Your task is to rank the two provided texts. Please explicitly write which of the two texts is of higher quality by writing the corresponding letter in the output, and nothing else.'
2025-05-30 20:16:36,222 - INFO - First formatted prompt for tokenizer (first 100 chars): '<|begin_of_text|><|start_header_id|>system<|end_header_id|>

Cutting Knowledge Date: December 2023
T...'
2025-05-30 20:16:36,222 - INFO - Input device: cuda:0, preparing to move inputs to device.
2025-05-30 20:16:36,225 - INFO - Batch of inputs tokenized, padded, truncated, and moved to model device.
2025-05-30 20:16:36,225 - INFO - Starting batched model.generate()...
Setting `pad_token_id` to `eos_token_id`:128001 for open-end generation.
2025-05-30 20:16:36,446 - INFO - Batched model.generate() completed.
2025-05-30 20:16:36,446 - INFO - Decoding batch of responses and extracting token probabilities...
2025-05-30 20:16:36,448 - INFO - Input tokens stripped from responses and probabilities extracted.
2025-05-30 20:16:36,448 - INFO - Batch of responses generated.
2025-05-30 20:16:36,450 - INFO - Appended 8 results from batch to /scratch-shared/mschaffelder/data/exp_3/pairwise_rankings/small_vanilla.jsonl
2025-05-30 20:16:36,450 - INFO - Reading line 1145 from input file...
2025-05-30 20:16:36,450 - INFO - Added prompt from line 1145 to batch.
2025-05-30 20:16:36,450 - INFO - Reading line 1146 from input file...
2025-05-30 20:16:36,450 - INFO - Added prompt from line 1146 to batch.
2025-05-30 20:16:36,450 - INFO - Reading line 1147 from input file...
2025-05-30 20:16:36,450 - INFO - Added prompt from line 1147 to batch.
2025-05-30 20:16:36,450 - INFO - Reading line 1148 from input file...
2025-05-30 20:16:36,450 - INFO - Added prompt from line 1148 to batch.
2025-05-30 20:16:36,450 - INFO - Reading line 1149 from input file...
2025-05-30 20:16:36,450 - INFO - Added prompt from line 1149 to batch.
2025-05-30 20:16:36,450 - INFO - Reading line 1150 from input file...
2025-05-30 20:16:36,450 - INFO - Added prompt from line 1150 to batch.
2025-05-30 20:16:36,450 - INFO - Reading line 1151 from input file...
2025-05-30 20:16:36,450 - INFO - Added prompt from line 1151 to batch.
2025-05-30 20:16:36,450 - INFO - Reading line 1152 from input file...
2025-05-30 20:16:36,450 - INFO - Added prompt from line 1152 to batch.
2025-05-30 20:16:36,450 - INFO - Processing batch of 8 prompts (up to line 1152)...
2025-05-30 20:16:36,450 - INFO - Generating rankings for batch of 8 pairs of prompts. System prompt: 'You are a helpful assistant. Your task is to rank the two provided texts. Please explicitly write which of the two texts is of higher quality by writing the corresponding letter in the output, and nothing else.'
2025-05-30 20:16:36,451 - INFO - First formatted prompt for tokenizer (first 100 chars): '<|begin_of_text|><|start_header_id|>system<|end_header_id|>

Cutting Knowledge Date: December 2023
T...'
2025-05-30 20:16:36,451 - INFO - Input device: cuda:0, preparing to move inputs to device.
2025-05-30 20:16:36,454 - INFO - Batch of inputs tokenized, padded, truncated, and moved to model device.
2025-05-30 20:16:36,454 - INFO - Starting batched model.generate()...
Setting `pad_token_id` to `eos_token_id`:128001 for open-end generation.
2025-05-30 20:16:36,676 - INFO - Batched model.generate() completed.
2025-05-30 20:16:36,677 - INFO - Decoding batch of responses and extracting token probabilities...
2025-05-30 20:16:36,679 - INFO - Input tokens stripped from responses and probabilities extracted.
2025-05-30 20:16:36,679 - INFO - Batch of responses generated.
2025-05-30 20:16:36,681 - INFO - Appended 8 results from batch to /scratch-shared/mschaffelder/data/exp_3/pairwise_rankings/small_vanilla.jsonl
2025-05-30 20:16:36,681 - INFO - Reading line 1153 from input file...
2025-05-30 20:16:36,681 - INFO - Added prompt from line 1153 to batch.
2025-05-30 20:16:36,681 - INFO - Reading line 1154 from input file...
2025-05-30 20:16:36,681 - INFO - Added prompt from line 1154 to batch.
2025-05-30 20:16:36,681 - INFO - Reading line 1155 from input file...
2025-05-30 20:16:36,681 - INFO - Added prompt from line 1155 to batch.
2025-05-30 20:16:36,681 - INFO - Reading line 1156 from input file...
2025-05-30 20:16:36,681 - INFO - Added prompt from line 1156 to batch.
2025-05-30 20:16:36,681 - INFO - Reading line 1157 from input file...
2025-05-30 20:16:36,681 - INFO - Added prompt from line 1157 to batch.
2025-05-30 20:16:36,681 - INFO - Reading line 1158 from input file...
2025-05-30 20:16:36,681 - INFO - Added prompt from line 1158 to batch.
2025-05-30 20:16:36,681 - INFO - Reading line 1159 from input file...
2025-05-30 20:16:36,681 - INFO - Added prompt from line 1159 to batch.
2025-05-30 20:16:36,681 - INFO - Reading line 1160 from input file...
2025-05-30 20:16:36,681 - INFO - Added prompt from line 1160 to batch.
2025-05-30 20:16:36,681 - INFO - Processing batch of 8 prompts (up to line 1160)...
2025-05-30 20:16:36,681 - INFO - Generating rankings for batch of 8 pairs of prompts. System prompt: 'You are a helpful assistant. Your task is to rank the two provided texts. Please explicitly write which of the two texts is of higher quality by writing the corresponding letter in the output, and nothing else.'
2025-05-30 20:16:36,681 - INFO - First formatted prompt for tokenizer (first 100 chars): '<|begin_of_text|><|start_header_id|>system<|end_header_id|>

Cutting Knowledge Date: December 2023
T...'
2025-05-30 20:16:36,682 - INFO - Input device: cuda:0, preparing to move inputs to device.
2025-05-30 20:16:36,684 - INFO - Batch of inputs tokenized, padded, truncated, and moved to model device.
2025-05-30 20:16:36,685 - INFO - Starting batched model.generate()...
Setting `pad_token_id` to `eos_token_id`:128001 for open-end generation.
2025-05-30 20:16:36,855 - INFO - Batched model.generate() completed.
2025-05-30 20:16:36,855 - INFO - Decoding batch of responses and extracting token probabilities...
2025-05-30 20:16:36,857 - INFO - Input tokens stripped from responses and probabilities extracted.
2025-05-30 20:16:36,857 - INFO - Batch of responses generated.
2025-05-30 20:16:36,859 - INFO - Appended 8 results from batch to /scratch-shared/mschaffelder/data/exp_3/pairwise_rankings/small_vanilla.jsonl
2025-05-30 20:16:36,859 - INFO - Reading line 1161 from input file...
2025-05-30 20:16:36,859 - INFO - Added prompt from line 1161 to batch.
2025-05-30 20:16:36,859 - INFO - Reading line 1162 from input file...
2025-05-30 20:16:36,859 - INFO - Added prompt from line 1162 to batch.
2025-05-30 20:16:36,859 - INFO - Reading line 1163 from input file...
2025-05-30 20:16:36,859 - INFO - Added prompt from line 1163 to batch.
2025-05-30 20:16:36,859 - INFO - Reading line 1164 from input file...
2025-05-30 20:16:36,859 - INFO - Added prompt from line 1164 to batch.
2025-05-30 20:16:36,859 - INFO - Reading line 1165 from input file...
2025-05-30 20:16:36,859 - INFO - Added prompt from line 1165 to batch.
2025-05-30 20:16:36,859 - INFO - Reading line 1166 from input file...
2025-05-30 20:16:36,859 - INFO - Added prompt from line 1166 to batch.
2025-05-30 20:16:36,859 - INFO - Reading line 1167 from input file...
2025-05-30 20:16:36,859 - INFO - Added prompt from line 1167 to batch.
2025-05-30 20:16:36,859 - INFO - Reading line 1168 from input file...
2025-05-30 20:16:36,859 - INFO - Added prompt from line 1168 to batch.
2025-05-30 20:16:36,859 - INFO - Processing batch of 8 prompts (up to line 1168)...
2025-05-30 20:16:36,859 - INFO - Generating rankings for batch of 8 pairs of prompts. System prompt: 'You are a helpful assistant. Your task is to rank the two provided texts. Please explicitly write which of the two texts is of higher quality by writing the corresponding letter in the output, and nothing else.'
2025-05-30 20:16:36,860 - INFO - First formatted prompt for tokenizer (first 100 chars): '<|begin_of_text|><|start_header_id|>system<|end_header_id|>

Cutting Knowledge Date: December 2023
T...'
2025-05-30 20:16:36,860 - INFO - Input device: cuda:0, preparing to move inputs to device.
2025-05-30 20:16:36,862 - INFO - Batch of inputs tokenized, padded, truncated, and moved to model device.
2025-05-30 20:16:36,862 - INFO - Starting batched model.generate()...
Setting `pad_token_id` to `eos_token_id`:128001 for open-end generation.
2025-05-30 20:16:37,026 - INFO - Batched model.generate() completed.
2025-05-30 20:16:37,026 - INFO - Decoding batch of responses and extracting token probabilities...
2025-05-30 20:16:37,028 - INFO - Input tokens stripped from responses and probabilities extracted.
2025-05-30 20:16:37,028 - INFO - Batch of responses generated.
2025-05-30 20:16:37,030 - INFO - Appended 8 results from batch to /scratch-shared/mschaffelder/data/exp_3/pairwise_rankings/small_vanilla.jsonl
2025-05-30 20:16:37,030 - INFO - Reading line 1169 from input file...
2025-05-30 20:16:37,030 - INFO - Added prompt from line 1169 to batch.
2025-05-30 20:16:37,030 - INFO - Reading line 1170 from input file...
2025-05-30 20:16:37,030 - INFO - Added prompt from line 1170 to batch.
2025-05-30 20:16:37,030 - INFO - Reading line 1171 from input file...
2025-05-30 20:16:37,030 - INFO - Added prompt from line 1171 to batch.
2025-05-30 20:16:37,030 - INFO - Reading line 1172 from input file...
2025-05-30 20:16:37,030 - INFO - Added prompt from line 1172 to batch.
2025-05-30 20:16:37,030 - INFO - Reading line 1173 from input file...
2025-05-30 20:16:37,030 - INFO - Added prompt from line 1173 to batch.
2025-05-30 20:16:37,030 - INFO - Reading line 1174 from input file...
2025-05-30 20:16:37,030 - INFO - Added prompt from line 1174 to batch.
2025-05-30 20:16:37,030 - INFO - Reading line 1175 from input file...
2025-05-30 20:16:37,030 - INFO - Added prompt from line 1175 to batch.
2025-05-30 20:16:37,030 - INFO - Reading line 1176 from input file...
2025-05-30 20:16:37,030 - INFO - Added prompt from line 1176 to batch.
2025-05-30 20:16:37,030 - INFO - Processing batch of 8 prompts (up to line 1176)...
2025-05-30 20:16:37,030 - INFO - Generating rankings for batch of 8 pairs of prompts. System prompt: 'You are a helpful assistant. Your task is to rank the two provided texts. Please explicitly write which of the two texts is of higher quality by writing the corresponding letter in the output, and nothing else.'
2025-05-30 20:16:37,031 - INFO - First formatted prompt for tokenizer (first 100 chars): '<|begin_of_text|><|start_header_id|>system<|end_header_id|>

Cutting Knowledge Date: December 2023
T...'
2025-05-30 20:16:37,031 - INFO - Input device: cuda:0, preparing to move inputs to device.
2025-05-30 20:16:37,034 - INFO - Batch of inputs tokenized, padded, truncated, and moved to model device.
2025-05-30 20:16:37,034 - INFO - Starting batched model.generate()...
Setting `pad_token_id` to `eos_token_id`:128001 for open-end generation.
2025-05-30 20:16:37,202 - INFO - Batched model.generate() completed.
2025-05-30 20:16:37,202 - INFO - Decoding batch of responses and extracting token probabilities...
2025-05-30 20:16:37,205 - INFO - Input tokens stripped from responses and probabilities extracted.
2025-05-30 20:16:37,205 - INFO - Batch of responses generated.
2025-05-30 20:16:37,206 - INFO - Appended 8 results from batch to /scratch-shared/mschaffelder/data/exp_3/pairwise_rankings/small_vanilla.jsonl
2025-05-30 20:16:37,206 - INFO - Reading line 1177 from input file...
2025-05-30 20:16:37,206 - INFO - Added prompt from line 1177 to batch.
2025-05-30 20:16:37,206 - INFO - Reading line 1178 from input file...
2025-05-30 20:16:37,206 - INFO - Added prompt from line 1178 to batch.
2025-05-30 20:16:37,206 - INFO - Reading line 1179 from input file...
2025-05-30 20:16:37,206 - INFO - Added prompt from line 1179 to batch.
2025-05-30 20:16:37,206 - INFO - Reading line 1180 from input file...
2025-05-30 20:16:37,206 - INFO - Added prompt from line 1180 to batch.
2025-05-30 20:16:37,206 - INFO - Reading line 1181 from input file...
2025-05-30 20:16:37,206 - INFO - Added prompt from line 1181 to batch.
2025-05-30 20:16:37,206 - INFO - Reading line 1182 from input file...
2025-05-30 20:16:37,206 - INFO - Added prompt from line 1182 to batch.
2025-05-30 20:16:37,206 - INFO - Reading line 1183 from input file...
2025-05-30 20:16:37,206 - INFO - Added prompt from line 1183 to batch.
2025-05-30 20:16:37,206 - INFO - Reading line 1184 from input file...
2025-05-30 20:16:37,206 - INFO - Added prompt from line 1184 to batch.
2025-05-30 20:16:37,206 - INFO - Processing batch of 8 prompts (up to line 1184)...
2025-05-30 20:16:37,206 - INFO - Generating rankings for batch of 8 pairs of prompts. System prompt: 'You are a helpful assistant. Your task is to rank the two provided texts. Please explicitly write which of the two texts is of higher quality by writing the corresponding letter in the output, and nothing else.'
2025-05-30 20:16:37,207 - INFO - First formatted prompt for tokenizer (first 100 chars): '<|begin_of_text|><|start_header_id|>system<|end_header_id|>

Cutting Knowledge Date: December 2023
T...'
2025-05-30 20:16:37,207 - INFO - Input device: cuda:0, preparing to move inputs to device.
2025-05-30 20:16:37,210 - INFO - Batch of inputs tokenized, padded, truncated, and moved to model device.
2025-05-30 20:16:37,210 - INFO - Starting batched model.generate()...
Setting `pad_token_id` to `eos_token_id`:128001 for open-end generation.
2025-05-30 20:16:37,383 - INFO - Batched model.generate() completed.
2025-05-30 20:16:37,384 - INFO - Decoding batch of responses and extracting token probabilities...
2025-05-30 20:16:37,386 - INFO - Input tokens stripped from responses and probabilities extracted.
2025-05-30 20:16:37,386 - INFO - Batch of responses generated.
2025-05-30 20:16:37,387 - INFO - Appended 8 results from batch to /scratch-shared/mschaffelder/data/exp_3/pairwise_rankings/small_vanilla.jsonl
2025-05-30 20:16:37,388 - INFO - Reading line 1185 from input file...
2025-05-30 20:16:37,388 - INFO - Added prompt from line 1185 to batch.
2025-05-30 20:16:37,388 - INFO - Reading line 1186 from input file...
2025-05-30 20:16:37,388 - INFO - Added prompt from line 1186 to batch.
2025-05-30 20:16:37,388 - INFO - Reading line 1187 from input file...
2025-05-30 20:16:37,388 - INFO - Added prompt from line 1187 to batch.
2025-05-30 20:16:37,388 - INFO - Reading line 1188 from input file...
2025-05-30 20:16:37,388 - INFO - Added prompt from line 1188 to batch.
2025-05-30 20:16:37,388 - INFO - Reading line 1189 from input file...
2025-05-30 20:16:37,388 - INFO - Added prompt from line 1189 to batch.
2025-05-30 20:16:37,388 - INFO - Reading line 1190 from input file...
2025-05-30 20:16:37,388 - INFO - Added prompt from line 1190 to batch.
2025-05-30 20:16:37,388 - INFO - Reading line 1191 from input file...
2025-05-30 20:16:37,388 - INFO - Added prompt from line 1191 to batch.
2025-05-30 20:16:37,388 - INFO - Reading line 1192 from input file...
2025-05-30 20:16:37,388 - INFO - Added prompt from line 1192 to batch.
2025-05-30 20:16:37,388 - INFO - Processing batch of 8 prompts (up to line 1192)...
2025-05-30 20:16:37,388 - INFO - Generating rankings for batch of 8 pairs of prompts. System prompt: 'You are a helpful assistant. Your task is to rank the two provided texts. Please explicitly write which of the two texts is of higher quality by writing the corresponding letter in the output, and nothing else.'
2025-05-30 20:16:37,389 - INFO - First formatted prompt for tokenizer (first 100 chars): '<|begin_of_text|><|start_header_id|>system<|end_header_id|>

Cutting Knowledge Date: December 2023
T...'
2025-05-30 20:16:37,389 - INFO - Input device: cuda:0, preparing to move inputs to device.
2025-05-30 20:16:37,392 - INFO - Batch of inputs tokenized, padded, truncated, and moved to model device.
2025-05-30 20:16:37,392 - INFO - Starting batched model.generate()...
Setting `pad_token_id` to `eos_token_id`:128001 for open-end generation.
2025-05-30 20:16:37,580 - INFO - Batched model.generate() completed.
2025-05-30 20:16:37,580 - INFO - Decoding batch of responses and extracting token probabilities...
2025-05-30 20:16:37,583 - INFO - Input tokens stripped from responses and probabilities extracted.
2025-05-30 20:16:37,583 - INFO - Batch of responses generated.
2025-05-30 20:16:37,584 - INFO - Appended 8 results from batch to /scratch-shared/mschaffelder/data/exp_3/pairwise_rankings/small_vanilla.jsonl
2025-05-30 20:16:37,584 - INFO - Reading line 1193 from input file...
2025-05-30 20:16:37,584 - INFO - Added prompt from line 1193 to batch.
2025-05-30 20:16:37,584 - INFO - Reading line 1194 from input file...
2025-05-30 20:16:37,584 - INFO - Added prompt from line 1194 to batch.
2025-05-30 20:16:37,584 - INFO - Reading line 1195 from input file...
2025-05-30 20:16:37,584 - INFO - Added prompt from line 1195 to batch.
2025-05-30 20:16:37,584 - INFO - Reading line 1196 from input file...
2025-05-30 20:16:37,584 - INFO - Added prompt from line 1196 to batch.
2025-05-30 20:16:37,584 - INFO - Reading line 1197 from input file...
2025-05-30 20:16:37,584 - INFO - Added prompt from line 1197 to batch.
2025-05-30 20:16:37,584 - INFO - Reading line 1198 from input file...
2025-05-30 20:16:37,584 - INFO - Added prompt from line 1198 to batch.
2025-05-30 20:16:37,584 - INFO - Reading line 1199 from input file...
2025-05-30 20:16:37,584 - INFO - Added prompt from line 1199 to batch.
2025-05-30 20:16:37,584 - INFO - Reading line 1200 from input file...
2025-05-30 20:16:37,584 - INFO - Added prompt from line 1200 to batch.
2025-05-30 20:16:37,584 - INFO - Processing batch of 8 prompts (up to line 1200)...
2025-05-30 20:16:37,584 - INFO - Generating rankings for batch of 8 pairs of prompts. System prompt: 'You are a helpful assistant. Your task is to rank the two provided texts. Please explicitly write which of the two texts is of higher quality by writing the corresponding letter in the output, and nothing else.'
2025-05-30 20:16:37,585 - INFO - First formatted prompt for tokenizer (first 100 chars): '<|begin_of_text|><|start_header_id|>system<|end_header_id|>

Cutting Knowledge Date: December 2023
T...'
2025-05-30 20:16:37,586 - INFO - Input device: cuda:0, preparing to move inputs to device.
2025-05-30 20:16:37,589 - INFO - Batch of inputs tokenized, padded, truncated, and moved to model device.
2025-05-30 20:16:37,589 - INFO - Starting batched model.generate()...
Setting `pad_token_id` to `eos_token_id`:128001 for open-end generation.
2025-05-30 20:16:37,793 - INFO - Batched model.generate() completed.
2025-05-30 20:16:37,794 - INFO - Decoding batch of responses and extracting token probabilities...
2025-05-30 20:16:37,796 - INFO - Input tokens stripped from responses and probabilities extracted.
2025-05-30 20:16:37,796 - INFO - Batch of responses generated.
2025-05-30 20:16:37,798 - INFO - Appended 8 results from batch to /scratch-shared/mschaffelder/data/exp_3/pairwise_rankings/small_vanilla.jsonl
Processing complete. Results saved incrementally to /scratch-shared/mschaffelder/data/exp_3/pairwise_rankings/small_vanilla.jsonl

JOB STATISTICS
==============
Job ID: 12090927
Cluster: snellius
User/Group: mschaffelder/mschaffelder
State: RUNNING
Nodes: 1
Cores per node: 16
CPU Utilized: 00:00:00
CPU Efficiency: 0.00% of 00:18:56 core-walltime
Job Wall-clock time: 00:01:11
Memory Utilized: 0.00 MB
Memory Efficiency: 0.00% of 10.00 GB (10.00 GB/node)
WARNING: Efficiency statistics can only be obtained after the job has ended as seff tool is based on the accounting database data.
