Lmod has detected the following error: The following module(s) are unknown:
"Python/3.10.4-GCCcore-11.3.0"

Please check the spelling or version number. Also try "module spider ..."
It is also possible your cache file is out-of-date; it may help to try:
  $ module --ignore_cache load "Python/3.10.4-GCCcore-11.3.0"

Also make sure that all modulefiles written in TCL start with the string
#%Module



Virtual environment venv_exp_1 already exists at /scratch-shared/mschaffelder/venv_exp_1.
Activating virtual environment: /scratch-shared/mschaffelder/venv_exp_1
Requirement already satisfied: pip in /gpfs/scratch1/shared/mschaffelder/venv_exp_1/lib/python3.9/site-packages (25.1.1)
Requirement already satisfied: torch>=2.0.0 in /gpfs/scratch1/shared/mschaffelder/venv_exp_1/lib/python3.9/site-packages (from -r requirements.txt (line 1)) (2.7.0)
Requirement already satisfied: transformers>=4.30.0 in /gpfs/scratch1/shared/mschaffelder/venv_exp_1/lib/python3.9/site-packages (from -r requirements.txt (line 2)) (4.52.2)
Requirement already satisfied: peft>=0.4.0 in /gpfs/scratch1/shared/mschaffelder/venv_exp_1/lib/python3.9/site-packages (from -r requirements.txt (line 3)) (0.15.2)
Requirement already satisfied: accelerate>=0.20.0 in /gpfs/scratch1/shared/mschaffelder/venv_exp_1/lib/python3.9/site-packages (from -r requirements.txt (line 4)) (1.7.0)
Requirement already satisfied: sentencepiece>=0.1.99 in /gpfs/scratch1/shared/mschaffelder/venv_exp_1/lib/python3.9/site-packages (from -r requirements.txt (line 5)) (0.2.0)
Requirement already satisfied: protobuf>=3.20.0 in /gpfs/scratch1/shared/mschaffelder/venv_exp_1/lib/python3.9/site-packages (from -r requirements.txt (line 6)) (6.31.0)
Requirement already satisfied: typing-extensions>=4.5.0 in /gpfs/scratch1/shared/mschaffelder/venv_exp_1/lib/python3.9/site-packages (from -r requirements.txt (line 7)) (4.13.2)
Requirement already satisfied: urllib3>=2.0.0 in /gpfs/scratch1/shared/mschaffelder/venv_exp_1/lib/python3.9/site-packages (from -r requirements.txt (line 8)) (2.4.0)
Requirement already satisfied: huggingface-hub>=0.16.0 in /gpfs/scratch1/shared/mschaffelder/venv_exp_1/lib/python3.9/site-packages (from -r requirements.txt (line 9)) (0.31.4)
Requirement already satisfied: filelock in /gpfs/scratch1/shared/mschaffelder/venv_exp_1/lib/python3.9/site-packages (from torch>=2.0.0->-r requirements.txt (line 1)) (3.18.0)
Requirement already satisfied: sympy>=1.13.3 in /gpfs/scratch1/shared/mschaffelder/venv_exp_1/lib/python3.9/site-packages (from torch>=2.0.0->-r requirements.txt (line 1)) (1.14.0)
Requirement already satisfied: networkx in /gpfs/scratch1/shared/mschaffelder/venv_exp_1/lib/python3.9/site-packages (from torch>=2.0.0->-r requirements.txt (line 1)) (3.2.1)
Requirement already satisfied: jinja2 in /gpfs/scratch1/shared/mschaffelder/venv_exp_1/lib/python3.9/site-packages (from torch>=2.0.0->-r requirements.txt (line 1)) (3.1.6)
Requirement already satisfied: fsspec in /gpfs/scratch1/shared/mschaffelder/venv_exp_1/lib/python3.9/site-packages (from torch>=2.0.0->-r requirements.txt (line 1)) (2025.5.0)
Requirement already satisfied: nvidia-cuda-nvrtc-cu12==12.6.77 in /gpfs/scratch1/shared/mschaffelder/venv_exp_1/lib/python3.9/site-packages (from torch>=2.0.0->-r requirements.txt (line 1)) (12.6.77)
Requirement already satisfied: nvidia-cuda-runtime-cu12==12.6.77 in /gpfs/scratch1/shared/mschaffelder/venv_exp_1/lib/python3.9/site-packages (from torch>=2.0.0->-r requirements.txt (line 1)) (12.6.77)
Requirement already satisfied: nvidia-cuda-cupti-cu12==12.6.80 in /gpfs/scratch1/shared/mschaffelder/venv_exp_1/lib/python3.9/site-packages (from torch>=2.0.0->-r requirements.txt (line 1)) (12.6.80)
Requirement already satisfied: nvidia-cudnn-cu12==9.5.1.17 in /gpfs/scratch1/shared/mschaffelder/venv_exp_1/lib/python3.9/site-packages (from torch>=2.0.0->-r requirements.txt (line 1)) (9.5.1.17)
Requirement already satisfied: nvidia-cublas-cu12==12.6.4.1 in /gpfs/scratch1/shared/mschaffelder/venv_exp_1/lib/python3.9/site-packages (from torch>=2.0.0->-r requirements.txt (line 1)) (12.6.4.1)
Requirement already satisfied: nvidia-cufft-cu12==11.3.0.4 in /gpfs/scratch1/shared/mschaffelder/venv_exp_1/lib/python3.9/site-packages (from torch>=2.0.0->-r requirements.txt (line 1)) (11.3.0.4)
Requirement already satisfied: nvidia-curand-cu12==10.3.7.77 in /gpfs/scratch1/shared/mschaffelder/venv_exp_1/lib/python3.9/site-packages (from torch>=2.0.0->-r requirements.txt (line 1)) (10.3.7.77)
Requirement already satisfied: nvidia-cusolver-cu12==11.7.1.2 in /gpfs/scratch1/shared/mschaffelder/venv_exp_1/lib/python3.9/site-packages (from torch>=2.0.0->-r requirements.txt (line 1)) (11.7.1.2)
Requirement already satisfied: nvidia-cusparse-cu12==12.5.4.2 in /gpfs/scratch1/shared/mschaffelder/venv_exp_1/lib/python3.9/site-packages (from torch>=2.0.0->-r requirements.txt (line 1)) (12.5.4.2)
Requirement already satisfied: nvidia-cusparselt-cu12==0.6.3 in /gpfs/scratch1/shared/mschaffelder/venv_exp_1/lib/python3.9/site-packages (from torch>=2.0.0->-r requirements.txt (line 1)) (0.6.3)
Requirement already satisfied: nvidia-nccl-cu12==2.26.2 in /gpfs/scratch1/shared/mschaffelder/venv_exp_1/lib/python3.9/site-packages (from torch>=2.0.0->-r requirements.txt (line 1)) (2.26.2)
Requirement already satisfied: nvidia-nvtx-cu12==12.6.77 in /gpfs/scratch1/shared/mschaffelder/venv_exp_1/lib/python3.9/site-packages (from torch>=2.0.0->-r requirements.txt (line 1)) (12.6.77)
Requirement already satisfied: nvidia-nvjitlink-cu12==12.6.85 in /gpfs/scratch1/shared/mschaffelder/venv_exp_1/lib/python3.9/site-packages (from torch>=2.0.0->-r requirements.txt (line 1)) (12.6.85)
Requirement already satisfied: nvidia-cufile-cu12==1.11.1.6 in /gpfs/scratch1/shared/mschaffelder/venv_exp_1/lib/python3.9/site-packages (from torch>=2.0.0->-r requirements.txt (line 1)) (1.11.1.6)
Requirement already satisfied: triton==3.3.0 in /gpfs/scratch1/shared/mschaffelder/venv_exp_1/lib/python3.9/site-packages (from torch>=2.0.0->-r requirements.txt (line 1)) (3.3.0)
Requirement already satisfied: setuptools>=40.8.0 in /gpfs/scratch1/shared/mschaffelder/venv_exp_1/lib/python3.9/site-packages (from triton==3.3.0->torch>=2.0.0->-r requirements.txt (line 1)) (53.0.0)
Requirement already satisfied: numpy>=1.17 in /gpfs/scratch1/shared/mschaffelder/venv_exp_1/lib/python3.9/site-packages (from transformers>=4.30.0->-r requirements.txt (line 2)) (2.0.2)
Requirement already satisfied: packaging>=20.0 in /gpfs/scratch1/shared/mschaffelder/venv_exp_1/lib/python3.9/site-packages (from transformers>=4.30.0->-r requirements.txt (line 2)) (25.0)
Requirement already satisfied: pyyaml>=5.1 in /gpfs/scratch1/shared/mschaffelder/venv_exp_1/lib/python3.9/site-packages (from transformers>=4.30.0->-r requirements.txt (line 2)) (6.0.2)
Requirement already satisfied: regex!=2019.12.17 in /gpfs/scratch1/shared/mschaffelder/venv_exp_1/lib/python3.9/site-packages (from transformers>=4.30.0->-r requirements.txt (line 2)) (2024.11.6)
Requirement already satisfied: requests in /gpfs/scratch1/shared/mschaffelder/venv_exp_1/lib/python3.9/site-packages (from transformers>=4.30.0->-r requirements.txt (line 2)) (2.32.3)
Requirement already satisfied: tokenizers<0.22,>=0.21 in /gpfs/scratch1/shared/mschaffelder/venv_exp_1/lib/python3.9/site-packages (from transformers>=4.30.0->-r requirements.txt (line 2)) (0.21.1)
Requirement already satisfied: safetensors>=0.4.3 in /gpfs/scratch1/shared/mschaffelder/venv_exp_1/lib/python3.9/site-packages (from transformers>=4.30.0->-r requirements.txt (line 2)) (0.5.3)
Requirement already satisfied: tqdm>=4.27 in /gpfs/scratch1/shared/mschaffelder/venv_exp_1/lib/python3.9/site-packages (from transformers>=4.30.0->-r requirements.txt (line 2)) (4.67.1)
Requirement already satisfied: psutil in /gpfs/scratch1/shared/mschaffelder/venv_exp_1/lib/python3.9/site-packages (from peft>=0.4.0->-r requirements.txt (line 3)) (7.0.0)
Requirement already satisfied: mpmath<1.4,>=1.1.0 in /gpfs/scratch1/shared/mschaffelder/venv_exp_1/lib/python3.9/site-packages (from sympy>=1.13.3->torch>=2.0.0->-r requirements.txt (line 1)) (1.3.0)
Requirement already satisfied: MarkupSafe>=2.0 in /gpfs/scratch1/shared/mschaffelder/venv_exp_1/lib/python3.9/site-packages (from jinja2->torch>=2.0.0->-r requirements.txt (line 1)) (3.0.2)
Requirement already satisfied: charset-normalizer<4,>=2 in /gpfs/scratch1/shared/mschaffelder/venv_exp_1/lib/python3.9/site-packages (from requests->transformers>=4.30.0->-r requirements.txt (line 2)) (3.4.2)
Requirement already satisfied: idna<4,>=2.5 in /gpfs/scratch1/shared/mschaffelder/venv_exp_1/lib/python3.9/site-packages (from requests->transformers>=4.30.0->-r requirements.txt (line 2)) (3.10)
Requirement already satisfied: certifi>=2017.4.17 in /gpfs/scratch1/shared/mschaffelder/venv_exp_1/lib/python3.9/site-packages (from requests->transformers>=4.30.0->-r requirements.txt (line 2)) (2025.4.26)
CUDA_VISIBLE_DEVICES: 0
Available GPUs: GPU 0: NVIDIA H100 (UUID: GPU-d355563e-c972-1e0e-a38e-f196748a3bfd)
The token has not been saved to the git credentials helper. Pass `add_to_git_credential=True` in this function directly or `--add-to-git-credential` if using via `huggingface-cli` if you want to set the git credential as well.
Token is valid (permission: fineGrained).
The token `MaxBook Air` has been saved to /home/mschaffelder/.cache/huggingface/stored_tokens
Your token has been saved to /home/mschaffelder/.cache/huggingface/token
Login successful.
The current active token is: `MaxBook Air`
/scratch-shared/mschaffelder/venv_exp_1/lib64/python3.9/site-packages/networkx/utils/backends.py:135: RuntimeWarning: networkx backend defined more than once: nx-loopback
  backends.update(_get_backends("networkx.backends"))
2025-05-22 20:33:14,277 - INFO - Starting to load tokenizer from: meta-llama/Llama-3.1-8B-Instruct with padding_side='left'
2025-05-22 20:33:14,994 - INFO - Tokenizer loaded.
2025-05-22 20:33:15,237 - WARNING - Tokenizer.pad_token_id (None) is not eos_token_id (128009). Forcing pad_token to eos_token for Llama consistency.
2025-05-22 20:33:15,382 - INFO - Tokenizer configured: pad_token_id=128009, eos_token_id=128009, padding_side='left'
2025-05-22 20:33:15,382 - INFO - Starting to load base model from: meta-llama/Llama-3.1-8B-Instruct
2025-05-22 20:33:34,314 - INFO - We will use 90% of the memory on device 0 for storing the model, and 10% for the buffer to avoid OOM. You can set `max_memory` in to a higher value to use more memory (at your own risk).
Loading model and tokenizer...
Loading checkpoint shards:   0%|          | 0/4 [00:00<?, ?it/s]Loading checkpoint shards:  25%|██▌       | 1/4 [00:03<00:11,  3.91s/it]Loading checkpoint shards:  50%|█████     | 2/4 [00:07<00:07,  3.92s/it]Loading checkpoint shards:  75%|███████▌  | 3/4 [00:11<00:03,  3.85s/it]Loading checkpoint shards: 100%|██████████| 4/4 [00:12<00:00,  2.68s/it]Loading checkpoint shards: 100%|██████████| 4/4 [00:13<00:00,  3.39s/it]
2025-05-22 20:33:48,140 - INFO - Base model loaded. Original vocab size: 128256
2025-05-22 20:33:48,140 - INFO - Resizing token embeddings from 128256 to 128257...
The new embeddings will be initialized from a multivariate normal distribution that has old embeddings' mean and covariance. As described in this article: https://nlp.stanford.edu/~johnhew/vocab-expansion.html. To disable this, use `mean_resizing=False`
The new lm_head weights will be initialized from a multivariate normal distribution that has old embeddings' mean and covariance. As described in this article: https://nlp.stanford.edu/~johnhew/vocab-expansion.html. To disable this, use `mean_resizing=False`
2025-05-22 20:34:13,412 - INFO - Token embeddings resized. New vocab size: 128257
2025-05-22 20:34:13,412 - INFO - Starting to load LoRA weights from: /scratch-shared/mschaffelder/Data/ft_models/lora_llama_8b_single_v6/checkpoint-1684
2025-05-22 20:34:21,715 - INFO - LoRA weights loaded and merged with the base model.
2025-05-22 20:34:21,722 - INFO - Aligning model.config.pad_token_id (None) to tokenizer.pad_token_id (128009).
2025-05-22 20:34:21,911 - INFO - Output file /scratch-shared/mschaffelder/Data/exp_1/results/generation_results_8b_single_v6.jsonl created/cleared.
2025-05-22 20:34:21,911 - INFO - Starting to process test data...
2025-05-22 20:34:21,912 - INFO - Opened test data file: /scratch-shared/mschaffelder/Data/Finetuning/Dolly/dolly_test.jsonl
2025-05-22 20:34:22,152 - INFO - Reading line 1 from test data...
2025-05-22 20:34:22,186 - INFO - Added prompt from line 1 to batch.
2025-05-22 20:34:22,429 - INFO - Reading line 2 from test data...
2025-05-22 20:34:22,654 - INFO - Added prompt from line 2 to batch.
2025-05-22 20:34:23,794 - INFO - Reading line 3 from test data...
2025-05-22 20:34:24,280 - INFO - Added prompt from line 3 to batch.
2025-05-22 20:34:24,476 - INFO - Reading line 4 from test data...
2025-05-22 20:34:24,476 - INFO - Added prompt from line 4 to batch.
2025-05-22 20:34:25,197 - INFO - Reading line 5 from test data...
2025-05-22 20:34:25,882 - INFO - Added prompt from line 5 to batch.
2025-05-22 20:34:25,882 - INFO - Reading line 6 from test data...
2025-05-22 20:34:25,882 - INFO - Added prompt from line 6 to batch.
2025-05-22 20:34:25,882 - INFO - Reading line 7 from test data...
2025-05-22 20:34:25,882 - INFO - Added prompt from line 7 to batch.
2025-05-22 20:34:25,882 - INFO - Reading line 8 from test data...
2025-05-22 20:34:25,882 - INFO - Added prompt from line 8 to batch.
2025-05-22 20:34:25,882 - INFO - Processing batch of 8 prompts (up to line 8)...
2025-05-22 20:34:25,882 - INFO - Generating responses for batch of 8 prompts. System prompt: 'You are a helpful assistant.'
2025-05-22 20:34:25,902 - INFO - First formatted prompt for tokenizer (first 100 chars): '<|begin_of_text|><|start_header_id|>system<|end_header_id|>

Cutting Knowledge Date: December 2023
T...'
2025-05-22 20:34:25,902 - INFO - Input device: cuda:0, preparing to move inputs to device.
2025-05-22 20:34:26,273 - INFO - Batch of inputs tokenized, padded, truncated, and moved to model device.
2025-05-22 20:34:26,274 - INFO - Starting batched model.generate()...
Setting `pad_token_id` to `eos_token_id`:128001 for open-end generation.
2025-05-22 20:34:53,488 - INFO - Batched model.generate() completed.
2025-05-22 20:34:53,490 - INFO - Decoding batch of responses by stripping input tokens...
2025-05-22 20:34:53,491 - INFO - Input tokens stripped from responses.
2025-05-22 20:34:53,491 - INFO - Batch of responses generated.
2025-05-22 20:34:54,323 - INFO - Appended 8 results from batch to /scratch-shared/mschaffelder/Data/exp_1/results/generation_results_8b_single_v6.jsonl
2025-05-22 20:34:54,498 - INFO - Reading line 9 from test data...
2025-05-22 20:34:55,623 - INFO - Added prompt from line 9 to batch.
2025-05-22 20:34:55,623 - INFO - Reading line 10 from test data...
2025-05-22 20:34:55,623 - INFO - Added prompt from line 10 to batch.
2025-05-22 20:34:55,623 - INFO - Reading line 11 from test data...
2025-05-22 20:34:55,623 - INFO - Added prompt from line 11 to batch.
2025-05-22 20:34:55,623 - INFO - Reading line 12 from test data...
2025-05-22 20:34:55,623 - INFO - Added prompt from line 12 to batch.
2025-05-22 20:34:55,623 - INFO - Reading line 13 from test data...
2025-05-22 20:34:55,623 - INFO - Added prompt from line 13 to batch.
2025-05-22 20:34:55,623 - INFO - Reading line 14 from test data...
2025-05-22 20:34:55,623 - INFO - Added prompt from line 14 to batch.
2025-05-22 20:34:55,623 - INFO - Reading line 15 from test data...
2025-05-22 20:34:55,623 - INFO - Added prompt from line 15 to batch.
2025-05-22 20:34:55,623 - INFO - Reading line 16 from test data...
2025-05-22 20:34:55,624 - INFO - Added prompt from line 16 to batch.
2025-05-22 20:34:55,624 - INFO - Processing batch of 8 prompts (up to line 16)...
2025-05-22 20:34:55,624 - INFO - Generating responses for batch of 8 prompts. System prompt: 'You are a helpful assistant.'
2025-05-22 20:34:55,624 - INFO - First formatted prompt for tokenizer (first 100 chars): '<|begin_of_text|><|start_header_id|>system<|end_header_id|>

Cutting Knowledge Date: December 2023
T...'
2025-05-22 20:34:55,624 - INFO - Input device: cuda:0, preparing to move inputs to device.
2025-05-22 20:34:55,683 - INFO - Batch of inputs tokenized, padded, truncated, and moved to model device.
2025-05-22 20:34:55,685 - INFO - Starting batched model.generate()...
Setting `pad_token_id` to `eos_token_id`:128001 for open-end generation.
2025-05-22 20:35:18,108 - INFO - Batched model.generate() completed.
2025-05-22 20:35:18,111 - INFO - Decoding batch of responses by stripping input tokens...
2025-05-22 20:35:18,113 - INFO - Input tokens stripped from responses.
2025-05-22 20:35:18,113 - INFO - Batch of responses generated.
2025-05-22 20:35:18,115 - INFO - Appended 8 results from batch to /scratch-shared/mschaffelder/Data/exp_1/results/generation_results_8b_single_v6.jsonl
2025-05-22 20:35:18,115 - INFO - Reading line 17 from test data...
2025-05-22 20:35:18,115 - INFO - Added prompt from line 17 to batch.
2025-05-22 20:35:18,115 - INFO - Reading line 18 from test data...
2025-05-22 20:35:18,115 - INFO - Added prompt from line 18 to batch.
2025-05-22 20:35:18,115 - INFO - Reading line 19 from test data...
2025-05-22 20:35:18,115 - INFO - Added prompt from line 19 to batch.
2025-05-22 20:35:18,115 - INFO - Reading line 20 from test data...
2025-05-22 20:35:18,115 - INFO - Added prompt from line 20 to batch.
2025-05-22 20:35:18,115 - INFO - Reading line 21 from test data...
2025-05-22 20:35:18,115 - INFO - Added prompt from line 21 to batch.
2025-05-22 20:35:18,115 - INFO - Reading line 22 from test data...
2025-05-22 20:35:18,115 - INFO - Added prompt from line 22 to batch.
2025-05-22 20:35:18,115 - INFO - Reading line 23 from test data...
2025-05-22 20:35:18,115 - INFO - Added prompt from line 23 to batch.
2025-05-22 20:35:18,115 - INFO - Reading line 24 from test data...
2025-05-22 20:35:18,115 - INFO - Added prompt from line 24 to batch.
2025-05-22 20:35:18,115 - INFO - Processing batch of 8 prompts (up to line 24)...
2025-05-22 20:35:18,115 - INFO - Generating responses for batch of 8 prompts. System prompt: 'You are a helpful assistant.'
2025-05-22 20:35:18,116 - INFO - First formatted prompt for tokenizer (first 100 chars): '<|begin_of_text|><|start_header_id|>system<|end_header_id|>

Cutting Knowledge Date: December 2023
T...'
2025-05-22 20:35:18,116 - INFO - Input device: cuda:0, preparing to move inputs to device.
2025-05-22 20:35:18,117 - INFO - Batch of inputs tokenized, padded, truncated, and moved to model device.
2025-05-22 20:35:18,117 - INFO - Starting batched model.generate()...
Setting `pad_token_id` to `eos_token_id`:128001 for open-end generation.
2025-05-22 20:35:40,480 - INFO - Batched model.generate() completed.
2025-05-22 20:35:40,482 - INFO - Decoding batch of responses by stripping input tokens...
2025-05-22 20:35:40,484 - INFO - Input tokens stripped from responses.
2025-05-22 20:35:40,485 - INFO - Batch of responses generated.
2025-05-22 20:35:40,486 - INFO - Appended 8 results from batch to /scratch-shared/mschaffelder/Data/exp_1/results/generation_results_8b_single_v6.jsonl
2025-05-22 20:35:40,486 - INFO - Reading line 25 from test data...
2025-05-22 20:35:40,486 - INFO - Added prompt from line 25 to batch.
2025-05-22 20:35:40,486 - INFO - Reading line 26 from test data...
2025-05-22 20:35:40,486 - INFO - Added prompt from line 26 to batch.
2025-05-22 20:35:40,486 - INFO - Reading line 27 from test data...
2025-05-22 20:35:40,487 - INFO - Added prompt from line 27 to batch.
2025-05-22 20:35:40,487 - INFO - Reading line 28 from test data...
2025-05-22 20:35:40,487 - INFO - Added prompt from line 28 to batch.
2025-05-22 20:35:40,487 - INFO - Reading line 29 from test data...
2025-05-22 20:35:40,487 - INFO - Added prompt from line 29 to batch.
2025-05-22 20:35:40,487 - INFO - Reading line 30 from test data...
2025-05-22 20:35:40,487 - INFO - Added prompt from line 30 to batch.
2025-05-22 20:35:40,487 - INFO - Reading line 31 from test data...
2025-05-22 20:35:40,487 - INFO - Added prompt from line 31 to batch.
2025-05-22 20:35:40,487 - INFO - Reading line 32 from test data...
2025-05-22 20:35:40,487 - INFO - Added prompt from line 32 to batch.
2025-05-22 20:35:40,487 - INFO - Processing batch of 8 prompts (up to line 32)...
2025-05-22 20:35:40,487 - INFO - Generating responses for batch of 8 prompts. System prompt: 'You are a helpful assistant.'
2025-05-22 20:35:40,488 - INFO - First formatted prompt for tokenizer (first 100 chars): '<|begin_of_text|><|start_header_id|>system<|end_header_id|>

Cutting Knowledge Date: December 2023
T...'
2025-05-22 20:35:40,488 - INFO - Input device: cuda:0, preparing to move inputs to device.
2025-05-22 20:35:40,489 - INFO - Batch of inputs tokenized, padded, truncated, and moved to model device.
2025-05-22 20:35:40,490 - INFO - Starting batched model.generate()...
Setting `pad_token_id` to `eos_token_id`:128001 for open-end generation.
2025-05-22 20:36:06,532 - INFO - Batched model.generate() completed.
2025-05-22 20:36:06,537 - INFO - Decoding batch of responses by stripping input tokens...
2025-05-22 20:36:06,540 - INFO - Input tokens stripped from responses.
2025-05-22 20:36:06,540 - INFO - Batch of responses generated.
2025-05-22 20:36:06,543 - INFO - Appended 8 results from batch to /scratch-shared/mschaffelder/Data/exp_1/results/generation_results_8b_single_v6.jsonl
2025-05-22 20:36:06,543 - INFO - Reading line 33 from test data...
2025-05-22 20:36:06,543 - INFO - Added prompt from line 33 to batch.
2025-05-22 20:36:06,543 - INFO - Reading line 34 from test data...
2025-05-22 20:36:06,543 - INFO - Added prompt from line 34 to batch.
2025-05-22 20:36:06,543 - INFO - Reading line 35 from test data...
2025-05-22 20:36:06,543 - INFO - Added prompt from line 35 to batch.
2025-05-22 20:36:06,543 - INFO - Reading line 36 from test data...
2025-05-22 20:36:06,543 - INFO - Added prompt from line 36 to batch.
2025-05-22 20:36:06,543 - INFO - Reading line 37 from test data...
2025-05-22 20:36:06,543 - INFO - Added prompt from line 37 to batch.
2025-05-22 20:36:06,543 - INFO - Reading line 38 from test data...
2025-05-22 20:36:06,543 - INFO - Added prompt from line 38 to batch.
2025-05-22 20:36:06,543 - INFO - Reading line 39 from test data...
2025-05-22 20:36:06,543 - INFO - Added prompt from line 39 to batch.
2025-05-22 20:36:06,543 - INFO - Reading line 40 from test data...
2025-05-22 20:36:06,543 - INFO - Added prompt from line 40 to batch.
2025-05-22 20:36:06,543 - INFO - Processing batch of 8 prompts (up to line 40)...
2025-05-22 20:36:06,543 - INFO - Generating responses for batch of 8 prompts. System prompt: 'You are a helpful assistant.'
2025-05-22 20:36:06,544 - INFO - First formatted prompt for tokenizer (first 100 chars): '<|begin_of_text|><|start_header_id|>system<|end_header_id|>

Cutting Knowledge Date: December 2023
T...'
2025-05-22 20:36:06,544 - INFO - Input device: cuda:0, preparing to move inputs to device.
2025-05-22 20:36:06,547 - INFO - Batch of inputs tokenized, padded, truncated, and moved to model device.
2025-05-22 20:36:06,547 - INFO - Starting batched model.generate()...
Setting `pad_token_id` to `eos_token_id`:128001 for open-end generation.
2025-05-22 20:36:34,169 - INFO - Batched model.generate() completed.
2025-05-22 20:36:34,170 - INFO - Decoding batch of responses by stripping input tokens...
2025-05-22 20:36:34,173 - INFO - Input tokens stripped from responses.
2025-05-22 20:36:34,173 - INFO - Batch of responses generated.
2025-05-22 20:36:34,176 - INFO - Appended 8 results from batch to /scratch-shared/mschaffelder/Data/exp_1/results/generation_results_8b_single_v6.jsonl
2025-05-22 20:36:34,176 - INFO - Reading line 41 from test data...
2025-05-22 20:36:34,176 - INFO - Added prompt from line 41 to batch.
2025-05-22 20:36:34,176 - INFO - Reading line 42 from test data...
2025-05-22 20:36:34,176 - INFO - Added prompt from line 42 to batch.
2025-05-22 20:36:34,176 - INFO - Reading line 43 from test data...
2025-05-22 20:36:34,176 - INFO - Added prompt from line 43 to batch.
2025-05-22 20:36:34,176 - INFO - Reading line 44 from test data...
2025-05-22 20:36:34,176 - INFO - Added prompt from line 44 to batch.
2025-05-22 20:36:34,176 - INFO - Reading line 45 from test data...
2025-05-22 20:36:34,176 - INFO - Added prompt from line 45 to batch.
2025-05-22 20:36:34,176 - INFO - Reading line 46 from test data...
2025-05-22 20:36:34,279 - INFO - Added prompt from line 46 to batch.
2025-05-22 20:36:34,279 - INFO - Reading line 47 from test data...
2025-05-22 20:36:34,279 - INFO - Added prompt from line 47 to batch.
2025-05-22 20:36:34,279 - INFO - Reading line 48 from test data...
2025-05-22 20:36:34,279 - INFO - Added prompt from line 48 to batch.
2025-05-22 20:36:34,279 - INFO - Processing batch of 8 prompts (up to line 48)...
2025-05-22 20:36:34,279 - INFO - Generating responses for batch of 8 prompts. System prompt: 'You are a helpful assistant.'
2025-05-22 20:36:34,280 - INFO - First formatted prompt for tokenizer (first 100 chars): '<|begin_of_text|><|start_header_id|>system<|end_header_id|>

Cutting Knowledge Date: December 2023
T...'
2025-05-22 20:36:34,280 - INFO - Input device: cuda:0, preparing to move inputs to device.
2025-05-22 20:36:34,282 - INFO - Batch of inputs tokenized, padded, truncated, and moved to model device.
2025-05-22 20:36:34,282 - INFO - Starting batched model.generate()...
Setting `pad_token_id` to `eos_token_id`:128001 for open-end generation.
2025-05-22 20:36:59,682 - INFO - Batched model.generate() completed.
2025-05-22 20:36:59,682 - INFO - Decoding batch of responses by stripping input tokens...
2025-05-22 20:36:59,684 - INFO - Input tokens stripped from responses.
2025-05-22 20:36:59,685 - INFO - Batch of responses generated.
2025-05-22 20:36:59,687 - INFO - Appended 8 results from batch to /scratch-shared/mschaffelder/Data/exp_1/results/generation_results_8b_single_v6.jsonl
2025-05-22 20:36:59,687 - INFO - Reading line 49 from test data...
2025-05-22 20:36:59,687 - INFO - Added prompt from line 49 to batch.
2025-05-22 20:36:59,687 - INFO - Reading line 50 from test data...
2025-05-22 20:36:59,687 - INFO - Added prompt from line 50 to batch.
2025-05-22 20:36:59,687 - INFO - Reading line 51 from test data...
2025-05-22 20:36:59,687 - INFO - Added prompt from line 51 to batch.
2025-05-22 20:36:59,687 - INFO - Reading line 52 from test data...
2025-05-22 20:36:59,687 - INFO - Added prompt from line 52 to batch.
2025-05-22 20:36:59,688 - INFO - Reading line 53 from test data...
2025-05-22 20:36:59,688 - INFO - Added prompt from line 53 to batch.
2025-05-22 20:36:59,688 - INFO - Reading line 54 from test data...
2025-05-22 20:36:59,688 - INFO - Added prompt from line 54 to batch.
2025-05-22 20:36:59,688 - INFO - Reading line 55 from test data...
2025-05-22 20:36:59,688 - INFO - Added prompt from line 55 to batch.
2025-05-22 20:36:59,688 - INFO - Reading line 56 from test data...
2025-05-22 20:36:59,688 - INFO - Added prompt from line 56 to batch.
2025-05-22 20:36:59,688 - INFO - Processing batch of 8 prompts (up to line 56)...
2025-05-22 20:36:59,688 - INFO - Generating responses for batch of 8 prompts. System prompt: 'You are a helpful assistant.'
2025-05-22 20:36:59,688 - INFO - First formatted prompt for tokenizer (first 100 chars): '<|begin_of_text|><|start_header_id|>system<|end_header_id|>

Cutting Knowledge Date: December 2023
T...'
2025-05-22 20:36:59,688 - INFO - Input device: cuda:0, preparing to move inputs to device.
2025-05-22 20:36:59,690 - INFO - Batch of inputs tokenized, padded, truncated, and moved to model device.
2025-05-22 20:36:59,690 - INFO - Starting batched model.generate()...
Setting `pad_token_id` to `eos_token_id`:128001 for open-end generation.
2025-05-22 20:37:17,963 - INFO - Batched model.generate() completed.
2025-05-22 20:37:17,964 - INFO - Decoding batch of responses by stripping input tokens...
2025-05-22 20:37:17,966 - INFO - Input tokens stripped from responses.
2025-05-22 20:37:17,966 - INFO - Batch of responses generated.
2025-05-22 20:37:17,969 - INFO - Appended 8 results from batch to /scratch-shared/mschaffelder/Data/exp_1/results/generation_results_8b_single_v6.jsonl
2025-05-22 20:37:17,969 - INFO - Reading line 57 from test data...
2025-05-22 20:37:17,969 - INFO - Added prompt from line 57 to batch.
2025-05-22 20:37:17,969 - INFO - Reading line 58 from test data...
2025-05-22 20:37:17,969 - INFO - Added prompt from line 58 to batch.
2025-05-22 20:37:18,256 - INFO - Reading line 59 from test data...
2025-05-22 20:37:18,256 - INFO - Added prompt from line 59 to batch.
2025-05-22 20:37:18,256 - INFO - Reading line 60 from test data...
2025-05-22 20:37:18,256 - INFO - Added prompt from line 60 to batch.
2025-05-22 20:37:18,256 - INFO - Reading line 61 from test data...
2025-05-22 20:37:18,256 - INFO - Added prompt from line 61 to batch.
2025-05-22 20:37:18,256 - INFO - Reading line 62 from test data...
2025-05-22 20:37:18,256 - INFO - Added prompt from line 62 to batch.
2025-05-22 20:37:18,256 - INFO - Reading line 63 from test data...
2025-05-22 20:37:18,256 - INFO - Added prompt from line 63 to batch.
2025-05-22 20:37:18,256 - INFO - Reading line 64 from test data...
2025-05-22 20:37:18,257 - INFO - Added prompt from line 64 to batch.
2025-05-22 20:37:18,257 - INFO - Processing batch of 8 prompts (up to line 64)...
2025-05-22 20:37:18,257 - INFO - Generating responses for batch of 8 prompts. System prompt: 'You are a helpful assistant.'
2025-05-22 20:37:18,257 - INFO - First formatted prompt for tokenizer (first 100 chars): '<|begin_of_text|><|start_header_id|>system<|end_header_id|>

Cutting Knowledge Date: December 2023
T...'
2025-05-22 20:37:18,257 - INFO - Input device: cuda:0, preparing to move inputs to device.
2025-05-22 20:37:18,259 - INFO - Batch of inputs tokenized, padded, truncated, and moved to model device.
2025-05-22 20:37:18,259 - INFO - Starting batched model.generate()...
Setting `pad_token_id` to `eos_token_id`:128001 for open-end generation.
2025-05-22 20:37:48,804 - INFO - Batched model.generate() completed.
2025-05-22 20:37:48,806 - INFO - Decoding batch of responses by stripping input tokens...
2025-05-22 20:37:48,808 - INFO - Input tokens stripped from responses.
2025-05-22 20:37:48,809 - INFO - Batch of responses generated.
2025-05-22 20:37:48,811 - INFO - Appended 8 results from batch to /scratch-shared/mschaffelder/Data/exp_1/results/generation_results_8b_single_v6.jsonl
2025-05-22 20:37:48,811 - INFO - Reading line 65 from test data...
2025-05-22 20:37:48,811 - INFO - Added prompt from line 65 to batch.
2025-05-22 20:37:48,811 - INFO - Reading line 66 from test data...
2025-05-22 20:37:48,811 - INFO - Added prompt from line 66 to batch.
2025-05-22 20:37:48,811 - INFO - Reading line 67 from test data...
2025-05-22 20:37:48,811 - INFO - Added prompt from line 67 to batch.
2025-05-22 20:37:48,811 - INFO - Reading line 68 from test data...
2025-05-22 20:37:48,811 - INFO - Added prompt from line 68 to batch.
2025-05-22 20:37:48,811 - INFO - Reading line 69 from test data...
2025-05-22 20:37:48,811 - INFO - Added prompt from line 69 to batch.
2025-05-22 20:37:48,811 - INFO - Reading line 70 from test data...
2025-05-22 20:37:48,811 - INFO - Added prompt from line 70 to batch.
2025-05-22 20:37:48,811 - INFO - Reading line 71 from test data...
2025-05-22 20:37:48,811 - INFO - Added prompt from line 71 to batch.
2025-05-22 20:37:48,811 - INFO - Reading line 72 from test data...
2025-05-22 20:37:48,811 - INFO - Added prompt from line 72 to batch.
2025-05-22 20:37:48,811 - INFO - Processing batch of 8 prompts (up to line 72)...
2025-05-22 20:37:48,811 - INFO - Generating responses for batch of 8 prompts. System prompt: 'You are a helpful assistant.'
2025-05-22 20:37:48,811 - INFO - First formatted prompt for tokenizer (first 100 chars): '<|begin_of_text|><|start_header_id|>system<|end_header_id|>

Cutting Knowledge Date: December 2023
T...'
2025-05-22 20:37:48,812 - INFO - Input device: cuda:0, preparing to move inputs to device.
2025-05-22 20:37:48,818 - INFO - Batch of inputs tokenized, padded, truncated, and moved to model device.
2025-05-22 20:37:48,818 - INFO - Starting batched model.generate()...
Setting `pad_token_id` to `eos_token_id`:128001 for open-end generation.
2025-05-22 20:38:12,587 - INFO - Batched model.generate() completed.
2025-05-22 20:38:12,590 - INFO - Decoding batch of responses by stripping input tokens...
2025-05-22 20:38:12,592 - INFO - Input tokens stripped from responses.
2025-05-22 20:38:12,593 - INFO - Batch of responses generated.
2025-05-22 20:38:12,766 - INFO - Appended 8 results from batch to /scratch-shared/mschaffelder/Data/exp_1/results/generation_results_8b_single_v6.jsonl
2025-05-22 20:38:12,766 - INFO - Reading line 73 from test data...
2025-05-22 20:38:12,766 - INFO - Added prompt from line 73 to batch.
2025-05-22 20:38:12,766 - INFO - Reading line 74 from test data...
2025-05-22 20:38:12,766 - INFO - Added prompt from line 74 to batch.
2025-05-22 20:38:12,766 - INFO - Reading line 75 from test data...
2025-05-22 20:38:12,766 - INFO - Added prompt from line 75 to batch.
2025-05-22 20:38:12,766 - INFO - Reading line 76 from test data...
2025-05-22 20:38:12,766 - INFO - Added prompt from line 76 to batch.
2025-05-22 20:38:12,766 - INFO - Reading line 77 from test data...
2025-05-22 20:38:12,766 - INFO - Added prompt from line 77 to batch.
2025-05-22 20:38:12,766 - INFO - Reading line 78 from test data...
2025-05-22 20:38:12,766 - INFO - Added prompt from line 78 to batch.
2025-05-22 20:38:12,766 - INFO - Reading line 79 from test data...
2025-05-22 20:38:12,766 - INFO - Added prompt from line 79 to batch.
2025-05-22 20:38:12,766 - INFO - Reading line 80 from test data...
2025-05-22 20:38:12,766 - INFO - Added prompt from line 80 to batch.
2025-05-22 20:38:12,766 - INFO - Processing batch of 8 prompts (up to line 80)...
2025-05-22 20:38:12,766 - INFO - Generating responses for batch of 8 prompts. System prompt: 'You are a helpful assistant.'
2025-05-22 20:38:12,767 - INFO - First formatted prompt for tokenizer (first 100 chars): '<|begin_of_text|><|start_header_id|>system<|end_header_id|>

Cutting Knowledge Date: December 2023
T...'
2025-05-22 20:38:12,767 - INFO - Input device: cuda:0, preparing to move inputs to device.
2025-05-22 20:38:12,771 - INFO - Batch of inputs tokenized, padded, truncated, and moved to model device.
2025-05-22 20:38:12,771 - INFO - Starting batched model.generate()...
Setting `pad_token_id` to `eos_token_id`:128001 for open-end generation.
2025-05-22 20:38:31,943 - INFO - Batched model.generate() completed.
2025-05-22 20:38:31,944 - INFO - Decoding batch of responses by stripping input tokens...
2025-05-22 20:38:31,946 - INFO - Input tokens stripped from responses.
2025-05-22 20:38:31,947 - INFO - Batch of responses generated.
2025-05-22 20:38:31,948 - INFO - Appended 8 results from batch to /scratch-shared/mschaffelder/Data/exp_1/results/generation_results_8b_single_v6.jsonl
2025-05-22 20:38:31,948 - INFO - Reading line 81 from test data...
2025-05-22 20:38:31,948 - INFO - Added prompt from line 81 to batch.
2025-05-22 20:38:31,948 - INFO - Reading line 82 from test data...
2025-05-22 20:38:31,948 - INFO - Added prompt from line 82 to batch.
2025-05-22 20:38:31,948 - INFO - Reading line 83 from test data...
2025-05-22 20:38:31,948 - INFO - Added prompt from line 83 to batch.
2025-05-22 20:38:31,948 - INFO - Reading line 84 from test data...
2025-05-22 20:38:31,948 - INFO - Added prompt from line 84 to batch.
2025-05-22 20:38:31,948 - INFO - Reading line 85 from test data...
2025-05-22 20:38:31,948 - INFO - Added prompt from line 85 to batch.
2025-05-22 20:38:31,948 - INFO - Reading line 86 from test data...
2025-05-22 20:38:31,948 - INFO - Added prompt from line 86 to batch.
2025-05-22 20:38:31,949 - INFO - Reading line 87 from test data...
2025-05-22 20:38:31,949 - INFO - Added prompt from line 87 to batch.
2025-05-22 20:38:31,949 - INFO - Reading line 88 from test data...
2025-05-22 20:38:31,949 - INFO - Added prompt from line 88 to batch.
2025-05-22 20:38:31,949 - INFO - Processing batch of 8 prompts (up to line 88)...
2025-05-22 20:38:31,949 - INFO - Generating responses for batch of 8 prompts. System prompt: 'You are a helpful assistant.'
2025-05-22 20:38:31,949 - INFO - First formatted prompt for tokenizer (first 100 chars): '<|begin_of_text|><|start_header_id|>system<|end_header_id|>

Cutting Knowledge Date: December 2023
T...'
2025-05-22 20:38:31,949 - INFO - Input device: cuda:0, preparing to move inputs to device.
2025-05-22 20:38:31,950 - INFO - Batch of inputs tokenized, padded, truncated, and moved to model device.
2025-05-22 20:38:31,950 - INFO - Starting batched model.generate()...
Setting `pad_token_id` to `eos_token_id`:128001 for open-end generation.
2025-05-22 20:39:07,319 - INFO - Batched model.generate() completed.
2025-05-22 20:39:07,322 - INFO - Decoding batch of responses by stripping input tokens...
2025-05-22 20:39:07,324 - INFO - Input tokens stripped from responses.
2025-05-22 20:39:07,324 - INFO - Batch of responses generated.
2025-05-22 20:39:07,326 - INFO - Appended 8 results from batch to /scratch-shared/mschaffelder/Data/exp_1/results/generation_results_8b_single_v6.jsonl
2025-05-22 20:39:07,326 - INFO - Reading line 89 from test data...
2025-05-22 20:39:07,326 - INFO - Added prompt from line 89 to batch.
2025-05-22 20:39:07,326 - INFO - Reading line 90 from test data...
2025-05-22 20:39:07,326 - INFO - Added prompt from line 90 to batch.
2025-05-22 20:39:07,326 - INFO - Reading line 91 from test data...
2025-05-22 20:39:07,326 - INFO - Added prompt from line 91 to batch.
2025-05-22 20:39:07,326 - INFO - Reading line 92 from test data...
2025-05-22 20:39:07,326 - INFO - Added prompt from line 92 to batch.
2025-05-22 20:39:07,326 - INFO - Reading line 93 from test data...
2025-05-22 20:39:07,326 - INFO - Added prompt from line 93 to batch.
2025-05-22 20:39:07,326 - INFO - Reading line 94 from test data...
2025-05-22 20:39:07,326 - INFO - Added prompt from line 94 to batch.
2025-05-22 20:39:07,326 - INFO - Reading line 95 from test data...
2025-05-22 20:39:07,326 - INFO - Added prompt from line 95 to batch.
2025-05-22 20:39:07,326 - INFO - Reading line 96 from test data...
2025-05-22 20:39:07,326 - INFO - Added prompt from line 96 to batch.
2025-05-22 20:39:07,326 - INFO - Processing batch of 8 prompts (up to line 96)...
2025-05-22 20:39:07,326 - INFO - Generating responses for batch of 8 prompts. System prompt: 'You are a helpful assistant.'
2025-05-22 20:39:07,327 - INFO - First formatted prompt for tokenizer (first 100 chars): '<|begin_of_text|><|start_header_id|>system<|end_header_id|>

Cutting Knowledge Date: December 2023
T...'
2025-05-22 20:39:07,327 - INFO - Input device: cuda:0, preparing to move inputs to device.
2025-05-22 20:39:07,329 - INFO - Batch of inputs tokenized, padded, truncated, and moved to model device.
2025-05-22 20:39:07,329 - INFO - Starting batched model.generate()...
Setting `pad_token_id` to `eos_token_id`:128001 for open-end generation.
2025-05-22 20:39:21,172 - INFO - Batched model.generate() completed.
2025-05-22 20:39:21,174 - INFO - Decoding batch of responses by stripping input tokens...
2025-05-22 20:39:21,176 - INFO - Input tokens stripped from responses.
2025-05-22 20:39:21,176 - INFO - Batch of responses generated.
2025-05-22 20:39:21,178 - INFO - Appended 8 results from batch to /scratch-shared/mschaffelder/Data/exp_1/results/generation_results_8b_single_v6.jsonl
2025-05-22 20:39:21,178 - INFO - Reading line 97 from test data...
2025-05-22 20:39:21,178 - INFO - Added prompt from line 97 to batch.
2025-05-22 20:39:21,178 - INFO - Reading line 98 from test data...
2025-05-22 20:39:21,178 - INFO - Added prompt from line 98 to batch.
2025-05-22 20:39:21,178 - INFO - Reading line 99 from test data...
2025-05-22 20:39:21,178 - INFO - Added prompt from line 99 to batch.
2025-05-22 20:39:21,178 - INFO - Reading line 100 from test data...
2025-05-22 20:39:21,178 - INFO - Added prompt from line 100 to batch.
2025-05-22 20:39:21,178 - INFO - Reading line 101 from test data...
2025-05-22 20:39:21,178 - INFO - Added prompt from line 101 to batch.
2025-05-22 20:39:21,178 - INFO - Reading line 102 from test data...
2025-05-22 20:39:21,178 - INFO - Added prompt from line 102 to batch.
2025-05-22 20:39:21,178 - INFO - Reading line 103 from test data...
2025-05-22 20:39:21,178 - INFO - Added prompt from line 103 to batch.
2025-05-22 20:39:21,178 - INFO - Reading line 104 from test data...
2025-05-22 20:39:21,178 - INFO - Added prompt from line 104 to batch.
2025-05-22 20:39:21,178 - INFO - Processing batch of 8 prompts (up to line 104)...
2025-05-22 20:39:21,178 - INFO - Generating responses for batch of 8 prompts. System prompt: 'You are a helpful assistant.'
2025-05-22 20:39:21,179 - INFO - First formatted prompt for tokenizer (first 100 chars): '<|begin_of_text|><|start_header_id|>system<|end_header_id|>

Cutting Knowledge Date: December 2023
T...'
2025-05-22 20:39:21,179 - INFO - Input device: cuda:0, preparing to move inputs to device.
2025-05-22 20:39:21,181 - INFO - Batch of inputs tokenized, padded, truncated, and moved to model device.
2025-05-22 20:39:21,181 - INFO - Starting batched model.generate()...
Setting `pad_token_id` to `eos_token_id`:128001 for open-end generation.
2025-05-22 20:39:40,556 - INFO - Batched model.generate() completed.
2025-05-22 20:39:40,558 - INFO - Decoding batch of responses by stripping input tokens...
2025-05-22 20:39:40,560 - INFO - Input tokens stripped from responses.
2025-05-22 20:39:40,560 - INFO - Batch of responses generated.
2025-05-22 20:39:40,561 - INFO - Appended 8 results from batch to /scratch-shared/mschaffelder/Data/exp_1/results/generation_results_8b_single_v6.jsonl
2025-05-22 20:39:40,561 - INFO - Reading line 105 from test data...
2025-05-22 20:39:40,561 - INFO - Added prompt from line 105 to batch.
2025-05-22 20:39:40,561 - INFO - Reading line 106 from test data...
2025-05-22 20:39:40,561 - INFO - Added prompt from line 106 to batch.
2025-05-22 20:39:40,561 - INFO - Reading line 107 from test data...
2025-05-22 20:39:40,561 - INFO - Added prompt from line 107 to batch.
2025-05-22 20:39:40,561 - INFO - Reading line 108 from test data...
2025-05-22 20:39:40,562 - INFO - Added prompt from line 108 to batch.
2025-05-22 20:39:40,562 - INFO - Reading line 109 from test data...
2025-05-22 20:39:40,562 - INFO - Added prompt from line 109 to batch.
2025-05-22 20:39:40,562 - INFO - Reading line 110 from test data...
2025-05-22 20:39:40,562 - INFO - Added prompt from line 110 to batch.
2025-05-22 20:39:40,562 - INFO - Reading line 111 from test data...
2025-05-22 20:39:40,562 - INFO - Added prompt from line 111 to batch.
2025-05-22 20:39:40,562 - INFO - Reading line 112 from test data...
2025-05-22 20:39:40,562 - INFO - Added prompt from line 112 to batch.
2025-05-22 20:39:40,562 - INFO - Processing batch of 8 prompts (up to line 112)...
2025-05-22 20:39:40,562 - INFO - Generating responses for batch of 8 prompts. System prompt: 'You are a helpful assistant.'
2025-05-22 20:39:40,562 - INFO - First formatted prompt for tokenizer (first 100 chars): '<|begin_of_text|><|start_header_id|>system<|end_header_id|>

Cutting Knowledge Date: December 2023
T...'
2025-05-22 20:39:40,562 - INFO - Input device: cuda:0, preparing to move inputs to device.
2025-05-22 20:39:40,565 - INFO - Batch of inputs tokenized, padded, truncated, and moved to model device.
2025-05-22 20:39:40,565 - INFO - Starting batched model.generate()...
Setting `pad_token_id` to `eos_token_id`:128001 for open-end generation.
2025-05-22 20:40:09,054 - INFO - Batched model.generate() completed.
2025-05-22 20:40:09,056 - INFO - Decoding batch of responses by stripping input tokens...
2025-05-22 20:40:09,058 - INFO - Input tokens stripped from responses.
2025-05-22 20:40:09,058 - INFO - Batch of responses generated.
2025-05-22 20:40:09,060 - INFO - Appended 8 results from batch to /scratch-shared/mschaffelder/Data/exp_1/results/generation_results_8b_single_v6.jsonl
2025-05-22 20:40:09,060 - INFO - Reading line 113 from test data...
2025-05-22 20:40:09,060 - INFO - Added prompt from line 113 to batch.
2025-05-22 20:40:09,060 - INFO - Reading line 114 from test data...
2025-05-22 20:40:09,060 - INFO - Added prompt from line 114 to batch.
2025-05-22 20:40:09,060 - INFO - Reading line 115 from test data...
2025-05-22 20:40:09,060 - INFO - Added prompt from line 115 to batch.
2025-05-22 20:40:09,060 - INFO - Reading line 116 from test data...
2025-05-22 20:40:09,060 - INFO - Added prompt from line 116 to batch.
2025-05-22 20:40:09,060 - INFO - Reading line 117 from test data...
2025-05-22 20:40:09,060 - INFO - Added prompt from line 117 to batch.
2025-05-22 20:40:09,088 - INFO - Reading line 118 from test data...
2025-05-22 20:40:09,088 - INFO - Added prompt from line 118 to batch.
2025-05-22 20:40:09,089 - INFO - Reading line 119 from test data...
2025-05-22 20:40:09,089 - INFO - Added prompt from line 119 to batch.
2025-05-22 20:40:09,089 - INFO - Reading line 120 from test data...
2025-05-22 20:40:09,089 - INFO - Added prompt from line 120 to batch.
2025-05-22 20:40:09,089 - INFO - Processing batch of 8 prompts (up to line 120)...
2025-05-22 20:40:09,089 - INFO - Generating responses for batch of 8 prompts. System prompt: 'You are a helpful assistant.'
2025-05-22 20:40:09,089 - INFO - First formatted prompt for tokenizer (first 100 chars): '<|begin_of_text|><|start_header_id|>system<|end_header_id|>

Cutting Knowledge Date: December 2023
T...'
2025-05-22 20:40:09,089 - INFO - Input device: cuda:0, preparing to move inputs to device.
2025-05-22 20:40:09,091 - INFO - Batch of inputs tokenized, padded, truncated, and moved to model device.
2025-05-22 20:40:09,091 - INFO - Starting batched model.generate()...
Setting `pad_token_id` to `eos_token_id`:128001 for open-end generation.
2025-05-22 20:40:24,537 - INFO - Batched model.generate() completed.
2025-05-22 20:40:24,538 - INFO - Decoding batch of responses by stripping input tokens...
2025-05-22 20:40:24,541 - INFO - Input tokens stripped from responses.
2025-05-22 20:40:24,541 - INFO - Batch of responses generated.
2025-05-22 20:40:24,543 - INFO - Appended 8 results from batch to /scratch-shared/mschaffelder/Data/exp_1/results/generation_results_8b_single_v6.jsonl
2025-05-22 20:40:24,543 - INFO - Reading line 121 from test data...
2025-05-22 20:40:24,543 - INFO - Added prompt from line 121 to batch.
2025-05-22 20:40:24,543 - INFO - Reading line 122 from test data...
2025-05-22 20:40:24,543 - INFO - Added prompt from line 122 to batch.
2025-05-22 20:40:24,543 - INFO - Reading line 123 from test data...
2025-05-22 20:40:24,543 - INFO - Added prompt from line 123 to batch.
2025-05-22 20:40:24,543 - INFO - Reading line 124 from test data...
2025-05-22 20:40:24,543 - INFO - Added prompt from line 124 to batch.
2025-05-22 20:40:24,543 - INFO - Reading line 125 from test data...
2025-05-22 20:40:24,543 - INFO - Added prompt from line 125 to batch.
2025-05-22 20:40:24,543 - INFO - Reading line 126 from test data...
2025-05-22 20:40:24,543 - INFO - Added prompt from line 126 to batch.
2025-05-22 20:40:24,543 - INFO - Reading line 127 from test data...
2025-05-22 20:40:24,543 - INFO - Added prompt from line 127 to batch.
2025-05-22 20:40:24,543 - INFO - Reading line 128 from test data...
2025-05-22 20:40:24,543 - INFO - Added prompt from line 128 to batch.
2025-05-22 20:40:24,543 - INFO - Processing batch of 8 prompts (up to line 128)...
2025-05-22 20:40:24,543 - INFO - Generating responses for batch of 8 prompts. System prompt: 'You are a helpful assistant.'
2025-05-22 20:40:24,544 - INFO - First formatted prompt for tokenizer (first 100 chars): '<|begin_of_text|><|start_header_id|>system<|end_header_id|>

Cutting Knowledge Date: December 2023
T...'
2025-05-22 20:40:24,544 - INFO - Input device: cuda:0, preparing to move inputs to device.
2025-05-22 20:40:24,546 - INFO - Batch of inputs tokenized, padded, truncated, and moved to model device.
2025-05-22 20:40:24,546 - INFO - Starting batched model.generate()...
Setting `pad_token_id` to `eos_token_id`:128001 for open-end generation.
2025-05-22 20:40:45,437 - INFO - Batched model.generate() completed.
2025-05-22 20:40:45,438 - INFO - Decoding batch of responses by stripping input tokens...
2025-05-22 20:40:45,440 - INFO - Input tokens stripped from responses.
2025-05-22 20:40:45,440 - INFO - Batch of responses generated.
2025-05-22 20:40:45,441 - INFO - Appended 8 results from batch to /scratch-shared/mschaffelder/Data/exp_1/results/generation_results_8b_single_v6.jsonl
2025-05-22 20:40:45,441 - INFO - Reading line 129 from test data...
2025-05-22 20:40:45,441 - INFO - Added prompt from line 129 to batch.
2025-05-22 20:40:45,441 - INFO - Reading line 130 from test data...
2025-05-22 20:40:46,050 - INFO - Added prompt from line 130 to batch.
2025-05-22 20:40:46,050 - INFO - Reading line 131 from test data...
2025-05-22 20:40:46,050 - INFO - Added prompt from line 131 to batch.
2025-05-22 20:40:46,050 - INFO - Reading line 132 from test data...
2025-05-22 20:40:46,050 - INFO - Added prompt from line 132 to batch.
2025-05-22 20:40:46,050 - INFO - Reading line 133 from test data...
2025-05-22 20:40:46,050 - INFO - Added prompt from line 133 to batch.
2025-05-22 20:40:46,050 - INFO - Reading line 134 from test data...
2025-05-22 20:40:46,050 - INFO - Added prompt from line 134 to batch.
2025-05-22 20:40:46,050 - INFO - Reading line 135 from test data...
2025-05-22 20:40:46,050 - INFO - Added prompt from line 135 to batch.
2025-05-22 20:40:46,050 - INFO - Reading line 136 from test data...
2025-05-22 20:40:46,050 - INFO - Added prompt from line 136 to batch.
2025-05-22 20:40:46,050 - INFO - Processing batch of 8 prompts (up to line 136)...
2025-05-22 20:40:46,050 - INFO - Generating responses for batch of 8 prompts. System prompt: 'You are a helpful assistant.'
2025-05-22 20:40:46,050 - INFO - First formatted prompt for tokenizer (first 100 chars): '<|begin_of_text|><|start_header_id|>system<|end_header_id|>

Cutting Knowledge Date: December 2023
T...'
2025-05-22 20:40:46,051 - INFO - Input device: cuda:0, preparing to move inputs to device.
2025-05-22 20:40:46,052 - INFO - Batch of inputs tokenized, padded, truncated, and moved to model device.
2025-05-22 20:40:46,052 - INFO - Starting batched model.generate()...
Setting `pad_token_id` to `eos_token_id`:128001 for open-end generation.
2025-05-22 20:41:02,987 - INFO - Batched model.generate() completed.
2025-05-22 20:41:02,989 - INFO - Decoding batch of responses by stripping input tokens...
2025-05-22 20:41:02,990 - INFO - Input tokens stripped from responses.
2025-05-22 20:41:02,990 - INFO - Batch of responses generated.
2025-05-22 20:41:02,992 - INFO - Appended 8 results from batch to /scratch-shared/mschaffelder/Data/exp_1/results/generation_results_8b_single_v6.jsonl
2025-05-22 20:41:02,992 - INFO - Reading line 137 from test data...
2025-05-22 20:41:02,992 - INFO - Added prompt from line 137 to batch.
2025-05-22 20:41:02,992 - INFO - Reading line 138 from test data...
2025-05-22 20:41:02,992 - INFO - Added prompt from line 138 to batch.
2025-05-22 20:41:02,992 - INFO - Reading line 139 from test data...
2025-05-22 20:41:02,992 - INFO - Added prompt from line 139 to batch.
2025-05-22 20:41:02,992 - INFO - Reading line 140 from test data...
2025-05-22 20:41:02,992 - INFO - Added prompt from line 140 to batch.
2025-05-22 20:41:02,992 - INFO - Reading line 141 from test data...
2025-05-22 20:41:02,992 - INFO - Added prompt from line 141 to batch.
2025-05-22 20:41:02,992 - INFO - Reading line 142 from test data...
2025-05-22 20:41:02,992 - INFO - Added prompt from line 142 to batch.
2025-05-22 20:41:02,992 - INFO - Reading line 143 from test data...
2025-05-22 20:41:02,992 - INFO - Added prompt from line 143 to batch.
2025-05-22 20:41:02,992 - INFO - Reading line 144 from test data...
2025-05-22 20:41:02,992 - INFO - Added prompt from line 144 to batch.
2025-05-22 20:41:02,992 - INFO - Processing batch of 8 prompts (up to line 144)...
2025-05-22 20:41:02,992 - INFO - Generating responses for batch of 8 prompts. System prompt: 'You are a helpful assistant.'
2025-05-22 20:41:02,993 - INFO - First formatted prompt for tokenizer (first 100 chars): '<|begin_of_text|><|start_header_id|>system<|end_header_id|>

Cutting Knowledge Date: December 2023
T...'
2025-05-22 20:41:02,993 - INFO - Input device: cuda:0, preparing to move inputs to device.
2025-05-22 20:41:02,994 - INFO - Batch of inputs tokenized, padded, truncated, and moved to model device.
2025-05-22 20:41:02,994 - INFO - Starting batched model.generate()...
Setting `pad_token_id` to `eos_token_id`:128001 for open-end generation.
2025-05-22 20:41:24,858 - INFO - Batched model.generate() completed.
2025-05-22 20:41:24,860 - INFO - Decoding batch of responses by stripping input tokens...
2025-05-22 20:41:24,862 - INFO - Input tokens stripped from responses.
2025-05-22 20:41:24,863 - INFO - Batch of responses generated.
2025-05-22 20:41:29,055 - INFO - Appended 8 results from batch to /scratch-shared/mschaffelder/Data/exp_1/results/generation_results_8b_single_v6.jsonl
2025-05-22 20:41:29,057 - INFO - Reading line 145 from test data...
2025-05-22 20:41:29,092 - INFO - Added prompt from line 145 to batch.
2025-05-22 20:41:29,092 - INFO - Reading line 146 from test data...
2025-05-22 20:41:29,092 - INFO - Added prompt from line 146 to batch.
2025-05-22 20:41:29,092 - INFO - Reading line 147 from test data...
2025-05-22 20:41:30,404 - INFO - Added prompt from line 147 to batch.
2025-05-22 20:41:30,641 - INFO - Reading line 148 from test data...
2025-05-22 20:41:30,641 - INFO - Added prompt from line 148 to batch.
2025-05-22 20:41:30,642 - INFO - Reading line 149 from test data...
2025-05-22 20:41:30,642 - INFO - Added prompt from line 149 to batch.
2025-05-22 20:41:30,642 - INFO - Reading line 150 from test data...
2025-05-22 20:41:30,642 - INFO - Added prompt from line 150 to batch.
2025-05-22 20:41:30,642 - INFO - Reading line 151 from test data...
2025-05-22 20:41:30,642 - INFO - Added prompt from line 151 to batch.
2025-05-22 20:41:30,642 - INFO - Reading line 152 from test data...
2025-05-22 20:41:30,642 - INFO - Added prompt from line 152 to batch.
2025-05-22 20:41:30,642 - INFO - Processing batch of 8 prompts (up to line 152)...
2025-05-22 20:41:30,642 - INFO - Generating responses for batch of 8 prompts. System prompt: 'You are a helpful assistant.'
2025-05-22 20:41:30,642 - INFO - First formatted prompt for tokenizer (first 100 chars): '<|begin_of_text|><|start_header_id|>system<|end_header_id|>

Cutting Knowledge Date: December 2023
T...'
2025-05-22 20:41:30,642 - INFO - Input device: cuda:0, preparing to move inputs to device.
2025-05-22 20:41:30,644 - INFO - Batch of inputs tokenized, padded, truncated, and moved to model device.
2025-05-22 20:41:30,644 - INFO - Starting batched model.generate()...
Setting `pad_token_id` to `eos_token_id`:128001 for open-end generation.
2025-05-22 20:41:52,500 - INFO - Batched model.generate() completed.
2025-05-22 20:41:52,501 - INFO - Decoding batch of responses by stripping input tokens...
2025-05-22 20:41:52,504 - INFO - Input tokens stripped from responses.
2025-05-22 20:41:52,504 - INFO - Batch of responses generated.
2025-05-22 20:41:52,505 - INFO - Appended 8 results from batch to /scratch-shared/mschaffelder/Data/exp_1/results/generation_results_8b_single_v6.jsonl
2025-05-22 20:41:52,505 - INFO - Reading line 153 from test data...
2025-05-22 20:41:52,505 - INFO - Added prompt from line 153 to batch.
2025-05-22 20:41:52,505 - INFO - Reading line 154 from test data...
2025-05-22 20:41:52,505 - INFO - Added prompt from line 154 to batch.
2025-05-22 20:41:52,506 - INFO - Reading line 155 from test data...
2025-05-22 20:41:52,506 - INFO - Added prompt from line 155 to batch.
2025-05-22 20:41:52,506 - INFO - Reading line 156 from test data...
2025-05-22 20:41:52,506 - INFO - Added prompt from line 156 to batch.
2025-05-22 20:41:52,506 - INFO - Reading line 157 from test data...
2025-05-22 20:41:52,506 - INFO - Added prompt from line 157 to batch.
2025-05-22 20:41:52,506 - INFO - Reading line 158 from test data...
2025-05-22 20:41:52,506 - INFO - Added prompt from line 158 to batch.
2025-05-22 20:41:52,506 - INFO - Reading line 159 from test data...
2025-05-22 20:41:52,506 - INFO - Added prompt from line 159 to batch.
2025-05-22 20:41:52,506 - INFO - Reading line 160 from test data...
2025-05-22 20:41:52,506 - INFO - Added prompt from line 160 to batch.
2025-05-22 20:41:52,506 - INFO - Processing batch of 8 prompts (up to line 160)...
2025-05-22 20:41:52,506 - INFO - Generating responses for batch of 8 prompts. System prompt: 'You are a helpful assistant.'
2025-05-22 20:41:52,506 - INFO - First formatted prompt for tokenizer (first 100 chars): '<|begin_of_text|><|start_header_id|>system<|end_header_id|>

Cutting Knowledge Date: December 2023
T...'
2025-05-22 20:41:52,506 - INFO - Input device: cuda:0, preparing to move inputs to device.
2025-05-22 20:41:52,767 - INFO - Batch of inputs tokenized, padded, truncated, and moved to model device.
2025-05-22 20:41:52,767 - INFO - Starting batched model.generate()...
Setting `pad_token_id` to `eos_token_id`:128001 for open-end generation.
2025-05-22 20:42:14,646 - INFO - Batched model.generate() completed.
2025-05-22 20:42:14,647 - INFO - Decoding batch of responses by stripping input tokens...
2025-05-22 20:42:14,649 - INFO - Input tokens stripped from responses.
2025-05-22 20:42:14,649 - INFO - Batch of responses generated.
2025-05-22 20:42:14,651 - INFO - Appended 8 results from batch to /scratch-shared/mschaffelder/Data/exp_1/results/generation_results_8b_single_v6.jsonl
2025-05-22 20:42:14,651 - INFO - Reading line 161 from test data...
2025-05-22 20:42:14,651 - INFO - Added prompt from line 161 to batch.
2025-05-22 20:42:14,651 - INFO - Reading line 162 from test data...
2025-05-22 20:42:14,651 - INFO - Added prompt from line 162 to batch.
2025-05-22 20:42:14,651 - INFO - Reading line 163 from test data...
2025-05-22 20:42:14,651 - INFO - Added prompt from line 163 to batch.
2025-05-22 20:42:14,651 - INFO - Reading line 164 from test data...
2025-05-22 20:42:14,651 - INFO - Added prompt from line 164 to batch.
2025-05-22 20:42:14,651 - INFO - Reading line 165 from test data...
2025-05-22 20:42:14,651 - INFO - Added prompt from line 165 to batch.
2025-05-22 20:42:14,651 - INFO - Reading line 166 from test data...
2025-05-22 20:42:14,651 - INFO - Added prompt from line 166 to batch.
2025-05-22 20:42:14,651 - INFO - Reading line 167 from test data...
2025-05-22 20:42:14,651 - INFO - Added prompt from line 167 to batch.
2025-05-22 20:42:14,651 - INFO - Reading line 168 from test data...
2025-05-22 20:42:14,651 - INFO - Added prompt from line 168 to batch.
2025-05-22 20:42:14,651 - INFO - Processing batch of 8 prompts (up to line 168)...
2025-05-22 20:42:14,651 - INFO - Generating responses for batch of 8 prompts. System prompt: 'You are a helpful assistant.'
2025-05-22 20:42:14,651 - INFO - First formatted prompt for tokenizer (first 100 chars): '<|begin_of_text|><|start_header_id|>system<|end_header_id|>

Cutting Knowledge Date: December 2023
T...'
2025-05-22 20:42:14,652 - INFO - Input device: cuda:0, preparing to move inputs to device.
2025-05-22 20:42:14,656 - INFO - Batch of inputs tokenized, padded, truncated, and moved to model device.
2025-05-22 20:42:14,657 - INFO - Starting batched model.generate()...
Setting `pad_token_id` to `eos_token_id`:128001 for open-end generation.
2025-05-22 20:42:34,305 - INFO - Batched model.generate() completed.
2025-05-22 20:42:34,306 - INFO - Decoding batch of responses by stripping input tokens...
2025-05-22 20:42:34,308 - INFO - Input tokens stripped from responses.
2025-05-22 20:42:34,309 - INFO - Batch of responses generated.
2025-05-22 20:42:34,311 - INFO - Appended 8 results from batch to /scratch-shared/mschaffelder/Data/exp_1/results/generation_results_8b_single_v6.jsonl
2025-05-22 20:42:34,311 - INFO - Reading line 169 from test data...
2025-05-22 20:42:34,311 - INFO - Added prompt from line 169 to batch.
2025-05-22 20:42:34,311 - INFO - Reading line 170 from test data...
2025-05-22 20:42:34,311 - INFO - Added prompt from line 170 to batch.
2025-05-22 20:42:34,311 - INFO - Reading line 171 from test data...
2025-05-22 20:42:34,311 - INFO - Added prompt from line 171 to batch.
2025-05-22 20:42:34,311 - INFO - Reading line 172 from test data...
2025-05-22 20:42:34,311 - INFO - Added prompt from line 172 to batch.
2025-05-22 20:42:34,311 - INFO - Reading line 173 from test data...
2025-05-22 20:42:34,311 - INFO - Added prompt from line 173 to batch.
2025-05-22 20:42:34,311 - INFO - Reading line 174 from test data...
2025-05-22 20:42:34,311 - INFO - Added prompt from line 174 to batch.
2025-05-22 20:42:34,311 - INFO - Reading line 175 from test data...
2025-05-22 20:42:34,311 - INFO - Added prompt from line 175 to batch.
2025-05-22 20:42:34,311 - INFO - Reading line 176 from test data...
2025-05-22 20:42:34,392 - INFO - Added prompt from line 176 to batch.
2025-05-22 20:42:34,392 - INFO - Processing batch of 8 prompts (up to line 176)...
2025-05-22 20:42:34,392 - INFO - Generating responses for batch of 8 prompts. System prompt: 'You are a helpful assistant.'
2025-05-22 20:42:34,392 - INFO - First formatted prompt for tokenizer (first 100 chars): '<|begin_of_text|><|start_header_id|>system<|end_header_id|>

Cutting Knowledge Date: December 2023
T...'
2025-05-22 20:42:34,393 - INFO - Input device: cuda:0, preparing to move inputs to device.
2025-05-22 20:42:34,395 - INFO - Batch of inputs tokenized, padded, truncated, and moved to model device.
2025-05-22 20:42:34,395 - INFO - Starting batched model.generate()...
Setting `pad_token_id` to `eos_token_id`:128001 for open-end generation.
2025-05-22 20:42:56,730 - INFO - Batched model.generate() completed.
2025-05-22 20:42:56,731 - INFO - Decoding batch of responses by stripping input tokens...
2025-05-22 20:42:56,733 - INFO - Input tokens stripped from responses.
2025-05-22 20:42:56,733 - INFO - Batch of responses generated.
2025-05-22 20:42:56,735 - INFO - Appended 8 results from batch to /scratch-shared/mschaffelder/Data/exp_1/results/generation_results_8b_single_v6.jsonl
2025-05-22 20:42:56,735 - INFO - Reading line 177 from test data...
2025-05-22 20:42:56,735 - INFO - Added prompt from line 177 to batch.
2025-05-22 20:42:56,735 - INFO - Reading line 178 from test data...
2025-05-22 20:42:56,735 - INFO - Added prompt from line 178 to batch.
2025-05-22 20:42:56,735 - INFO - Reading line 179 from test data...
2025-05-22 20:42:56,735 - INFO - Added prompt from line 179 to batch.
2025-05-22 20:42:56,735 - INFO - Reading line 180 from test data...
2025-05-22 20:42:56,735 - INFO - Added prompt from line 180 to batch.
2025-05-22 20:42:56,735 - INFO - Reading line 181 from test data...
2025-05-22 20:42:56,735 - INFO - Added prompt from line 181 to batch.
2025-05-22 20:42:56,735 - INFO - Reading line 182 from test data...
2025-05-22 20:42:56,735 - INFO - Added prompt from line 182 to batch.
2025-05-22 20:42:56,735 - INFO - Reading line 183 from test data...
2025-05-22 20:42:56,735 - INFO - Added prompt from line 183 to batch.
2025-05-22 20:42:56,735 - INFO - Reading line 184 from test data...
2025-05-22 20:42:56,735 - INFO - Added prompt from line 184 to batch.
2025-05-22 20:42:56,735 - INFO - Processing batch of 8 prompts (up to line 184)...
2025-05-22 20:42:56,735 - INFO - Generating responses for batch of 8 prompts. System prompt: 'You are a helpful assistant.'
2025-05-22 20:42:56,736 - INFO - First formatted prompt for tokenizer (first 100 chars): '<|begin_of_text|><|start_header_id|>system<|end_header_id|>

Cutting Knowledge Date: December 2023
T...'
2025-05-22 20:42:56,736 - INFO - Input device: cuda:0, preparing to move inputs to device.
2025-05-22 20:42:56,738 - INFO - Batch of inputs tokenized, padded, truncated, and moved to model device.
2025-05-22 20:42:56,738 - INFO - Starting batched model.generate()...
Setting `pad_token_id` to `eos_token_id`:128001 for open-end generation.
2025-05-22 20:43:22,544 - INFO - Batched model.generate() completed.
2025-05-22 20:43:22,545 - INFO - Decoding batch of responses by stripping input tokens...
2025-05-22 20:43:22,548 - INFO - Input tokens stripped from responses.
2025-05-22 20:43:22,548 - INFO - Batch of responses generated.
2025-05-22 20:43:22,549 - INFO - Appended 8 results from batch to /scratch-shared/mschaffelder/Data/exp_1/results/generation_results_8b_single_v6.jsonl
2025-05-22 20:43:22,549 - INFO - Reading line 185 from test data...
2025-05-22 20:43:22,549 - INFO - Added prompt from line 185 to batch.
2025-05-22 20:43:22,549 - INFO - Reading line 186 from test data...
2025-05-22 20:43:22,549 - INFO - Added prompt from line 186 to batch.
2025-05-22 20:43:22,549 - INFO - Reading line 187 from test data...
2025-05-22 20:43:22,550 - INFO - Added prompt from line 187 to batch.
2025-05-22 20:43:22,550 - INFO - Reading line 188 from test data...
2025-05-22 20:43:22,550 - INFO - Added prompt from line 188 to batch.
2025-05-22 20:43:22,576 - INFO - Reading line 189 from test data...
2025-05-22 20:43:22,576 - INFO - Added prompt from line 189 to batch.
2025-05-22 20:43:22,576 - INFO - Reading line 190 from test data...
2025-05-22 20:43:22,576 - INFO - Added prompt from line 190 to batch.
2025-05-22 20:43:22,576 - INFO - Reading line 191 from test data...
2025-05-22 20:43:22,576 - INFO - Added prompt from line 191 to batch.
2025-05-22 20:43:22,576 - INFO - Reading line 192 from test data...
2025-05-22 20:43:22,576 - INFO - Added prompt from line 192 to batch.
2025-05-22 20:43:22,576 - INFO - Processing batch of 8 prompts (up to line 192)...
2025-05-22 20:43:22,576 - INFO - Generating responses for batch of 8 prompts. System prompt: 'You are a helpful assistant.'
2025-05-22 20:43:22,577 - INFO - First formatted prompt for tokenizer (first 100 chars): '<|begin_of_text|><|start_header_id|>system<|end_header_id|>

Cutting Knowledge Date: December 2023
T...'
2025-05-22 20:43:22,577 - INFO - Input device: cuda:0, preparing to move inputs to device.
2025-05-22 20:43:22,580 - INFO - Batch of inputs tokenized, padded, truncated, and moved to model device.
2025-05-22 20:43:22,580 - INFO - Starting batched model.generate()...
Setting `pad_token_id` to `eos_token_id`:128001 for open-end generation.
2025-05-22 20:43:47,963 - INFO - Batched model.generate() completed.
2025-05-22 20:43:47,964 - INFO - Decoding batch of responses by stripping input tokens...
2025-05-22 20:43:47,967 - INFO - Input tokens stripped from responses.
2025-05-22 20:43:47,967 - INFO - Batch of responses generated.
2025-05-22 20:43:47,969 - INFO - Appended 8 results from batch to /scratch-shared/mschaffelder/Data/exp_1/results/generation_results_8b_single_v6.jsonl
2025-05-22 20:43:47,969 - INFO - Reading line 193 from test data...
2025-05-22 20:43:47,969 - INFO - Added prompt from line 193 to batch.
2025-05-22 20:43:47,969 - INFO - Reading line 194 from test data...
2025-05-22 20:43:47,969 - INFO - Added prompt from line 194 to batch.
2025-05-22 20:43:47,969 - INFO - Reading line 195 from test data...
2025-05-22 20:43:47,969 - INFO - Added prompt from line 195 to batch.
2025-05-22 20:43:47,969 - INFO - Reading line 196 from test data...
2025-05-22 20:43:47,969 - INFO - Added prompt from line 196 to batch.
2025-05-22 20:43:47,969 - INFO - Reading line 197 from test data...
2025-05-22 20:43:47,969 - INFO - Added prompt from line 197 to batch.
2025-05-22 20:43:47,969 - INFO - Reading line 198 from test data...
2025-05-22 20:43:47,969 - INFO - Added prompt from line 198 to batch.
2025-05-22 20:43:47,969 - INFO - Reading line 199 from test data...
2025-05-22 20:43:47,969 - INFO - Added prompt from line 199 to batch.
2025-05-22 20:43:47,969 - INFO - Reading line 200 from test data...
2025-05-22 20:43:47,969 - INFO - Added prompt from line 200 to batch.
2025-05-22 20:43:47,969 - INFO - Processing batch of 8 prompts (up to line 200)...
2025-05-22 20:43:47,969 - INFO - Generating responses for batch of 8 prompts. System prompt: 'You are a helpful assistant.'
2025-05-22 20:43:47,969 - INFO - First formatted prompt for tokenizer (first 100 chars): '<|begin_of_text|><|start_header_id|>system<|end_header_id|>

Cutting Knowledge Date: December 2023
T...'
2025-05-22 20:43:47,970 - INFO - Input device: cuda:0, preparing to move inputs to device.
2025-05-22 20:43:47,971 - INFO - Batch of inputs tokenized, padded, truncated, and moved to model device.
2025-05-22 20:43:47,971 - INFO - Starting batched model.generate()...
Setting `pad_token_id` to `eos_token_id`:128001 for open-end generation.
2025-05-22 20:44:12,866 - INFO - Batched model.generate() completed.
2025-05-22 20:44:12,867 - INFO - Decoding batch of responses by stripping input tokens...
2025-05-22 20:44:12,870 - INFO - Input tokens stripped from responses.
2025-05-22 20:44:12,870 - INFO - Batch of responses generated.
2025-05-22 20:44:12,872 - INFO - Appended 8 results from batch to /scratch-shared/mschaffelder/Data/exp_1/results/generation_results_8b_single_v6.jsonl
2025-05-22 20:44:12,872 - INFO - Reading line 201 from test data...
2025-05-22 20:44:13,202 - INFO - Added prompt from line 201 to batch.
2025-05-22 20:44:13,202 - INFO - Reading line 202 from test data...
2025-05-22 20:44:13,202 - INFO - Added prompt from line 202 to batch.
2025-05-22 20:44:13,202 - INFO - Reading line 203 from test data...
2025-05-22 20:44:13,202 - INFO - Added prompt from line 203 to batch.
2025-05-22 20:44:13,202 - INFO - Reading line 204 from test data...
2025-05-22 20:44:13,202 - INFO - Added prompt from line 204 to batch.
2025-05-22 20:44:13,202 - INFO - Reading line 205 from test data...
2025-05-22 20:44:13,202 - INFO - Added prompt from line 205 to batch.
2025-05-22 20:44:13,202 - INFO - Reading line 206 from test data...
2025-05-22 20:44:13,202 - INFO - Added prompt from line 206 to batch.
2025-05-22 20:44:13,202 - INFO - Reading line 207 from test data...
2025-05-22 20:44:13,202 - INFO - Added prompt from line 207 to batch.
2025-05-22 20:44:13,202 - INFO - Reading line 208 from test data...
2025-05-22 20:44:13,202 - INFO - Added prompt from line 208 to batch.
2025-05-22 20:44:13,202 - INFO - Processing batch of 8 prompts (up to line 208)...
2025-05-22 20:44:13,202 - INFO - Generating responses for batch of 8 prompts. System prompt: 'You are a helpful assistant.'
2025-05-22 20:44:13,203 - INFO - First formatted prompt for tokenizer (first 100 chars): '<|begin_of_text|><|start_header_id|>system<|end_header_id|>

Cutting Knowledge Date: December 2023
T...'
2025-05-22 20:44:13,203 - INFO - Input device: cuda:0, preparing to move inputs to device.
2025-05-22 20:44:13,204 - INFO - Batch of inputs tokenized, padded, truncated, and moved to model device.
2025-05-22 20:44:13,205 - INFO - Starting batched model.generate()...
Setting `pad_token_id` to `eos_token_id`:128001 for open-end generation.
2025-05-22 20:44:28,018 - INFO - Batched model.generate() completed.
2025-05-22 20:44:28,020 - INFO - Decoding batch of responses by stripping input tokens...
2025-05-22 20:44:28,021 - INFO - Input tokens stripped from responses.
2025-05-22 20:44:28,022 - INFO - Batch of responses generated.
2025-05-22 20:44:28,022 - INFO - Appended 8 results from batch to /scratch-shared/mschaffelder/Data/exp_1/results/generation_results_8b_single_v6.jsonl
2025-05-22 20:44:28,022 - INFO - Reading line 209 from test data...
2025-05-22 20:44:28,022 - INFO - Added prompt from line 209 to batch.
2025-05-22 20:44:28,023 - INFO - Reading line 210 from test data...
2025-05-22 20:44:28,023 - INFO - Added prompt from line 210 to batch.
2025-05-22 20:44:28,023 - INFO - Reading line 211 from test data...
2025-05-22 20:44:28,023 - INFO - Added prompt from line 211 to batch.
2025-05-22 20:44:28,023 - INFO - Reading line 212 from test data...
2025-05-22 20:44:28,023 - INFO - Added prompt from line 212 to batch.
2025-05-22 20:44:28,023 - INFO - Reading line 213 from test data...
2025-05-22 20:44:28,023 - INFO - Added prompt from line 213 to batch.
2025-05-22 20:44:28,023 - INFO - Reading line 214 from test data...
2025-05-22 20:44:28,023 - INFO - Added prompt from line 214 to batch.
2025-05-22 20:44:28,023 - INFO - Reading line 215 from test data...
2025-05-22 20:44:28,023 - INFO - Added prompt from line 215 to batch.
2025-05-22 20:44:28,023 - INFO - Reading line 216 from test data...
2025-05-22 20:44:28,023 - INFO - Added prompt from line 216 to batch.
2025-05-22 20:44:28,023 - INFO - Processing batch of 8 prompts (up to line 216)...
2025-05-22 20:44:28,023 - INFO - Generating responses for batch of 8 prompts. System prompt: 'You are a helpful assistant.'
2025-05-22 20:44:28,023 - INFO - First formatted prompt for tokenizer (first 100 chars): '<|begin_of_text|><|start_header_id|>system<|end_header_id|>

Cutting Knowledge Date: December 2023
T...'
2025-05-22 20:44:28,024 - INFO - Input device: cuda:0, preparing to move inputs to device.
2025-05-22 20:44:28,025 - INFO - Batch of inputs tokenized, padded, truncated, and moved to model device.
2025-05-22 20:44:28,025 - INFO - Starting batched model.generate()...
Setting `pad_token_id` to `eos_token_id`:128001 for open-end generation.
2025-05-22 20:44:50,096 - INFO - Batched model.generate() completed.
2025-05-22 20:44:50,129 - INFO - Decoding batch of responses by stripping input tokens...
2025-05-22 20:44:50,132 - INFO - Input tokens stripped from responses.
2025-05-22 20:44:50,132 - INFO - Batch of responses generated.
2025-05-22 20:44:50,135 - INFO - Appended 8 results from batch to /scratch-shared/mschaffelder/Data/exp_1/results/generation_results_8b_single_v6.jsonl
2025-05-22 20:44:50,135 - INFO - Reading line 217 from test data...
2025-05-22 20:44:50,135 - INFO - Added prompt from line 217 to batch.
2025-05-22 20:44:50,135 - INFO - Reading line 218 from test data...
2025-05-22 20:44:50,135 - INFO - Added prompt from line 218 to batch.
2025-05-22 20:44:50,135 - INFO - Reading line 219 from test data...
2025-05-22 20:44:50,135 - INFO - Added prompt from line 219 to batch.
2025-05-22 20:44:50,135 - INFO - Reading line 220 from test data...
2025-05-22 20:44:50,135 - INFO - Added prompt from line 220 to batch.
2025-05-22 20:44:50,135 - INFO - Reading line 221 from test data...
2025-05-22 20:44:50,135 - INFO - Added prompt from line 221 to batch.
2025-05-22 20:44:50,135 - INFO - Reading line 222 from test data...
2025-05-22 20:44:50,135 - INFO - Added prompt from line 222 to batch.
2025-05-22 20:44:50,135 - INFO - Reading line 223 from test data...
2025-05-22 20:44:50,135 - INFO - Added prompt from line 223 to batch.
2025-05-22 20:44:50,135 - INFO - Reading line 224 from test data...
2025-05-22 20:44:50,135 - INFO - Added prompt from line 224 to batch.
2025-05-22 20:44:50,135 - INFO - Processing batch of 8 prompts (up to line 224)...
2025-05-22 20:44:50,135 - INFO - Generating responses for batch of 8 prompts. System prompt: 'You are a helpful assistant.'
2025-05-22 20:44:50,136 - INFO - First formatted prompt for tokenizer (first 100 chars): '<|begin_of_text|><|start_header_id|>system<|end_header_id|>

Cutting Knowledge Date: December 2023
T...'
2025-05-22 20:44:50,136 - INFO - Input device: cuda:0, preparing to move inputs to device.
2025-05-22 20:44:50,141 - INFO - Batch of inputs tokenized, padded, truncated, and moved to model device.
2025-05-22 20:44:50,141 - INFO - Starting batched model.generate()...
Setting `pad_token_id` to `eos_token_id`:128001 for open-end generation.
2025-05-22 20:45:11,933 - INFO - Batched model.generate() completed.
2025-05-22 20:45:11,934 - INFO - Decoding batch of responses by stripping input tokens...
2025-05-22 20:45:11,936 - INFO - Input tokens stripped from responses.
2025-05-22 20:45:11,936 - INFO - Batch of responses generated.
2025-05-22 20:45:11,938 - INFO - Appended 8 results from batch to /scratch-shared/mschaffelder/Data/exp_1/results/generation_results_8b_single_v6.jsonl
2025-05-22 20:45:11,938 - INFO - Reading line 225 from test data...
2025-05-22 20:45:11,938 - INFO - Added prompt from line 225 to batch.
2025-05-22 20:45:11,938 - INFO - Reading line 226 from test data...
2025-05-22 20:45:11,938 - INFO - Added prompt from line 226 to batch.
2025-05-22 20:45:11,938 - INFO - Reading line 227 from test data...
2025-05-22 20:45:11,938 - INFO - Added prompt from line 227 to batch.
2025-05-22 20:45:11,938 - INFO - Reading line 228 from test data...
2025-05-22 20:45:11,938 - INFO - Added prompt from line 228 to batch.
2025-05-22 20:45:11,938 - INFO - Reading line 229 from test data...
2025-05-22 20:45:11,938 - INFO - Added prompt from line 229 to batch.
2025-05-22 20:45:11,938 - INFO - Reading line 230 from test data...
2025-05-22 20:45:11,938 - INFO - Added prompt from line 230 to batch.
2025-05-22 20:45:11,938 - INFO - Reading line 231 from test data...
2025-05-22 20:45:11,938 - INFO - Added prompt from line 231 to batch.
2025-05-22 20:45:11,938 - INFO - Reading line 232 from test data...
2025-05-22 20:45:11,938 - INFO - Added prompt from line 232 to batch.
2025-05-22 20:45:11,938 - INFO - Processing batch of 8 prompts (up to line 232)...
2025-05-22 20:45:11,938 - INFO - Generating responses for batch of 8 prompts. System prompt: 'You are a helpful assistant.'
2025-05-22 20:45:11,939 - INFO - First formatted prompt for tokenizer (first 100 chars): '<|begin_of_text|><|start_header_id|>system<|end_header_id|>

Cutting Knowledge Date: December 2023
T...'
2025-05-22 20:45:11,939 - INFO - Input device: cuda:0, preparing to move inputs to device.
2025-05-22 20:45:11,940 - INFO - Batch of inputs tokenized, padded, truncated, and moved to model device.
2025-05-22 20:45:11,940 - INFO - Starting batched model.generate()...
Setting `pad_token_id` to `eos_token_id`:128001 for open-end generation.
2025-05-22 20:45:30,395 - INFO - Batched model.generate() completed.
2025-05-22 20:45:30,396 - INFO - Decoding batch of responses by stripping input tokens...
2025-05-22 20:45:30,399 - INFO - Input tokens stripped from responses.
2025-05-22 20:45:30,399 - INFO - Batch of responses generated.
2025-05-22 20:45:30,401 - INFO - Appended 8 results from batch to /scratch-shared/mschaffelder/Data/exp_1/results/generation_results_8b_single_v6.jsonl
2025-05-22 20:45:30,401 - INFO - Reading line 233 from test data...
2025-05-22 20:45:30,401 - INFO - Added prompt from line 233 to batch.
2025-05-22 20:45:30,401 - INFO - Reading line 234 from test data...
2025-05-22 20:45:30,401 - INFO - Added prompt from line 234 to batch.
2025-05-22 20:45:30,401 - INFO - Reading line 235 from test data...
2025-05-22 20:45:30,401 - INFO - Added prompt from line 235 to batch.
2025-05-22 20:45:30,401 - INFO - Reading line 236 from test data...
2025-05-22 20:45:30,401 - INFO - Added prompt from line 236 to batch.
2025-05-22 20:45:30,401 - INFO - Reading line 237 from test data...
2025-05-22 20:45:30,401 - INFO - Added prompt from line 237 to batch.
2025-05-22 20:45:30,401 - INFO - Reading line 238 from test data...
2025-05-22 20:45:30,401 - INFO - Added prompt from line 238 to batch.
2025-05-22 20:45:30,401 - INFO - Reading line 239 from test data...
2025-05-22 20:45:30,401 - INFO - Added prompt from line 239 to batch.
2025-05-22 20:45:30,401 - INFO - Reading line 240 from test data...
2025-05-22 20:45:30,401 - INFO - Added prompt from line 240 to batch.
2025-05-22 20:45:30,401 - INFO - Processing batch of 8 prompts (up to line 240)...
2025-05-22 20:45:30,401 - INFO - Generating responses for batch of 8 prompts. System prompt: 'You are a helpful assistant.'
2025-05-22 20:45:30,402 - INFO - First formatted prompt for tokenizer (first 100 chars): '<|begin_of_text|><|start_header_id|>system<|end_header_id|>

Cutting Knowledge Date: December 2023
T...'
2025-05-22 20:45:30,402 - INFO - Input device: cuda:0, preparing to move inputs to device.
2025-05-22 20:45:30,405 - INFO - Batch of inputs tokenized, padded, truncated, and moved to model device.
2025-05-22 20:45:30,405 - INFO - Starting batched model.generate()...
Setting `pad_token_id` to `eos_token_id`:128001 for open-end generation.
2025-05-22 20:45:48,925 - INFO - Batched model.generate() completed.
2025-05-22 20:45:48,926 - INFO - Decoding batch of responses by stripping input tokens...
2025-05-22 20:45:48,928 - INFO - Input tokens stripped from responses.
2025-05-22 20:45:48,928 - INFO - Batch of responses generated.
2025-05-22 20:45:48,930 - INFO - Appended 8 results from batch to /scratch-shared/mschaffelder/Data/exp_1/results/generation_results_8b_single_v6.jsonl
2025-05-22 20:45:48,930 - INFO - Reading line 241 from test data...
2025-05-22 20:45:48,930 - INFO - Added prompt from line 241 to batch.
2025-05-22 20:45:48,930 - INFO - Reading line 242 from test data...
2025-05-22 20:45:48,930 - INFO - Added prompt from line 242 to batch.
2025-05-22 20:45:48,930 - INFO - Reading line 243 from test data...
2025-05-22 20:45:48,930 - INFO - Added prompt from line 243 to batch.
2025-05-22 20:45:48,930 - INFO - Reading line 244 from test data...
2025-05-22 20:45:48,930 - INFO - Added prompt from line 244 to batch.
2025-05-22 20:45:48,930 - INFO - Reading line 245 from test data...
2025-05-22 20:45:48,930 - INFO - Added prompt from line 245 to batch.
2025-05-22 20:45:48,930 - INFO - Reading line 246 from test data...
2025-05-22 20:45:48,930 - INFO - Added prompt from line 246 to batch.
2025-05-22 20:45:48,930 - INFO - Reading line 247 from test data...
2025-05-22 20:45:49,004 - INFO - Added prompt from line 247 to batch.
2025-05-22 20:45:49,004 - INFO - Reading line 248 from test data...
2025-05-22 20:45:49,004 - INFO - Added prompt from line 248 to batch.
2025-05-22 20:45:49,004 - INFO - Processing batch of 8 prompts (up to line 248)...
2025-05-22 20:45:49,004 - INFO - Generating responses for batch of 8 prompts. System prompt: 'You are a helpful assistant.'
2025-05-22 20:45:49,004 - INFO - First formatted prompt for tokenizer (first 100 chars): '<|begin_of_text|><|start_header_id|>system<|end_header_id|>

Cutting Knowledge Date: December 2023
T...'
2025-05-22 20:45:49,005 - INFO - Input device: cuda:0, preparing to move inputs to device.
2025-05-22 20:45:49,008 - INFO - Batch of inputs tokenized, padded, truncated, and moved to model device.
2025-05-22 20:45:49,008 - INFO - Starting batched model.generate()...
Setting `pad_token_id` to `eos_token_id`:128001 for open-end generation.
2025-05-22 20:46:10,366 - INFO - Batched model.generate() completed.
2025-05-22 20:46:10,368 - INFO - Decoding batch of responses by stripping input tokens...
2025-05-22 20:46:10,370 - INFO - Input tokens stripped from responses.
2025-05-22 20:46:10,370 - INFO - Batch of responses generated.
2025-05-22 20:46:10,371 - INFO - Appended 8 results from batch to /scratch-shared/mschaffelder/Data/exp_1/results/generation_results_8b_single_v6.jsonl
2025-05-22 20:46:10,372 - INFO - Reading line 249 from test data...
2025-05-22 20:46:10,372 - INFO - Added prompt from line 249 to batch.
2025-05-22 20:46:10,372 - INFO - Reading line 250 from test data...
2025-05-22 20:46:10,372 - INFO - Added prompt from line 250 to batch.
2025-05-22 20:46:10,372 - INFO - Reading line 251 from test data...
2025-05-22 20:46:10,372 - INFO - Added prompt from line 251 to batch.
2025-05-22 20:46:10,372 - INFO - Reading line 252 from test data...
2025-05-22 20:46:10,372 - INFO - Added prompt from line 252 to batch.
2025-05-22 20:46:10,372 - INFO - Reading line 253 from test data...
2025-05-22 20:46:10,372 - INFO - Added prompt from line 253 to batch.
2025-05-22 20:46:10,372 - INFO - Reading line 254 from test data...
2025-05-22 20:46:10,372 - INFO - Added prompt from line 254 to batch.
2025-05-22 20:46:10,372 - INFO - Reading line 255 from test data...
2025-05-22 20:46:10,372 - INFO - Added prompt from line 255 to batch.
2025-05-22 20:46:10,372 - INFO - Reading line 256 from test data...
2025-05-22 20:46:10,372 - INFO - Added prompt from line 256 to batch.
2025-05-22 20:46:10,372 - INFO - Processing batch of 8 prompts (up to line 256)...
2025-05-22 20:46:10,372 - INFO - Generating responses for batch of 8 prompts. System prompt: 'You are a helpful assistant.'
2025-05-22 20:46:10,372 - INFO - First formatted prompt for tokenizer (first 100 chars): '<|begin_of_text|><|start_header_id|>system<|end_header_id|>

Cutting Knowledge Date: December 2023
T...'
2025-05-22 20:46:10,373 - INFO - Input device: cuda:0, preparing to move inputs to device.
2025-05-22 20:46:10,374 - INFO - Batch of inputs tokenized, padded, truncated, and moved to model device.
2025-05-22 20:46:10,374 - INFO - Starting batched model.generate()...
Setting `pad_token_id` to `eos_token_id`:128001 for open-end generation.
2025-05-22 20:46:31,182 - INFO - Batched model.generate() completed.
2025-05-22 20:46:31,184 - INFO - Decoding batch of responses by stripping input tokens...
2025-05-22 20:46:31,186 - INFO - Input tokens stripped from responses.
2025-05-22 20:46:31,187 - INFO - Batch of responses generated.
2025-05-22 20:46:31,188 - INFO - Appended 8 results from batch to /scratch-shared/mschaffelder/Data/exp_1/results/generation_results_8b_single_v6.jsonl
2025-05-22 20:46:31,188 - INFO - Reading line 257 from test data...
2025-05-22 20:46:31,188 - INFO - Added prompt from line 257 to batch.
2025-05-22 20:46:31,188 - INFO - Reading line 258 from test data...
2025-05-22 20:46:31,188 - INFO - Added prompt from line 258 to batch.
2025-05-22 20:46:31,188 - INFO - Reading line 259 from test data...
2025-05-22 20:46:31,188 - INFO - Added prompt from line 259 to batch.
2025-05-22 20:46:31,189 - INFO - Reading line 260 from test data...
2025-05-22 20:46:31,189 - INFO - Added prompt from line 260 to batch.
2025-05-22 20:46:31,189 - INFO - Reading line 261 from test data...
2025-05-22 20:46:31,189 - INFO - Added prompt from line 261 to batch.
2025-05-22 20:46:31,189 - INFO - Reading line 262 from test data...
2025-05-22 20:46:31,189 - INFO - Added prompt from line 262 to batch.
2025-05-22 20:46:31,189 - INFO - Reading line 263 from test data...
2025-05-22 20:46:31,189 - INFO - Added prompt from line 263 to batch.
2025-05-22 20:46:31,189 - INFO - Reading line 264 from test data...
2025-05-22 20:46:31,189 - INFO - Added prompt from line 264 to batch.
2025-05-22 20:46:31,189 - INFO - Processing batch of 8 prompts (up to line 264)...
2025-05-22 20:46:31,189 - INFO - Generating responses for batch of 8 prompts. System prompt: 'You are a helpful assistant.'
2025-05-22 20:46:31,189 - INFO - First formatted prompt for tokenizer (first 100 chars): '<|begin_of_text|><|start_header_id|>system<|end_header_id|>

Cutting Knowledge Date: December 2023
T...'
2025-05-22 20:46:31,190 - INFO - Input device: cuda:0, preparing to move inputs to device.
2025-05-22 20:46:31,192 - INFO - Batch of inputs tokenized, padded, truncated, and moved to model device.
2025-05-22 20:46:31,192 - INFO - Starting batched model.generate()...
Setting `pad_token_id` to `eos_token_id`:128001 for open-end generation.
2025-05-22 20:46:49,860 - INFO - Batched model.generate() completed.
2025-05-22 20:46:49,862 - INFO - Decoding batch of responses by stripping input tokens...
2025-05-22 20:46:49,864 - INFO - Input tokens stripped from responses.
2025-05-22 20:46:49,864 - INFO - Batch of responses generated.
2025-05-22 20:46:49,866 - INFO - Appended 8 results from batch to /scratch-shared/mschaffelder/Data/exp_1/results/generation_results_8b_single_v6.jsonl
2025-05-22 20:46:49,866 - INFO - Reading line 265 from test data...
2025-05-22 20:46:49,866 - INFO - Added prompt from line 265 to batch.
2025-05-22 20:46:49,866 - INFO - Reading line 266 from test data...
2025-05-22 20:46:49,866 - INFO - Added prompt from line 266 to batch.
2025-05-22 20:46:49,866 - INFO - Reading line 267 from test data...
2025-05-22 20:46:49,866 - INFO - Added prompt from line 267 to batch.
2025-05-22 20:46:49,866 - INFO - Reading line 268 from test data...
2025-05-22 20:46:49,866 - INFO - Added prompt from line 268 to batch.
2025-05-22 20:46:49,866 - INFO - Reading line 269 from test data...
2025-05-22 20:46:49,866 - INFO - Added prompt from line 269 to batch.
2025-05-22 20:46:49,866 - INFO - Reading line 270 from test data...
2025-05-22 20:46:49,866 - INFO - Added prompt from line 270 to batch.
2025-05-22 20:46:49,866 - INFO - Reading line 271 from test data...
2025-05-22 20:46:49,866 - INFO - Added prompt from line 271 to batch.
2025-05-22 20:46:49,866 - INFO - Reading line 272 from test data...
2025-05-22 20:46:49,866 - INFO - Added prompt from line 272 to batch.
2025-05-22 20:46:49,866 - INFO - Processing batch of 8 prompts (up to line 272)...
2025-05-22 20:46:49,866 - INFO - Generating responses for batch of 8 prompts. System prompt: 'You are a helpful assistant.'
2025-05-22 20:46:49,867 - INFO - First formatted prompt for tokenizer (first 100 chars): '<|begin_of_text|><|start_header_id|>system<|end_header_id|>

Cutting Knowledge Date: December 2023
T...'
2025-05-22 20:46:49,867 - INFO - Input device: cuda:0, preparing to move inputs to device.
2025-05-22 20:46:49,868 - INFO - Batch of inputs tokenized, padded, truncated, and moved to model device.
2025-05-22 20:46:49,869 - INFO - Starting batched model.generate()...
Setting `pad_token_id` to `eos_token_id`:128001 for open-end generation.
2025-05-22 20:47:09,808 - INFO - Batched model.generate() completed.
2025-05-22 20:47:09,810 - INFO - Decoding batch of responses by stripping input tokens...
2025-05-22 20:47:09,812 - INFO - Input tokens stripped from responses.
2025-05-22 20:47:09,812 - INFO - Batch of responses generated.
2025-05-22 20:47:09,813 - INFO - Appended 8 results from batch to /scratch-shared/mschaffelder/Data/exp_1/results/generation_results_8b_single_v6.jsonl
2025-05-22 20:47:09,814 - INFO - Reading line 273 from test data...
2025-05-22 20:47:09,814 - INFO - Added prompt from line 273 to batch.
2025-05-22 20:47:09,814 - INFO - Reading line 274 from test data...
2025-05-22 20:47:09,814 - INFO - Added prompt from line 274 to batch.
2025-05-22 20:47:09,814 - INFO - Reading line 275 from test data...
2025-05-22 20:47:09,814 - INFO - Added prompt from line 275 to batch.
2025-05-22 20:47:09,814 - INFO - Reading line 276 from test data...
2025-05-22 20:47:09,814 - INFO - Added prompt from line 276 to batch.
2025-05-22 20:47:09,814 - INFO - Reading line 277 from test data...
2025-05-22 20:47:09,814 - INFO - Added prompt from line 277 to batch.
2025-05-22 20:47:09,814 - INFO - Reading line 278 from test data...
2025-05-22 20:47:09,814 - INFO - Added prompt from line 278 to batch.
2025-05-22 20:47:09,814 - INFO - Reading line 279 from test data...
2025-05-22 20:47:09,814 - INFO - Added prompt from line 279 to batch.
2025-05-22 20:47:09,814 - INFO - Reading line 280 from test data...
2025-05-22 20:47:09,814 - INFO - Added prompt from line 280 to batch.
2025-05-22 20:47:09,814 - INFO - Processing batch of 8 prompts (up to line 280)...
2025-05-22 20:47:09,814 - INFO - Generating responses for batch of 8 prompts. System prompt: 'You are a helpful assistant.'
2025-05-22 20:47:09,815 - INFO - First formatted prompt for tokenizer (first 100 chars): '<|begin_of_text|><|start_header_id|>system<|end_header_id|>

Cutting Knowledge Date: December 2023
T...'
2025-05-22 20:47:09,815 - INFO - Input device: cuda:0, preparing to move inputs to device.
2025-05-22 20:47:09,818 - INFO - Batch of inputs tokenized, padded, truncated, and moved to model device.
2025-05-22 20:47:09,818 - INFO - Starting batched model.generate()...
Setting `pad_token_id` to `eos_token_id`:128001 for open-end generation.
2025-05-22 20:47:29,224 - INFO - Batched model.generate() completed.
2025-05-22 20:47:29,225 - INFO - Decoding batch of responses by stripping input tokens...
2025-05-22 20:47:29,227 - INFO - Input tokens stripped from responses.
2025-05-22 20:47:29,228 - INFO - Batch of responses generated.
2025-05-22 20:47:29,229 - INFO - Appended 8 results from batch to /scratch-shared/mschaffelder/Data/exp_1/results/generation_results_8b_single_v6.jsonl
2025-05-22 20:47:29,230 - INFO - Reading line 281 from test data...
2025-05-22 20:47:29,230 - INFO - Added prompt from line 281 to batch.
2025-05-22 20:47:29,230 - INFO - Reading line 282 from test data...
2025-05-22 20:47:29,230 - INFO - Added prompt from line 282 to batch.
2025-05-22 20:47:29,230 - INFO - Reading line 283 from test data...
2025-05-22 20:47:29,230 - INFO - Added prompt from line 283 to batch.
2025-05-22 20:47:29,230 - INFO - Reading line 284 from test data...
2025-05-22 20:47:29,230 - INFO - Added prompt from line 284 to batch.
2025-05-22 20:47:29,230 - INFO - Reading line 285 from test data...
2025-05-22 20:47:29,230 - INFO - Added prompt from line 285 to batch.
2025-05-22 20:47:29,230 - INFO - Reading line 286 from test data...
2025-05-22 20:47:29,230 - INFO - Added prompt from line 286 to batch.
2025-05-22 20:47:29,230 - INFO - Reading line 287 from test data...
2025-05-22 20:47:29,230 - INFO - Added prompt from line 287 to batch.
2025-05-22 20:47:29,230 - INFO - Reading line 288 from test data...
2025-05-22 20:47:29,230 - INFO - Added prompt from line 288 to batch.
2025-05-22 20:47:29,230 - INFO - Processing batch of 8 prompts (up to line 288)...
2025-05-22 20:47:29,230 - INFO - Generating responses for batch of 8 prompts. System prompt: 'You are a helpful assistant.'
2025-05-22 20:47:29,230 - INFO - First formatted prompt for tokenizer (first 100 chars): '<|begin_of_text|><|start_header_id|>system<|end_header_id|>

Cutting Knowledge Date: December 2023
T...'
2025-05-22 20:47:29,231 - INFO - Input device: cuda:0, preparing to move inputs to device.
2025-05-22 20:47:29,232 - INFO - Batch of inputs tokenized, padded, truncated, and moved to model device.
2025-05-22 20:47:29,233 - INFO - Starting batched model.generate()...
Setting `pad_token_id` to `eos_token_id`:128001 for open-end generation.
2025-05-22 20:47:59,135 - INFO - Batched model.generate() completed.
2025-05-22 20:47:59,136 - INFO - Decoding batch of responses by stripping input tokens...
2025-05-22 20:47:59,139 - INFO - Input tokens stripped from responses.
2025-05-22 20:47:59,139 - INFO - Batch of responses generated.
2025-05-22 20:48:00,893 - INFO - Appended 8 results from batch to /scratch-shared/mschaffelder/Data/exp_1/results/generation_results_8b_single_v6.jsonl
2025-05-22 20:48:01,225 - INFO - Reading line 289 from test data...
2025-05-22 20:48:01,225 - INFO - Added prompt from line 289 to batch.
2025-05-22 20:48:01,225 - INFO - Reading line 290 from test data...
2025-05-22 20:48:01,225 - INFO - Added prompt from line 290 to batch.
2025-05-22 20:48:01,225 - INFO - Reading line 291 from test data...
2025-05-22 20:48:02,445 - INFO - Added prompt from line 291 to batch.
2025-05-22 20:48:02,591 - INFO - Reading line 292 from test data...
2025-05-22 20:48:03,491 - INFO - Added prompt from line 292 to batch.
2025-05-22 20:48:03,536 - INFO - Reading line 293 from test data...
2025-05-22 20:48:03,536 - INFO - Added prompt from line 293 to batch.
2025-05-22 20:48:04,339 - INFO - Reading line 294 from test data...
2025-05-22 20:48:04,466 - INFO - Added prompt from line 294 to batch.
2025-05-22 20:48:04,791 - INFO - Reading line 295 from test data...
2025-05-22 20:48:04,953 - INFO - Added prompt from line 295 to batch.
2025-05-22 20:48:04,954 - INFO - Reading line 296 from test data...
2025-05-22 20:48:04,954 - INFO - Added prompt from line 296 to batch.
2025-05-22 20:48:05,389 - INFO - Processing batch of 8 prompts (up to line 296)...
2025-05-22 20:48:05,891 - INFO - Generating responses for batch of 8 prompts. System prompt: 'You are a helpful assistant.'
2025-05-22 20:48:06,669 - INFO - First formatted prompt for tokenizer (first 100 chars): '<|begin_of_text|><|start_header_id|>system<|end_header_id|>

Cutting Knowledge Date: December 2023
T...'
2025-05-22 20:48:06,883 - INFO - Input device: cuda:0, preparing to move inputs to device.
2025-05-22 20:48:07,977 - INFO - Batch of inputs tokenized, padded, truncated, and moved to model device.
2025-05-22 20:48:08,264 - INFO - Starting batched model.generate()...
Setting `pad_token_id` to `eos_token_id`:128001 for open-end generation.
2025-05-22 20:48:28,766 - INFO - Batched model.generate() completed.
2025-05-22 20:48:28,768 - INFO - Decoding batch of responses by stripping input tokens...
2025-05-22 20:48:28,770 - INFO - Input tokens stripped from responses.
2025-05-22 20:48:28,770 - INFO - Batch of responses generated.
2025-05-22 20:48:28,771 - INFO - Appended 8 results from batch to /scratch-shared/mschaffelder/Data/exp_1/results/generation_results_8b_single_v6.jsonl
2025-05-22 20:48:28,771 - INFO - Reading line 297 from test data...
2025-05-22 20:48:28,771 - INFO - Added prompt from line 297 to batch.
2025-05-22 20:48:28,771 - INFO - Reading line 298 from test data...
2025-05-22 20:48:28,771 - INFO - Added prompt from line 298 to batch.
2025-05-22 20:48:28,771 - INFO - Reading line 299 from test data...
2025-05-22 20:48:28,771 - INFO - Added prompt from line 299 to batch.
2025-05-22 20:48:28,772 - INFO - Reading line 300 from test data...
2025-05-22 20:48:28,772 - INFO - Added prompt from line 300 to batch.
2025-05-22 20:48:28,772 - INFO - Reading line 301 from test data...
2025-05-22 20:48:28,772 - INFO - Added prompt from line 301 to batch.
2025-05-22 20:48:28,772 - INFO - Reading line 302 from test data...
2025-05-22 20:48:28,772 - INFO - Added prompt from line 302 to batch.
2025-05-22 20:48:28,772 - INFO - Reading line 303 from test data...
2025-05-22 20:48:28,772 - INFO - Added prompt from line 303 to batch.
2025-05-22 20:48:28,772 - INFO - Reading line 304 from test data...
2025-05-22 20:48:28,772 - INFO - Added prompt from line 304 to batch.
2025-05-22 20:48:28,772 - INFO - Processing batch of 8 prompts (up to line 304)...
2025-05-22 20:48:28,772 - INFO - Generating responses for batch of 8 prompts. System prompt: 'You are a helpful assistant.'
2025-05-22 20:48:28,773 - INFO - First formatted prompt for tokenizer (first 100 chars): '<|begin_of_text|><|start_header_id|>system<|end_header_id|>

Cutting Knowledge Date: December 2023
T...'
2025-05-22 20:48:28,773 - INFO - Input device: cuda:0, preparing to move inputs to device.
2025-05-22 20:48:28,776 - INFO - Batch of inputs tokenized, padded, truncated, and moved to model device.
2025-05-22 20:48:28,776 - INFO - Starting batched model.generate()...
Setting `pad_token_id` to `eos_token_id`:128001 for open-end generation.
2025-05-22 20:48:46,732 - INFO - Batched model.generate() completed.
2025-05-22 20:48:46,733 - INFO - Decoding batch of responses by stripping input tokens...
2025-05-22 20:48:46,736 - INFO - Input tokens stripped from responses.
2025-05-22 20:48:46,736 - INFO - Batch of responses generated.
2025-05-22 20:48:46,738 - INFO - Appended 8 results from batch to /scratch-shared/mschaffelder/Data/exp_1/results/generation_results_8b_single_v6.jsonl
2025-05-22 20:48:46,738 - INFO - Reading line 305 from test data...
2025-05-22 20:48:46,738 - INFO - Added prompt from line 305 to batch.
2025-05-22 20:48:46,738 - INFO - Reading line 306 from test data...
2025-05-22 20:48:46,738 - INFO - Added prompt from line 306 to batch.
2025-05-22 20:48:46,738 - INFO - Reading line 307 from test data...
2025-05-22 20:48:46,738 - INFO - Added prompt from line 307 to batch.
2025-05-22 20:48:46,738 - INFO - Reading line 308 from test data...
2025-05-22 20:48:46,738 - INFO - Added prompt from line 308 to batch.
2025-05-22 20:48:46,738 - INFO - Reading line 309 from test data...
2025-05-22 20:48:46,738 - INFO - Added prompt from line 309 to batch.
2025-05-22 20:48:46,738 - INFO - Reading line 310 from test data...
2025-05-22 20:48:46,738 - INFO - Added prompt from line 310 to batch.
2025-05-22 20:48:46,739 - INFO - Reading line 311 from test data...
2025-05-22 20:48:46,739 - INFO - Added prompt from line 311 to batch.
2025-05-22 20:48:46,739 - INFO - Reading line 312 from test data...
2025-05-22 20:48:46,739 - INFO - Added prompt from line 312 to batch.
2025-05-22 20:48:46,739 - INFO - Processing batch of 8 prompts (up to line 312)...
2025-05-22 20:48:46,739 - INFO - Generating responses for batch of 8 prompts. System prompt: 'You are a helpful assistant.'
2025-05-22 20:48:46,739 - INFO - First formatted prompt for tokenizer (first 100 chars): '<|begin_of_text|><|start_header_id|>system<|end_header_id|>

Cutting Knowledge Date: December 2023
T...'
2025-05-22 20:48:46,739 - INFO - Input device: cuda:0, preparing to move inputs to device.
2025-05-22 20:48:46,740 - INFO - Batch of inputs tokenized, padded, truncated, and moved to model device.
2025-05-22 20:48:46,740 - INFO - Starting batched model.generate()...
Setting `pad_token_id` to `eos_token_id`:128001 for open-end generation.
2025-05-22 20:49:09,083 - INFO - Batched model.generate() completed.
2025-05-22 20:49:09,085 - INFO - Decoding batch of responses by stripping input tokens...
2025-05-22 20:49:09,088 - INFO - Input tokens stripped from responses.
2025-05-22 20:49:09,088 - INFO - Batch of responses generated.
2025-05-22 20:49:09,090 - INFO - Appended 8 results from batch to /scratch-shared/mschaffelder/Data/exp_1/results/generation_results_8b_single_v6.jsonl
2025-05-22 20:49:09,090 - INFO - Reading line 313 from test data...
2025-05-22 20:49:09,090 - INFO - Added prompt from line 313 to batch.
2025-05-22 20:49:09,090 - INFO - Reading line 314 from test data...
2025-05-22 20:49:09,090 - INFO - Added prompt from line 314 to batch.
2025-05-22 20:49:09,090 - INFO - Reading line 315 from test data...
2025-05-22 20:49:09,090 - INFO - Added prompt from line 315 to batch.
2025-05-22 20:49:09,090 - INFO - Reading line 316 from test data...
2025-05-22 20:49:09,090 - INFO - Added prompt from line 316 to batch.
2025-05-22 20:49:09,090 - INFO - Reading line 317 from test data...
2025-05-22 20:49:09,090 - INFO - Added prompt from line 317 to batch.
2025-05-22 20:49:09,090 - INFO - Reading line 318 from test data...
2025-05-22 20:49:09,090 - INFO - Added prompt from line 318 to batch.
2025-05-22 20:49:09,090 - INFO - Reading line 319 from test data...
2025-05-22 20:49:09,090 - INFO - Added prompt from line 319 to batch.
2025-05-22 20:49:09,091 - INFO - Reading line 320 from test data...
2025-05-22 20:49:09,091 - INFO - Added prompt from line 320 to batch.
2025-05-22 20:49:09,091 - INFO - Processing batch of 8 prompts (up to line 320)...
2025-05-22 20:49:09,091 - INFO - Generating responses for batch of 8 prompts. System prompt: 'You are a helpful assistant.'
2025-05-22 20:49:09,091 - INFO - First formatted prompt for tokenizer (first 100 chars): '<|begin_of_text|><|start_header_id|>system<|end_header_id|>

Cutting Knowledge Date: December 2023
T...'
2025-05-22 20:49:09,091 - INFO - Input device: cuda:0, preparing to move inputs to device.
2025-05-22 20:49:09,096 - INFO - Batch of inputs tokenized, padded, truncated, and moved to model device.
2025-05-22 20:49:09,096 - INFO - Starting batched model.generate()...
Setting `pad_token_id` to `eos_token_id`:128001 for open-end generation.
2025-05-22 20:49:34,307 - INFO - Batched model.generate() completed.
2025-05-22 20:49:34,309 - INFO - Decoding batch of responses by stripping input tokens...
2025-05-22 20:49:34,311 - INFO - Input tokens stripped from responses.
2025-05-22 20:49:34,312 - INFO - Batch of responses generated.
2025-05-22 20:49:34,313 - INFO - Appended 8 results from batch to /scratch-shared/mschaffelder/Data/exp_1/results/generation_results_8b_single_v6.jsonl
2025-05-22 20:49:34,313 - INFO - Reading line 321 from test data...
2025-05-22 20:49:34,313 - INFO - Added prompt from line 321 to batch.
2025-05-22 20:49:34,313 - INFO - Reading line 322 from test data...
2025-05-22 20:49:34,313 - INFO - Added prompt from line 322 to batch.
2025-05-22 20:49:34,313 - INFO - Reading line 323 from test data...
2025-05-22 20:49:34,313 - INFO - Added prompt from line 323 to batch.
2025-05-22 20:49:34,313 - INFO - Reading line 324 from test data...
2025-05-22 20:49:34,313 - INFO - Added prompt from line 324 to batch.
2025-05-22 20:49:34,313 - INFO - Reading line 325 from test data...
2025-05-22 20:49:34,313 - INFO - Added prompt from line 325 to batch.
2025-05-22 20:49:34,313 - INFO - Reading line 326 from test data...
2025-05-22 20:49:34,313 - INFO - Added prompt from line 326 to batch.
2025-05-22 20:49:34,313 - INFO - Reading line 327 from test data...
2025-05-22 20:49:34,313 - INFO - Added prompt from line 327 to batch.
2025-05-22 20:49:34,314 - INFO - Reading line 328 from test data...
2025-05-22 20:49:34,314 - INFO - Added prompt from line 328 to batch.
2025-05-22 20:49:34,314 - INFO - Processing batch of 8 prompts (up to line 328)...
2025-05-22 20:49:34,314 - INFO - Generating responses for batch of 8 prompts. System prompt: 'You are a helpful assistant.'
2025-05-22 20:49:34,314 - INFO - First formatted prompt for tokenizer (first 100 chars): '<|begin_of_text|><|start_header_id|>system<|end_header_id|>

Cutting Knowledge Date: December 2023
T...'
2025-05-22 20:49:34,314 - INFO - Input device: cuda:0, preparing to move inputs to device.
2025-05-22 20:49:34,317 - INFO - Batch of inputs tokenized, padded, truncated, and moved to model device.
2025-05-22 20:49:34,317 - INFO - Starting batched model.generate()...
Setting `pad_token_id` to `eos_token_id`:128001 for open-end generation.
2025-05-22 20:50:03,236 - INFO - Batched model.generate() completed.
2025-05-22 20:50:03,237 - INFO - Decoding batch of responses by stripping input tokens...
2025-05-22 20:50:03,240 - INFO - Input tokens stripped from responses.
2025-05-22 20:50:03,240 - INFO - Batch of responses generated.
2025-05-22 20:50:03,242 - INFO - Appended 8 results from batch to /scratch-shared/mschaffelder/Data/exp_1/results/generation_results_8b_single_v6.jsonl
2025-05-22 20:50:03,242 - INFO - Reading line 329 from test data...
2025-05-22 20:50:03,242 - INFO - Added prompt from line 329 to batch.
2025-05-22 20:50:03,242 - INFO - Reading line 330 from test data...
2025-05-22 20:50:03,242 - INFO - Added prompt from line 330 to batch.
2025-05-22 20:50:03,242 - INFO - Reading line 331 from test data...
2025-05-22 20:50:03,242 - INFO - Added prompt from line 331 to batch.
2025-05-22 20:50:03,242 - INFO - Reading line 332 from test data...
2025-05-22 20:50:03,242 - INFO - Added prompt from line 332 to batch.
2025-05-22 20:50:03,242 - INFO - Reading line 333 from test data...
2025-05-22 20:50:03,242 - INFO - Added prompt from line 333 to batch.
2025-05-22 20:50:03,242 - INFO - Reading line 334 from test data...
2025-05-22 20:50:03,242 - INFO - Added prompt from line 334 to batch.
2025-05-22 20:50:03,242 - INFO - Reading line 335 from test data...
2025-05-22 20:50:03,242 - INFO - Added prompt from line 335 to batch.
2025-05-22 20:50:03,242 - INFO - Reading line 336 from test data...
2025-05-22 20:50:03,242 - INFO - Added prompt from line 336 to batch.
2025-05-22 20:50:03,242 - INFO - Processing batch of 8 prompts (up to line 336)...
2025-05-22 20:50:03,242 - INFO - Generating responses for batch of 8 prompts. System prompt: 'You are a helpful assistant.'
2025-05-22 20:50:03,243 - INFO - First formatted prompt for tokenizer (first 100 chars): '<|begin_of_text|><|start_header_id|>system<|end_header_id|>

Cutting Knowledge Date: December 2023
T...'
2025-05-22 20:50:03,243 - INFO - Input device: cuda:0, preparing to move inputs to device.
2025-05-22 20:50:03,246 - INFO - Batch of inputs tokenized, padded, truncated, and moved to model device.
2025-05-22 20:50:03,247 - INFO - Starting batched model.generate()...
Setting `pad_token_id` to `eos_token_id`:128001 for open-end generation.
2025-05-22 20:50:23,963 - INFO - Batched model.generate() completed.
2025-05-22 20:50:23,963 - INFO - Decoding batch of responses by stripping input tokens...
2025-05-22 20:50:23,965 - INFO - Input tokens stripped from responses.
2025-05-22 20:50:23,966 - INFO - Batch of responses generated.
2025-05-22 20:50:23,967 - INFO - Appended 8 results from batch to /scratch-shared/mschaffelder/Data/exp_1/results/generation_results_8b_single_v6.jsonl
2025-05-22 20:50:23,967 - INFO - Reading line 337 from test data...
2025-05-22 20:50:23,967 - INFO - Added prompt from line 337 to batch.
2025-05-22 20:50:23,967 - INFO - Reading line 338 from test data...
2025-05-22 20:50:23,967 - INFO - Added prompt from line 338 to batch.
2025-05-22 20:50:23,967 - INFO - Reading line 339 from test data...
2025-05-22 20:50:23,967 - INFO - Added prompt from line 339 to batch.
2025-05-22 20:50:23,967 - INFO - Reading line 340 from test data...
2025-05-22 20:50:23,967 - INFO - Added prompt from line 340 to batch.
2025-05-22 20:50:23,967 - INFO - Reading line 341 from test data...
2025-05-22 20:50:23,967 - INFO - Added prompt from line 341 to batch.
2025-05-22 20:50:23,967 - INFO - Reading line 342 from test data...
2025-05-22 20:50:23,967 - INFO - Added prompt from line 342 to batch.
2025-05-22 20:50:23,967 - INFO - Reading line 343 from test data...
2025-05-22 20:50:23,967 - INFO - Added prompt from line 343 to batch.
2025-05-22 20:50:23,967 - INFO - Reading line 344 from test data...
2025-05-22 20:50:23,967 - INFO - Added prompt from line 344 to batch.
2025-05-22 20:50:23,967 - INFO - Processing batch of 8 prompts (up to line 344)...
2025-05-22 20:50:23,967 - INFO - Generating responses for batch of 8 prompts. System prompt: 'You are a helpful assistant.'
2025-05-22 20:50:23,968 - INFO - First formatted prompt for tokenizer (first 100 chars): '<|begin_of_text|><|start_header_id|>system<|end_header_id|>

Cutting Knowledge Date: December 2023
T...'
2025-05-22 20:50:23,968 - INFO - Input device: cuda:0, preparing to move inputs to device.
2025-05-22 20:50:23,971 - INFO - Batch of inputs tokenized, padded, truncated, and moved to model device.
2025-05-22 20:50:23,971 - INFO - Starting batched model.generate()...
Setting `pad_token_id` to `eos_token_id`:128001 for open-end generation.
2025-05-22 20:50:54,070 - INFO - Batched model.generate() completed.
2025-05-22 20:50:54,071 - INFO - Decoding batch of responses by stripping input tokens...
2025-05-22 20:50:54,073 - INFO - Input tokens stripped from responses.
2025-05-22 20:50:54,317 - INFO - Batch of responses generated.
2025-05-22 20:50:54,319 - INFO - Appended 8 results from batch to /scratch-shared/mschaffelder/Data/exp_1/results/generation_results_8b_single_v6.jsonl
2025-05-22 20:50:54,319 - INFO - Reading line 345 from test data...
2025-05-22 20:50:54,319 - INFO - Added prompt from line 345 to batch.
2025-05-22 20:50:54,319 - INFO - Reading line 346 from test data...
2025-05-22 20:50:54,319 - INFO - Added prompt from line 346 to batch.
2025-05-22 20:50:54,319 - INFO - Reading line 347 from test data...
2025-05-22 20:50:54,319 - INFO - Added prompt from line 347 to batch.
2025-05-22 20:50:54,319 - INFO - Reading line 348 from test data...
2025-05-22 20:50:54,319 - INFO - Added prompt from line 348 to batch.
2025-05-22 20:50:54,319 - INFO - Reading line 349 from test data...
2025-05-22 20:50:54,319 - INFO - Added prompt from line 349 to batch.
2025-05-22 20:50:54,319 - INFO - Reading line 350 from test data...
2025-05-22 20:50:54,319 - INFO - Added prompt from line 350 to batch.
2025-05-22 20:50:54,319 - INFO - Reading line 351 from test data...
2025-05-22 20:50:54,319 - INFO - Added prompt from line 351 to batch.
2025-05-22 20:50:54,319 - INFO - Reading line 352 from test data...
2025-05-22 20:50:54,319 - INFO - Added prompt from line 352 to batch.
2025-05-22 20:50:54,319 - INFO - Processing batch of 8 prompts (up to line 352)...
2025-05-22 20:50:54,319 - INFO - Generating responses for batch of 8 prompts. System prompt: 'You are a helpful assistant.'
2025-05-22 20:50:54,320 - INFO - First formatted prompt for tokenizer (first 100 chars): '<|begin_of_text|><|start_header_id|>system<|end_header_id|>

Cutting Knowledge Date: December 2023
T...'
2025-05-22 20:50:54,320 - INFO - Input device: cuda:0, preparing to move inputs to device.
2025-05-22 20:50:54,321 - INFO - Batch of inputs tokenized, padded, truncated, and moved to model device.
2025-05-22 20:50:54,321 - INFO - Starting batched model.generate()...
Setting `pad_token_id` to `eos_token_id`:128001 for open-end generation.
2025-05-22 20:51:20,616 - INFO - Batched model.generate() completed.
2025-05-22 20:51:20,616 - INFO - Decoding batch of responses by stripping input tokens...
2025-05-22 20:51:20,618 - INFO - Input tokens stripped from responses.
2025-05-22 20:51:20,618 - INFO - Batch of responses generated.
2025-05-22 20:51:20,620 - INFO - Appended 8 results from batch to /scratch-shared/mschaffelder/Data/exp_1/results/generation_results_8b_single_v6.jsonl
2025-05-22 20:51:20,620 - INFO - Reading line 353 from test data...
2025-05-22 20:51:20,620 - INFO - Added prompt from line 353 to batch.
2025-05-22 20:51:20,620 - INFO - Reading line 354 from test data...
2025-05-22 20:51:20,620 - INFO - Added prompt from line 354 to batch.
2025-05-22 20:51:20,620 - INFO - Reading line 355 from test data...
2025-05-22 20:51:20,620 - INFO - Added prompt from line 355 to batch.
2025-05-22 20:51:20,620 - INFO - Reading line 356 from test data...
2025-05-22 20:51:20,620 - INFO - Added prompt from line 356 to batch.
2025-05-22 20:51:20,620 - INFO - Reading line 357 from test data...
2025-05-22 20:51:20,620 - INFO - Added prompt from line 357 to batch.
2025-05-22 20:51:20,620 - INFO - Reading line 358 from test data...
2025-05-22 20:51:20,620 - INFO - Added prompt from line 358 to batch.
2025-05-22 20:51:20,620 - INFO - Reading line 359 from test data...
2025-05-22 20:51:20,620 - INFO - Added prompt from line 359 to batch.
2025-05-22 20:51:20,620 - INFO - Reading line 360 from test data...
2025-05-22 20:51:20,620 - INFO - Added prompt from line 360 to batch.
2025-05-22 20:51:20,620 - INFO - Processing batch of 8 prompts (up to line 360)...
2025-05-22 20:51:20,620 - INFO - Generating responses for batch of 8 prompts. System prompt: 'You are a helpful assistant.'
2025-05-22 20:51:20,621 - INFO - First formatted prompt for tokenizer (first 100 chars): '<|begin_of_text|><|start_header_id|>system<|end_header_id|>

Cutting Knowledge Date: December 2023
T...'
2025-05-22 20:51:20,621 - INFO - Input device: cuda:0, preparing to move inputs to device.
2025-05-22 20:51:20,663 - INFO - Batch of inputs tokenized, padded, truncated, and moved to model device.
2025-05-22 20:51:20,663 - INFO - Starting batched model.generate()...
Setting `pad_token_id` to `eos_token_id`:128001 for open-end generation.
2025-05-22 20:51:44,360 - INFO - Batched model.generate() completed.
2025-05-22 20:51:44,361 - INFO - Decoding batch of responses by stripping input tokens...
2025-05-22 20:51:44,363 - INFO - Input tokens stripped from responses.
2025-05-22 20:51:44,364 - INFO - Batch of responses generated.
2025-05-22 20:51:44,365 - INFO - Appended 8 results from batch to /scratch-shared/mschaffelder/Data/exp_1/results/generation_results_8b_single_v6.jsonl
2025-05-22 20:51:44,365 - INFO - Reading line 361 from test data...
2025-05-22 20:51:44,365 - INFO - Added prompt from line 361 to batch.
2025-05-22 20:51:44,365 - INFO - Reading line 362 from test data...
2025-05-22 20:51:44,365 - INFO - Added prompt from line 362 to batch.
2025-05-22 20:51:44,366 - INFO - Reading line 363 from test data...
2025-05-22 20:51:44,366 - INFO - Added prompt from line 363 to batch.
2025-05-22 20:51:44,366 - INFO - Reading line 364 from test data...
2025-05-22 20:51:44,366 - INFO - Added prompt from line 364 to batch.
2025-05-22 20:51:44,366 - INFO - Reading line 365 from test data...
2025-05-22 20:51:44,366 - INFO - Added prompt from line 365 to batch.
2025-05-22 20:51:44,366 - INFO - Reading line 366 from test data...
2025-05-22 20:51:44,366 - INFO - Added prompt from line 366 to batch.
2025-05-22 20:51:44,366 - INFO - Reading line 367 from test data...
2025-05-22 20:51:44,366 - INFO - Added prompt from line 367 to batch.
2025-05-22 20:51:44,366 - INFO - Reading line 368 from test data...
2025-05-22 20:51:44,366 - INFO - Added prompt from line 368 to batch.
2025-05-22 20:51:44,366 - INFO - Processing batch of 8 prompts (up to line 368)...
2025-05-22 20:51:44,366 - INFO - Generating responses for batch of 8 prompts. System prompt: 'You are a helpful assistant.'
2025-05-22 20:51:44,366 - INFO - First formatted prompt for tokenizer (first 100 chars): '<|begin_of_text|><|start_header_id|>system<|end_header_id|>

Cutting Knowledge Date: December 2023
T...'
2025-05-22 20:51:44,366 - INFO - Input device: cuda:0, preparing to move inputs to device.
2025-05-22 20:51:44,369 - INFO - Batch of inputs tokenized, padded, truncated, and moved to model device.
2025-05-22 20:51:44,369 - INFO - Starting batched model.generate()...
Setting `pad_token_id` to `eos_token_id`:128001 for open-end generation.
2025-05-22 20:52:01,548 - INFO - Batched model.generate() completed.
2025-05-22 20:52:01,549 - INFO - Decoding batch of responses by stripping input tokens...
2025-05-22 20:52:01,550 - INFO - Input tokens stripped from responses.
2025-05-22 20:52:01,551 - INFO - Batch of responses generated.
2025-05-22 20:52:01,552 - INFO - Appended 8 results from batch to /scratch-shared/mschaffelder/Data/exp_1/results/generation_results_8b_single_v6.jsonl
2025-05-22 20:52:01,552 - INFO - Reading line 369 from test data...
2025-05-22 20:52:01,552 - INFO - Added prompt from line 369 to batch.
2025-05-22 20:52:01,552 - INFO - Reading line 370 from test data...
2025-05-22 20:52:01,552 - INFO - Added prompt from line 370 to batch.
2025-05-22 20:52:01,552 - INFO - Reading line 371 from test data...
2025-05-22 20:52:01,552 - INFO - Added prompt from line 371 to batch.
2025-05-22 20:52:01,552 - INFO - Reading line 372 from test data...
2025-05-22 20:52:01,552 - INFO - Added prompt from line 372 to batch.
2025-05-22 20:52:01,552 - INFO - Reading line 373 from test data...
2025-05-22 20:52:01,552 - INFO - Added prompt from line 373 to batch.
2025-05-22 20:52:01,552 - INFO - Reading line 374 from test data...
2025-05-22 20:52:01,552 - INFO - Added prompt from line 374 to batch.
2025-05-22 20:52:01,552 - INFO - Reading line 375 from test data...
2025-05-22 20:52:01,552 - INFO - Added prompt from line 375 to batch.
2025-05-22 20:52:01,552 - INFO - Reading line 376 from test data...
2025-05-22 20:52:01,552 - INFO - Added prompt from line 376 to batch.
2025-05-22 20:52:01,664 - INFO - Processing batch of 8 prompts (up to line 376)...
2025-05-22 20:52:01,664 - INFO - Generating responses for batch of 8 prompts. System prompt: 'You are a helpful assistant.'
2025-05-22 20:52:01,665 - INFO - First formatted prompt for tokenizer (first 100 chars): '<|begin_of_text|><|start_header_id|>system<|end_header_id|>

Cutting Knowledge Date: December 2023
T...'
2025-05-22 20:52:01,665 - INFO - Input device: cuda:0, preparing to move inputs to device.
2025-05-22 20:52:01,667 - INFO - Batch of inputs tokenized, padded, truncated, and moved to model device.
2025-05-22 20:52:01,667 - INFO - Starting batched model.generate()...
Setting `pad_token_id` to `eos_token_id`:128001 for open-end generation.
2025-05-22 20:52:26,615 - INFO - Batched model.generate() completed.
2025-05-22 20:52:26,615 - INFO - Decoding batch of responses by stripping input tokens...
2025-05-22 20:52:26,618 - INFO - Input tokens stripped from responses.
2025-05-22 20:52:26,618 - INFO - Batch of responses generated.
2025-05-22 20:52:26,619 - INFO - Appended 8 results from batch to /scratch-shared/mschaffelder/Data/exp_1/results/generation_results_8b_single_v6.jsonl
2025-05-22 20:52:26,619 - INFO - Reading line 377 from test data...
2025-05-22 20:52:26,619 - INFO - Added prompt from line 377 to batch.
2025-05-22 20:52:26,619 - INFO - Reading line 378 from test data...
2025-05-22 20:52:26,619 - INFO - Added prompt from line 378 to batch.
2025-05-22 20:52:26,619 - INFO - Reading line 379 from test data...
2025-05-22 20:52:26,619 - INFO - Added prompt from line 379 to batch.
2025-05-22 20:52:26,619 - INFO - Reading line 380 from test data...
2025-05-22 20:52:26,619 - INFO - Added prompt from line 380 to batch.
2025-05-22 20:52:26,619 - INFO - Reading line 381 from test data...
2025-05-22 20:52:26,619 - INFO - Added prompt from line 381 to batch.
2025-05-22 20:52:26,619 - INFO - Reading line 382 from test data...
2025-05-22 20:52:26,620 - INFO - Added prompt from line 382 to batch.
2025-05-22 20:52:26,620 - INFO - Reading line 383 from test data...
2025-05-22 20:52:26,620 - INFO - Added prompt from line 383 to batch.
2025-05-22 20:52:26,620 - INFO - Reading line 384 from test data...
2025-05-22 20:52:26,620 - INFO - Added prompt from line 384 to batch.
2025-05-22 20:52:26,620 - INFO - Processing batch of 8 prompts (up to line 384)...
2025-05-22 20:52:26,620 - INFO - Generating responses for batch of 8 prompts. System prompt: 'You are a helpful assistant.'
2025-05-22 20:52:26,620 - INFO - First formatted prompt for tokenizer (first 100 chars): '<|begin_of_text|><|start_header_id|>system<|end_header_id|>

Cutting Knowledge Date: December 2023
T...'
2025-05-22 20:52:26,620 - INFO - Input device: cuda:0, preparing to move inputs to device.
2025-05-22 20:52:26,622 - INFO - Batch of inputs tokenized, padded, truncated, and moved to model device.
2025-05-22 20:52:26,622 - INFO - Starting batched model.generate()...
Setting `pad_token_id` to `eos_token_id`:128001 for open-end generation.
2025-05-22 20:52:47,262 - INFO - Batched model.generate() completed.
2025-05-22 20:52:47,262 - INFO - Decoding batch of responses by stripping input tokens...
2025-05-22 20:52:47,264 - INFO - Input tokens stripped from responses.
2025-05-22 20:52:47,265 - INFO - Batch of responses generated.
2025-05-22 20:52:47,266 - INFO - Appended 8 results from batch to /scratch-shared/mschaffelder/Data/exp_1/results/generation_results_8b_single_v6.jsonl
2025-05-22 20:52:47,266 - INFO - Reading line 385 from test data...
2025-05-22 20:52:47,266 - INFO - Added prompt from line 385 to batch.
2025-05-22 20:52:47,266 - INFO - Reading line 386 from test data...
2025-05-22 20:52:47,266 - INFO - Added prompt from line 386 to batch.
2025-05-22 20:52:47,266 - INFO - Reading line 387 from test data...
2025-05-22 20:52:47,266 - INFO - Added prompt from line 387 to batch.
2025-05-22 20:52:47,266 - INFO - Reading line 388 from test data...
2025-05-22 20:52:47,266 - INFO - Added prompt from line 388 to batch.
2025-05-22 20:52:47,266 - INFO - Reading line 389 from test data...
2025-05-22 20:52:47,267 - INFO - Added prompt from line 389 to batch.
2025-05-22 20:52:47,267 - INFO - Reading line 390 from test data...
2025-05-22 20:52:47,267 - INFO - Added prompt from line 390 to batch.
2025-05-22 20:52:47,267 - INFO - Reading line 391 from test data...
2025-05-22 20:52:47,267 - INFO - Added prompt from line 391 to batch.
2025-05-22 20:52:47,267 - INFO - Reading line 392 from test data...
2025-05-22 20:52:47,267 - INFO - Added prompt from line 392 to batch.
2025-05-22 20:52:47,267 - INFO - Processing batch of 8 prompts (up to line 392)...
2025-05-22 20:52:47,267 - INFO - Generating responses for batch of 8 prompts. System prompt: 'You are a helpful assistant.'
2025-05-22 20:52:47,267 - INFO - First formatted prompt for tokenizer (first 100 chars): '<|begin_of_text|><|start_header_id|>system<|end_header_id|>

Cutting Knowledge Date: December 2023
T...'
2025-05-22 20:52:47,268 - INFO - Input device: cuda:0, preparing to move inputs to device.
2025-05-22 20:52:47,269 - INFO - Batch of inputs tokenized, padded, truncated, and moved to model device.
2025-05-22 20:52:47,269 - INFO - Starting batched model.generate()...
Setting `pad_token_id` to `eos_token_id`:128001 for open-end generation.
2025-05-22 20:53:11,595 - INFO - Batched model.generate() completed.
2025-05-22 20:53:11,596 - INFO - Decoding batch of responses by stripping input tokens...
2025-05-22 20:53:11,598 - INFO - Input tokens stripped from responses.
2025-05-22 20:53:11,598 - INFO - Batch of responses generated.
2025-05-22 20:53:11,598 - INFO - Appended 8 results from batch to /scratch-shared/mschaffelder/Data/exp_1/results/generation_results_8b_single_v6.jsonl
2025-05-22 20:53:11,598 - INFO - Reading line 393 from test data...
2025-05-22 20:53:11,598 - INFO - Added prompt from line 393 to batch.
2025-05-22 20:53:11,598 - INFO - Reading line 394 from test data...
2025-05-22 20:53:11,599 - INFO - Added prompt from line 394 to batch.
2025-05-22 20:53:11,599 - INFO - Reading line 395 from test data...
2025-05-22 20:53:11,599 - INFO - Added prompt from line 395 to batch.
2025-05-22 20:53:11,599 - INFO - Reading line 396 from test data...
2025-05-22 20:53:11,599 - INFO - Added prompt from line 396 to batch.
2025-05-22 20:53:11,599 - INFO - Reading line 397 from test data...
2025-05-22 20:53:11,599 - INFO - Added prompt from line 397 to batch.
2025-05-22 20:53:11,599 - INFO - Reading line 398 from test data...
2025-05-22 20:53:11,599 - INFO - Added prompt from line 398 to batch.
2025-05-22 20:53:11,599 - INFO - Reading line 399 from test data...
2025-05-22 20:53:11,599 - INFO - Added prompt from line 399 to batch.
2025-05-22 20:53:11,599 - INFO - Reading line 400 from test data...
2025-05-22 20:53:11,599 - INFO - Added prompt from line 400 to batch.
2025-05-22 20:53:11,599 - INFO - Processing batch of 8 prompts (up to line 400)...
2025-05-22 20:53:11,599 - INFO - Generating responses for batch of 8 prompts. System prompt: 'You are a helpful assistant.'
2025-05-22 20:53:11,599 - INFO - First formatted prompt for tokenizer (first 100 chars): '<|begin_of_text|><|start_header_id|>system<|end_header_id|>

Cutting Knowledge Date: December 2023
T...'
2025-05-22 20:53:11,599 - INFO - Input device: cuda:0, preparing to move inputs to device.
2025-05-22 20:53:11,602 - INFO - Batch of inputs tokenized, padded, truncated, and moved to model device.
2025-05-22 20:53:11,602 - INFO - Starting batched model.generate()...
Setting `pad_token_id` to `eos_token_id`:128001 for open-end generation.
2025-05-22 20:53:29,328 - INFO - Batched model.generate() completed.
2025-05-22 20:53:29,328 - INFO - Decoding batch of responses by stripping input tokens...
2025-05-22 20:53:29,330 - INFO - Input tokens stripped from responses.
2025-05-22 20:53:29,330 - INFO - Batch of responses generated.
2025-05-22 20:53:29,331 - INFO - Appended 8 results from batch to /scratch-shared/mschaffelder/Data/exp_1/results/generation_results_8b_single_v6.jsonl
2025-05-22 20:53:29,331 - INFO - Reading line 401 from test data...
2025-05-22 20:53:29,331 - INFO - Added prompt from line 401 to batch.
2025-05-22 20:53:29,526 - INFO - Reading line 402 from test data...
2025-05-22 20:53:29,526 - INFO - Added prompt from line 402 to batch.
2025-05-22 20:53:29,526 - INFO - Reading line 403 from test data...
2025-05-22 20:53:29,526 - INFO - Added prompt from line 403 to batch.
2025-05-22 20:53:29,526 - INFO - Reading line 404 from test data...
2025-05-22 20:53:29,526 - INFO - Added prompt from line 404 to batch.
2025-05-22 20:53:29,526 - INFO - Reading line 405 from test data...
2025-05-22 20:53:29,526 - INFO - Added prompt from line 405 to batch.
2025-05-22 20:53:29,526 - INFO - Reading line 406 from test data...
2025-05-22 20:53:29,526 - INFO - Added prompt from line 406 to batch.
2025-05-22 20:53:29,527 - INFO - Reading line 407 from test data...
2025-05-22 20:53:29,527 - INFO - Added prompt from line 407 to batch.
2025-05-22 20:53:29,527 - INFO - Reading line 408 from test data...
2025-05-22 20:53:29,527 - INFO - Added prompt from line 408 to batch.
2025-05-22 20:53:29,527 - INFO - Processing batch of 8 prompts (up to line 408)...
2025-05-22 20:53:29,527 - INFO - Generating responses for batch of 8 prompts. System prompt: 'You are a helpful assistant.'
2025-05-22 20:53:29,527 - INFO - First formatted prompt for tokenizer (first 100 chars): '<|begin_of_text|><|start_header_id|>system<|end_header_id|>

Cutting Knowledge Date: December 2023
T...'
2025-05-22 20:53:29,527 - INFO - Input device: cuda:0, preparing to move inputs to device.
2025-05-22 20:53:29,529 - INFO - Batch of inputs tokenized, padded, truncated, and moved to model device.
2025-05-22 20:53:29,530 - INFO - Starting batched model.generate()...
Setting `pad_token_id` to `eos_token_id`:128001 for open-end generation.
2025-05-22 20:53:50,889 - INFO - Batched model.generate() completed.
2025-05-22 20:53:50,889 - INFO - Decoding batch of responses by stripping input tokens...
2025-05-22 20:53:50,891 - INFO - Input tokens stripped from responses.
2025-05-22 20:53:50,892 - INFO - Batch of responses generated.
2025-05-22 20:53:50,893 - INFO - Appended 8 results from batch to /scratch-shared/mschaffelder/Data/exp_1/results/generation_results_8b_single_v6.jsonl
2025-05-22 20:53:50,893 - INFO - Reading line 409 from test data...
2025-05-22 20:53:50,893 - INFO - Added prompt from line 409 to batch.
2025-05-22 20:53:50,894 - INFO - Reading line 410 from test data...
2025-05-22 20:53:50,894 - INFO - Added prompt from line 410 to batch.
2025-05-22 20:53:50,894 - INFO - Reading line 411 from test data...
2025-05-22 20:53:50,894 - INFO - Added prompt from line 411 to batch.
2025-05-22 20:53:50,894 - INFO - Reading line 412 from test data...
2025-05-22 20:53:50,894 - INFO - Added prompt from line 412 to batch.
2025-05-22 20:53:50,894 - INFO - Reading line 413 from test data...
2025-05-22 20:53:50,894 - INFO - Added prompt from line 413 to batch.
2025-05-22 20:53:50,894 - INFO - Reading line 414 from test data...
2025-05-22 20:53:50,894 - INFO - Added prompt from line 414 to batch.
2025-05-22 20:53:50,894 - INFO - Reading line 415 from test data...
2025-05-22 20:53:50,894 - INFO - Added prompt from line 415 to batch.
2025-05-22 20:53:50,894 - INFO - Reading line 416 from test data...
2025-05-22 20:53:50,894 - INFO - Added prompt from line 416 to batch.
2025-05-22 20:53:50,894 - INFO - Processing batch of 8 prompts (up to line 416)...
2025-05-22 20:53:50,894 - INFO - Generating responses for batch of 8 prompts. System prompt: 'You are a helpful assistant.'
2025-05-22 20:53:50,894 - INFO - First formatted prompt for tokenizer (first 100 chars): '<|begin_of_text|><|start_header_id|>system<|end_header_id|>

Cutting Knowledge Date: December 2023
T...'
2025-05-22 20:53:50,894 - INFO - Input device: cuda:0, preparing to move inputs to device.
2025-05-22 20:53:50,896 - INFO - Batch of inputs tokenized, padded, truncated, and moved to model device.
2025-05-22 20:53:50,896 - INFO - Starting batched model.generate()...
Setting `pad_token_id` to `eos_token_id`:128001 for open-end generation.
2025-05-22 20:54:15,182 - INFO - Batched model.generate() completed.
2025-05-22 20:54:15,183 - INFO - Decoding batch of responses by stripping input tokens...
2025-05-22 20:54:15,439 - INFO - Input tokens stripped from responses.
2025-05-22 20:54:15,439 - INFO - Batch of responses generated.
2025-05-22 20:54:15,440 - INFO - Appended 8 results from batch to /scratch-shared/mschaffelder/Data/exp_1/results/generation_results_8b_single_v6.jsonl
2025-05-22 20:54:15,440 - INFO - Reading line 417 from test data...
2025-05-22 20:54:15,440 - INFO - Added prompt from line 417 to batch.
2025-05-22 20:54:15,440 - INFO - Reading line 418 from test data...
2025-05-22 20:54:15,440 - INFO - Added prompt from line 418 to batch.
2025-05-22 20:54:15,440 - INFO - Reading line 419 from test data...
2025-05-22 20:54:15,440 - INFO - Added prompt from line 419 to batch.
2025-05-22 20:54:15,440 - INFO - Reading line 420 from test data...
2025-05-22 20:54:15,440 - INFO - Added prompt from line 420 to batch.
2025-05-22 20:54:15,440 - INFO - Reading line 421 from test data...
2025-05-22 20:54:15,440 - INFO - Added prompt from line 421 to batch.
2025-05-22 20:54:15,440 - INFO - Reading line 422 from test data...
2025-05-22 20:54:15,440 - INFO - Added prompt from line 422 to batch.
2025-05-22 20:54:15,441 - INFO - Reading line 423 from test data...
2025-05-22 20:54:15,441 - INFO - Added prompt from line 423 to batch.
2025-05-22 20:54:15,441 - INFO - Reading line 424 from test data...
2025-05-22 20:54:15,441 - INFO - Added prompt from line 424 to batch.
2025-05-22 20:54:15,441 - INFO - Processing batch of 8 prompts (up to line 424)...
2025-05-22 20:54:15,441 - INFO - Generating responses for batch of 8 prompts. System prompt: 'You are a helpful assistant.'
2025-05-22 20:54:15,441 - INFO - First formatted prompt for tokenizer (first 100 chars): '<|begin_of_text|><|start_header_id|>system<|end_header_id|>

Cutting Knowledge Date: December 2023
T...'
2025-05-22 20:54:15,441 - INFO - Input device: cuda:0, preparing to move inputs to device.
2025-05-22 20:54:15,443 - INFO - Batch of inputs tokenized, padded, truncated, and moved to model device.
2025-05-22 20:54:15,443 - INFO - Starting batched model.generate()...
Setting `pad_token_id` to `eos_token_id`:128001 for open-end generation.
2025-05-22 20:54:36,450 - INFO - Batched model.generate() completed.
2025-05-22 20:54:36,450 - INFO - Decoding batch of responses by stripping input tokens...
2025-05-22 20:54:36,452 - INFO - Input tokens stripped from responses.
2025-05-22 20:54:36,453 - INFO - Batch of responses generated.
2025-05-22 20:54:36,454 - INFO - Appended 8 results from batch to /scratch-shared/mschaffelder/Data/exp_1/results/generation_results_8b_single_v6.jsonl
2025-05-22 20:54:36,454 - INFO - Reading line 425 from test data...
2025-05-22 20:54:36,454 - INFO - Added prompt from line 425 to batch.
2025-05-22 20:54:36,454 - INFO - Reading line 426 from test data...
2025-05-22 20:54:36,454 - INFO - Added prompt from line 426 to batch.
2025-05-22 20:54:36,454 - INFO - Reading line 427 from test data...
2025-05-22 20:54:36,454 - INFO - Added prompt from line 427 to batch.
2025-05-22 20:54:36,454 - INFO - Reading line 428 from test data...
2025-05-22 20:54:36,454 - INFO - Added prompt from line 428 to batch.
2025-05-22 20:54:36,454 - INFO - Reading line 429 from test data...
2025-05-22 20:54:36,454 - INFO - Added prompt from line 429 to batch.
2025-05-22 20:54:36,454 - INFO - Reading line 430 from test data...
2025-05-22 20:54:36,454 - INFO - Added prompt from line 430 to batch.
2025-05-22 20:54:36,454 - INFO - Reading line 431 from test data...
2025-05-22 20:54:36,455 - INFO - Added prompt from line 431 to batch.
2025-05-22 20:54:36,455 - INFO - Reading line 432 from test data...
2025-05-22 20:54:36,455 - INFO - Added prompt from line 432 to batch.
2025-05-22 20:54:36,455 - INFO - Processing batch of 8 prompts (up to line 432)...
2025-05-22 20:54:36,455 - INFO - Generating responses for batch of 8 prompts. System prompt: 'You are a helpful assistant.'
2025-05-22 20:54:36,455 - INFO - First formatted prompt for tokenizer (first 100 chars): '<|begin_of_text|><|start_header_id|>system<|end_header_id|>

Cutting Knowledge Date: December 2023
T...'
2025-05-22 20:54:36,533 - INFO - Input device: cuda:0, preparing to move inputs to device.
2025-05-22 20:54:36,535 - INFO - Batch of inputs tokenized, padded, truncated, and moved to model device.
2025-05-22 20:54:36,535 - INFO - Starting batched model.generate()...
Setting `pad_token_id` to `eos_token_id`:128001 for open-end generation.
2025-05-22 20:55:03,591 - INFO - Batched model.generate() completed.
2025-05-22 20:55:03,591 - INFO - Decoding batch of responses by stripping input tokens...
2025-05-22 20:55:03,593 - INFO - Input tokens stripped from responses.
2025-05-22 20:55:03,593 - INFO - Batch of responses generated.
2025-05-22 20:55:03,594 - INFO - Appended 8 results from batch to /scratch-shared/mschaffelder/Data/exp_1/results/generation_results_8b_single_v6.jsonl
2025-05-22 20:55:03,594 - INFO - Reading line 433 from test data...
2025-05-22 20:55:03,594 - INFO - Added prompt from line 433 to batch.
2025-05-22 20:55:03,594 - INFO - Reading line 434 from test data...
2025-05-22 20:55:03,594 - INFO - Added prompt from line 434 to batch.
2025-05-22 20:55:03,594 - INFO - Reading line 435 from test data...
2025-05-22 20:55:03,594 - INFO - Added prompt from line 435 to batch.
2025-05-22 20:55:03,594 - INFO - Reading line 436 from test data...
2025-05-22 20:55:03,594 - INFO - Added prompt from line 436 to batch.
2025-05-22 20:55:03,594 - INFO - Reading line 437 from test data...
2025-05-22 20:55:03,594 - INFO - Added prompt from line 437 to batch.
2025-05-22 20:55:03,594 - INFO - Reading line 438 from test data...
2025-05-22 20:55:03,594 - INFO - Added prompt from line 438 to batch.
2025-05-22 20:55:03,594 - INFO - Reading line 439 from test data...
2025-05-22 20:55:03,594 - INFO - Added prompt from line 439 to batch.
2025-05-22 20:55:03,594 - INFO - Reading line 440 from test data...
2025-05-22 20:55:03,594 - INFO - Added prompt from line 440 to batch.
2025-05-22 20:55:03,594 - INFO - Processing batch of 8 prompts (up to line 440)...
2025-05-22 20:55:03,594 - INFO - Generating responses for batch of 8 prompts. System prompt: 'You are a helpful assistant.'
2025-05-22 20:55:03,595 - INFO - First formatted prompt for tokenizer (first 100 chars): '<|begin_of_text|><|start_header_id|>system<|end_header_id|>

Cutting Knowledge Date: December 2023
T...'
2025-05-22 20:55:03,595 - INFO - Input device: cuda:0, preparing to move inputs to device.
2025-05-22 20:55:03,598 - INFO - Batch of inputs tokenized, padded, truncated, and moved to model device.
2025-05-22 20:55:03,598 - INFO - Starting batched model.generate()...
Setting `pad_token_id` to `eos_token_id`:128001 for open-end generation.
2025-05-22 20:55:23,560 - INFO - Batched model.generate() completed.
2025-05-22 20:55:23,560 - INFO - Decoding batch of responses by stripping input tokens...
2025-05-22 20:55:23,562 - INFO - Input tokens stripped from responses.
2025-05-22 20:55:23,562 - INFO - Batch of responses generated.
2025-05-22 20:55:23,563 - INFO - Appended 8 results from batch to /scratch-shared/mschaffelder/Data/exp_1/results/generation_results_8b_single_v6.jsonl
2025-05-22 20:55:23,563 - INFO - Reading line 441 from test data...
2025-05-22 20:55:23,563 - INFO - Added prompt from line 441 to batch.
2025-05-22 20:55:23,563 - INFO - Reading line 442 from test data...
2025-05-22 20:55:23,563 - INFO - Added prompt from line 442 to batch.
2025-05-22 20:55:23,563 - INFO - Reading line 443 from test data...
2025-05-22 20:55:23,563 - INFO - Added prompt from line 443 to batch.
2025-05-22 20:55:23,564 - INFO - Reading line 444 from test data...
2025-05-22 20:55:23,564 - INFO - Added prompt from line 444 to batch.
2025-05-22 20:55:23,564 - INFO - Reading line 445 from test data...
2025-05-22 20:55:23,564 - INFO - Added prompt from line 445 to batch.
2025-05-22 20:55:23,564 - INFO - Reading line 446 from test data...
2025-05-22 20:55:23,564 - INFO - Added prompt from line 446 to batch.
2025-05-22 20:55:23,564 - INFO - Reading line 447 from test data...
2025-05-22 20:55:23,564 - INFO - Added prompt from line 447 to batch.
2025-05-22 20:55:23,784 - INFO - Reading line 448 from test data...
2025-05-22 20:55:23,784 - INFO - Added prompt from line 448 to batch.
2025-05-22 20:55:23,784 - INFO - Processing batch of 8 prompts (up to line 448)...
2025-05-22 20:55:23,784 - INFO - Generating responses for batch of 8 prompts. System prompt: 'You are a helpful assistant.'
2025-05-22 20:55:23,784 - INFO - First formatted prompt for tokenizer (first 100 chars): '<|begin_of_text|><|start_header_id|>system<|end_header_id|>

Cutting Knowledge Date: December 2023
T...'
2025-05-22 20:55:23,785 - INFO - Input device: cuda:0, preparing to move inputs to device.
2025-05-22 20:55:23,786 - INFO - Batch of inputs tokenized, padded, truncated, and moved to model device.
2025-05-22 20:55:23,786 - INFO - Starting batched model.generate()...
Setting `pad_token_id` to `eos_token_id`:128001 for open-end generation.
2025-05-22 20:55:43,288 - INFO - Batched model.generate() completed.
2025-05-22 20:55:43,288 - INFO - Decoding batch of responses by stripping input tokens...
2025-05-22 20:55:43,290 - INFO - Input tokens stripped from responses.
2025-05-22 20:55:43,291 - INFO - Batch of responses generated.
2025-05-22 20:55:43,293 - INFO - Appended 8 results from batch to /scratch-shared/mschaffelder/Data/exp_1/results/generation_results_8b_single_v6.jsonl
2025-05-22 20:55:43,293 - INFO - Reading line 449 from test data...
2025-05-22 20:55:43,293 - INFO - Added prompt from line 449 to batch.
2025-05-22 20:55:43,293 - INFO - Reading line 450 from test data...
2025-05-22 20:55:43,293 - INFO - Added prompt from line 450 to batch.
2025-05-22 20:55:43,293 - INFO - Reading line 451 from test data...
2025-05-22 20:55:43,293 - INFO - Added prompt from line 451 to batch.
2025-05-22 20:55:43,293 - INFO - Reading line 452 from test data...
2025-05-22 20:55:43,293 - INFO - Added prompt from line 452 to batch.
2025-05-22 20:55:43,293 - INFO - Reading line 453 from test data...
2025-05-22 20:55:43,293 - INFO - Added prompt from line 453 to batch.
2025-05-22 20:55:43,293 - INFO - Reading line 454 from test data...
2025-05-22 20:55:43,293 - INFO - Added prompt from line 454 to batch.
2025-05-22 20:55:43,293 - INFO - Reading line 455 from test data...
2025-05-22 20:55:43,293 - INFO - Added prompt from line 455 to batch.
2025-05-22 20:55:43,293 - INFO - Reading line 456 from test data...
2025-05-22 20:55:43,293 - INFO - Added prompt from line 456 to batch.
2025-05-22 20:55:43,293 - INFO - Processing batch of 8 prompts (up to line 456)...
2025-05-22 20:55:43,293 - INFO - Generating responses for batch of 8 prompts. System prompt: 'You are a helpful assistant.'
2025-05-22 20:55:43,294 - INFO - First formatted prompt for tokenizer (first 100 chars): '<|begin_of_text|><|start_header_id|>system<|end_header_id|>

Cutting Knowledge Date: December 2023
T...'
2025-05-22 20:55:43,294 - INFO - Input device: cuda:0, preparing to move inputs to device.
2025-05-22 20:55:43,296 - INFO - Batch of inputs tokenized, padded, truncated, and moved to model device.
2025-05-22 20:55:43,296 - INFO - Starting batched model.generate()...
Setting `pad_token_id` to `eos_token_id`:128001 for open-end generation.
2025-05-22 20:56:06,410 - INFO - Batched model.generate() completed.
2025-05-22 20:56:06,410 - INFO - Decoding batch of responses by stripping input tokens...
2025-05-22 20:56:06,411 - INFO - Input tokens stripped from responses.
2025-05-22 20:56:06,412 - INFO - Batch of responses generated.
2025-05-22 20:56:06,413 - INFO - Appended 8 results from batch to /scratch-shared/mschaffelder/Data/exp_1/results/generation_results_8b_single_v6.jsonl
2025-05-22 20:56:06,413 - INFO - Reading line 457 from test data...
2025-05-22 20:56:06,413 - INFO - Added prompt from line 457 to batch.
2025-05-22 20:56:06,413 - INFO - Reading line 458 from test data...
2025-05-22 20:56:06,413 - INFO - Added prompt from line 458 to batch.
2025-05-22 20:56:06,413 - INFO - Reading line 459 from test data...
2025-05-22 20:56:06,413 - INFO - Added prompt from line 459 to batch.
2025-05-22 20:56:06,413 - INFO - Reading line 460 from test data...
2025-05-22 20:56:06,452 - INFO - Added prompt from line 460 to batch.
2025-05-22 20:56:06,452 - INFO - Reading line 461 from test data...
2025-05-22 20:56:06,453 - INFO - Added prompt from line 461 to batch.
2025-05-22 20:56:06,453 - INFO - Reading line 462 from test data...
2025-05-22 20:56:06,453 - INFO - Added prompt from line 462 to batch.
2025-05-22 20:56:06,453 - INFO - Reading line 463 from test data...
2025-05-22 20:56:06,453 - INFO - Added prompt from line 463 to batch.
2025-05-22 20:56:06,453 - INFO - Reading line 464 from test data...
2025-05-22 20:56:06,453 - INFO - Added prompt from line 464 to batch.
2025-05-22 20:56:06,453 - INFO - Processing batch of 8 prompts (up to line 464)...
2025-05-22 20:56:06,453 - INFO - Generating responses for batch of 8 prompts. System prompt: 'You are a helpful assistant.'
2025-05-22 20:56:06,453 - INFO - First formatted prompt for tokenizer (first 100 chars): '<|begin_of_text|><|start_header_id|>system<|end_header_id|>

Cutting Knowledge Date: December 2023
T...'
2025-05-22 20:56:06,453 - INFO - Input device: cuda:0, preparing to move inputs to device.
2025-05-22 20:56:06,455 - INFO - Batch of inputs tokenized, padded, truncated, and moved to model device.
2025-05-22 20:56:06,455 - INFO - Starting batched model.generate()...
Setting `pad_token_id` to `eos_token_id`:128001 for open-end generation.
2025-05-22 20:56:30,492 - INFO - Batched model.generate() completed.
2025-05-22 20:56:30,492 - INFO - Decoding batch of responses by stripping input tokens...
2025-05-22 20:56:30,495 - INFO - Input tokens stripped from responses.
2025-05-22 20:56:30,495 - INFO - Batch of responses generated.
2025-05-22 20:56:30,496 - INFO - Appended 8 results from batch to /scratch-shared/mschaffelder/Data/exp_1/results/generation_results_8b_single_v6.jsonl
2025-05-22 20:56:30,496 - INFO - Reading line 465 from test data...
2025-05-22 20:56:30,497 - INFO - Added prompt from line 465 to batch.
2025-05-22 20:56:30,497 - INFO - Reading line 466 from test data...
2025-05-22 20:56:30,497 - INFO - Added prompt from line 466 to batch.
2025-05-22 20:56:30,497 - INFO - Reading line 467 from test data...
2025-05-22 20:56:30,497 - INFO - Added prompt from line 467 to batch.
2025-05-22 20:56:30,497 - INFO - Reading line 468 from test data...
2025-05-22 20:56:30,497 - INFO - Added prompt from line 468 to batch.
2025-05-22 20:56:30,497 - INFO - Reading line 469 from test data...
2025-05-22 20:56:30,497 - INFO - Added prompt from line 469 to batch.
2025-05-22 20:56:30,497 - INFO - Reading line 470 from test data...
2025-05-22 20:56:30,497 - INFO - Added prompt from line 470 to batch.
2025-05-22 20:56:30,497 - INFO - Reading line 471 from test data...
2025-05-22 20:56:30,497 - INFO - Added prompt from line 471 to batch.
2025-05-22 20:56:30,497 - INFO - Reading line 472 from test data...
2025-05-22 20:56:30,497 - INFO - Added prompt from line 472 to batch.
2025-05-22 20:56:30,497 - INFO - Processing batch of 8 prompts (up to line 472)...
2025-05-22 20:56:30,497 - INFO - Generating responses for batch of 8 prompts. System prompt: 'You are a helpful assistant.'
2025-05-22 20:56:30,497 - INFO - First formatted prompt for tokenizer (first 100 chars): '<|begin_of_text|><|start_header_id|>system<|end_header_id|>

Cutting Knowledge Date: December 2023
T...'
2025-05-22 20:56:30,497 - INFO - Input device: cuda:0, preparing to move inputs to device.
2025-05-22 20:56:30,501 - INFO - Batch of inputs tokenized, padded, truncated, and moved to model device.
2025-05-22 20:56:30,501 - INFO - Starting batched model.generate()...
Setting `pad_token_id` to `eos_token_id`:128001 for open-end generation.
2025-05-22 20:56:52,988 - INFO - Batched model.generate() completed.
2025-05-22 20:56:52,989 - INFO - Decoding batch of responses by stripping input tokens...
2025-05-22 20:56:52,991 - INFO - Input tokens stripped from responses.
2025-05-22 20:56:52,992 - INFO - Batch of responses generated.
2025-05-22 20:56:52,994 - INFO - Appended 8 results from batch to /scratch-shared/mschaffelder/Data/exp_1/results/generation_results_8b_single_v6.jsonl
2025-05-22 20:56:53,054 - INFO - Reading line 473 from test data...
2025-05-22 20:56:53,054 - INFO - Added prompt from line 473 to batch.
2025-05-22 20:56:53,054 - INFO - Reading line 474 from test data...
2025-05-22 20:56:53,054 - INFO - Added prompt from line 474 to batch.
2025-05-22 20:56:53,054 - INFO - Reading line 475 from test data...
2025-05-22 20:56:53,054 - INFO - Added prompt from line 475 to batch.
2025-05-22 20:56:53,054 - INFO - Reading line 476 from test data...
2025-05-22 20:56:53,054 - INFO - Added prompt from line 476 to batch.
2025-05-22 20:56:53,054 - INFO - Reading line 477 from test data...
2025-05-22 20:56:53,054 - INFO - Added prompt from line 477 to batch.
2025-05-22 20:56:53,054 - INFO - Reading line 478 from test data...
2025-05-22 20:56:53,054 - INFO - Added prompt from line 478 to batch.
2025-05-22 20:56:53,054 - INFO - Reading line 479 from test data...
2025-05-22 20:56:53,054 - INFO - Added prompt from line 479 to batch.
2025-05-22 20:56:53,054 - INFO - Reading line 480 from test data...
2025-05-22 20:56:53,054 - INFO - Added prompt from line 480 to batch.
2025-05-22 20:56:53,054 - INFO - Processing batch of 8 prompts (up to line 480)...
2025-05-22 20:56:53,054 - INFO - Generating responses for batch of 8 prompts. System prompt: 'You are a helpful assistant.'
2025-05-22 20:56:53,055 - INFO - First formatted prompt for tokenizer (first 100 chars): '<|begin_of_text|><|start_header_id|>system<|end_header_id|>

Cutting Knowledge Date: December 2023
T...'
2025-05-22 20:56:53,055 - INFO - Input device: cuda:0, preparing to move inputs to device.
2025-05-22 20:56:53,057 - INFO - Batch of inputs tokenized, padded, truncated, and moved to model device.
2025-05-22 20:56:53,057 - INFO - Starting batched model.generate()...
Setting `pad_token_id` to `eos_token_id`:128001 for open-end generation.
2025-05-22 20:57:14,620 - INFO - Batched model.generate() completed.
2025-05-22 20:57:14,620 - INFO - Decoding batch of responses by stripping input tokens...
2025-05-22 20:57:14,622 - INFO - Input tokens stripped from responses.
2025-05-22 20:57:14,622 - INFO - Batch of responses generated.
2025-05-22 20:57:14,624 - INFO - Appended 8 results from batch to /scratch-shared/mschaffelder/Data/exp_1/results/generation_results_8b_single_v6.jsonl
2025-05-22 20:57:14,624 - INFO - Reading line 481 from test data...
2025-05-22 20:57:14,624 - INFO - Added prompt from line 481 to batch.
2025-05-22 20:57:14,624 - INFO - Reading line 482 from test data...
2025-05-22 20:57:14,624 - INFO - Added prompt from line 482 to batch.
2025-05-22 20:57:14,624 - INFO - Reading line 483 from test data...
2025-05-22 20:57:14,624 - INFO - Added prompt from line 483 to batch.
2025-05-22 20:57:14,624 - INFO - Reading line 484 from test data...
2025-05-22 20:57:14,624 - INFO - Added prompt from line 484 to batch.
2025-05-22 20:57:14,624 - INFO - Reading line 485 from test data...
2025-05-22 20:57:14,624 - INFO - Added prompt from line 485 to batch.
2025-05-22 20:57:14,624 - INFO - Reading line 486 from test data...
2025-05-22 20:57:14,624 - INFO - Added prompt from line 486 to batch.
2025-05-22 20:57:14,624 - INFO - Reading line 487 from test data...
2025-05-22 20:57:14,624 - INFO - Added prompt from line 487 to batch.
2025-05-22 20:57:14,624 - INFO - Reading line 488 from test data...
2025-05-22 20:57:14,624 - INFO - Added prompt from line 488 to batch.
2025-05-22 20:57:14,625 - INFO - Processing batch of 8 prompts (up to line 488)...
2025-05-22 20:57:14,625 - INFO - Generating responses for batch of 8 prompts. System prompt: 'You are a helpful assistant.'
2025-05-22 20:57:14,625 - INFO - First formatted prompt for tokenizer (first 100 chars): '<|begin_of_text|><|start_header_id|>system<|end_header_id|>

Cutting Knowledge Date: December 2023
T...'
2025-05-22 20:57:14,625 - INFO - Input device: cuda:0, preparing to move inputs to device.
2025-05-22 20:57:14,628 - INFO - Batch of inputs tokenized, padded, truncated, and moved to model device.
2025-05-22 20:57:14,628 - INFO - Starting batched model.generate()...
Setting `pad_token_id` to `eos_token_id`:128001 for open-end generation.
2025-05-22 20:57:38,233 - INFO - Batched model.generate() completed.
2025-05-22 20:57:38,234 - INFO - Decoding batch of responses by stripping input tokens...
2025-05-22 20:57:38,236 - INFO - Input tokens stripped from responses.
2025-05-22 20:57:38,236 - INFO - Batch of responses generated.
2025-05-22 20:57:38,238 - INFO - Appended 8 results from batch to /scratch-shared/mschaffelder/Data/exp_1/results/generation_results_8b_single_v6.jsonl
2025-05-22 20:57:38,238 - INFO - Reading line 489 from test data...
2025-05-22 20:57:38,238 - INFO - Added prompt from line 489 to batch.
2025-05-22 20:57:38,238 - INFO - Reading line 490 from test data...
2025-05-22 20:57:38,238 - INFO - Added prompt from line 490 to batch.
2025-05-22 20:57:38,238 - INFO - Reading line 491 from test data...
2025-05-22 20:57:38,238 - INFO - Added prompt from line 491 to batch.
2025-05-22 20:57:38,238 - INFO - Reading line 492 from test data...
2025-05-22 20:57:38,238 - INFO - Added prompt from line 492 to batch.
2025-05-22 20:57:38,238 - INFO - Reading line 493 from test data...
2025-05-22 20:57:38,238 - INFO - Added prompt from line 493 to batch.
2025-05-22 20:57:38,238 - INFO - Reading line 494 from test data...
2025-05-22 20:57:38,238 - INFO - Added prompt from line 494 to batch.
2025-05-22 20:57:38,238 - INFO - Reading line 495 from test data...
2025-05-22 20:57:38,238 - INFO - Added prompt from line 495 to batch.
2025-05-22 20:57:38,239 - INFO - Reading line 496 from test data...
2025-05-22 20:57:38,239 - INFO - Added prompt from line 496 to batch.
2025-05-22 20:57:38,239 - INFO - Processing batch of 8 prompts (up to line 496)...
2025-05-22 20:57:38,239 - INFO - Generating responses for batch of 8 prompts. System prompt: 'You are a helpful assistant.'
2025-05-22 20:57:38,239 - INFO - First formatted prompt for tokenizer (first 100 chars): '<|begin_of_text|><|start_header_id|>system<|end_header_id|>

Cutting Knowledge Date: December 2023
T...'
2025-05-22 20:57:38,239 - INFO - Input device: cuda:0, preparing to move inputs to device.
2025-05-22 20:57:38,244 - INFO - Batch of inputs tokenized, padded, truncated, and moved to model device.
2025-05-22 20:57:38,244 - INFO - Starting batched model.generate()...
Setting `pad_token_id` to `eos_token_id`:128001 for open-end generation.
2025-05-22 20:58:00,878 - INFO - Batched model.generate() completed.
2025-05-22 20:58:00,878 - INFO - Decoding batch of responses by stripping input tokens...
2025-05-22 20:58:00,881 - INFO - Input tokens stripped from responses.
2025-05-22 20:58:00,881 - INFO - Batch of responses generated.
2025-05-22 20:58:00,882 - INFO - Appended 8 results from batch to /scratch-shared/mschaffelder/Data/exp_1/results/generation_results_8b_single_v6.jsonl
2025-05-22 20:58:00,882 - INFO - Reading line 497 from test data...
2025-05-22 20:58:00,883 - INFO - Added prompt from line 497 to batch.
2025-05-22 20:58:00,883 - INFO - Reading line 498 from test data...
2025-05-22 20:58:00,883 - INFO - Added prompt from line 498 to batch.
2025-05-22 20:58:00,883 - INFO - Reading line 499 from test data...
2025-05-22 20:58:00,883 - INFO - Added prompt from line 499 to batch.
2025-05-22 20:58:00,883 - INFO - Reading line 500 from test data...
2025-05-22 20:58:00,883 - INFO - Added prompt from line 500 to batch.
2025-05-22 20:58:00,883 - INFO - Reading line 501 from test data...
2025-05-22 20:58:00,883 - INFO - Added prompt from line 501 to batch.
2025-05-22 20:58:00,883 - INFO - Reading line 502 from test data...
2025-05-22 20:58:00,883 - INFO - Added prompt from line 502 to batch.
2025-05-22 20:58:00,883 - INFO - Reading line 503 from test data...
2025-05-22 20:58:00,883 - INFO - Added prompt from line 503 to batch.
2025-05-22 20:58:00,883 - INFO - Reading line 504 from test data...
2025-05-22 20:58:00,883 - INFO - Added prompt from line 504 to batch.
2025-05-22 20:58:00,883 - INFO - Processing batch of 8 prompts (up to line 504)...
2025-05-22 20:58:00,883 - INFO - Generating responses for batch of 8 prompts. System prompt: 'You are a helpful assistant.'
2025-05-22 20:58:01,061 - INFO - First formatted prompt for tokenizer (first 100 chars): '<|begin_of_text|><|start_header_id|>system<|end_header_id|>

Cutting Knowledge Date: December 2023
T...'
2025-05-22 20:58:01,061 - INFO - Input device: cuda:0, preparing to move inputs to device.
2025-05-22 20:58:01,063 - INFO - Batch of inputs tokenized, padded, truncated, and moved to model device.
2025-05-22 20:58:01,063 - INFO - Starting batched model.generate()...
Setting `pad_token_id` to `eos_token_id`:128001 for open-end generation.
2025-05-22 20:58:24,104 - INFO - Batched model.generate() completed.
2025-05-22 20:58:24,104 - INFO - Decoding batch of responses by stripping input tokens...
2025-05-22 20:58:24,107 - INFO - Input tokens stripped from responses.
2025-05-22 20:58:24,107 - INFO - Batch of responses generated.
2025-05-22 20:58:24,109 - INFO - Appended 8 results from batch to /scratch-shared/mschaffelder/Data/exp_1/results/generation_results_8b_single_v6.jsonl
2025-05-22 20:58:24,109 - INFO - Reading line 505 from test data...
2025-05-22 20:58:24,109 - INFO - Added prompt from line 505 to batch.
2025-05-22 20:58:24,109 - INFO - Reading line 506 from test data...
2025-05-22 20:58:24,109 - INFO - Added prompt from line 506 to batch.
2025-05-22 20:58:24,109 - INFO - Reading line 507 from test data...
2025-05-22 20:58:24,109 - INFO - Added prompt from line 507 to batch.
2025-05-22 20:58:24,109 - INFO - Reading line 508 from test data...
2025-05-22 20:58:24,109 - INFO - Added prompt from line 508 to batch.
2025-05-22 20:58:24,109 - INFO - Reading line 509 from test data...
2025-05-22 20:58:24,109 - INFO - Added prompt from line 509 to batch.
2025-05-22 20:58:24,109 - INFO - Reading line 510 from test data...
2025-05-22 20:58:24,109 - INFO - Added prompt from line 510 to batch.
2025-05-22 20:58:24,109 - INFO - Reading line 511 from test data...
2025-05-22 20:58:24,109 - INFO - Added prompt from line 511 to batch.
2025-05-22 20:58:24,109 - INFO - Reading line 512 from test data...
2025-05-22 20:58:24,109 - INFO - Added prompt from line 512 to batch.
2025-05-22 20:58:24,109 - INFO - Processing batch of 8 prompts (up to line 512)...
2025-05-22 20:58:24,109 - INFO - Generating responses for batch of 8 prompts. System prompt: 'You are a helpful assistant.'
2025-05-22 20:58:24,110 - INFO - First formatted prompt for tokenizer (first 100 chars): '<|begin_of_text|><|start_header_id|>system<|end_header_id|>

Cutting Knowledge Date: December 2023
T...'
2025-05-22 20:58:24,110 - INFO - Input device: cuda:0, preparing to move inputs to device.
2025-05-22 20:58:24,112 - INFO - Batch of inputs tokenized, padded, truncated, and moved to model device.
2025-05-22 20:58:24,112 - INFO - Starting batched model.generate()...
Setting `pad_token_id` to `eos_token_id`:128001 for open-end generation.
2025-05-22 20:58:46,660 - INFO - Batched model.generate() completed.
2025-05-22 20:58:47,610 - INFO - Decoding batch of responses by stripping input tokens...
2025-05-22 20:58:47,613 - INFO - Input tokens stripped from responses.
2025-05-22 20:58:47,613 - INFO - Batch of responses generated.
2025-05-22 20:58:47,721 - INFO - Appended 8 results from batch to /scratch-shared/mschaffelder/Data/exp_1/results/generation_results_8b_single_v6.jsonl
2025-05-22 20:58:47,721 - INFO - Reading line 513 from test data...
2025-05-22 20:58:47,721 - INFO - Added prompt from line 513 to batch.
2025-05-22 20:58:47,721 - INFO - Reading line 514 from test data...
2025-05-22 20:58:47,721 - INFO - Added prompt from line 514 to batch.
2025-05-22 20:58:47,721 - INFO - Reading line 515 from test data...
2025-05-22 20:58:47,721 - INFO - Added prompt from line 515 to batch.
2025-05-22 20:58:47,721 - INFO - Reading line 516 from test data...
2025-05-22 20:58:47,721 - INFO - Added prompt from line 516 to batch.
2025-05-22 20:58:47,721 - INFO - Reading line 517 from test data...
2025-05-22 20:58:47,721 - INFO - Added prompt from line 517 to batch.
2025-05-22 20:58:47,721 - INFO - Reading line 518 from test data...
2025-05-22 20:58:47,721 - INFO - Added prompt from line 518 to batch.
2025-05-22 20:58:48,903 - INFO - Reading line 519 from test data...
2025-05-22 20:58:48,903 - INFO - Added prompt from line 519 to batch.
2025-05-22 20:58:48,903 - INFO - Reading line 520 from test data...
2025-05-22 20:58:48,903 - INFO - Added prompt from line 520 to batch.
2025-05-22 20:58:48,903 - INFO - Processing batch of 8 prompts (up to line 520)...
2025-05-22 20:58:48,903 - INFO - Generating responses for batch of 8 prompts. System prompt: 'You are a helpful assistant.'
2025-05-22 20:58:48,904 - INFO - First formatted prompt for tokenizer (first 100 chars): '<|begin_of_text|><|start_header_id|>system<|end_header_id|>

Cutting Knowledge Date: December 2023
T...'
2025-05-22 20:58:48,904 - INFO - Input device: cuda:0, preparing to move inputs to device.
2025-05-22 20:58:48,907 - INFO - Batch of inputs tokenized, padded, truncated, and moved to model device.
2025-05-22 20:58:48,907 - INFO - Starting batched model.generate()...
Setting `pad_token_id` to `eos_token_id`:128001 for open-end generation.
2025-05-22 20:59:08,434 - INFO - Batched model.generate() completed.
2025-05-22 20:59:08,434 - INFO - Decoding batch of responses by stripping input tokens...
2025-05-22 20:59:08,436 - INFO - Input tokens stripped from responses.
2025-05-22 20:59:08,436 - INFO - Batch of responses generated.
2025-05-22 20:59:08,438 - INFO - Appended 8 results from batch to /scratch-shared/mschaffelder/Data/exp_1/results/generation_results_8b_single_v6.jsonl
2025-05-22 20:59:08,438 - INFO - Reading line 521 from test data...
2025-05-22 20:59:08,438 - INFO - Added prompt from line 521 to batch.
2025-05-22 20:59:08,438 - INFO - Reading line 522 from test data...
2025-05-22 20:59:08,438 - INFO - Added prompt from line 522 to batch.
2025-05-22 20:59:08,438 - INFO - Reading line 523 from test data...
2025-05-22 20:59:08,438 - INFO - Added prompt from line 523 to batch.
2025-05-22 20:59:08,438 - INFO - Reading line 524 from test data...
2025-05-22 20:59:08,438 - INFO - Added prompt from line 524 to batch.
2025-05-22 20:59:08,438 - INFO - Reading line 525 from test data...
2025-05-22 20:59:08,438 - INFO - Added prompt from line 525 to batch.
2025-05-22 20:59:08,438 - INFO - Reading line 526 from test data...
2025-05-22 20:59:08,438 - INFO - Added prompt from line 526 to batch.
2025-05-22 20:59:08,438 - INFO - Reading line 527 from test data...
2025-05-22 20:59:08,438 - INFO - Added prompt from line 527 to batch.
2025-05-22 20:59:08,438 - INFO - Reading line 528 from test data...
2025-05-22 20:59:08,438 - INFO - Added prompt from line 528 to batch.
2025-05-22 20:59:08,438 - INFO - Processing batch of 8 prompts (up to line 528)...
2025-05-22 20:59:08,438 - INFO - Generating responses for batch of 8 prompts. System prompt: 'You are a helpful assistant.'
2025-05-22 20:59:08,439 - INFO - First formatted prompt for tokenizer (first 100 chars): '<|begin_of_text|><|start_header_id|>system<|end_header_id|>

Cutting Knowledge Date: December 2023
T...'
2025-05-22 20:59:08,439 - INFO - Input device: cuda:0, preparing to move inputs to device.
2025-05-22 20:59:08,448 - INFO - Batch of inputs tokenized, padded, truncated, and moved to model device.
2025-05-22 20:59:08,448 - INFO - Starting batched model.generate()...
Setting `pad_token_id` to `eos_token_id`:128001 for open-end generation.
2025-05-22 20:59:33,927 - INFO - Batched model.generate() completed.
2025-05-22 20:59:33,927 - INFO - Decoding batch of responses by stripping input tokens...
2025-05-22 20:59:33,929 - INFO - Input tokens stripped from responses.
2025-05-22 20:59:33,930 - INFO - Batch of responses generated.
2025-05-22 20:59:34,818 - INFO - Appended 8 results from batch to /scratch-shared/mschaffelder/Data/exp_1/results/generation_results_8b_single_v6.jsonl
2025-05-22 20:59:34,818 - INFO - Reading line 529 from test data...
2025-05-22 20:59:34,818 - INFO - Added prompt from line 529 to batch.
2025-05-22 20:59:34,818 - INFO - Reading line 530 from test data...
2025-05-22 20:59:34,818 - INFO - Added prompt from line 530 to batch.
2025-05-22 20:59:34,818 - INFO - Reading line 531 from test data...
2025-05-22 20:59:34,904 - INFO - Added prompt from line 531 to batch.
2025-05-22 20:59:34,904 - INFO - Reading line 532 from test data...
2025-05-22 20:59:34,905 - INFO - Added prompt from line 532 to batch.
2025-05-22 20:59:34,905 - INFO - Reading line 533 from test data...
2025-05-22 20:59:34,905 - INFO - Added prompt from line 533 to batch.
2025-05-22 20:59:34,905 - INFO - Reading line 534 from test data...
2025-05-22 20:59:34,905 - INFO - Added prompt from line 534 to batch.
2025-05-22 20:59:34,905 - INFO - Reading line 535 from test data...
2025-05-22 20:59:34,905 - INFO - Added prompt from line 535 to batch.
2025-05-22 20:59:34,905 - INFO - Reading line 536 from test data...
2025-05-22 20:59:34,905 - INFO - Added prompt from line 536 to batch.
2025-05-22 20:59:34,905 - INFO - Processing batch of 8 prompts (up to line 536)...
2025-05-22 20:59:34,905 - INFO - Generating responses for batch of 8 prompts. System prompt: 'You are a helpful assistant.'
2025-05-22 20:59:34,905 - INFO - First formatted prompt for tokenizer (first 100 chars): '<|begin_of_text|><|start_header_id|>system<|end_header_id|>

Cutting Knowledge Date: December 2023
T...'
2025-05-22 20:59:34,905 - INFO - Input device: cuda:0, preparing to move inputs to device.
2025-05-22 20:59:34,907 - INFO - Batch of inputs tokenized, padded, truncated, and moved to model device.
2025-05-22 20:59:34,908 - INFO - Starting batched model.generate()...
Setting `pad_token_id` to `eos_token_id`:128001 for open-end generation.
2025-05-22 21:00:00,592 - INFO - Batched model.generate() completed.
2025-05-22 21:00:00,592 - INFO - Decoding batch of responses by stripping input tokens...
2025-05-22 21:00:00,595 - INFO - Input tokens stripped from responses.
2025-05-22 21:00:00,595 - INFO - Batch of responses generated.
2025-05-22 21:00:00,596 - INFO - Appended 8 results from batch to /scratch-shared/mschaffelder/Data/exp_1/results/generation_results_8b_single_v6.jsonl
2025-05-22 21:00:00,596 - INFO - Reading line 537 from test data...
2025-05-22 21:00:00,596 - INFO - Added prompt from line 537 to batch.
2025-05-22 21:00:00,596 - INFO - Reading line 538 from test data...
2025-05-22 21:00:00,596 - INFO - Added prompt from line 538 to batch.
2025-05-22 21:00:00,597 - INFO - Reading line 539 from test data...
2025-05-22 21:00:00,597 - INFO - Added prompt from line 539 to batch.
2025-05-22 21:00:00,597 - INFO - Reading line 540 from test data...
2025-05-22 21:00:00,597 - INFO - Added prompt from line 540 to batch.
2025-05-22 21:00:00,597 - INFO - Reading line 541 from test data...
2025-05-22 21:00:00,597 - INFO - Added prompt from line 541 to batch.
2025-05-22 21:00:00,597 - INFO - Reading line 542 from test data...
2025-05-22 21:00:00,597 - INFO - Added prompt from line 542 to batch.
2025-05-22 21:00:00,597 - INFO - Reading line 543 from test data...
2025-05-22 21:00:00,597 - INFO - Added prompt from line 543 to batch.
2025-05-22 21:00:00,597 - INFO - Reading line 544 from test data...
2025-05-22 21:00:00,597 - INFO - Added prompt from line 544 to batch.
2025-05-22 21:00:00,597 - INFO - Processing batch of 8 prompts (up to line 544)...
2025-05-22 21:00:00,597 - INFO - Generating responses for batch of 8 prompts. System prompt: 'You are a helpful assistant.'
2025-05-22 21:00:00,597 - INFO - First formatted prompt for tokenizer (first 100 chars): '<|begin_of_text|><|start_header_id|>system<|end_header_id|>

Cutting Knowledge Date: December 2023
T...'
2025-05-22 21:00:00,598 - INFO - Input device: cuda:0, preparing to move inputs to device.
2025-05-22 21:00:00,600 - INFO - Batch of inputs tokenized, padded, truncated, and moved to model device.
2025-05-22 21:00:00,600 - INFO - Starting batched model.generate()...
Setting `pad_token_id` to `eos_token_id`:128001 for open-end generation.
2025-05-22 21:00:16,357 - INFO - Batched model.generate() completed.
2025-05-22 21:00:16,357 - INFO - Decoding batch of responses by stripping input tokens...
2025-05-22 21:00:16,359 - INFO - Input tokens stripped from responses.
2025-05-22 21:00:16,359 - INFO - Batch of responses generated.
2025-05-22 21:00:16,360 - INFO - Appended 8 results from batch to /scratch-shared/mschaffelder/Data/exp_1/results/generation_results_8b_single_v6.jsonl
2025-05-22 21:00:16,381 - INFO - Reading line 545 from test data...
2025-05-22 21:00:16,381 - INFO - Added prompt from line 545 to batch.
2025-05-22 21:00:16,382 - INFO - Reading line 546 from test data...
2025-05-22 21:00:16,382 - INFO - Added prompt from line 546 to batch.
2025-05-22 21:00:16,382 - INFO - Reading line 547 from test data...
2025-05-22 21:00:16,382 - INFO - Added prompt from line 547 to batch.
2025-05-22 21:00:16,382 - INFO - Reading line 548 from test data...
2025-05-22 21:00:16,382 - INFO - Added prompt from line 548 to batch.
2025-05-22 21:00:16,382 - INFO - Reading line 549 from test data...
2025-05-22 21:00:16,382 - INFO - Added prompt from line 549 to batch.
2025-05-22 21:00:16,382 - INFO - Reading line 550 from test data...
2025-05-22 21:00:16,382 - INFO - Added prompt from line 550 to batch.
2025-05-22 21:00:16,382 - INFO - Reading line 551 from test data...
2025-05-22 21:00:16,382 - INFO - Added prompt from line 551 to batch.
2025-05-22 21:00:16,382 - INFO - Reading line 552 from test data...
2025-05-22 21:00:16,382 - INFO - Added prompt from line 552 to batch.
2025-05-22 21:00:16,382 - INFO - Processing batch of 8 prompts (up to line 552)...
2025-05-22 21:00:16,382 - INFO - Generating responses for batch of 8 prompts. System prompt: 'You are a helpful assistant.'
2025-05-22 21:00:16,382 - INFO - First formatted prompt for tokenizer (first 100 chars): '<|begin_of_text|><|start_header_id|>system<|end_header_id|>

Cutting Knowledge Date: December 2023
T...'
2025-05-22 21:00:16,382 - INFO - Input device: cuda:0, preparing to move inputs to device.
2025-05-22 21:00:16,386 - INFO - Batch of inputs tokenized, padded, truncated, and moved to model device.
2025-05-22 21:00:16,386 - INFO - Starting batched model.generate()...
Setting `pad_token_id` to `eos_token_id`:128001 for open-end generation.
2025-05-22 21:00:38,811 - INFO - Batched model.generate() completed.
2025-05-22 21:00:38,812 - INFO - Decoding batch of responses by stripping input tokens...
2025-05-22 21:00:38,814 - INFO - Input tokens stripped from responses.
2025-05-22 21:00:38,814 - INFO - Batch of responses generated.
2025-05-22 21:00:38,816 - INFO - Appended 8 results from batch to /scratch-shared/mschaffelder/Data/exp_1/results/generation_results_8b_single_v6.jsonl
2025-05-22 21:00:38,816 - INFO - Reading line 553 from test data...
2025-05-22 21:00:38,816 - INFO - Added prompt from line 553 to batch.
2025-05-22 21:00:38,816 - INFO - Reading line 554 from test data...
2025-05-22 21:00:38,816 - INFO - Added prompt from line 554 to batch.
2025-05-22 21:00:38,816 - INFO - Reading line 555 from test data...
2025-05-22 21:00:38,816 - INFO - Added prompt from line 555 to batch.
2025-05-22 21:00:38,816 - INFO - Reading line 556 from test data...
2025-05-22 21:00:38,816 - INFO - Added prompt from line 556 to batch.
2025-05-22 21:00:38,816 - INFO - Reading line 557 from test data...
2025-05-22 21:00:38,816 - INFO - Added prompt from line 557 to batch.
2025-05-22 21:00:38,816 - INFO - Reading line 558 from test data...
2025-05-22 21:00:38,816 - INFO - Added prompt from line 558 to batch.
2025-05-22 21:00:38,816 - INFO - Reading line 559 from test data...
2025-05-22 21:00:38,816 - INFO - Added prompt from line 559 to batch.
2025-05-22 21:00:38,816 - INFO - Reading line 560 from test data...
2025-05-22 21:00:38,816 - INFO - Added prompt from line 560 to batch.
2025-05-22 21:00:38,816 - INFO - Processing batch of 8 prompts (up to line 560)...
2025-05-22 21:00:38,816 - INFO - Generating responses for batch of 8 prompts. System prompt: 'You are a helpful assistant.'
2025-05-22 21:00:38,817 - INFO - First formatted prompt for tokenizer (first 100 chars): '<|begin_of_text|><|start_header_id|>system<|end_header_id|>

Cutting Knowledge Date: December 2023
T...'
2025-05-22 21:00:38,817 - INFO - Input device: cuda:0, preparing to move inputs to device.
2025-05-22 21:00:38,819 - INFO - Batch of inputs tokenized, padded, truncated, and moved to model device.
2025-05-22 21:00:38,819 - INFO - Starting batched model.generate()...
Setting `pad_token_id` to `eos_token_id`:128001 for open-end generation.
2025-05-22 21:00:58,716 - INFO - Batched model.generate() completed.
2025-05-22 21:00:58,717 - INFO - Decoding batch of responses by stripping input tokens...
2025-05-22 21:00:58,719 - INFO - Input tokens stripped from responses.
2025-05-22 21:00:58,719 - INFO - Batch of responses generated.
2025-05-22 21:00:58,720 - INFO - Appended 8 results from batch to /scratch-shared/mschaffelder/Data/exp_1/results/generation_results_8b_single_v6.jsonl
2025-05-22 21:00:58,720 - INFO - Reading line 561 from test data...
2025-05-22 21:00:58,720 - INFO - Added prompt from line 561 to batch.
2025-05-22 21:00:58,720 - INFO - Reading line 562 from test data...
2025-05-22 21:00:58,720 - INFO - Added prompt from line 562 to batch.
2025-05-22 21:00:58,720 - INFO - Reading line 563 from test data...
2025-05-22 21:00:58,720 - INFO - Added prompt from line 563 to batch.
2025-05-22 21:00:58,720 - INFO - Reading line 564 from test data...
2025-05-22 21:00:58,720 - INFO - Added prompt from line 564 to batch.
2025-05-22 21:00:58,720 - INFO - Reading line 565 from test data...
2025-05-22 21:00:58,720 - INFO - Added prompt from line 565 to batch.
2025-05-22 21:00:58,720 - INFO - Reading line 566 from test data...
2025-05-22 21:00:58,720 - INFO - Added prompt from line 566 to batch.
2025-05-22 21:00:58,720 - INFO - Reading line 567 from test data...
2025-05-22 21:00:58,720 - INFO - Added prompt from line 567 to batch.
2025-05-22 21:00:58,720 - INFO - Reading line 568 from test data...
2025-05-22 21:00:58,721 - INFO - Added prompt from line 568 to batch.
2025-05-22 21:00:58,721 - INFO - Processing batch of 8 prompts (up to line 568)...
2025-05-22 21:00:58,721 - INFO - Generating responses for batch of 8 prompts. System prompt: 'You are a helpful assistant.'
2025-05-22 21:00:58,721 - INFO - First formatted prompt for tokenizer (first 100 chars): '<|begin_of_text|><|start_header_id|>system<|end_header_id|>

Cutting Knowledge Date: December 2023
T...'
2025-05-22 21:00:58,721 - INFO - Input device: cuda:0, preparing to move inputs to device.
2025-05-22 21:00:58,723 - INFO - Batch of inputs tokenized, padded, truncated, and moved to model device.
2025-05-22 21:00:58,723 - INFO - Starting batched model.generate()...
Setting `pad_token_id` to `eos_token_id`:128001 for open-end generation.
2025-05-22 21:01:19,399 - INFO - Batched model.generate() completed.
2025-05-22 21:01:19,399 - INFO - Decoding batch of responses by stripping input tokens...
2025-05-22 21:01:19,401 - INFO - Input tokens stripped from responses.
2025-05-22 21:01:19,401 - INFO - Batch of responses generated.
2025-05-22 21:01:19,403 - INFO - Appended 8 results from batch to /scratch-shared/mschaffelder/Data/exp_1/results/generation_results_8b_single_v6.jsonl
2025-05-22 21:01:19,403 - INFO - Reading line 569 from test data...
2025-05-22 21:01:19,403 - INFO - Added prompt from line 569 to batch.
2025-05-22 21:01:19,403 - INFO - Reading line 570 from test data...
2025-05-22 21:01:19,403 - INFO - Added prompt from line 570 to batch.
2025-05-22 21:01:19,403 - INFO - Reading line 571 from test data...
2025-05-22 21:01:19,403 - INFO - Added prompt from line 571 to batch.
2025-05-22 21:01:19,403 - INFO - Reading line 572 from test data...
2025-05-22 21:01:19,403 - INFO - Added prompt from line 572 to batch.
2025-05-22 21:01:19,403 - INFO - Reading line 573 from test data...
2025-05-22 21:01:19,403 - INFO - Added prompt from line 573 to batch.
2025-05-22 21:01:19,403 - INFO - Reading line 574 from test data...
2025-05-22 21:01:19,403 - INFO - Added prompt from line 574 to batch.
2025-05-22 21:01:19,403 - INFO - Reading line 575 from test data...
2025-05-22 21:01:19,403 - INFO - Added prompt from line 575 to batch.
2025-05-22 21:01:19,403 - INFO - Reading line 576 from test data...
2025-05-22 21:01:19,403 - INFO - Added prompt from line 576 to batch.
2025-05-22 21:01:19,403 - INFO - Processing batch of 8 prompts (up to line 576)...
2025-05-22 21:01:19,605 - INFO - Generating responses for batch of 8 prompts. System prompt: 'You are a helpful assistant.'
2025-05-22 21:01:19,606 - INFO - First formatted prompt for tokenizer (first 100 chars): '<|begin_of_text|><|start_header_id|>system<|end_header_id|>

Cutting Knowledge Date: December 2023
T...'
2025-05-22 21:01:19,606 - INFO - Input device: cuda:0, preparing to move inputs to device.
2025-05-22 21:01:19,608 - INFO - Batch of inputs tokenized, padded, truncated, and moved to model device.
2025-05-22 21:01:19,608 - INFO - Starting batched model.generate()...
Setting `pad_token_id` to `eos_token_id`:128001 for open-end generation.
2025-05-22 21:01:40,764 - INFO - Batched model.generate() completed.
2025-05-22 21:01:40,765 - INFO - Decoding batch of responses by stripping input tokens...
2025-05-22 21:01:40,767 - INFO - Input tokens stripped from responses.
2025-05-22 21:01:40,768 - INFO - Batch of responses generated.
2025-05-22 21:01:40,769 - INFO - Appended 8 results from batch to /scratch-shared/mschaffelder/Data/exp_1/results/generation_results_8b_single_v6.jsonl
2025-05-22 21:01:40,769 - INFO - Reading line 577 from test data...
2025-05-22 21:01:40,769 - INFO - Added prompt from line 577 to batch.
2025-05-22 21:01:40,769 - INFO - Reading line 578 from test data...
2025-05-22 21:01:40,769 - INFO - Added prompt from line 578 to batch.
2025-05-22 21:01:40,769 - INFO - Reading line 579 from test data...
2025-05-22 21:01:40,769 - INFO - Added prompt from line 579 to batch.
2025-05-22 21:01:40,769 - INFO - Reading line 580 from test data...
2025-05-22 21:01:40,769 - INFO - Added prompt from line 580 to batch.
2025-05-22 21:01:40,769 - INFO - Reading line 581 from test data...
2025-05-22 21:01:40,769 - INFO - Added prompt from line 581 to batch.
2025-05-22 21:01:40,769 - INFO - Reading line 582 from test data...
2025-05-22 21:01:40,769 - INFO - Added prompt from line 582 to batch.
2025-05-22 21:01:40,770 - INFO - Reading line 583 from test data...
2025-05-22 21:01:40,770 - INFO - Added prompt from line 583 to batch.
2025-05-22 21:01:40,770 - INFO - Reading line 584 from test data...
2025-05-22 21:01:40,770 - INFO - Added prompt from line 584 to batch.
2025-05-22 21:01:40,770 - INFO - Processing batch of 8 prompts (up to line 584)...
2025-05-22 21:01:40,770 - INFO - Generating responses for batch of 8 prompts. System prompt: 'You are a helpful assistant.'
2025-05-22 21:01:40,770 - INFO - First formatted prompt for tokenizer (first 100 chars): '<|begin_of_text|><|start_header_id|>system<|end_header_id|>

Cutting Knowledge Date: December 2023
T...'
2025-05-22 21:01:40,770 - INFO - Input device: cuda:0, preparing to move inputs to device.
2025-05-22 21:01:40,777 - INFO - Batch of inputs tokenized, padded, truncated, and moved to model device.
2025-05-22 21:01:40,777 - INFO - Starting batched model.generate()...
Setting `pad_token_id` to `eos_token_id`:128001 for open-end generation.
2025-05-22 21:01:58,443 - INFO - Batched model.generate() completed.
2025-05-22 21:01:58,443 - INFO - Decoding batch of responses by stripping input tokens...
2025-05-22 21:01:58,445 - INFO - Input tokens stripped from responses.
2025-05-22 21:01:58,445 - INFO - Batch of responses generated.
2025-05-22 21:01:58,447 - INFO - Appended 8 results from batch to /scratch-shared/mschaffelder/Data/exp_1/results/generation_results_8b_single_v6.jsonl
2025-05-22 21:01:58,447 - INFO - Reading line 585 from test data...
2025-05-22 21:01:58,447 - INFO - Added prompt from line 585 to batch.
2025-05-22 21:01:58,447 - INFO - Reading line 586 from test data...
2025-05-22 21:01:58,447 - INFO - Added prompt from line 586 to batch.
2025-05-22 21:01:58,447 - INFO - Reading line 587 from test data...
2025-05-22 21:01:58,447 - INFO - Added prompt from line 587 to batch.
2025-05-22 21:01:58,447 - INFO - Reading line 588 from test data...
2025-05-22 21:01:58,447 - INFO - Added prompt from line 588 to batch.
2025-05-22 21:01:58,447 - INFO - Reading line 589 from test data...
2025-05-22 21:01:58,447 - INFO - Added prompt from line 589 to batch.
2025-05-22 21:01:58,533 - INFO - Reading line 590 from test data...
2025-05-22 21:01:58,533 - INFO - Added prompt from line 590 to batch.
2025-05-22 21:01:58,533 - INFO - Reading line 591 from test data...
2025-05-22 21:01:58,533 - INFO - Added prompt from line 591 to batch.
2025-05-22 21:01:58,533 - INFO - Reading line 592 from test data...
2025-05-22 21:01:58,533 - INFO - Added prompt from line 592 to batch.
2025-05-22 21:01:58,533 - INFO - Processing batch of 8 prompts (up to line 592)...
2025-05-22 21:01:58,533 - INFO - Generating responses for batch of 8 prompts. System prompt: 'You are a helpful assistant.'
2025-05-22 21:01:58,533 - INFO - First formatted prompt for tokenizer (first 100 chars): '<|begin_of_text|><|start_header_id|>system<|end_header_id|>

Cutting Knowledge Date: December 2023
T...'
2025-05-22 21:01:58,534 - INFO - Input device: cuda:0, preparing to move inputs to device.
2025-05-22 21:01:58,535 - INFO - Batch of inputs tokenized, padded, truncated, and moved to model device.
2025-05-22 21:01:58,535 - INFO - Starting batched model.generate()...
Setting `pad_token_id` to `eos_token_id`:128001 for open-end generation.
2025-05-22 21:02:18,341 - INFO - Batched model.generate() completed.
2025-05-22 21:02:18,341 - INFO - Decoding batch of responses by stripping input tokens...
2025-05-22 21:02:18,343 - INFO - Input tokens stripped from responses.
2025-05-22 21:02:18,343 - INFO - Batch of responses generated.
2025-05-22 21:02:18,344 - INFO - Appended 8 results from batch to /scratch-shared/mschaffelder/Data/exp_1/results/generation_results_8b_single_v6.jsonl
2025-05-22 21:02:18,344 - INFO - Reading line 593 from test data...
2025-05-22 21:02:18,344 - INFO - Added prompt from line 593 to batch.
2025-05-22 21:02:18,344 - INFO - Reading line 594 from test data...
2025-05-22 21:02:18,345 - INFO - Added prompt from line 594 to batch.
2025-05-22 21:02:18,345 - INFO - Reading line 595 from test data...
2025-05-22 21:02:18,345 - INFO - Added prompt from line 595 to batch.
2025-05-22 21:02:18,345 - INFO - Reading line 596 from test data...
2025-05-22 21:02:18,345 - INFO - Added prompt from line 596 to batch.
2025-05-22 21:02:18,345 - INFO - Reading line 597 from test data...
2025-05-22 21:02:18,345 - INFO - Added prompt from line 597 to batch.
2025-05-22 21:02:18,345 - INFO - Reading line 598 from test data...
2025-05-22 21:02:18,345 - INFO - Added prompt from line 598 to batch.
2025-05-22 21:02:18,345 - INFO - Reading line 599 from test data...
2025-05-22 21:02:18,345 - INFO - Added prompt from line 599 to batch.
2025-05-22 21:02:18,345 - INFO - Reading line 600 from test data...
2025-05-22 21:02:18,345 - INFO - Added prompt from line 600 to batch.
2025-05-22 21:02:18,345 - INFO - Processing batch of 8 prompts (up to line 600)...
2025-05-22 21:02:18,345 - INFO - Generating responses for batch of 8 prompts. System prompt: 'You are a helpful assistant.'
2025-05-22 21:02:18,345 - INFO - First formatted prompt for tokenizer (first 100 chars): '<|begin_of_text|><|start_header_id|>system<|end_header_id|>

Cutting Knowledge Date: December 2023
T...'
2025-05-22 21:02:18,345 - INFO - Input device: cuda:0, preparing to move inputs to device.
2025-05-22 21:02:18,348 - INFO - Batch of inputs tokenized, padded, truncated, and moved to model device.
2025-05-22 21:02:18,348 - INFO - Starting batched model.generate()...
Setting `pad_token_id` to `eos_token_id`:128001 for open-end generation.
2025-05-22 21:02:40,331 - INFO - Batched model.generate() completed.
2025-05-22 21:02:40,331 - INFO - Decoding batch of responses by stripping input tokens...
2025-05-22 21:02:40,333 - INFO - Input tokens stripped from responses.
2025-05-22 21:02:40,334 - INFO - Batch of responses generated.
2025-05-22 21:02:40,335 - INFO - Appended 8 results from batch to /scratch-shared/mschaffelder/Data/exp_1/results/generation_results_8b_single_v6.jsonl
2025-05-22 21:02:40,335 - INFO - Reading line 601 from test data...
2025-05-22 21:02:40,335 - INFO - Added prompt from line 601 to batch.
2025-05-22 21:02:40,335 - INFO - Reading line 602 from test data...
2025-05-22 21:02:40,443 - INFO - Added prompt from line 602 to batch.
2025-05-22 21:02:40,443 - INFO - Reading line 603 from test data...
2025-05-22 21:02:40,443 - INFO - Added prompt from line 603 to batch.
2025-05-22 21:02:40,443 - INFO - Reading line 604 from test data...
2025-05-22 21:02:40,443 - INFO - Added prompt from line 604 to batch.
2025-05-22 21:02:40,443 - INFO - Reading line 605 from test data...
2025-05-22 21:02:40,443 - INFO - Added prompt from line 605 to batch.
2025-05-22 21:02:40,443 - INFO - Reading line 606 from test data...
2025-05-22 21:02:40,443 - INFO - Added prompt from line 606 to batch.
2025-05-22 21:02:40,443 - INFO - Reading line 607 from test data...
2025-05-22 21:02:40,443 - INFO - Added prompt from line 607 to batch.
2025-05-22 21:02:40,443 - INFO - Reading line 608 from test data...
2025-05-22 21:02:40,443 - INFO - Added prompt from line 608 to batch.
2025-05-22 21:02:40,443 - INFO - Processing batch of 8 prompts (up to line 608)...
2025-05-22 21:02:40,443 - INFO - Generating responses for batch of 8 prompts. System prompt: 'You are a helpful assistant.'
2025-05-22 21:02:40,444 - INFO - First formatted prompt for tokenizer (first 100 chars): '<|begin_of_text|><|start_header_id|>system<|end_header_id|>

Cutting Knowledge Date: December 2023
T...'
2025-05-22 21:02:40,444 - INFO - Input device: cuda:0, preparing to move inputs to device.
2025-05-22 21:02:40,447 - INFO - Batch of inputs tokenized, padded, truncated, and moved to model device.
2025-05-22 21:02:40,447 - INFO - Starting batched model.generate()...
Setting `pad_token_id` to `eos_token_id`:128001 for open-end generation.
2025-05-22 21:03:06,605 - INFO - Batched model.generate() completed.
2025-05-22 21:03:06,605 - INFO - Decoding batch of responses by stripping input tokens...
2025-05-22 21:03:06,607 - INFO - Input tokens stripped from responses.
2025-05-22 21:03:06,607 - INFO - Batch of responses generated.
2025-05-22 21:03:06,609 - INFO - Appended 8 results from batch to /scratch-shared/mschaffelder/Data/exp_1/results/generation_results_8b_single_v6.jsonl
2025-05-22 21:03:06,609 - INFO - Reading line 609 from test data...
2025-05-22 21:03:06,609 - INFO - Added prompt from line 609 to batch.
2025-05-22 21:03:06,609 - INFO - Reading line 610 from test data...
2025-05-22 21:03:06,609 - INFO - Added prompt from line 610 to batch.
2025-05-22 21:03:06,609 - INFO - Reading line 611 from test data...
2025-05-22 21:03:06,609 - INFO - Added prompt from line 611 to batch.
2025-05-22 21:03:06,609 - INFO - Reading line 612 from test data...
2025-05-22 21:03:06,609 - INFO - Added prompt from line 612 to batch.
2025-05-22 21:03:06,609 - INFO - Reading line 613 from test data...
2025-05-22 21:03:06,609 - INFO - Added prompt from line 613 to batch.
2025-05-22 21:03:06,609 - INFO - Reading line 614 from test data...
2025-05-22 21:03:06,609 - INFO - Added prompt from line 614 to batch.
2025-05-22 21:03:06,609 - INFO - Reading line 615 from test data...
2025-05-22 21:03:06,609 - INFO - Added prompt from line 615 to batch.
2025-05-22 21:03:06,609 - INFO - Reading line 616 from test data...
2025-05-22 21:03:06,609 - INFO - Added prompt from line 616 to batch.
2025-05-22 21:03:06,609 - INFO - Processing batch of 8 prompts (up to line 616)...
2025-05-22 21:03:06,609 - INFO - Generating responses for batch of 8 prompts. System prompt: 'You are a helpful assistant.'
2025-05-22 21:03:06,610 - INFO - First formatted prompt for tokenizer (first 100 chars): '<|begin_of_text|><|start_header_id|>system<|end_header_id|>

Cutting Knowledge Date: December 2023
T...'
2025-05-22 21:03:06,610 - INFO - Input device: cuda:0, preparing to move inputs to device.
2025-05-22 21:03:06,613 - INFO - Batch of inputs tokenized, padded, truncated, and moved to model device.
2025-05-22 21:03:06,613 - INFO - Starting batched model.generate()...
Setting `pad_token_id` to `eos_token_id`:128001 for open-end generation.
2025-05-22 21:03:30,111 - INFO - Batched model.generate() completed.
2025-05-22 21:03:30,111 - INFO - Decoding batch of responses by stripping input tokens...
2025-05-22 21:03:30,238 - INFO - Input tokens stripped from responses.
2025-05-22 21:03:30,238 - INFO - Batch of responses generated.
2025-05-22 21:03:30,239 - INFO - Appended 8 results from batch to /scratch-shared/mschaffelder/Data/exp_1/results/generation_results_8b_single_v6.jsonl
2025-05-22 21:03:30,239 - INFO - Reading line 617 from test data...
2025-05-22 21:03:30,239 - INFO - Added prompt from line 617 to batch.
2025-05-22 21:03:30,240 - INFO - Reading line 618 from test data...
2025-05-22 21:03:30,240 - INFO - Added prompt from line 618 to batch.
2025-05-22 21:03:30,240 - INFO - Reading line 619 from test data...
2025-05-22 21:03:30,240 - INFO - Added prompt from line 619 to batch.
2025-05-22 21:03:30,240 - INFO - Reading line 620 from test data...
2025-05-22 21:03:30,240 - INFO - Added prompt from line 620 to batch.
2025-05-22 21:03:30,240 - INFO - Reading line 621 from test data...
2025-05-22 21:03:30,240 - INFO - Added prompt from line 621 to batch.
2025-05-22 21:03:30,240 - INFO - Reading line 622 from test data...
2025-05-22 21:03:30,240 - INFO - Added prompt from line 622 to batch.
2025-05-22 21:03:30,240 - INFO - Reading line 623 from test data...
2025-05-22 21:03:30,240 - INFO - Added prompt from line 623 to batch.
2025-05-22 21:03:30,240 - INFO - Reading line 624 from test data...
2025-05-22 21:03:30,240 - INFO - Added prompt from line 624 to batch.
2025-05-22 21:03:30,240 - INFO - Processing batch of 8 prompts (up to line 624)...
2025-05-22 21:03:30,240 - INFO - Generating responses for batch of 8 prompts. System prompt: 'You are a helpful assistant.'
2025-05-22 21:03:30,240 - INFO - First formatted prompt for tokenizer (first 100 chars): '<|begin_of_text|><|start_header_id|>system<|end_header_id|>

Cutting Knowledge Date: December 2023
T...'
2025-05-22 21:03:30,240 - INFO - Input device: cuda:0, preparing to move inputs to device.
2025-05-22 21:03:30,242 - INFO - Batch of inputs tokenized, padded, truncated, and moved to model device.
2025-05-22 21:03:30,242 - INFO - Starting batched model.generate()...
Setting `pad_token_id` to `eos_token_id`:128001 for open-end generation.
2025-05-22 21:03:53,451 - INFO - Batched model.generate() completed.
2025-05-22 21:03:53,615 - INFO - Decoding batch of responses by stripping input tokens...
2025-05-22 21:03:53,618 - INFO - Input tokens stripped from responses.
2025-05-22 21:03:53,619 - INFO - Batch of responses generated.
2025-05-22 21:03:54,088 - INFO - Appended 8 results from batch to /scratch-shared/mschaffelder/Data/exp_1/results/generation_results_8b_single_v6.jsonl
2025-05-22 21:03:54,226 - INFO - Reading line 625 from test data...
2025-05-22 21:03:54,226 - INFO - Added prompt from line 625 to batch.
2025-05-22 21:03:54,226 - INFO - Reading line 626 from test data...
2025-05-22 21:03:54,226 - INFO - Added prompt from line 626 to batch.
2025-05-22 21:03:54,226 - INFO - Reading line 627 from test data...
2025-05-22 21:03:54,226 - INFO - Added prompt from line 627 to batch.
2025-05-22 21:03:54,226 - INFO - Reading line 628 from test data...
2025-05-22 21:03:54,226 - INFO - Added prompt from line 628 to batch.
2025-05-22 21:03:54,226 - INFO - Reading line 629 from test data...
2025-05-22 21:03:54,226 - INFO - Added prompt from line 629 to batch.
2025-05-22 21:03:54,226 - INFO - Reading line 630 from test data...
2025-05-22 21:03:54,226 - INFO - Added prompt from line 630 to batch.
2025-05-22 21:03:54,226 - INFO - Reading line 631 from test data...
2025-05-22 21:03:54,226 - INFO - Added prompt from line 631 to batch.
2025-05-22 21:03:54,226 - INFO - Reading line 632 from test data...
2025-05-22 21:03:54,226 - INFO - Added prompt from line 632 to batch.
2025-05-22 21:03:54,226 - INFO - Processing batch of 8 prompts (up to line 632)...
2025-05-22 21:03:54,227 - INFO - Generating responses for batch of 8 prompts. System prompt: 'You are a helpful assistant.'
2025-05-22 21:03:54,227 - INFO - First formatted prompt for tokenizer (first 100 chars): '<|begin_of_text|><|start_header_id|>system<|end_header_id|>

Cutting Knowledge Date: December 2023
T...'
2025-05-22 21:03:54,227 - INFO - Input device: cuda:0, preparing to move inputs to device.
2025-05-22 21:03:54,478 - INFO - Batch of inputs tokenized, padded, truncated, and moved to model device.
2025-05-22 21:03:54,478 - INFO - Starting batched model.generate()...
Setting `pad_token_id` to `eos_token_id`:128001 for open-end generation.
2025-05-22 21:04:12,620 - INFO - Batched model.generate() completed.
2025-05-22 21:04:12,621 - INFO - Decoding batch of responses by stripping input tokens...
2025-05-22 21:04:12,623 - INFO - Input tokens stripped from responses.
2025-05-22 21:04:12,623 - INFO - Batch of responses generated.
2025-05-22 21:04:12,623 - INFO - Appended 8 results from batch to /scratch-shared/mschaffelder/Data/exp_1/results/generation_results_8b_single_v6.jsonl
2025-05-22 21:04:12,623 - INFO - Reading line 633 from test data...
2025-05-22 21:04:12,623 - INFO - Added prompt from line 633 to batch.
2025-05-22 21:04:12,624 - INFO - Reading line 634 from test data...
2025-05-22 21:04:12,624 - INFO - Added prompt from line 634 to batch.
2025-05-22 21:04:12,624 - INFO - Reading line 635 from test data...
2025-05-22 21:04:12,624 - INFO - Added prompt from line 635 to batch.
2025-05-22 21:04:12,624 - INFO - Reading line 636 from test data...
2025-05-22 21:04:12,624 - INFO - Added prompt from line 636 to batch.
2025-05-22 21:04:12,624 - INFO - Reading line 637 from test data...
2025-05-22 21:04:12,624 - INFO - Added prompt from line 637 to batch.
2025-05-22 21:04:12,624 - INFO - Reading line 638 from test data...
2025-05-22 21:04:12,624 - INFO - Added prompt from line 638 to batch.
2025-05-22 21:04:12,624 - INFO - Reading line 639 from test data...
2025-05-22 21:04:12,624 - INFO - Added prompt from line 639 to batch.
2025-05-22 21:04:12,624 - INFO - Reading line 640 from test data...
2025-05-22 21:04:12,624 - INFO - Added prompt from line 640 to batch.
2025-05-22 21:04:12,624 - INFO - Processing batch of 8 prompts (up to line 640)...
2025-05-22 21:04:12,624 - INFO - Generating responses for batch of 8 prompts. System prompt: 'You are a helpful assistant.'
2025-05-22 21:04:12,624 - INFO - First formatted prompt for tokenizer (first 100 chars): '<|begin_of_text|><|start_header_id|>system<|end_header_id|>

Cutting Knowledge Date: December 2023
T...'
2025-05-22 21:04:12,624 - INFO - Input device: cuda:0, preparing to move inputs to device.
2025-05-22 21:04:12,628 - INFO - Batch of inputs tokenized, padded, truncated, and moved to model device.
2025-05-22 21:04:12,628 - INFO - Starting batched model.generate()...
Setting `pad_token_id` to `eos_token_id`:128001 for open-end generation.
2025-05-22 21:04:34,639 - INFO - Batched model.generate() completed.
2025-05-22 21:04:34,639 - INFO - Decoding batch of responses by stripping input tokens...
2025-05-22 21:04:34,641 - INFO - Input tokens stripped from responses.
2025-05-22 21:04:34,641 - INFO - Batch of responses generated.
2025-05-22 21:04:34,642 - INFO - Appended 8 results from batch to /scratch-shared/mschaffelder/Data/exp_1/results/generation_results_8b_single_v6.jsonl
2025-05-22 21:04:34,642 - INFO - Reading line 641 from test data...
2025-05-22 21:04:34,642 - INFO - Added prompt from line 641 to batch.
2025-05-22 21:04:34,642 - INFO - Reading line 642 from test data...
2025-05-22 21:04:34,643 - INFO - Added prompt from line 642 to batch.
2025-05-22 21:04:34,643 - INFO - Reading line 643 from test data...
2025-05-22 21:04:34,643 - INFO - Added prompt from line 643 to batch.
2025-05-22 21:04:34,643 - INFO - Reading line 644 from test data...
2025-05-22 21:04:34,643 - INFO - Added prompt from line 644 to batch.
2025-05-22 21:04:34,643 - INFO - Reading line 645 from test data...
2025-05-22 21:04:34,643 - INFO - Added prompt from line 645 to batch.
2025-05-22 21:04:34,643 - INFO - Reading line 646 from test data...
2025-05-22 21:04:34,643 - INFO - Added prompt from line 646 to batch.
2025-05-22 21:04:34,643 - INFO - Reading line 647 from test data...
2025-05-22 21:04:34,643 - INFO - Added prompt from line 647 to batch.
2025-05-22 21:04:34,643 - INFO - Reading line 648 from test data...
2025-05-22 21:04:34,876 - INFO - Added prompt from line 648 to batch.
2025-05-22 21:04:34,876 - INFO - Processing batch of 8 prompts (up to line 648)...
2025-05-22 21:04:34,876 - INFO - Generating responses for batch of 8 prompts. System prompt: 'You are a helpful assistant.'
2025-05-22 21:04:34,876 - INFO - First formatted prompt for tokenizer (first 100 chars): '<|begin_of_text|><|start_header_id|>system<|end_header_id|>

Cutting Knowledge Date: December 2023
T...'
2025-05-22 21:04:34,877 - INFO - Input device: cuda:0, preparing to move inputs to device.
2025-05-22 21:04:34,878 - INFO - Batch of inputs tokenized, padded, truncated, and moved to model device.
2025-05-22 21:04:34,879 - INFO - Starting batched model.generate()...
Setting `pad_token_id` to `eos_token_id`:128001 for open-end generation.
2025-05-22 21:04:57,895 - INFO - Batched model.generate() completed.
2025-05-22 21:04:57,895 - INFO - Decoding batch of responses by stripping input tokens...
2025-05-22 21:04:57,897 - INFO - Input tokens stripped from responses.
2025-05-22 21:04:57,898 - INFO - Batch of responses generated.
2025-05-22 21:04:57,899 - INFO - Appended 8 results from batch to /scratch-shared/mschaffelder/Data/exp_1/results/generation_results_8b_single_v6.jsonl
2025-05-22 21:04:57,899 - INFO - Reading line 649 from test data...
2025-05-22 21:04:57,899 - INFO - Added prompt from line 649 to batch.
2025-05-22 21:04:57,899 - INFO - Reading line 650 from test data...
2025-05-22 21:04:57,899 - INFO - Added prompt from line 650 to batch.
2025-05-22 21:04:57,899 - INFO - Reading line 651 from test data...
2025-05-22 21:04:57,899 - INFO - Added prompt from line 651 to batch.
2025-05-22 21:04:57,899 - INFO - Reading line 652 from test data...
2025-05-22 21:04:57,899 - INFO - Added prompt from line 652 to batch.
2025-05-22 21:04:57,899 - INFO - Reading line 653 from test data...
2025-05-22 21:04:57,899 - INFO - Added prompt from line 653 to batch.
2025-05-22 21:04:57,899 - INFO - Reading line 654 from test data...
2025-05-22 21:04:57,899 - INFO - Added prompt from line 654 to batch.
2025-05-22 21:04:57,899 - INFO - Reading line 655 from test data...
2025-05-22 21:04:57,899 - INFO - Added prompt from line 655 to batch.
2025-05-22 21:04:57,899 - INFO - Reading line 656 from test data...
2025-05-22 21:04:57,899 - INFO - Added prompt from line 656 to batch.
2025-05-22 21:04:57,900 - INFO - Processing batch of 8 prompts (up to line 656)...
2025-05-22 21:04:57,900 - INFO - Generating responses for batch of 8 prompts. System prompt: 'You are a helpful assistant.'
2025-05-22 21:04:57,900 - INFO - First formatted prompt for tokenizer (first 100 chars): '<|begin_of_text|><|start_header_id|>system<|end_header_id|>

Cutting Knowledge Date: December 2023
T...'
2025-05-22 21:04:57,900 - INFO - Input device: cuda:0, preparing to move inputs to device.
2025-05-22 21:04:57,901 - INFO - Batch of inputs tokenized, padded, truncated, and moved to model device.
2025-05-22 21:04:57,902 - INFO - Starting batched model.generate()...
Setting `pad_token_id` to `eos_token_id`:128001 for open-end generation.
2025-05-22 21:05:15,754 - INFO - Batched model.generate() completed.
2025-05-22 21:05:15,755 - INFO - Decoding batch of responses by stripping input tokens...
2025-05-22 21:05:15,756 - INFO - Input tokens stripped from responses.
2025-05-22 21:05:15,757 - INFO - Batch of responses generated.
2025-05-22 21:05:15,758 - INFO - Appended 8 results from batch to /scratch-shared/mschaffelder/Data/exp_1/results/generation_results_8b_single_v6.jsonl
2025-05-22 21:05:15,758 - INFO - Reading line 657 from test data...
2025-05-22 21:05:15,758 - INFO - Added prompt from line 657 to batch.
2025-05-22 21:05:15,758 - INFO - Reading line 658 from test data...
2025-05-22 21:05:15,758 - INFO - Added prompt from line 658 to batch.
2025-05-22 21:05:15,758 - INFO - Reading line 659 from test data...
2025-05-22 21:05:15,758 - INFO - Added prompt from line 659 to batch.
2025-05-22 21:05:15,758 - INFO - Reading line 660 from test data...
2025-05-22 21:05:15,758 - INFO - Added prompt from line 660 to batch.
2025-05-22 21:05:16,128 - INFO - Reading line 661 from test data...
2025-05-22 21:05:16,128 - INFO - Added prompt from line 661 to batch.
2025-05-22 21:05:16,128 - INFO - Reading line 662 from test data...
2025-05-22 21:05:16,128 - INFO - Added prompt from line 662 to batch.
2025-05-22 21:05:16,128 - INFO - Reading line 663 from test data...
2025-05-22 21:05:16,128 - INFO - Added prompt from line 663 to batch.
2025-05-22 21:05:16,128 - INFO - Reading line 664 from test data...
2025-05-22 21:05:16,128 - INFO - Added prompt from line 664 to batch.
2025-05-22 21:05:16,128 - INFO - Processing batch of 8 prompts (up to line 664)...
2025-05-22 21:05:16,128 - INFO - Generating responses for batch of 8 prompts. System prompt: 'You are a helpful assistant.'
2025-05-22 21:05:16,129 - INFO - First formatted prompt for tokenizer (first 100 chars): '<|begin_of_text|><|start_header_id|>system<|end_header_id|>

Cutting Knowledge Date: December 2023
T...'
2025-05-22 21:05:16,129 - INFO - Input device: cuda:0, preparing to move inputs to device.
2025-05-22 21:05:16,131 - INFO - Batch of inputs tokenized, padded, truncated, and moved to model device.
2025-05-22 21:05:16,131 - INFO - Starting batched model.generate()...
Setting `pad_token_id` to `eos_token_id`:128001 for open-end generation.
2025-05-22 21:05:35,594 - INFO - Batched model.generate() completed.
2025-05-22 21:05:35,594 - INFO - Decoding batch of responses by stripping input tokens...
2025-05-22 21:05:35,596 - INFO - Input tokens stripped from responses.
2025-05-22 21:05:35,596 - INFO - Batch of responses generated.
2025-05-22 21:05:35,597 - INFO - Appended 8 results from batch to /scratch-shared/mschaffelder/Data/exp_1/results/generation_results_8b_single_v6.jsonl
2025-05-22 21:05:35,597 - INFO - Reading line 665 from test data...
2025-05-22 21:05:35,597 - INFO - Added prompt from line 665 to batch.
2025-05-22 21:05:35,597 - INFO - Reading line 666 from test data...
2025-05-22 21:05:35,597 - INFO - Added prompt from line 666 to batch.
2025-05-22 21:05:35,597 - INFO - Reading line 667 from test data...
2025-05-22 21:05:35,597 - INFO - Added prompt from line 667 to batch.
2025-05-22 21:05:35,598 - INFO - Reading line 668 from test data...
2025-05-22 21:05:35,598 - INFO - Added prompt from line 668 to batch.
2025-05-22 21:05:35,598 - INFO - Reading line 669 from test data...
2025-05-22 21:05:35,598 - INFO - Added prompt from line 669 to batch.
2025-05-22 21:05:35,598 - INFO - Reading line 670 from test data...
2025-05-22 21:05:35,598 - INFO - Added prompt from line 670 to batch.
2025-05-22 21:05:35,598 - INFO - Reading line 671 from test data...
2025-05-22 21:05:35,598 - INFO - Added prompt from line 671 to batch.
2025-05-22 21:05:35,598 - INFO - Reading line 672 from test data...
2025-05-22 21:05:35,598 - INFO - Added prompt from line 672 to batch.
2025-05-22 21:05:35,598 - INFO - Processing batch of 8 prompts (up to line 672)...
2025-05-22 21:05:35,598 - INFO - Generating responses for batch of 8 prompts. System prompt: 'You are a helpful assistant.'
2025-05-22 21:05:35,598 - INFO - First formatted prompt for tokenizer (first 100 chars): '<|begin_of_text|><|start_header_id|>system<|end_header_id|>

Cutting Knowledge Date: December 2023
T...'
2025-05-22 21:05:35,598 - INFO - Input device: cuda:0, preparing to move inputs to device.
2025-05-22 21:05:35,601 - INFO - Batch of inputs tokenized, padded, truncated, and moved to model device.
2025-05-22 21:05:35,601 - INFO - Starting batched model.generate()...
Setting `pad_token_id` to `eos_token_id`:128001 for open-end generation.
2025-05-22 21:05:53,929 - INFO - Batched model.generate() completed.
2025-05-22 21:05:53,929 - INFO - Decoding batch of responses by stripping input tokens...
2025-05-22 21:05:53,931 - INFO - Input tokens stripped from responses.
2025-05-22 21:05:53,932 - INFO - Batch of responses generated.
2025-05-22 21:05:53,933 - INFO - Appended 8 results from batch to /scratch-shared/mschaffelder/Data/exp_1/results/generation_results_8b_single_v6.jsonl
2025-05-22 21:05:53,933 - INFO - Reading line 673 from test data...
2025-05-22 21:05:54,231 - INFO - Added prompt from line 673 to batch.
2025-05-22 21:05:54,231 - INFO - Reading line 674 from test data...
2025-05-22 21:05:54,231 - INFO - Added prompt from line 674 to batch.
2025-05-22 21:05:54,231 - INFO - Reading line 675 from test data...
2025-05-22 21:05:54,231 - INFO - Added prompt from line 675 to batch.
2025-05-22 21:05:54,231 - INFO - Reading line 676 from test data...
2025-05-22 21:05:54,231 - INFO - Added prompt from line 676 to batch.
2025-05-22 21:05:54,231 - INFO - Reading line 677 from test data...
2025-05-22 21:05:54,231 - INFO - Added prompt from line 677 to batch.
2025-05-22 21:05:54,231 - INFO - Reading line 678 from test data...
2025-05-22 21:05:54,231 - INFO - Added prompt from line 678 to batch.
2025-05-22 21:05:54,231 - INFO - Reading line 679 from test data...
2025-05-22 21:05:54,231 - INFO - Added prompt from line 679 to batch.
2025-05-22 21:05:54,231 - INFO - Reading line 680 from test data...
2025-05-22 21:05:54,231 - INFO - Added prompt from line 680 to batch.
2025-05-22 21:05:54,231 - INFO - Processing batch of 8 prompts (up to line 680)...
2025-05-22 21:05:54,231 - INFO - Generating responses for batch of 8 prompts. System prompt: 'You are a helpful assistant.'
2025-05-22 21:05:54,232 - INFO - First formatted prompt for tokenizer (first 100 chars): '<|begin_of_text|><|start_header_id|>system<|end_header_id|>

Cutting Knowledge Date: December 2023
T...'
2025-05-22 21:05:54,232 - INFO - Input device: cuda:0, preparing to move inputs to device.
2025-05-22 21:05:54,235 - INFO - Batch of inputs tokenized, padded, truncated, and moved to model device.
2025-05-22 21:05:54,235 - INFO - Starting batched model.generate()...
Setting `pad_token_id` to `eos_token_id`:128001 for open-end generation.
2025-05-22 21:06:07,765 - INFO - Batched model.generate() completed.
2025-05-22 21:06:07,765 - INFO - Decoding batch of responses by stripping input tokens...
2025-05-22 21:06:07,767 - INFO - Input tokens stripped from responses.
2025-05-22 21:06:07,767 - INFO - Batch of responses generated.
2025-05-22 21:06:07,768 - INFO - Appended 8 results from batch to /scratch-shared/mschaffelder/Data/exp_1/results/generation_results_8b_single_v6.jsonl
2025-05-22 21:06:07,768 - INFO - Reading line 681 from test data...
2025-05-22 21:06:07,768 - INFO - Added prompt from line 681 to batch.
2025-05-22 21:06:07,768 - INFO - Reading line 682 from test data...
2025-05-22 21:06:07,768 - INFO - Added prompt from line 682 to batch.
2025-05-22 21:06:07,768 - INFO - Reading line 683 from test data...
2025-05-22 21:06:07,768 - INFO - Added prompt from line 683 to batch.
2025-05-22 21:06:07,768 - INFO - Reading line 684 from test data...
2025-05-22 21:06:07,768 - INFO - Added prompt from line 684 to batch.
2025-05-22 21:06:07,768 - INFO - Reading line 685 from test data...
2025-05-22 21:06:07,768 - INFO - Added prompt from line 685 to batch.
2025-05-22 21:06:07,768 - INFO - Reading line 686 from test data...
2025-05-22 21:06:07,768 - INFO - Added prompt from line 686 to batch.
2025-05-22 21:06:07,768 - INFO - Reading line 687 from test data...
2025-05-22 21:06:07,768 - INFO - Added prompt from line 687 to batch.
2025-05-22 21:06:07,768 - INFO - Reading line 688 from test data...
2025-05-22 21:06:07,768 - INFO - Added prompt from line 688 to batch.
2025-05-22 21:06:07,768 - INFO - Processing batch of 8 prompts (up to line 688)...
2025-05-22 21:06:07,769 - INFO - Generating responses for batch of 8 prompts. System prompt: 'You are a helpful assistant.'
2025-05-22 21:06:07,769 - INFO - First formatted prompt for tokenizer (first 100 chars): '<|begin_of_text|><|start_header_id|>system<|end_header_id|>

Cutting Knowledge Date: December 2023
T...'
2025-05-22 21:06:07,769 - INFO - Input device: cuda:0, preparing to move inputs to device.
2025-05-22 21:06:07,771 - INFO - Batch of inputs tokenized, padded, truncated, and moved to model device.
2025-05-22 21:06:07,771 - INFO - Starting batched model.generate()...
Setting `pad_token_id` to `eos_token_id`:128001 for open-end generation.
2025-05-22 21:06:30,911 - INFO - Batched model.generate() completed.
2025-05-22 21:06:30,912 - INFO - Decoding batch of responses by stripping input tokens...
2025-05-22 21:06:30,914 - INFO - Input tokens stripped from responses.
2025-05-22 21:06:30,914 - INFO - Batch of responses generated.
2025-05-22 21:06:30,915 - INFO - Appended 8 results from batch to /scratch-shared/mschaffelder/Data/exp_1/results/generation_results_8b_single_v6.jsonl
2025-05-22 21:06:30,915 - INFO - Reading line 689 from test data...
2025-05-22 21:06:30,915 - INFO - Added prompt from line 689 to batch.
2025-05-22 21:06:30,915 - INFO - Reading line 690 from test data...
2025-05-22 21:06:30,915 - INFO - Added prompt from line 690 to batch.
2025-05-22 21:06:30,915 - INFO - Reading line 691 from test data...
2025-05-22 21:06:30,915 - INFO - Added prompt from line 691 to batch.
2025-05-22 21:06:30,915 - INFO - Reading line 692 from test data...
2025-05-22 21:06:30,915 - INFO - Added prompt from line 692 to batch.
2025-05-22 21:06:30,915 - INFO - Reading line 693 from test data...
2025-05-22 21:06:30,915 - INFO - Added prompt from line 693 to batch.
2025-05-22 21:06:30,915 - INFO - Reading line 694 from test data...
2025-05-22 21:06:30,915 - INFO - Added prompt from line 694 to batch.
2025-05-22 21:06:30,915 - INFO - Reading line 695 from test data...
2025-05-22 21:06:30,915 - INFO - Added prompt from line 695 to batch.
2025-05-22 21:06:30,915 - INFO - Reading line 696 from test data...
2025-05-22 21:06:30,915 - INFO - Added prompt from line 696 to batch.
2025-05-22 21:06:30,915 - INFO - Processing batch of 8 prompts (up to line 696)...
2025-05-22 21:06:30,915 - INFO - Generating responses for batch of 8 prompts. System prompt: 'You are a helpful assistant.'
2025-05-22 21:06:30,916 - INFO - First formatted prompt for tokenizer (first 100 chars): '<|begin_of_text|><|start_header_id|>system<|end_header_id|>

Cutting Knowledge Date: December 2023
T...'
2025-05-22 21:06:30,916 - INFO - Input device: cuda:0, preparing to move inputs to device.
2025-05-22 21:06:30,918 - INFO - Batch of inputs tokenized, padded, truncated, and moved to model device.
2025-05-22 21:06:30,918 - INFO - Starting batched model.generate()...
Setting `pad_token_id` to `eos_token_id`:128001 for open-end generation.
2025-05-22 21:06:50,065 - INFO - Batched model.generate() completed.
2025-05-22 21:06:50,065 - INFO - Decoding batch of responses by stripping input tokens...
2025-05-22 21:06:50,067 - INFO - Input tokens stripped from responses.
2025-05-22 21:06:50,068 - INFO - Batch of responses generated.
2025-05-22 21:06:50,069 - INFO - Appended 8 results from batch to /scratch-shared/mschaffelder/Data/exp_1/results/generation_results_8b_single_v6.jsonl
2025-05-22 21:06:50,069 - INFO - Reading line 697 from test data...
2025-05-22 21:06:50,069 - INFO - Added prompt from line 697 to batch.
2025-05-22 21:06:50,069 - INFO - Reading line 698 from test data...
2025-05-22 21:06:50,069 - INFO - Added prompt from line 698 to batch.
2025-05-22 21:06:50,069 - INFO - Reading line 699 from test data...
2025-05-22 21:06:50,069 - INFO - Added prompt from line 699 to batch.
2025-05-22 21:06:50,069 - INFO - Reading line 700 from test data...
2025-05-22 21:06:50,069 - INFO - Added prompt from line 700 to batch.
2025-05-22 21:06:50,069 - INFO - Reading line 701 from test data...
2025-05-22 21:06:50,069 - INFO - Added prompt from line 701 to batch.
2025-05-22 21:06:50,069 - INFO - Reading line 702 from test data...
2025-05-22 21:06:50,069 - INFO - Added prompt from line 702 to batch.
2025-05-22 21:06:50,069 - INFO - Reading line 703 from test data...
2025-05-22 21:06:50,069 - INFO - Added prompt from line 703 to batch.
2025-05-22 21:06:50,070 - INFO - Reading line 704 from test data...
2025-05-22 21:06:50,070 - INFO - Added prompt from line 704 to batch.
2025-05-22 21:06:50,070 - INFO - Processing batch of 8 prompts (up to line 704)...
2025-05-22 21:06:50,070 - INFO - Generating responses for batch of 8 prompts. System prompt: 'You are a helpful assistant.'
2025-05-22 21:06:50,070 - INFO - First formatted prompt for tokenizer (first 100 chars): '<|begin_of_text|><|start_header_id|>system<|end_header_id|>

Cutting Knowledge Date: December 2023
T...'
2025-05-22 21:06:50,180 - INFO - Input device: cuda:0, preparing to move inputs to device.
2025-05-22 21:06:50,183 - INFO - Batch of inputs tokenized, padded, truncated, and moved to model device.
2025-05-22 21:06:50,183 - INFO - Starting batched model.generate()...
Setting `pad_token_id` to `eos_token_id`:128001 for open-end generation.
2025-05-22 21:07:10,856 - INFO - Batched model.generate() completed.
2025-05-22 21:07:10,856 - INFO - Decoding batch of responses by stripping input tokens...
2025-05-22 21:07:10,859 - INFO - Input tokens stripped from responses.
2025-05-22 21:07:10,859 - INFO - Batch of responses generated.
2025-05-22 21:07:10,860 - INFO - Appended 8 results from batch to /scratch-shared/mschaffelder/Data/exp_1/results/generation_results_8b_single_v6.jsonl
2025-05-22 21:07:10,860 - INFO - Reading line 705 from test data...
2025-05-22 21:07:10,860 - INFO - Added prompt from line 705 to batch.
2025-05-22 21:07:10,860 - INFO - Reading line 706 from test data...
2025-05-22 21:07:10,860 - INFO - Added prompt from line 706 to batch.
2025-05-22 21:07:10,860 - INFO - Reading line 707 from test data...
2025-05-22 21:07:10,860 - INFO - Added prompt from line 707 to batch.
2025-05-22 21:07:10,860 - INFO - Reading line 708 from test data...
2025-05-22 21:07:10,860 - INFO - Added prompt from line 708 to batch.
2025-05-22 21:07:10,860 - INFO - Reading line 709 from test data...
2025-05-22 21:07:10,860 - INFO - Added prompt from line 709 to batch.
2025-05-22 21:07:10,861 - INFO - Reading line 710 from test data...
2025-05-22 21:07:10,861 - INFO - Added prompt from line 710 to batch.
2025-05-22 21:07:10,861 - INFO - Reading line 711 from test data...
2025-05-22 21:07:10,861 - INFO - Added prompt from line 711 to batch.
2025-05-22 21:07:10,861 - INFO - Reading line 712 from test data...
2025-05-22 21:07:10,861 - INFO - Added prompt from line 712 to batch.
2025-05-22 21:07:10,861 - INFO - Processing batch of 8 prompts (up to line 712)...
2025-05-22 21:07:10,861 - INFO - Generating responses for batch of 8 prompts. System prompt: 'You are a helpful assistant.'
2025-05-22 21:07:10,861 - INFO - First formatted prompt for tokenizer (first 100 chars): '<|begin_of_text|><|start_header_id|>system<|end_header_id|>

Cutting Knowledge Date: December 2023
T...'
2025-05-22 21:07:10,861 - INFO - Input device: cuda:0, preparing to move inputs to device.
2025-05-22 21:07:10,862 - INFO - Batch of inputs tokenized, padded, truncated, and moved to model device.
2025-05-22 21:07:10,863 - INFO - Starting batched model.generate()...
Setting `pad_token_id` to `eos_token_id`:128001 for open-end generation.
2025-05-22 21:07:33,123 - INFO - Batched model.generate() completed.
2025-05-22 21:07:33,123 - INFO - Decoding batch of responses by stripping input tokens...
2025-05-22 21:07:33,125 - INFO - Input tokens stripped from responses.
2025-05-22 21:07:33,125 - INFO - Batch of responses generated.
2025-05-22 21:07:33,126 - INFO - Appended 8 results from batch to /scratch-shared/mschaffelder/Data/exp_1/results/generation_results_8b_single_v6.jsonl
2025-05-22 21:07:33,127 - INFO - Reading line 713 from test data...
2025-05-22 21:07:33,127 - INFO - Added prompt from line 713 to batch.
2025-05-22 21:07:33,127 - INFO - Reading line 714 from test data...
2025-05-22 21:07:33,127 - INFO - Added prompt from line 714 to batch.
2025-05-22 21:07:33,127 - INFO - Reading line 715 from test data...
2025-05-22 21:07:33,127 - INFO - Added prompt from line 715 to batch.
2025-05-22 21:07:33,127 - INFO - Reading line 716 from test data...
2025-05-22 21:07:33,127 - INFO - Added prompt from line 716 to batch.
2025-05-22 21:07:33,127 - INFO - Reading line 717 from test data...
2025-05-22 21:07:33,127 - INFO - Added prompt from line 717 to batch.
2025-05-22 21:07:33,127 - INFO - Reading line 718 from test data...
2025-05-22 21:07:33,127 - INFO - Added prompt from line 718 to batch.
2025-05-22 21:07:33,127 - INFO - Reading line 719 from test data...
2025-05-22 21:07:33,127 - INFO - Added prompt from line 719 to batch.
2025-05-22 21:07:33,127 - INFO - Reading line 720 from test data...
2025-05-22 21:07:33,127 - INFO - Added prompt from line 720 to batch.
2025-05-22 21:07:33,127 - INFO - Processing batch of 8 prompts (up to line 720)...
2025-05-22 21:07:33,127 - INFO - Generating responses for batch of 8 prompts. System prompt: 'You are a helpful assistant.'
2025-05-22 21:07:33,128 - INFO - First formatted prompt for tokenizer (first 100 chars): '<|begin_of_text|><|start_header_id|>system<|end_header_id|>

Cutting Knowledge Date: December 2023
T...'
2025-05-22 21:07:33,128 - INFO - Input device: cuda:0, preparing to move inputs to device.
2025-05-22 21:07:33,133 - INFO - Batch of inputs tokenized, padded, truncated, and moved to model device.
2025-05-22 21:07:33,133 - INFO - Starting batched model.generate()...
Setting `pad_token_id` to `eos_token_id`:128001 for open-end generation.
2025-05-22 21:07:44,126 - INFO - Batched model.generate() completed.
2025-05-22 21:07:44,127 - INFO - Decoding batch of responses by stripping input tokens...
2025-05-22 21:07:44,128 - INFO - Input tokens stripped from responses.
2025-05-22 21:07:44,129 - INFO - Batch of responses generated.
2025-05-22 21:07:44,130 - INFO - Appended 8 results from batch to /scratch-shared/mschaffelder/Data/exp_1/results/generation_results_8b_single_v6.jsonl
2025-05-22 21:07:44,130 - INFO - Reading line 721 from test data...
2025-05-22 21:07:44,130 - INFO - Added prompt from line 721 to batch.
2025-05-22 21:07:44,130 - INFO - Reading line 722 from test data...
2025-05-22 21:07:44,130 - INFO - Added prompt from line 722 to batch.
2025-05-22 21:07:44,130 - INFO - Reading line 723 from test data...
2025-05-22 21:07:44,130 - INFO - Added prompt from line 723 to batch.
2025-05-22 21:07:44,130 - INFO - Reading line 724 from test data...
2025-05-22 21:07:44,130 - INFO - Added prompt from line 724 to batch.
2025-05-22 21:07:44,130 - INFO - Reading line 725 from test data...
2025-05-22 21:07:44,130 - INFO - Added prompt from line 725 to batch.
2025-05-22 21:07:44,130 - INFO - Reading line 726 from test data...
2025-05-22 21:07:44,130 - INFO - Added prompt from line 726 to batch.
2025-05-22 21:07:44,130 - INFO - Reading line 727 from test data...
2025-05-22 21:07:44,130 - INFO - Added prompt from line 727 to batch.
2025-05-22 21:07:44,130 - INFO - Reading line 728 from test data...
2025-05-22 21:07:44,130 - INFO - Added prompt from line 728 to batch.
2025-05-22 21:07:44,130 - INFO - Processing batch of 8 prompts (up to line 728)...
2025-05-22 21:07:44,130 - INFO - Generating responses for batch of 8 prompts. System prompt: 'You are a helpful assistant.'
2025-05-22 21:07:44,131 - INFO - First formatted prompt for tokenizer (first 100 chars): '<|begin_of_text|><|start_header_id|>system<|end_header_id|>

Cutting Knowledge Date: December 2023
T...'
2025-05-22 21:07:44,131 - INFO - Input device: cuda:0, preparing to move inputs to device.
2025-05-22 21:07:44,134 - INFO - Batch of inputs tokenized, padded, truncated, and moved to model device.
2025-05-22 21:07:44,135 - INFO - Starting batched model.generate()...
Setting `pad_token_id` to `eos_token_id`:128001 for open-end generation.
2025-05-22 21:08:03,448 - INFO - Batched model.generate() completed.
2025-05-22 21:08:03,449 - INFO - Decoding batch of responses by stripping input tokens...
2025-05-22 21:08:03,451 - INFO - Input tokens stripped from responses.
2025-05-22 21:08:03,451 - INFO - Batch of responses generated.
2025-05-22 21:08:03,453 - INFO - Appended 8 results from batch to /scratch-shared/mschaffelder/Data/exp_1/results/generation_results_8b_single_v6.jsonl
2025-05-22 21:08:03,453 - INFO - Reading line 729 from test data...
2025-05-22 21:08:03,453 - INFO - Added prompt from line 729 to batch.
2025-05-22 21:08:03,453 - INFO - Reading line 730 from test data...
2025-05-22 21:08:03,453 - INFO - Added prompt from line 730 to batch.
2025-05-22 21:08:03,453 - INFO - Reading line 731 from test data...
2025-05-22 21:08:03,453 - INFO - Added prompt from line 731 to batch.
2025-05-22 21:08:03,611 - INFO - Reading line 732 from test data...
2025-05-22 21:08:03,611 - INFO - Added prompt from line 732 to batch.
2025-05-22 21:08:03,611 - INFO - Reading line 733 from test data...
2025-05-22 21:08:03,611 - INFO - Added prompt from line 733 to batch.
2025-05-22 21:08:03,611 - INFO - Reading line 734 from test data...
2025-05-22 21:08:03,611 - INFO - Added prompt from line 734 to batch.
2025-05-22 21:08:03,611 - INFO - Reading line 735 from test data...
2025-05-22 21:08:03,611 - INFO - Added prompt from line 735 to batch.
2025-05-22 21:08:03,611 - INFO - Reading line 736 from test data...
2025-05-22 21:08:03,611 - INFO - Added prompt from line 736 to batch.
2025-05-22 21:08:03,611 - INFO - Processing batch of 8 prompts (up to line 736)...
2025-05-22 21:08:03,611 - INFO - Generating responses for batch of 8 prompts. System prompt: 'You are a helpful assistant.'
2025-05-22 21:08:03,612 - INFO - First formatted prompt for tokenizer (first 100 chars): '<|begin_of_text|><|start_header_id|>system<|end_header_id|>

Cutting Knowledge Date: December 2023
T...'
2025-05-22 21:08:03,612 - INFO - Input device: cuda:0, preparing to move inputs to device.
2025-05-22 21:08:03,614 - INFO - Batch of inputs tokenized, padded, truncated, and moved to model device.
2025-05-22 21:08:03,614 - INFO - Starting batched model.generate()...
Setting `pad_token_id` to `eos_token_id`:128001 for open-end generation.
2025-05-22 21:08:23,782 - INFO - Batched model.generate() completed.
2025-05-22 21:08:23,782 - INFO - Decoding batch of responses by stripping input tokens...
2025-05-22 21:08:23,785 - INFO - Input tokens stripped from responses.
2025-05-22 21:08:23,785 - INFO - Batch of responses generated.
2025-05-22 21:08:23,786 - INFO - Appended 8 results from batch to /scratch-shared/mschaffelder/Data/exp_1/results/generation_results_8b_single_v6.jsonl
2025-05-22 21:08:23,786 - INFO - Reading line 737 from test data...
2025-05-22 21:08:23,786 - INFO - Added prompt from line 737 to batch.
2025-05-22 21:08:23,786 - INFO - Reading line 738 from test data...
2025-05-22 21:08:23,786 - INFO - Added prompt from line 738 to batch.
2025-05-22 21:08:23,786 - INFO - Reading line 739 from test data...
2025-05-22 21:08:23,786 - INFO - Added prompt from line 739 to batch.
2025-05-22 21:08:23,786 - INFO - Reading line 740 from test data...
2025-05-22 21:08:23,786 - INFO - Added prompt from line 740 to batch.
2025-05-22 21:08:23,786 - INFO - Reading line 741 from test data...
2025-05-22 21:08:23,786 - INFO - Added prompt from line 741 to batch.
2025-05-22 21:08:23,786 - INFO - Reading line 742 from test data...
2025-05-22 21:08:23,786 - INFO - Added prompt from line 742 to batch.
2025-05-22 21:08:23,786 - INFO - Reading line 743 from test data...
2025-05-22 21:08:23,786 - INFO - Added prompt from line 743 to batch.
2025-05-22 21:08:23,786 - INFO - Reading line 744 from test data...
2025-05-22 21:08:23,787 - INFO - Added prompt from line 744 to batch.
2025-05-22 21:08:23,787 - INFO - Processing batch of 8 prompts (up to line 744)...
2025-05-22 21:08:23,787 - INFO - Generating responses for batch of 8 prompts. System prompt: 'You are a helpful assistant.'
2025-05-22 21:08:23,787 - INFO - First formatted prompt for tokenizer (first 100 chars): '<|begin_of_text|><|start_header_id|>system<|end_header_id|>

Cutting Knowledge Date: December 2023
T...'
2025-05-22 21:08:23,787 - INFO - Input device: cuda:0, preparing to move inputs to device.
2025-05-22 21:08:23,789 - INFO - Batch of inputs tokenized, padded, truncated, and moved to model device.
2025-05-22 21:08:23,789 - INFO - Starting batched model.generate()...
Setting `pad_token_id` to `eos_token_id`:128001 for open-end generation.
2025-05-22 21:08:42,496 - INFO - Batched model.generate() completed.
2025-05-22 21:08:42,496 - INFO - Decoding batch of responses by stripping input tokens...
2025-05-22 21:08:42,498 - INFO - Input tokens stripped from responses.
2025-05-22 21:08:42,498 - INFO - Batch of responses generated.
2025-05-22 21:08:42,500 - INFO - Appended 8 results from batch to /scratch-shared/mschaffelder/Data/exp_1/results/generation_results_8b_single_v6.jsonl
2025-05-22 21:08:42,672 - INFO - Reading line 745 from test data...
2025-05-22 21:08:42,672 - INFO - Added prompt from line 745 to batch.
2025-05-22 21:08:42,672 - INFO - Reading line 746 from test data...
2025-05-22 21:08:42,672 - INFO - Added prompt from line 746 to batch.
2025-05-22 21:08:42,672 - INFO - Reading line 747 from test data...
2025-05-22 21:08:42,672 - INFO - Added prompt from line 747 to batch.
2025-05-22 21:08:42,672 - INFO - Reading line 748 from test data...
2025-05-22 21:08:42,672 - INFO - Added prompt from line 748 to batch.
2025-05-22 21:08:42,672 - INFO - Reading line 749 from test data...
2025-05-22 21:08:42,672 - INFO - Added prompt from line 749 to batch.
2025-05-22 21:08:42,672 - INFO - Reading line 750 from test data...
2025-05-22 21:08:42,672 - INFO - Added prompt from line 750 to batch.
2025-05-22 21:08:42,672 - INFO - Reading line 751 from test data...
2025-05-22 21:08:42,672 - INFO - Added prompt from line 751 to batch.
2025-05-22 21:08:42,672 - INFO - Reading line 752 from test data...
2025-05-22 21:08:42,672 - INFO - Added prompt from line 752 to batch.
2025-05-22 21:08:42,672 - INFO - Processing batch of 8 prompts (up to line 752)...
2025-05-22 21:08:42,672 - INFO - Generating responses for batch of 8 prompts. System prompt: 'You are a helpful assistant.'
2025-05-22 21:08:42,673 - INFO - First formatted prompt for tokenizer (first 100 chars): '<|begin_of_text|><|start_header_id|>system<|end_header_id|>

Cutting Knowledge Date: December 2023
T...'
2025-05-22 21:08:42,673 - INFO - Input device: cuda:0, preparing to move inputs to device.
2025-05-22 21:08:42,675 - INFO - Batch of inputs tokenized, padded, truncated, and moved to model device.
2025-05-22 21:08:42,675 - INFO - Starting batched model.generate()...
Setting `pad_token_id` to `eos_token_id`:128001 for open-end generation.
2025-05-22 21:09:02,618 - INFO - Batched model.generate() completed.
2025-05-22 21:09:02,618 - INFO - Decoding batch of responses by stripping input tokens...
2025-05-22 21:09:02,621 - INFO - Input tokens stripped from responses.
2025-05-22 21:09:02,622 - INFO - Batch of responses generated.
2025-05-22 21:09:02,623 - INFO - Appended 8 results from batch to /scratch-shared/mschaffelder/Data/exp_1/results/generation_results_8b_single_v6.jsonl
2025-05-22 21:09:02,623 - INFO - Reading line 753 from test data...
2025-05-22 21:09:02,623 - INFO - Added prompt from line 753 to batch.
2025-05-22 21:09:02,623 - INFO - Reading line 754 from test data...
2025-05-22 21:09:02,623 - INFO - Added prompt from line 754 to batch.
2025-05-22 21:09:02,623 - INFO - Reading line 755 from test data...
2025-05-22 21:09:02,623 - INFO - Added prompt from line 755 to batch.
2025-05-22 21:09:02,623 - INFO - Reading line 756 from test data...
2025-05-22 21:09:02,623 - INFO - Added prompt from line 756 to batch.
2025-05-22 21:09:02,623 - INFO - Reading line 757 from test data...
2025-05-22 21:09:02,623 - INFO - Added prompt from line 757 to batch.
2025-05-22 21:09:02,623 - INFO - Reading line 758 from test data...
2025-05-22 21:09:02,623 - INFO - Added prompt from line 758 to batch.
2025-05-22 21:09:02,623 - INFO - Reading line 759 from test data...
2025-05-22 21:09:02,623 - INFO - Added prompt from line 759 to batch.
2025-05-22 21:09:02,623 - INFO - Reading line 760 from test data...
2025-05-22 21:09:02,623 - INFO - Added prompt from line 760 to batch.
2025-05-22 21:09:02,623 - INFO - Processing batch of 8 prompts (up to line 760)...
2025-05-22 21:09:02,623 - INFO - Generating responses for batch of 8 prompts. System prompt: 'You are a helpful assistant.'
2025-05-22 21:09:02,624 - INFO - First formatted prompt for tokenizer (first 100 chars): '<|begin_of_text|><|start_header_id|>system<|end_header_id|>

Cutting Knowledge Date: December 2023
T...'
2025-05-22 21:09:02,624 - INFO - Input device: cuda:0, preparing to move inputs to device.
2025-05-22 21:09:02,626 - INFO - Batch of inputs tokenized, padded, truncated, and moved to model device.
2025-05-22 21:09:02,626 - INFO - Starting batched model.generate()...
Setting `pad_token_id` to `eos_token_id`:128001 for open-end generation.
2025-05-22 21:09:26,511 - INFO - Batched model.generate() completed.
2025-05-22 21:09:26,511 - INFO - Decoding batch of responses by stripping input tokens...
2025-05-22 21:09:26,514 - INFO - Input tokens stripped from responses.
2025-05-22 21:09:26,514 - INFO - Batch of responses generated.
2025-05-22 21:09:26,515 - INFO - Appended 8 results from batch to /scratch-shared/mschaffelder/Data/exp_1/results/generation_results_8b_single_v6.jsonl
2025-05-22 21:09:26,515 - INFO - Reading line 761 from test data...
2025-05-22 21:09:26,515 - INFO - Added prompt from line 761 to batch.
2025-05-22 21:09:26,515 - INFO - Reading line 762 from test data...
2025-05-22 21:09:26,515 - INFO - Added prompt from line 762 to batch.
2025-05-22 21:09:26,515 - INFO - Reading line 763 from test data...
2025-05-22 21:09:26,515 - INFO - Added prompt from line 763 to batch.
2025-05-22 21:09:26,515 - INFO - Reading line 764 from test data...
2025-05-22 21:09:26,515 - INFO - Added prompt from line 764 to batch.
2025-05-22 21:09:26,515 - INFO - Reading line 765 from test data...
2025-05-22 21:09:26,515 - INFO - Added prompt from line 765 to batch.
2025-05-22 21:09:26,515 - INFO - Reading line 766 from test data...
2025-05-22 21:09:26,515 - INFO - Added prompt from line 766 to batch.
2025-05-22 21:09:26,515 - INFO - Reading line 767 from test data...
2025-05-22 21:09:26,515 - INFO - Added prompt from line 767 to batch.
2025-05-22 21:09:26,515 - INFO - Reading line 768 from test data...
2025-05-22 21:09:26,515 - INFO - Added prompt from line 768 to batch.
2025-05-22 21:09:26,515 - INFO - Processing batch of 8 prompts (up to line 768)...
2025-05-22 21:09:26,515 - INFO - Generating responses for batch of 8 prompts. System prompt: 'You are a helpful assistant.'
2025-05-22 21:09:26,516 - INFO - First formatted prompt for tokenizer (first 100 chars): '<|begin_of_text|><|start_header_id|>system<|end_header_id|>

Cutting Knowledge Date: December 2023
T...'
2025-05-22 21:09:26,516 - INFO - Input device: cuda:0, preparing to move inputs to device.
2025-05-22 21:09:26,518 - INFO - Batch of inputs tokenized, padded, truncated, and moved to model device.
2025-05-22 21:09:26,519 - INFO - Starting batched model.generate()...
Setting `pad_token_id` to `eos_token_id`:128001 for open-end generation.
2025-05-22 21:09:55,916 - INFO - Batched model.generate() completed.
2025-05-22 21:09:55,916 - INFO - Decoding batch of responses by stripping input tokens...
2025-05-22 21:09:55,919 - INFO - Input tokens stripped from responses.
2025-05-22 21:09:55,920 - INFO - Batch of responses generated.
2025-05-22 21:09:55,922 - INFO - Appended 8 results from batch to /scratch-shared/mschaffelder/Data/exp_1/results/generation_results_8b_single_v6.jsonl
2025-05-22 21:09:55,922 - INFO - Reading line 769 from test data...
2025-05-22 21:09:55,922 - INFO - Added prompt from line 769 to batch.
2025-05-22 21:09:55,922 - INFO - Reading line 770 from test data...
2025-05-22 21:09:55,922 - INFO - Added prompt from line 770 to batch.
2025-05-22 21:09:55,922 - INFO - Reading line 771 from test data...
2025-05-22 21:09:55,922 - INFO - Added prompt from line 771 to batch.
2025-05-22 21:09:55,922 - INFO - Reading line 772 from test data...
2025-05-22 21:09:55,922 - INFO - Added prompt from line 772 to batch.
2025-05-22 21:09:55,922 - INFO - Reading line 773 from test data...
2025-05-22 21:09:55,922 - INFO - Added prompt from line 773 to batch.
2025-05-22 21:09:55,922 - INFO - Reading line 774 from test data...
2025-05-22 21:09:55,922 - INFO - Added prompt from line 774 to batch.
2025-05-22 21:09:55,922 - INFO - Reading line 775 from test data...
2025-05-22 21:09:55,922 - INFO - Added prompt from line 775 to batch.
2025-05-22 21:09:55,922 - INFO - Reading line 776 from test data...
2025-05-22 21:09:55,922 - INFO - Added prompt from line 776 to batch.
2025-05-22 21:09:55,922 - INFO - Processing batch of 8 prompts (up to line 776)...
2025-05-22 21:09:55,922 - INFO - Generating responses for batch of 8 prompts. System prompt: 'You are a helpful assistant.'
2025-05-22 21:09:55,961 - INFO - First formatted prompt for tokenizer (first 100 chars): '<|begin_of_text|><|start_header_id|>system<|end_header_id|>

Cutting Knowledge Date: December 2023
T...'
2025-05-22 21:09:55,961 - INFO - Input device: cuda:0, preparing to move inputs to device.
2025-05-22 21:09:55,963 - INFO - Batch of inputs tokenized, padded, truncated, and moved to model device.
2025-05-22 21:09:55,963 - INFO - Starting batched model.generate()...
Setting `pad_token_id` to `eos_token_id`:128001 for open-end generation.
2025-05-22 21:10:09,917 - INFO - Batched model.generate() completed.
2025-05-22 21:10:09,917 - INFO - Decoding batch of responses by stripping input tokens...
2025-05-22 21:10:09,919 - INFO - Input tokens stripped from responses.
2025-05-22 21:10:09,919 - INFO - Batch of responses generated.
2025-05-22 21:10:09,920 - INFO - Appended 8 results from batch to /scratch-shared/mschaffelder/Data/exp_1/results/generation_results_8b_single_v6.jsonl
2025-05-22 21:10:09,920 - INFO - Reading line 777 from test data...
2025-05-22 21:10:09,920 - INFO - Added prompt from line 777 to batch.
2025-05-22 21:10:09,920 - INFO - Reading line 778 from test data...
2025-05-22 21:10:09,920 - INFO - Added prompt from line 778 to batch.
2025-05-22 21:10:09,920 - INFO - Reading line 779 from test data...
2025-05-22 21:10:09,920 - INFO - Added prompt from line 779 to batch.
2025-05-22 21:10:09,920 - INFO - Reading line 780 from test data...
2025-05-22 21:10:09,920 - INFO - Added prompt from line 780 to batch.
2025-05-22 21:10:09,920 - INFO - Reading line 781 from test data...
2025-05-22 21:10:09,920 - INFO - Added prompt from line 781 to batch.
2025-05-22 21:10:09,920 - INFO - Reading line 782 from test data...
2025-05-22 21:10:09,920 - INFO - Added prompt from line 782 to batch.
2025-05-22 21:10:09,920 - INFO - Reading line 783 from test data...
2025-05-22 21:10:09,920 - INFO - Added prompt from line 783 to batch.
2025-05-22 21:10:09,920 - INFO - Reading line 784 from test data...
2025-05-22 21:10:09,920 - INFO - Added prompt from line 784 to batch.
2025-05-22 21:10:09,920 - INFO - Processing batch of 8 prompts (up to line 784)...
2025-05-22 21:10:09,920 - INFO - Generating responses for batch of 8 prompts. System prompt: 'You are a helpful assistant.'
2025-05-22 21:10:09,921 - INFO - First formatted prompt for tokenizer (first 100 chars): '<|begin_of_text|><|start_header_id|>system<|end_header_id|>

Cutting Knowledge Date: December 2023
T...'
2025-05-22 21:10:09,921 - INFO - Input device: cuda:0, preparing to move inputs to device.
2025-05-22 21:10:09,923 - INFO - Batch of inputs tokenized, padded, truncated, and moved to model device.
2025-05-22 21:10:09,923 - INFO - Starting batched model.generate()...
Setting `pad_token_id` to `eos_token_id`:128001 for open-end generation.
2025-05-22 21:10:36,648 - INFO - Batched model.generate() completed.
2025-05-22 21:10:36,648 - INFO - Decoding batch of responses by stripping input tokens...
2025-05-22 21:10:36,650 - INFO - Input tokens stripped from responses.
2025-05-22 21:10:36,650 - INFO - Batch of responses generated.
2025-05-22 21:10:36,651 - INFO - Appended 8 results from batch to /scratch-shared/mschaffelder/Data/exp_1/results/generation_results_8b_single_v6.jsonl
2025-05-22 21:10:36,651 - INFO - Reading line 785 from test data...
2025-05-22 21:10:36,651 - INFO - Added prompt from line 785 to batch.
2025-05-22 21:10:36,651 - INFO - Reading line 786 from test data...
2025-05-22 21:10:36,651 - INFO - Added prompt from line 786 to batch.
2025-05-22 21:10:36,651 - INFO - Reading line 787 from test data...
2025-05-22 21:10:36,651 - INFO - Added prompt from line 787 to batch.
2025-05-22 21:10:36,652 - INFO - Reading line 788 from test data...
2025-05-22 21:10:36,652 - INFO - Added prompt from line 788 to batch.
2025-05-22 21:10:36,652 - INFO - Reading line 789 from test data...
2025-05-22 21:10:36,652 - INFO - Added prompt from line 789 to batch.
2025-05-22 21:10:36,652 - INFO - Reading line 790 from test data...
2025-05-22 21:10:36,871 - INFO - Added prompt from line 790 to batch.
2025-05-22 21:10:36,871 - INFO - Reading line 791 from test data...
2025-05-22 21:10:36,871 - INFO - Added prompt from line 791 to batch.
2025-05-22 21:10:36,871 - INFO - Reading line 792 from test data...
2025-05-22 21:10:36,871 - INFO - Added prompt from line 792 to batch.
2025-05-22 21:10:36,871 - INFO - Processing batch of 8 prompts (up to line 792)...
2025-05-22 21:10:36,871 - INFO - Generating responses for batch of 8 prompts. System prompt: 'You are a helpful assistant.'
2025-05-22 21:10:36,872 - INFO - First formatted prompt for tokenizer (first 100 chars): '<|begin_of_text|><|start_header_id|>system<|end_header_id|>

Cutting Knowledge Date: December 2023
T...'
2025-05-22 21:10:36,872 - INFO - Input device: cuda:0, preparing to move inputs to device.
2025-05-22 21:10:36,874 - INFO - Batch of inputs tokenized, padded, truncated, and moved to model device.
2025-05-22 21:10:36,874 - INFO - Starting batched model.generate()...
Setting `pad_token_id` to `eos_token_id`:128001 for open-end generation.
2025-05-22 21:11:01,414 - INFO - Batched model.generate() completed.
2025-05-22 21:11:01,415 - INFO - Decoding batch of responses by stripping input tokens...
2025-05-22 21:11:01,417 - INFO - Input tokens stripped from responses.
2025-05-22 21:11:01,418 - INFO - Batch of responses generated.
2025-05-22 21:11:01,419 - INFO - Appended 8 results from batch to /scratch-shared/mschaffelder/Data/exp_1/results/generation_results_8b_single_v6.jsonl
2025-05-22 21:11:01,419 - INFO - Reading line 793 from test data...
2025-05-22 21:11:01,419 - INFO - Added prompt from line 793 to batch.
2025-05-22 21:11:01,419 - INFO - Reading line 794 from test data...
2025-05-22 21:11:01,419 - INFO - Added prompt from line 794 to batch.
2025-05-22 21:11:01,419 - INFO - Reading line 795 from test data...
2025-05-22 21:11:01,419 - INFO - Added prompt from line 795 to batch.
2025-05-22 21:11:01,419 - INFO - Reading line 796 from test data...
2025-05-22 21:11:01,419 - INFO - Added prompt from line 796 to batch.
2025-05-22 21:11:01,419 - INFO - Reading line 797 from test data...
2025-05-22 21:11:01,419 - INFO - Added prompt from line 797 to batch.
2025-05-22 21:11:01,419 - INFO - Reading line 798 from test data...
2025-05-22 21:11:01,419 - INFO - Added prompt from line 798 to batch.
2025-05-22 21:11:01,419 - INFO - Reading line 799 from test data...
2025-05-22 21:11:01,419 - INFO - Added prompt from line 799 to batch.
2025-05-22 21:11:01,419 - INFO - Reading line 800 from test data...
2025-05-22 21:11:01,419 - INFO - Added prompt from line 800 to batch.
2025-05-22 21:11:01,419 - INFO - Processing batch of 8 prompts (up to line 800)...
2025-05-22 21:11:01,419 - INFO - Generating responses for batch of 8 prompts. System prompt: 'You are a helpful assistant.'
2025-05-22 21:11:01,420 - INFO - First formatted prompt for tokenizer (first 100 chars): '<|begin_of_text|><|start_header_id|>system<|end_header_id|>

Cutting Knowledge Date: December 2023
T...'
2025-05-22 21:11:01,420 - INFO - Input device: cuda:0, preparing to move inputs to device.
2025-05-22 21:11:01,422 - INFO - Batch of inputs tokenized, padded, truncated, and moved to model device.
2025-05-22 21:11:01,422 - INFO - Starting batched model.generate()...
Setting `pad_token_id` to `eos_token_id`:128001 for open-end generation.
2025-05-22 21:11:23,187 - INFO - Batched model.generate() completed.
2025-05-22 21:11:23,187 - INFO - Decoding batch of responses by stripping input tokens...
2025-05-22 21:11:23,189 - INFO - Input tokens stripped from responses.
2025-05-22 21:11:23,190 - INFO - Batch of responses generated.
2025-05-22 21:11:23,191 - INFO - Appended 8 results from batch to /scratch-shared/mschaffelder/Data/exp_1/results/generation_results_8b_single_v6.jsonl
2025-05-22 21:11:23,191 - INFO - Reading line 801 from test data...
2025-05-22 21:11:23,191 - INFO - Added prompt from line 801 to batch.
2025-05-22 21:11:23,191 - INFO - Reading line 802 from test data...
2025-05-22 21:11:23,191 - INFO - Added prompt from line 802 to batch.
2025-05-22 21:11:23,314 - INFO - Reading line 803 from test data...
2025-05-22 21:11:23,314 - INFO - Added prompt from line 803 to batch.
2025-05-22 21:11:23,314 - INFO - Reading line 804 from test data...
2025-05-22 21:11:23,314 - INFO - Added prompt from line 804 to batch.
2025-05-22 21:11:23,314 - INFO - Reading line 805 from test data...
2025-05-22 21:11:23,314 - INFO - Added prompt from line 805 to batch.
2025-05-22 21:11:23,314 - INFO - Reading line 806 from test data...
2025-05-22 21:11:23,314 - INFO - Added prompt from line 806 to batch.
2025-05-22 21:11:23,315 - INFO - Reading line 807 from test data...
2025-05-22 21:11:23,315 - INFO - Added prompt from line 807 to batch.
2025-05-22 21:11:23,315 - INFO - Reading line 808 from test data...
2025-05-22 21:11:23,315 - INFO - Added prompt from line 808 to batch.
2025-05-22 21:11:23,315 - INFO - Processing batch of 8 prompts (up to line 808)...
2025-05-22 21:11:23,315 - INFO - Generating responses for batch of 8 prompts. System prompt: 'You are a helpful assistant.'
2025-05-22 21:11:23,315 - INFO - First formatted prompt for tokenizer (first 100 chars): '<|begin_of_text|><|start_header_id|>system<|end_header_id|>

Cutting Knowledge Date: December 2023
T...'
2025-05-22 21:11:23,315 - INFO - Input device: cuda:0, preparing to move inputs to device.
2025-05-22 21:11:23,318 - INFO - Batch of inputs tokenized, padded, truncated, and moved to model device.
2025-05-22 21:11:23,318 - INFO - Starting batched model.generate()...
Setting `pad_token_id` to `eos_token_id`:128001 for open-end generation.
2025-05-22 21:11:47,372 - INFO - Batched model.generate() completed.
2025-05-22 21:11:47,373 - INFO - Decoding batch of responses by stripping input tokens...
2025-05-22 21:11:47,374 - INFO - Input tokens stripped from responses.
2025-05-22 21:11:47,375 - INFO - Batch of responses generated.
2025-05-22 21:11:47,376 - INFO - Appended 8 results from batch to /scratch-shared/mschaffelder/Data/exp_1/results/generation_results_8b_single_v6.jsonl
2025-05-22 21:11:47,376 - INFO - Reading line 809 from test data...
2025-05-22 21:11:47,376 - INFO - Added prompt from line 809 to batch.
2025-05-22 21:11:47,377 - INFO - Reading line 810 from test data...
2025-05-22 21:11:47,377 - INFO - Added prompt from line 810 to batch.
2025-05-22 21:11:47,377 - INFO - Reading line 811 from test data...
2025-05-22 21:11:47,377 - INFO - Added prompt from line 811 to batch.
2025-05-22 21:11:47,377 - INFO - Reading line 812 from test data...
2025-05-22 21:11:47,377 - INFO - Added prompt from line 812 to batch.
2025-05-22 21:11:47,377 - INFO - Reading line 813 from test data...
2025-05-22 21:11:47,377 - INFO - Added prompt from line 813 to batch.
2025-05-22 21:11:47,377 - INFO - Reading line 814 from test data...
2025-05-22 21:11:47,377 - INFO - Added prompt from line 814 to batch.
2025-05-22 21:11:47,377 - INFO - Reading line 815 from test data...
2025-05-22 21:11:47,377 - INFO - Added prompt from line 815 to batch.
2025-05-22 21:11:47,377 - INFO - Reading line 816 from test data...
2025-05-22 21:11:47,377 - INFO - Added prompt from line 816 to batch.
2025-05-22 21:11:47,377 - INFO - Processing batch of 8 prompts (up to line 816)...
2025-05-22 21:11:47,377 - INFO - Generating responses for batch of 8 prompts. System prompt: 'You are a helpful assistant.'
2025-05-22 21:11:47,377 - INFO - First formatted prompt for tokenizer (first 100 chars): '<|begin_of_text|><|start_header_id|>system<|end_header_id|>

Cutting Knowledge Date: December 2023
T...'
2025-05-22 21:11:47,378 - INFO - Input device: cuda:0, preparing to move inputs to device.
2025-05-22 21:11:47,379 - INFO - Batch of inputs tokenized, padded, truncated, and moved to model device.
2025-05-22 21:11:47,379 - INFO - Starting batched model.generate()...
Setting `pad_token_id` to `eos_token_id`:128001 for open-end generation.
2025-05-22 21:12:08,785 - INFO - Batched model.generate() completed.
2025-05-22 21:12:08,785 - INFO - Decoding batch of responses by stripping input tokens...
2025-05-22 21:12:08,788 - INFO - Input tokens stripped from responses.
2025-05-22 21:12:08,949 - INFO - Batch of responses generated.
2025-05-22 21:12:08,950 - INFO - Appended 8 results from batch to /scratch-shared/mschaffelder/Data/exp_1/results/generation_results_8b_single_v6.jsonl
2025-05-22 21:12:08,950 - INFO - Reading line 817 from test data...
2025-05-22 21:12:08,951 - INFO - Added prompt from line 817 to batch.
2025-05-22 21:12:08,951 - INFO - Reading line 818 from test data...
2025-05-22 21:12:08,951 - INFO - Added prompt from line 818 to batch.
2025-05-22 21:12:08,951 - INFO - Reading line 819 from test data...
2025-05-22 21:12:08,951 - INFO - Added prompt from line 819 to batch.
2025-05-22 21:12:08,951 - INFO - Reading line 820 from test data...
2025-05-22 21:12:08,951 - INFO - Added prompt from line 820 to batch.
2025-05-22 21:12:08,951 - INFO - Reading line 821 from test data...
2025-05-22 21:12:08,951 - INFO - Added prompt from line 821 to batch.
2025-05-22 21:12:08,951 - INFO - Reading line 822 from test data...
2025-05-22 21:12:08,951 - INFO - Added prompt from line 822 to batch.
2025-05-22 21:12:08,951 - INFO - Reading line 823 from test data...
2025-05-22 21:12:08,951 - INFO - Added prompt from line 823 to batch.
2025-05-22 21:12:08,951 - INFO - Reading line 824 from test data...
2025-05-22 21:12:08,951 - INFO - Added prompt from line 824 to batch.
2025-05-22 21:12:08,951 - INFO - Processing batch of 8 prompts (up to line 824)...
2025-05-22 21:12:08,951 - INFO - Generating responses for batch of 8 prompts. System prompt: 'You are a helpful assistant.'
2025-05-22 21:12:08,951 - INFO - First formatted prompt for tokenizer (first 100 chars): '<|begin_of_text|><|start_header_id|>system<|end_header_id|>

Cutting Knowledge Date: December 2023
T...'
2025-05-22 21:12:08,952 - INFO - Input device: cuda:0, preparing to move inputs to device.
2025-05-22 21:12:08,954 - INFO - Batch of inputs tokenized, padded, truncated, and moved to model device.
2025-05-22 21:12:08,954 - INFO - Starting batched model.generate()...
Setting `pad_token_id` to `eos_token_id`:128001 for open-end generation.
2025-05-22 21:12:29,365 - INFO - Batched model.generate() completed.
2025-05-22 21:12:29,365 - INFO - Decoding batch of responses by stripping input tokens...
2025-05-22 21:12:29,367 - INFO - Input tokens stripped from responses.
2025-05-22 21:12:29,367 - INFO - Batch of responses generated.
2025-05-22 21:12:29,369 - INFO - Appended 8 results from batch to /scratch-shared/mschaffelder/Data/exp_1/results/generation_results_8b_single_v6.jsonl
2025-05-22 21:12:29,369 - INFO - Reading line 825 from test data...
2025-05-22 21:12:29,369 - INFO - Added prompt from line 825 to batch.
2025-05-22 21:12:29,369 - INFO - Reading line 826 from test data...
2025-05-22 21:12:29,369 - INFO - Added prompt from line 826 to batch.
2025-05-22 21:12:29,369 - INFO - Reading line 827 from test data...
2025-05-22 21:12:29,369 - INFO - Added prompt from line 827 to batch.
2025-05-22 21:12:29,369 - INFO - Reading line 828 from test data...
2025-05-22 21:12:29,369 - INFO - Added prompt from line 828 to batch.
2025-05-22 21:12:29,369 - INFO - Reading line 829 from test data...
2025-05-22 21:12:29,369 - INFO - Added prompt from line 829 to batch.
2025-05-22 21:12:29,369 - INFO - Reading line 830 from test data...
2025-05-22 21:12:29,369 - INFO - Added prompt from line 830 to batch.
2025-05-22 21:12:29,369 - INFO - Reading line 831 from test data...
2025-05-22 21:12:29,369 - INFO - Added prompt from line 831 to batch.
2025-05-22 21:12:29,369 - INFO - Reading line 832 from test data...
2025-05-22 21:12:29,369 - INFO - Added prompt from line 832 to batch.
2025-05-22 21:12:29,369 - INFO - Processing batch of 8 prompts (up to line 832)...
2025-05-22 21:12:29,369 - INFO - Generating responses for batch of 8 prompts. System prompt: 'You are a helpful assistant.'
2025-05-22 21:12:29,370 - INFO - First formatted prompt for tokenizer (first 100 chars): '<|begin_of_text|><|start_header_id|>system<|end_header_id|>

Cutting Knowledge Date: December 2023
T...'
2025-05-22 21:12:29,370 - INFO - Input device: cuda:0, preparing to move inputs to device.
2025-05-22 21:12:29,589 - INFO - Batch of inputs tokenized, padded, truncated, and moved to model device.
2025-05-22 21:12:29,589 - INFO - Starting batched model.generate()...
Setting `pad_token_id` to `eos_token_id`:128001 for open-end generation.
2025-05-22 21:12:45,036 - INFO - Batched model.generate() completed.
2025-05-22 21:12:45,036 - INFO - Decoding batch of responses by stripping input tokens...
2025-05-22 21:12:45,038 - INFO - Input tokens stripped from responses.
2025-05-22 21:12:45,038 - INFO - Batch of responses generated.
2025-05-22 21:12:45,040 - INFO - Appended 8 results from batch to /scratch-shared/mschaffelder/Data/exp_1/results/generation_results_8b_single_v6.jsonl
2025-05-22 21:12:45,040 - INFO - Reading line 833 from test data...
2025-05-22 21:12:45,040 - INFO - Added prompt from line 833 to batch.
2025-05-22 21:12:45,040 - INFO - Reading line 834 from test data...
2025-05-22 21:12:45,040 - INFO - Added prompt from line 834 to batch.
2025-05-22 21:12:45,040 - INFO - Reading line 835 from test data...
2025-05-22 21:12:45,040 - INFO - Added prompt from line 835 to batch.
2025-05-22 21:12:45,040 - INFO - Reading line 836 from test data...
2025-05-22 21:12:45,040 - INFO - Added prompt from line 836 to batch.
2025-05-22 21:12:45,040 - INFO - Reading line 837 from test data...
2025-05-22 21:12:45,040 - INFO - Added prompt from line 837 to batch.
2025-05-22 21:12:45,040 - INFO - Reading line 838 from test data...
2025-05-22 21:12:45,040 - INFO - Added prompt from line 838 to batch.
2025-05-22 21:12:45,040 - INFO - Reading line 839 from test data...
2025-05-22 21:12:45,040 - INFO - Added prompt from line 839 to batch.
2025-05-22 21:12:45,040 - INFO - Reading line 840 from test data...
2025-05-22 21:12:45,040 - INFO - Added prompt from line 840 to batch.
2025-05-22 21:12:45,040 - INFO - Processing batch of 8 prompts (up to line 840)...
2025-05-22 21:12:45,040 - INFO - Generating responses for batch of 8 prompts. System prompt: 'You are a helpful assistant.'
2025-05-22 21:12:45,040 - INFO - First formatted prompt for tokenizer (first 100 chars): '<|begin_of_text|><|start_header_id|>system<|end_header_id|>

Cutting Knowledge Date: December 2023
T...'
2025-05-22 21:12:45,041 - INFO - Input device: cuda:0, preparing to move inputs to device.
2025-05-22 21:12:45,044 - INFO - Batch of inputs tokenized, padded, truncated, and moved to model device.
2025-05-22 21:12:45,044 - INFO - Starting batched model.generate()...
Setting `pad_token_id` to `eos_token_id`:128001 for open-end generation.
2025-05-22 21:13:08,857 - INFO - Batched model.generate() completed.
2025-05-22 21:13:08,857 - INFO - Decoding batch of responses by stripping input tokens...
2025-05-22 21:13:08,860 - INFO - Input tokens stripped from responses.
2025-05-22 21:13:08,860 - INFO - Batch of responses generated.
2025-05-22 21:13:08,862 - INFO - Appended 8 results from batch to /scratch-shared/mschaffelder/Data/exp_1/results/generation_results_8b_single_v6.jsonl
2025-05-22 21:13:08,862 - INFO - Reading line 841 from test data...
2025-05-22 21:13:08,862 - INFO - Added prompt from line 841 to batch.
2025-05-22 21:13:08,862 - INFO - Reading line 842 from test data...
2025-05-22 21:13:08,862 - INFO - Added prompt from line 842 to batch.
2025-05-22 21:13:08,862 - INFO - Reading line 843 from test data...
2025-05-22 21:13:08,862 - INFO - Added prompt from line 843 to batch.
2025-05-22 21:13:08,862 - INFO - Reading line 844 from test data...
2025-05-22 21:13:08,862 - INFO - Added prompt from line 844 to batch.
2025-05-22 21:13:08,862 - INFO - Reading line 845 from test data...
2025-05-22 21:13:08,862 - INFO - Added prompt from line 845 to batch.
2025-05-22 21:13:08,862 - INFO - Reading line 846 from test data...
2025-05-22 21:13:08,862 - INFO - Added prompt from line 846 to batch.
2025-05-22 21:13:08,862 - INFO - Reading line 847 from test data...
2025-05-22 21:13:08,862 - INFO - Added prompt from line 847 to batch.
2025-05-22 21:13:08,862 - INFO - Reading line 848 from test data...
2025-05-22 21:13:08,862 - INFO - Added prompt from line 848 to batch.
2025-05-22 21:13:08,998 - INFO - Processing batch of 8 prompts (up to line 848)...
2025-05-22 21:13:08,998 - INFO - Generating responses for batch of 8 prompts. System prompt: 'You are a helpful assistant.'
2025-05-22 21:13:08,999 - INFO - First formatted prompt for tokenizer (first 100 chars): '<|begin_of_text|><|start_header_id|>system<|end_header_id|>

Cutting Knowledge Date: December 2023
T...'
2025-05-22 21:13:08,999 - INFO - Input device: cuda:0, preparing to move inputs to device.
2025-05-22 21:13:09,001 - INFO - Batch of inputs tokenized, padded, truncated, and moved to model device.
2025-05-22 21:13:09,002 - INFO - Starting batched model.generate()...
Setting `pad_token_id` to `eos_token_id`:128001 for open-end generation.
2025-05-22 21:13:27,967 - INFO - Batched model.generate() completed.
2025-05-22 21:13:27,967 - INFO - Decoding batch of responses by stripping input tokens...
2025-05-22 21:13:27,969 - INFO - Input tokens stripped from responses.
2025-05-22 21:13:27,969 - INFO - Batch of responses generated.
2025-05-22 21:13:27,970 - INFO - Appended 8 results from batch to /scratch-shared/mschaffelder/Data/exp_1/results/generation_results_8b_single_v6.jsonl
2025-05-22 21:13:27,970 - INFO - Reading line 849 from test data...
2025-05-22 21:13:27,970 - INFO - Added prompt from line 849 to batch.
2025-05-22 21:13:27,970 - INFO - Reading line 850 from test data...
2025-05-22 21:13:27,970 - INFO - Added prompt from line 850 to batch.
2025-05-22 21:13:27,970 - INFO - Reading line 851 from test data...
2025-05-22 21:13:27,970 - INFO - Added prompt from line 851 to batch.
2025-05-22 21:13:27,970 - INFO - Reading line 852 from test data...
2025-05-22 21:13:27,970 - INFO - Added prompt from line 852 to batch.
2025-05-22 21:13:27,970 - INFO - Reading line 853 from test data...
2025-05-22 21:13:27,970 - INFO - Added prompt from line 853 to batch.
2025-05-22 21:13:27,970 - INFO - Reading line 854 from test data...
2025-05-22 21:13:27,970 - INFO - Added prompt from line 854 to batch.
2025-05-22 21:13:27,970 - INFO - Reading line 855 from test data...
2025-05-22 21:13:27,970 - INFO - Added prompt from line 855 to batch.
2025-05-22 21:13:27,970 - INFO - Reading line 856 from test data...
2025-05-22 21:13:27,970 - INFO - Added prompt from line 856 to batch.
2025-05-22 21:13:27,970 - INFO - Processing batch of 8 prompts (up to line 856)...
2025-05-22 21:13:27,970 - INFO - Generating responses for batch of 8 prompts. System prompt: 'You are a helpful assistant.'
2025-05-22 21:13:27,971 - INFO - First formatted prompt for tokenizer (first 100 chars): '<|begin_of_text|><|start_header_id|>system<|end_header_id|>

Cutting Knowledge Date: December 2023
T...'
2025-05-22 21:13:27,971 - INFO - Input device: cuda:0, preparing to move inputs to device.
2025-05-22 21:13:27,974 - INFO - Batch of inputs tokenized, padded, truncated, and moved to model device.
2025-05-22 21:13:27,974 - INFO - Starting batched model.generate()...
Setting `pad_token_id` to `eos_token_id`:128001 for open-end generation.
2025-05-22 21:13:51,596 - INFO - Batched model.generate() completed.
2025-05-22 21:13:51,596 - INFO - Decoding batch of responses by stripping input tokens...
2025-05-22 21:13:51,598 - INFO - Input tokens stripped from responses.
2025-05-22 21:13:51,599 - INFO - Batch of responses generated.
2025-05-22 21:13:51,600 - INFO - Appended 8 results from batch to /scratch-shared/mschaffelder/Data/exp_1/results/generation_results_8b_single_v6.jsonl
2025-05-22 21:13:51,601 - INFO - Reading line 857 from test data...
2025-05-22 21:13:51,601 - INFO - Added prompt from line 857 to batch.
2025-05-22 21:13:51,601 - INFO - Reading line 858 from test data...
2025-05-22 21:13:51,601 - INFO - Added prompt from line 858 to batch.
2025-05-22 21:13:51,601 - INFO - Reading line 859 from test data...
2025-05-22 21:13:51,601 - INFO - Added prompt from line 859 to batch.
2025-05-22 21:13:51,601 - INFO - Reading line 860 from test data...
2025-05-22 21:13:51,601 - INFO - Added prompt from line 860 to batch.
2025-05-22 21:13:51,601 - INFO - Reading line 861 from test data...
2025-05-22 21:13:51,642 - INFO - Added prompt from line 861 to batch.
2025-05-22 21:13:51,642 - INFO - Reading line 862 from test data...
2025-05-22 21:13:51,642 - INFO - Added prompt from line 862 to batch.
2025-05-22 21:13:51,642 - INFO - Reading line 863 from test data...
2025-05-22 21:13:51,642 - INFO - Added prompt from line 863 to batch.
2025-05-22 21:13:51,642 - INFO - Reading line 864 from test data...
2025-05-22 21:13:51,642 - INFO - Added prompt from line 864 to batch.
2025-05-22 21:13:51,642 - INFO - Processing batch of 8 prompts (up to line 864)...
2025-05-22 21:13:51,642 - INFO - Generating responses for batch of 8 prompts. System prompt: 'You are a helpful assistant.'
2025-05-22 21:13:51,643 - INFO - First formatted prompt for tokenizer (first 100 chars): '<|begin_of_text|><|start_header_id|>system<|end_header_id|>

Cutting Knowledge Date: December 2023
T...'
2025-05-22 21:13:51,643 - INFO - Input device: cuda:0, preparing to move inputs to device.
2025-05-22 21:13:51,646 - INFO - Batch of inputs tokenized, padded, truncated, and moved to model device.
2025-05-22 21:13:51,646 - INFO - Starting batched model.generate()...
Setting `pad_token_id` to `eos_token_id`:128001 for open-end generation.
2025-05-22 21:14:14,719 - INFO - Batched model.generate() completed.
2025-05-22 21:14:14,719 - INFO - Decoding batch of responses by stripping input tokens...
2025-05-22 21:14:14,721 - INFO - Input tokens stripped from responses.
2025-05-22 21:14:14,722 - INFO - Batch of responses generated.
2025-05-22 21:14:14,723 - INFO - Appended 8 results from batch to /scratch-shared/mschaffelder/Data/exp_1/results/generation_results_8b_single_v6.jsonl
2025-05-22 21:14:14,723 - INFO - Reading line 865 from test data...
2025-05-22 21:14:14,723 - INFO - Added prompt from line 865 to batch.
2025-05-22 21:14:14,723 - INFO - Reading line 866 from test data...
2025-05-22 21:14:14,723 - INFO - Added prompt from line 866 to batch.
2025-05-22 21:14:14,723 - INFO - Reading line 867 from test data...
2025-05-22 21:14:14,723 - INFO - Added prompt from line 867 to batch.
2025-05-22 21:14:14,724 - INFO - Reading line 868 from test data...
2025-05-22 21:14:14,724 - INFO - Added prompt from line 868 to batch.
2025-05-22 21:14:14,724 - INFO - Reading line 869 from test data...
2025-05-22 21:14:14,724 - INFO - Added prompt from line 869 to batch.
2025-05-22 21:14:14,724 - INFO - Reading line 870 from test data...
2025-05-22 21:14:14,724 - INFO - Added prompt from line 870 to batch.
2025-05-22 21:14:14,724 - INFO - Reading line 871 from test data...
2025-05-22 21:14:14,724 - INFO - Added prompt from line 871 to batch.
2025-05-22 21:14:14,724 - INFO - Reading line 872 from test data...
2025-05-22 21:14:14,724 - INFO - Added prompt from line 872 to batch.
2025-05-22 21:14:14,724 - INFO - Processing batch of 8 prompts (up to line 872)...
2025-05-22 21:14:14,724 - INFO - Generating responses for batch of 8 prompts. System prompt: 'You are a helpful assistant.'
2025-05-22 21:14:14,724 - INFO - First formatted prompt for tokenizer (first 100 chars): '<|begin_of_text|><|start_header_id|>system<|end_header_id|>

Cutting Knowledge Date: December 2023
T...'
2025-05-22 21:14:14,724 - INFO - Input device: cuda:0, preparing to move inputs to device.
2025-05-22 21:14:14,726 - INFO - Batch of inputs tokenized, padded, truncated, and moved to model device.
2025-05-22 21:14:14,726 - INFO - Starting batched model.generate()...
Setting `pad_token_id` to `eos_token_id`:128001 for open-end generation.
2025-05-22 21:14:44,258 - INFO - Batched model.generate() completed.
2025-05-22 21:14:44,258 - INFO - Decoding batch of responses by stripping input tokens...
2025-05-22 21:14:44,261 - INFO - Input tokens stripped from responses.
2025-05-22 21:14:44,262 - INFO - Batch of responses generated.
2025-05-22 21:14:44,263 - INFO - Appended 8 results from batch to /scratch-shared/mschaffelder/Data/exp_1/results/generation_results_8b_single_v6.jsonl
2025-05-22 21:14:44,263 - INFO - Reading line 873 from test data...
2025-05-22 21:14:44,263 - INFO - Added prompt from line 873 to batch.
2025-05-22 21:14:44,476 - INFO - Reading line 874 from test data...
2025-05-22 21:14:44,476 - INFO - Added prompt from line 874 to batch.
2025-05-22 21:14:44,476 - INFO - Reading line 875 from test data...
2025-05-22 21:14:44,476 - INFO - Added prompt from line 875 to batch.
2025-05-22 21:14:44,476 - INFO - Reading line 876 from test data...
2025-05-22 21:14:44,476 - INFO - Added prompt from line 876 to batch.
2025-05-22 21:14:44,476 - INFO - Reading line 877 from test data...
2025-05-22 21:14:44,476 - INFO - Added prompt from line 877 to batch.
2025-05-22 21:14:44,476 - INFO - Reading line 878 from test data...
2025-05-22 21:14:44,476 - INFO - Added prompt from line 878 to batch.
2025-05-22 21:14:44,476 - INFO - Reading line 879 from test data...
2025-05-22 21:14:44,476 - INFO - Added prompt from line 879 to batch.
2025-05-22 21:14:44,476 - INFO - Reading line 880 from test data...
2025-05-22 21:14:44,476 - INFO - Added prompt from line 880 to batch.
2025-05-22 21:14:44,476 - INFO - Processing batch of 8 prompts (up to line 880)...
2025-05-22 21:14:44,476 - INFO - Generating responses for batch of 8 prompts. System prompt: 'You are a helpful assistant.'
2025-05-22 21:14:44,476 - INFO - First formatted prompt for tokenizer (first 100 chars): '<|begin_of_text|><|start_header_id|>system<|end_header_id|>

Cutting Knowledge Date: December 2023
T...'
2025-05-22 21:14:44,477 - INFO - Input device: cuda:0, preparing to move inputs to device.
2025-05-22 21:14:44,478 - INFO - Batch of inputs tokenized, padded, truncated, and moved to model device.
2025-05-22 21:14:44,478 - INFO - Starting batched model.generate()...
Setting `pad_token_id` to `eos_token_id`:128001 for open-end generation.
2025-05-22 21:15:08,105 - INFO - Batched model.generate() completed.
2025-05-22 21:15:08,105 - INFO - Decoding batch of responses by stripping input tokens...
2025-05-22 21:15:08,108 - INFO - Input tokens stripped from responses.
2025-05-22 21:15:08,108 - INFO - Batch of responses generated.
2025-05-22 21:15:08,109 - INFO - Appended 8 results from batch to /scratch-shared/mschaffelder/Data/exp_1/results/generation_results_8b_single_v6.jsonl
2025-05-22 21:15:08,110 - INFO - Reading line 881 from test data...
2025-05-22 21:15:08,110 - INFO - Added prompt from line 881 to batch.
2025-05-22 21:15:08,110 - INFO - Reading line 882 from test data...
2025-05-22 21:15:08,110 - INFO - Added prompt from line 882 to batch.
2025-05-22 21:15:08,110 - INFO - Reading line 883 from test data...
2025-05-22 21:15:08,110 - INFO - Added prompt from line 883 to batch.
2025-05-22 21:15:08,201 - INFO - Reading line 884 from test data...
2025-05-22 21:15:08,201 - INFO - Added prompt from line 884 to batch.
2025-05-22 21:15:08,202 - INFO - Reading line 885 from test data...
2025-05-22 21:15:08,202 - INFO - Added prompt from line 885 to batch.
2025-05-22 21:15:08,202 - INFO - Reading line 886 from test data...
2025-05-22 21:15:08,202 - INFO - Added prompt from line 886 to batch.
2025-05-22 21:15:08,202 - INFO - Reading line 887 from test data...
2025-05-22 21:15:08,202 - INFO - Added prompt from line 887 to batch.
2025-05-22 21:15:08,202 - INFO - Reading line 888 from test data...
2025-05-22 21:15:08,202 - INFO - Added prompt from line 888 to batch.
2025-05-22 21:15:08,202 - INFO - Processing batch of 8 prompts (up to line 888)...
2025-05-22 21:15:08,202 - INFO - Generating responses for batch of 8 prompts. System prompt: 'You are a helpful assistant.'
2025-05-22 21:15:08,202 - INFO - First formatted prompt for tokenizer (first 100 chars): '<|begin_of_text|><|start_header_id|>system<|end_header_id|>

Cutting Knowledge Date: December 2023
T...'
2025-05-22 21:15:08,203 - INFO - Input device: cuda:0, preparing to move inputs to device.
2025-05-22 21:15:08,211 - INFO - Batch of inputs tokenized, padded, truncated, and moved to model device.
2025-05-22 21:15:08,211 - INFO - Starting batched model.generate()...
Setting `pad_token_id` to `eos_token_id`:128001 for open-end generation.
2025-05-22 21:15:20,368 - INFO - Batched model.generate() completed.
2025-05-22 21:15:20,368 - INFO - Decoding batch of responses by stripping input tokens...
2025-05-22 21:15:20,370 - INFO - Input tokens stripped from responses.
2025-05-22 21:15:20,370 - INFO - Batch of responses generated.
2025-05-22 21:15:20,372 - INFO - Appended 8 results from batch to /scratch-shared/mschaffelder/Data/exp_1/results/generation_results_8b_single_v6.jsonl
2025-05-22 21:15:20,372 - INFO - Reading line 889 from test data...
2025-05-22 21:15:20,372 - INFO - Added prompt from line 889 to batch.
2025-05-22 21:15:20,372 - INFO - Reading line 890 from test data...
2025-05-22 21:15:20,372 - INFO - Added prompt from line 890 to batch.
2025-05-22 21:15:20,372 - INFO - Reading line 891 from test data...
2025-05-22 21:15:20,372 - INFO - Added prompt from line 891 to batch.
2025-05-22 21:15:20,372 - INFO - Reading line 892 from test data...
2025-05-22 21:15:20,372 - INFO - Added prompt from line 892 to batch.
2025-05-22 21:15:20,372 - INFO - Reading line 893 from test data...
2025-05-22 21:15:20,372 - INFO - Added prompt from line 893 to batch.
2025-05-22 21:15:20,372 - INFO - Reading line 894 from test data...
2025-05-22 21:15:20,372 - INFO - Added prompt from line 894 to batch.
2025-05-22 21:15:20,372 - INFO - Reading line 895 from test data...
2025-05-22 21:15:20,372 - INFO - Added prompt from line 895 to batch.
2025-05-22 21:15:20,372 - INFO - Reading line 896 from test data...
2025-05-22 21:15:20,372 - INFO - Added prompt from line 896 to batch.
2025-05-22 21:15:20,372 - INFO - Processing batch of 8 prompts (up to line 896)...
2025-05-22 21:15:20,372 - INFO - Generating responses for batch of 8 prompts. System prompt: 'You are a helpful assistant.'
2025-05-22 21:15:20,373 - INFO - First formatted prompt for tokenizer (first 100 chars): '<|begin_of_text|><|start_header_id|>system<|end_header_id|>

Cutting Knowledge Date: December 2023
T...'
2025-05-22 21:15:20,373 - INFO - Input device: cuda:0, preparing to move inputs to device.
2025-05-22 21:15:20,374 - INFO - Batch of inputs tokenized, padded, truncated, and moved to model device.
2025-05-22 21:15:20,374 - INFO - Starting batched model.generate()...
Setting `pad_token_id` to `eos_token_id`:128001 for open-end generation.
2025-05-22 21:15:40,843 - INFO - Batched model.generate() completed.
2025-05-22 21:15:40,844 - INFO - Decoding batch of responses by stripping input tokens...
2025-05-22 21:15:40,845 - INFO - Input tokens stripped from responses.
2025-05-22 21:15:40,846 - INFO - Batch of responses generated.
2025-05-22 21:15:40,847 - INFO - Appended 8 results from batch to /scratch-shared/mschaffelder/Data/exp_1/results/generation_results_8b_single_v6.jsonl
2025-05-22 21:15:40,847 - INFO - Reading line 897 from test data...
2025-05-22 21:15:40,847 - INFO - Added prompt from line 897 to batch.
2025-05-22 21:15:40,847 - INFO - Reading line 898 from test data...
2025-05-22 21:15:40,847 - INFO - Added prompt from line 898 to batch.
2025-05-22 21:15:40,847 - INFO - Reading line 899 from test data...
2025-05-22 21:15:40,847 - INFO - Added prompt from line 899 to batch.
2025-05-22 21:15:40,847 - INFO - Reading line 900 from test data...
2025-05-22 21:15:40,847 - INFO - Added prompt from line 900 to batch.
2025-05-22 21:15:40,847 - INFO - Reading line 901 from test data...
2025-05-22 21:15:40,847 - INFO - Added prompt from line 901 to batch.
2025-05-22 21:15:40,847 - INFO - Reading line 902 from test data...
2025-05-22 21:15:40,847 - INFO - Added prompt from line 902 to batch.
2025-05-22 21:15:40,847 - INFO - Reading line 903 from test data...
2025-05-22 21:15:40,847 - INFO - Added prompt from line 903 to batch.
2025-05-22 21:15:40,847 - INFO - Reading line 904 from test data...
2025-05-22 21:15:40,847 - INFO - Added prompt from line 904 to batch.
2025-05-22 21:15:40,847 - INFO - Processing batch of 8 prompts (up to line 904)...
2025-05-22 21:15:40,847 - INFO - Generating responses for batch of 8 prompts. System prompt: 'You are a helpful assistant.'
2025-05-22 21:15:40,848 - INFO - First formatted prompt for tokenizer (first 100 chars): '<|begin_of_text|><|start_header_id|>system<|end_header_id|>

Cutting Knowledge Date: December 2023
T...'
2025-05-22 21:15:41,059 - INFO - Input device: cuda:0, preparing to move inputs to device.
2025-05-22 21:15:41,061 - INFO - Batch of inputs tokenized, padded, truncated, and moved to model device.
2025-05-22 21:15:41,061 - INFO - Starting batched model.generate()...
Setting `pad_token_id` to `eos_token_id`:128001 for open-end generation.
2025-05-22 21:16:06,645 - INFO - Batched model.generate() completed.
2025-05-22 21:16:06,646 - INFO - Decoding batch of responses by stripping input tokens...
2025-05-22 21:16:06,649 - INFO - Input tokens stripped from responses.
2025-05-22 21:16:06,649 - INFO - Batch of responses generated.
2025-05-22 21:16:06,651 - INFO - Appended 8 results from batch to /scratch-shared/mschaffelder/Data/exp_1/results/generation_results_8b_single_v6.jsonl
2025-05-22 21:16:06,651 - INFO - Reading line 905 from test data...
2025-05-22 21:16:06,651 - INFO - Added prompt from line 905 to batch.
2025-05-22 21:16:06,651 - INFO - Reading line 906 from test data...
2025-05-22 21:16:06,651 - INFO - Added prompt from line 906 to batch.
2025-05-22 21:16:06,651 - INFO - Reading line 907 from test data...
2025-05-22 21:16:06,651 - INFO - Added prompt from line 907 to batch.
2025-05-22 21:16:06,651 - INFO - Reading line 908 from test data...
2025-05-22 21:16:06,651 - INFO - Added prompt from line 908 to batch.
2025-05-22 21:16:06,651 - INFO - Reading line 909 from test data...
2025-05-22 21:16:06,651 - INFO - Added prompt from line 909 to batch.
2025-05-22 21:16:06,651 - INFO - Reading line 910 from test data...
2025-05-22 21:16:06,651 - INFO - Added prompt from line 910 to batch.
2025-05-22 21:16:06,651 - INFO - Reading line 911 from test data...
2025-05-22 21:16:06,651 - INFO - Added prompt from line 911 to batch.
2025-05-22 21:16:06,651 - INFO - Reading line 912 from test data...
2025-05-22 21:16:06,651 - INFO - Added prompt from line 912 to batch.
2025-05-22 21:16:06,651 - INFO - Processing batch of 8 prompts (up to line 912)...
2025-05-22 21:16:06,651 - INFO - Generating responses for batch of 8 prompts. System prompt: 'You are a helpful assistant.'
2025-05-22 21:16:06,652 - INFO - First formatted prompt for tokenizer (first 100 chars): '<|begin_of_text|><|start_header_id|>system<|end_header_id|>

Cutting Knowledge Date: December 2023
T...'
2025-05-22 21:16:06,652 - INFO - Input device: cuda:0, preparing to move inputs to device.
2025-05-22 21:16:06,654 - INFO - Batch of inputs tokenized, padded, truncated, and moved to model device.
2025-05-22 21:16:06,654 - INFO - Starting batched model.generate()...
Setting `pad_token_id` to `eos_token_id`:128001 for open-end generation.
2025-05-22 21:16:29,470 - INFO - Batched model.generate() completed.
2025-05-22 21:16:29,470 - INFO - Decoding batch of responses by stripping input tokens...
2025-05-22 21:16:29,473 - INFO - Input tokens stripped from responses.
2025-05-22 21:16:29,473 - INFO - Batch of responses generated.
2025-05-22 21:16:29,474 - INFO - Appended 8 results from batch to /scratch-shared/mschaffelder/Data/exp_1/results/generation_results_8b_single_v6.jsonl
2025-05-22 21:16:29,474 - INFO - Reading line 913 from test data...
2025-05-22 21:16:29,474 - INFO - Added prompt from line 913 to batch.
2025-05-22 21:16:29,474 - INFO - Reading line 914 from test data...
2025-05-22 21:16:29,474 - INFO - Added prompt from line 914 to batch.
2025-05-22 21:16:29,474 - INFO - Reading line 915 from test data...
2025-05-22 21:16:29,474 - INFO - Added prompt from line 915 to batch.
2025-05-22 21:16:29,474 - INFO - Reading line 916 from test data...
2025-05-22 21:16:29,475 - INFO - Added prompt from line 916 to batch.
2025-05-22 21:16:29,475 - INFO - Reading line 917 from test data...
2025-05-22 21:16:29,475 - INFO - Added prompt from line 917 to batch.
2025-05-22 21:16:29,475 - INFO - Reading line 918 from test data...
2025-05-22 21:16:29,475 - INFO - Added prompt from line 918 to batch.
2025-05-22 21:16:29,475 - INFO - Reading line 919 from test data...
2025-05-22 21:16:29,475 - INFO - Added prompt from line 919 to batch.
2025-05-22 21:16:29,572 - INFO - Reading line 920 from test data...
2025-05-22 21:16:29,572 - INFO - Added prompt from line 920 to batch.
2025-05-22 21:16:29,572 - INFO - Processing batch of 8 prompts (up to line 920)...
2025-05-22 21:16:29,572 - INFO - Generating responses for batch of 8 prompts. System prompt: 'You are a helpful assistant.'
2025-05-22 21:16:29,573 - INFO - First formatted prompt for tokenizer (first 100 chars): '<|begin_of_text|><|start_header_id|>system<|end_header_id|>

Cutting Knowledge Date: December 2023
T...'
2025-05-22 21:16:29,573 - INFO - Input device: cuda:0, preparing to move inputs to device.
2025-05-22 21:16:29,575 - INFO - Batch of inputs tokenized, padded, truncated, and moved to model device.
2025-05-22 21:16:29,575 - INFO - Starting batched model.generate()...
Setting `pad_token_id` to `eos_token_id`:128001 for open-end generation.
2025-05-22 21:16:49,543 - INFO - Batched model.generate() completed.
2025-05-22 21:16:49,543 - INFO - Decoding batch of responses by stripping input tokens...
2025-05-22 21:16:49,545 - INFO - Input tokens stripped from responses.
2025-05-22 21:16:49,546 - INFO - Batch of responses generated.
2025-05-22 21:16:49,547 - INFO - Appended 8 results from batch to /scratch-shared/mschaffelder/Data/exp_1/results/generation_results_8b_single_v6.jsonl
2025-05-22 21:16:49,547 - INFO - Reading line 921 from test data...
2025-05-22 21:16:49,547 - INFO - Added prompt from line 921 to batch.
2025-05-22 21:16:49,547 - INFO - Reading line 922 from test data...
2025-05-22 21:16:49,547 - INFO - Added prompt from line 922 to batch.
2025-05-22 21:16:49,547 - INFO - Reading line 923 from test data...
2025-05-22 21:16:49,547 - INFO - Added prompt from line 923 to batch.
2025-05-22 21:16:49,547 - INFO - Reading line 924 from test data...
2025-05-22 21:16:49,547 - INFO - Added prompt from line 924 to batch.
2025-05-22 21:16:49,547 - INFO - Reading line 925 from test data...
2025-05-22 21:16:49,547 - INFO - Added prompt from line 925 to batch.
2025-05-22 21:16:49,547 - INFO - Reading line 926 from test data...
2025-05-22 21:16:49,547 - INFO - Added prompt from line 926 to batch.
2025-05-22 21:16:49,547 - INFO - Reading line 927 from test data...
2025-05-22 21:16:49,547 - INFO - Added prompt from line 927 to batch.
2025-05-22 21:16:49,548 - INFO - Reading line 928 from test data...
2025-05-22 21:16:49,548 - INFO - Added prompt from line 928 to batch.
2025-05-22 21:16:49,548 - INFO - Processing batch of 8 prompts (up to line 928)...
2025-05-22 21:16:49,548 - INFO - Generating responses for batch of 8 prompts. System prompt: 'You are a helpful assistant.'
2025-05-22 21:16:49,548 - INFO - First formatted prompt for tokenizer (first 100 chars): '<|begin_of_text|><|start_header_id|>system<|end_header_id|>

Cutting Knowledge Date: December 2023
T...'
2025-05-22 21:16:49,548 - INFO - Input device: cuda:0, preparing to move inputs to device.
2025-05-22 21:16:49,551 - INFO - Batch of inputs tokenized, padded, truncated, and moved to model device.
2025-05-22 21:16:49,552 - INFO - Starting batched model.generate()...
Setting `pad_token_id` to `eos_token_id`:128001 for open-end generation.
2025-05-22 21:17:08,023 - INFO - Batched model.generate() completed.
2025-05-22 21:17:08,023 - INFO - Decoding batch of responses by stripping input tokens...
2025-05-22 21:17:08,025 - INFO - Input tokens stripped from responses.
2025-05-22 21:17:08,025 - INFO - Batch of responses generated.
2025-05-22 21:17:08,026 - INFO - Appended 8 results from batch to /scratch-shared/mschaffelder/Data/exp_1/results/generation_results_8b_single_v6.jsonl
2025-05-22 21:17:08,026 - INFO - Reading line 929 from test data...
2025-05-22 21:17:08,027 - INFO - Added prompt from line 929 to batch.
2025-05-22 21:17:08,027 - INFO - Reading line 930 from test data...
2025-05-22 21:17:08,027 - INFO - Added prompt from line 930 to batch.
2025-05-22 21:17:08,027 - INFO - Reading line 931 from test data...
2025-05-22 21:17:08,027 - INFO - Added prompt from line 931 to batch.
2025-05-22 21:17:08,027 - INFO - Reading line 932 from test data...
2025-05-22 21:17:08,087 - INFO - Added prompt from line 932 to batch.
2025-05-22 21:17:08,087 - INFO - Reading line 933 from test data...
2025-05-22 21:17:08,087 - INFO - Added prompt from line 933 to batch.
2025-05-22 21:17:08,087 - INFO - Reading line 934 from test data...
2025-05-22 21:17:08,087 - INFO - Added prompt from line 934 to batch.
2025-05-22 21:17:08,087 - INFO - Reading line 935 from test data...
2025-05-22 21:17:08,087 - INFO - Added prompt from line 935 to batch.
2025-05-22 21:17:08,087 - INFO - Reading line 936 from test data...
2025-05-22 21:17:08,087 - INFO - Added prompt from line 936 to batch.
2025-05-22 21:17:08,087 - INFO - Processing batch of 8 prompts (up to line 936)...
2025-05-22 21:17:08,087 - INFO - Generating responses for batch of 8 prompts. System prompt: 'You are a helpful assistant.'
2025-05-22 21:17:08,088 - INFO - First formatted prompt for tokenizer (first 100 chars): '<|begin_of_text|><|start_header_id|>system<|end_header_id|>

Cutting Knowledge Date: December 2023
T...'
2025-05-22 21:17:08,088 - INFO - Input device: cuda:0, preparing to move inputs to device.
2025-05-22 21:17:08,091 - INFO - Batch of inputs tokenized, padded, truncated, and moved to model device.
2025-05-22 21:17:08,091 - INFO - Starting batched model.generate()...
Setting `pad_token_id` to `eos_token_id`:128001 for open-end generation.
2025-05-22 21:17:28,459 - INFO - Batched model.generate() completed.
2025-05-22 21:17:28,460 - INFO - Decoding batch of responses by stripping input tokens...
2025-05-22 21:17:28,462 - INFO - Input tokens stripped from responses.
2025-05-22 21:17:28,462 - INFO - Batch of responses generated.
2025-05-22 21:17:28,463 - INFO - Appended 8 results from batch to /scratch-shared/mschaffelder/Data/exp_1/results/generation_results_8b_single_v6.jsonl
2025-05-22 21:17:28,463 - INFO - Reading line 937 from test data...
2025-05-22 21:17:28,463 - INFO - Added prompt from line 937 to batch.
2025-05-22 21:17:28,463 - INFO - Reading line 938 from test data...
2025-05-22 21:17:28,463 - INFO - Added prompt from line 938 to batch.
2025-05-22 21:17:28,463 - INFO - Reading line 939 from test data...
2025-05-22 21:17:28,463 - INFO - Added prompt from line 939 to batch.
2025-05-22 21:17:28,463 - INFO - Reading line 940 from test data...
2025-05-22 21:17:28,463 - INFO - Added prompt from line 940 to batch.
2025-05-22 21:17:28,463 - INFO - Reading line 941 from test data...
2025-05-22 21:17:28,463 - INFO - Added prompt from line 941 to batch.
2025-05-22 21:17:28,463 - INFO - Reading line 942 from test data...
2025-05-22 21:17:28,463 - INFO - Added prompt from line 942 to batch.
2025-05-22 21:17:28,463 - INFO - Reading line 943 from test data...
2025-05-22 21:17:28,464 - INFO - Added prompt from line 943 to batch.
2025-05-22 21:17:28,464 - INFO - Reading line 944 from test data...
2025-05-22 21:17:28,464 - INFO - Added prompt from line 944 to batch.
2025-05-22 21:17:28,464 - INFO - Processing batch of 8 prompts (up to line 944)...
2025-05-22 21:17:28,464 - INFO - Generating responses for batch of 8 prompts. System prompt: 'You are a helpful assistant.'
2025-05-22 21:17:28,464 - INFO - First formatted prompt for tokenizer (first 100 chars): '<|begin_of_text|><|start_header_id|>system<|end_header_id|>

Cutting Knowledge Date: December 2023
T...'
2025-05-22 21:17:28,464 - INFO - Input device: cuda:0, preparing to move inputs to device.
2025-05-22 21:17:28,469 - INFO - Batch of inputs tokenized, padded, truncated, and moved to model device.
2025-05-22 21:17:28,469 - INFO - Starting batched model.generate()...
Setting `pad_token_id` to `eos_token_id`:128001 for open-end generation.
2025-05-22 21:17:46,689 - INFO - Batched model.generate() completed.
2025-05-22 21:17:46,690 - INFO - Decoding batch of responses by stripping input tokens...
2025-05-22 21:17:46,691 - INFO - Input tokens stripped from responses.
2025-05-22 21:17:46,692 - INFO - Batch of responses generated.
2025-05-22 21:17:46,693 - INFO - Appended 8 results from batch to /scratch-shared/mschaffelder/Data/exp_1/results/generation_results_8b_single_v6.jsonl
2025-05-22 21:17:46,823 - INFO - Reading line 945 from test data...
2025-05-22 21:17:46,823 - INFO - Added prompt from line 945 to batch.
2025-05-22 21:17:46,823 - INFO - Reading line 946 from test data...
2025-05-22 21:17:46,823 - INFO - Added prompt from line 946 to batch.
2025-05-22 21:17:46,823 - INFO - Reading line 947 from test data...
2025-05-22 21:17:46,823 - INFO - Added prompt from line 947 to batch.
2025-05-22 21:17:46,823 - INFO - Reading line 948 from test data...
2025-05-22 21:17:46,823 - INFO - Added prompt from line 948 to batch.
2025-05-22 21:17:46,823 - INFO - Reading line 949 from test data...
2025-05-22 21:17:46,823 - INFO - Added prompt from line 949 to batch.
2025-05-22 21:17:46,823 - INFO - Reading line 950 from test data...
2025-05-22 21:17:46,823 - INFO - Added prompt from line 950 to batch.
2025-05-22 21:17:46,823 - INFO - Reading line 951 from test data...
2025-05-22 21:17:46,823 - INFO - Added prompt from line 951 to batch.
2025-05-22 21:17:46,823 - INFO - Reading line 952 from test data...
2025-05-22 21:17:46,823 - INFO - Added prompt from line 952 to batch.
2025-05-22 21:17:46,823 - INFO - Processing batch of 8 prompts (up to line 952)...
2025-05-22 21:17:46,823 - INFO - Generating responses for batch of 8 prompts. System prompt: 'You are a helpful assistant.'
2025-05-22 21:17:46,824 - INFO - First formatted prompt for tokenizer (first 100 chars): '<|begin_of_text|><|start_header_id|>system<|end_header_id|>

Cutting Knowledge Date: December 2023
T...'
2025-05-22 21:17:46,824 - INFO - Input device: cuda:0, preparing to move inputs to device.
2025-05-22 21:17:46,826 - INFO - Batch of inputs tokenized, padded, truncated, and moved to model device.
2025-05-22 21:17:46,826 - INFO - Starting batched model.generate()...
Setting `pad_token_id` to `eos_token_id`:128001 for open-end generation.
2025-05-22 21:18:04,792 - INFO - Batched model.generate() completed.
2025-05-22 21:18:04,792 - INFO - Decoding batch of responses by stripping input tokens...
2025-05-22 21:18:04,795 - INFO - Input tokens stripped from responses.
2025-05-22 21:18:04,795 - INFO - Batch of responses generated.
2025-05-22 21:18:04,796 - INFO - Appended 8 results from batch to /scratch-shared/mschaffelder/Data/exp_1/results/generation_results_8b_single_v6.jsonl
2025-05-22 21:18:04,796 - INFO - Reading line 953 from test data...
2025-05-22 21:18:04,796 - INFO - Added prompt from line 953 to batch.
2025-05-22 21:18:04,796 - INFO - Reading line 954 from test data...
2025-05-22 21:18:04,796 - INFO - Added prompt from line 954 to batch.
2025-05-22 21:18:04,797 - INFO - Reading line 955 from test data...
2025-05-22 21:18:04,797 - INFO - Added prompt from line 955 to batch.
2025-05-22 21:18:04,797 - INFO - Reading line 956 from test data...
2025-05-22 21:18:04,797 - INFO - Added prompt from line 956 to batch.
2025-05-22 21:18:04,797 - INFO - Reading line 957 from test data...
2025-05-22 21:18:04,797 - INFO - Added prompt from line 957 to batch.
2025-05-22 21:18:04,797 - INFO - Reading line 958 from test data...
2025-05-22 21:18:04,797 - INFO - Added prompt from line 958 to batch.
2025-05-22 21:18:04,797 - INFO - Reading line 959 from test data...
2025-05-22 21:18:04,797 - INFO - Added prompt from line 959 to batch.
2025-05-22 21:18:04,797 - INFO - Reading line 960 from test data...
2025-05-22 21:18:04,797 - INFO - Added prompt from line 960 to batch.
2025-05-22 21:18:04,797 - INFO - Processing batch of 8 prompts (up to line 960)...
2025-05-22 21:18:04,797 - INFO - Generating responses for batch of 8 prompts. System prompt: 'You are a helpful assistant.'
2025-05-22 21:18:04,797 - INFO - First formatted prompt for tokenizer (first 100 chars): '<|begin_of_text|><|start_header_id|>system<|end_header_id|>

Cutting Knowledge Date: December 2023
T...'
2025-05-22 21:18:04,797 - INFO - Input device: cuda:0, preparing to move inputs to device.
2025-05-22 21:18:04,799 - INFO - Batch of inputs tokenized, padded, truncated, and moved to model device.
2025-05-22 21:18:04,800 - INFO - Starting batched model.generate()...
Setting `pad_token_id` to `eos_token_id`:128001 for open-end generation.
2025-05-22 21:18:33,049 - INFO - Batched model.generate() completed.
2025-05-22 21:18:33,049 - INFO - Decoding batch of responses by stripping input tokens...
2025-05-22 21:18:33,052 - INFO - Input tokens stripped from responses.
2025-05-22 21:18:33,052 - INFO - Batch of responses generated.
2025-05-22 21:18:33,053 - INFO - Appended 8 results from batch to /scratch-shared/mschaffelder/Data/exp_1/results/generation_results_8b_single_v6.jsonl
2025-05-22 21:18:33,053 - INFO - Reading line 961 from test data...
2025-05-22 21:18:33,053 - INFO - Added prompt from line 961 to batch.
2025-05-22 21:18:33,053 - INFO - Reading line 962 from test data...
2025-05-22 21:18:33,053 - INFO - Added prompt from line 962 to batch.
2025-05-22 21:18:33,053 - INFO - Reading line 963 from test data...
2025-05-22 21:18:33,053 - INFO - Added prompt from line 963 to batch.
2025-05-22 21:18:33,053 - INFO - Reading line 964 from test data...
2025-05-22 21:18:33,053 - INFO - Added prompt from line 964 to batch.
2025-05-22 21:18:33,053 - INFO - Reading line 965 from test data...
2025-05-22 21:18:33,053 - INFO - Added prompt from line 965 to batch.
2025-05-22 21:18:33,053 - INFO - Reading line 966 from test data...
2025-05-22 21:18:33,053 - INFO - Added prompt from line 966 to batch.
2025-05-22 21:18:33,053 - INFO - Reading line 967 from test data...
2025-05-22 21:18:33,054 - INFO - Added prompt from line 967 to batch.
2025-05-22 21:18:33,054 - INFO - Reading line 968 from test data...
2025-05-22 21:18:33,054 - INFO - Added prompt from line 968 to batch.
2025-05-22 21:18:33,054 - INFO - Processing batch of 8 prompts (up to line 968)...
2025-05-22 21:18:33,054 - INFO - Generating responses for batch of 8 prompts. System prompt: 'You are a helpful assistant.'
2025-05-22 21:18:33,054 - INFO - First formatted prompt for tokenizer (first 100 chars): '<|begin_of_text|><|start_header_id|>system<|end_header_id|>

Cutting Knowledge Date: December 2023
T...'
2025-05-22 21:18:33,054 - INFO - Input device: cuda:0, preparing to move inputs to device.
2025-05-22 21:18:33,058 - INFO - Batch of inputs tokenized, padded, truncated, and moved to model device.
2025-05-22 21:18:33,058 - INFO - Starting batched model.generate()...
Setting `pad_token_id` to `eos_token_id`:128001 for open-end generation.
2025-05-22 21:18:55,259 - INFO - Batched model.generate() completed.
2025-05-22 21:18:55,259 - INFO - Decoding batch of responses by stripping input tokens...
2025-05-22 21:18:55,261 - INFO - Input tokens stripped from responses.
2025-05-22 21:18:55,262 - INFO - Batch of responses generated.
2025-05-22 21:18:55,402 - INFO - Appended 8 results from batch to /scratch-shared/mschaffelder/Data/exp_1/results/generation_results_8b_single_v6.jsonl
2025-05-22 21:18:55,402 - INFO - Reading line 969 from test data...
2025-05-22 21:18:55,402 - INFO - Added prompt from line 969 to batch.
2025-05-22 21:18:55,402 - INFO - Reading line 970 from test data...
2025-05-22 21:18:55,402 - INFO - Added prompt from line 970 to batch.
2025-05-22 21:18:55,403 - INFO - Reading line 971 from test data...
2025-05-22 21:18:55,403 - INFO - Added prompt from line 971 to batch.
2025-05-22 21:18:55,403 - INFO - Reading line 972 from test data...
2025-05-22 21:18:55,403 - INFO - Added prompt from line 972 to batch.
2025-05-22 21:18:55,403 - INFO - Reading line 973 from test data...
2025-05-22 21:18:55,403 - INFO - Added prompt from line 973 to batch.
2025-05-22 21:18:55,403 - INFO - Reading line 974 from test data...
2025-05-22 21:18:55,403 - INFO - Added prompt from line 974 to batch.
2025-05-22 21:18:55,403 - INFO - Reading line 975 from test data...
2025-05-22 21:18:55,403 - INFO - Added prompt from line 975 to batch.
2025-05-22 21:18:55,403 - INFO - Reading line 976 from test data...
2025-05-22 21:18:55,403 - INFO - Added prompt from line 976 to batch.
2025-05-22 21:18:55,403 - INFO - Processing batch of 8 prompts (up to line 976)...
2025-05-22 21:18:55,403 - INFO - Generating responses for batch of 8 prompts. System prompt: 'You are a helpful assistant.'
2025-05-22 21:18:55,622 - INFO - First formatted prompt for tokenizer (first 100 chars): '<|begin_of_text|><|start_header_id|>system<|end_header_id|>

Cutting Knowledge Date: December 2023
T...'
2025-05-22 21:18:55,622 - INFO - Input device: cuda:0, preparing to move inputs to device.
2025-05-22 21:18:55,624 - INFO - Batch of inputs tokenized, padded, truncated, and moved to model device.
2025-05-22 21:18:55,624 - INFO - Starting batched model.generate()...
Setting `pad_token_id` to `eos_token_id`:128001 for open-end generation.
2025-05-22 21:19:13,221 - INFO - Batched model.generate() completed.
2025-05-22 21:19:13,221 - INFO - Decoding batch of responses by stripping input tokens...
2025-05-22 21:19:13,223 - INFO - Input tokens stripped from responses.
2025-05-22 21:19:13,224 - INFO - Batch of responses generated.
2025-05-22 21:19:13,225 - INFO - Appended 8 results from batch to /scratch-shared/mschaffelder/Data/exp_1/results/generation_results_8b_single_v6.jsonl
2025-05-22 21:19:13,225 - INFO - Reading line 977 from test data...
2025-05-22 21:19:13,225 - INFO - Added prompt from line 977 to batch.
2025-05-22 21:19:13,225 - INFO - Reading line 978 from test data...
2025-05-22 21:19:13,225 - INFO - Added prompt from line 978 to batch.
2025-05-22 21:19:13,225 - INFO - Reading line 979 from test data...
2025-05-22 21:19:13,225 - INFO - Added prompt from line 979 to batch.
2025-05-22 21:19:13,225 - INFO - Reading line 980 from test data...
2025-05-22 21:19:13,225 - INFO - Added prompt from line 980 to batch.
2025-05-22 21:19:13,225 - INFO - Reading line 981 from test data...
2025-05-22 21:19:13,225 - INFO - Added prompt from line 981 to batch.
2025-05-22 21:19:13,225 - INFO - Reading line 982 from test data...
2025-05-22 21:19:13,225 - INFO - Added prompt from line 982 to batch.
2025-05-22 21:19:13,225 - INFO - Reading line 983 from test data...
2025-05-22 21:19:13,225 - INFO - Added prompt from line 983 to batch.
2025-05-22 21:19:13,225 - INFO - Reading line 984 from test data...
2025-05-22 21:19:13,225 - INFO - Added prompt from line 984 to batch.
2025-05-22 21:19:13,225 - INFO - Processing batch of 8 prompts (up to line 984)...
2025-05-22 21:19:13,225 - INFO - Generating responses for batch of 8 prompts. System prompt: 'You are a helpful assistant.'
2025-05-22 21:19:13,226 - INFO - First formatted prompt for tokenizer (first 100 chars): '<|begin_of_text|><|start_header_id|>system<|end_header_id|>

Cutting Knowledge Date: December 2023
T...'
2025-05-22 21:19:13,226 - INFO - Input device: cuda:0, preparing to move inputs to device.
2025-05-22 21:19:13,228 - INFO - Batch of inputs tokenized, padded, truncated, and moved to model device.
2025-05-22 21:19:13,228 - INFO - Starting batched model.generate()...
Setting `pad_token_id` to `eos_token_id`:128001 for open-end generation.
2025-05-22 21:19:36,668 - INFO - Batched model.generate() completed.
2025-05-22 21:19:36,668 - INFO - Decoding batch of responses by stripping input tokens...
2025-05-22 21:19:36,670 - INFO - Input tokens stripped from responses.
2025-05-22 21:19:36,670 - INFO - Batch of responses generated.
2025-05-22 21:19:36,671 - INFO - Appended 8 results from batch to /scratch-shared/mschaffelder/Data/exp_1/results/generation_results_8b_single_v6.jsonl
2025-05-22 21:19:36,671 - INFO - Reading line 985 from test data...
2025-05-22 21:19:36,671 - INFO - Added prompt from line 985 to batch.
2025-05-22 21:19:36,671 - INFO - Reading line 986 from test data...
2025-05-22 21:19:36,671 - INFO - Added prompt from line 986 to batch.
2025-05-22 21:19:36,671 - INFO - Reading line 987 from test data...
2025-05-22 21:19:36,671 - INFO - Added prompt from line 987 to batch.
2025-05-22 21:19:36,671 - INFO - Reading line 988 from test data...
2025-05-22 21:19:36,671 - INFO - Added prompt from line 988 to batch.
2025-05-22 21:19:36,671 - INFO - Reading line 989 from test data...
2025-05-22 21:19:36,671 - INFO - Added prompt from line 989 to batch.
2025-05-22 21:19:36,671 - INFO - Reading line 990 from test data...
2025-05-22 21:19:36,671 - INFO - Added prompt from line 990 to batch.
2025-05-22 21:19:36,840 - INFO - Reading line 991 from test data...
2025-05-22 21:19:36,840 - INFO - Added prompt from line 991 to batch.
2025-05-22 21:19:36,840 - INFO - Reading line 992 from test data...
2025-05-22 21:19:36,840 - INFO - Added prompt from line 992 to batch.
2025-05-22 21:19:36,840 - INFO - Processing batch of 8 prompts (up to line 992)...
2025-05-22 21:19:36,840 - INFO - Generating responses for batch of 8 prompts. System prompt: 'You are a helpful assistant.'
2025-05-22 21:19:36,841 - INFO - First formatted prompt for tokenizer (first 100 chars): '<|begin_of_text|><|start_header_id|>system<|end_header_id|>

Cutting Knowledge Date: December 2023
T...'
2025-05-22 21:19:36,841 - INFO - Input device: cuda:0, preparing to move inputs to device.
2025-05-22 21:19:36,842 - INFO - Batch of inputs tokenized, padded, truncated, and moved to model device.
2025-05-22 21:19:36,843 - INFO - Starting batched model.generate()...
Setting `pad_token_id` to `eos_token_id`:128001 for open-end generation.
2025-05-22 21:20:01,344 - INFO - Batched model.generate() completed.
2025-05-22 21:20:01,344 - INFO - Decoding batch of responses by stripping input tokens...
2025-05-22 21:20:01,346 - INFO - Input tokens stripped from responses.
2025-05-22 21:20:01,347 - INFO - Batch of responses generated.
2025-05-22 21:20:01,348 - INFO - Appended 8 results from batch to /scratch-shared/mschaffelder/Data/exp_1/results/generation_results_8b_single_v6.jsonl
2025-05-22 21:20:01,348 - INFO - Reading line 993 from test data...
2025-05-22 21:20:01,348 - INFO - Added prompt from line 993 to batch.
2025-05-22 21:20:01,348 - INFO - Reading line 994 from test data...
2025-05-22 21:20:01,348 - INFO - Added prompt from line 994 to batch.
2025-05-22 21:20:01,348 - INFO - Reading line 995 from test data...
2025-05-22 21:20:01,348 - INFO - Added prompt from line 995 to batch.
2025-05-22 21:20:01,348 - INFO - Reading line 996 from test data...
2025-05-22 21:20:01,348 - INFO - Added prompt from line 996 to batch.
2025-05-22 21:20:01,349 - INFO - Reading line 997 from test data...
2025-05-22 21:20:01,349 - INFO - Added prompt from line 997 to batch.
2025-05-22 21:20:01,349 - INFO - Reading line 998 from test data...
2025-05-22 21:20:01,349 - INFO - Added prompt from line 998 to batch.
2025-05-22 21:20:01,349 - INFO - Reading line 999 from test data...
2025-05-22 21:20:01,349 - INFO - Added prompt from line 999 to batch.
2025-05-22 21:20:01,349 - INFO - Reading line 1000 from test data...
2025-05-22 21:20:01,349 - INFO - Added prompt from line 1000 to batch.
2025-05-22 21:20:01,349 - INFO - Processing batch of 8 prompts (up to line 1000)...
2025-05-22 21:20:01,349 - INFO - Generating responses for batch of 8 prompts. System prompt: 'You are a helpful assistant.'
2025-05-22 21:20:01,349 - INFO - First formatted prompt for tokenizer (first 100 chars): '<|begin_of_text|><|start_header_id|>system<|end_header_id|>

Cutting Knowledge Date: December 2023
T...'
2025-05-22 21:20:01,349 - INFO - Input device: cuda:0, preparing to move inputs to device.
2025-05-22 21:20:01,353 - INFO - Batch of inputs tokenized, padded, truncated, and moved to model device.
2025-05-22 21:20:01,353 - INFO - Starting batched model.generate()...
Setting `pad_token_id` to `eos_token_id`:128001 for open-end generation.
2025-05-22 21:20:34,312 - INFO - Batched model.generate() completed.
2025-05-22 21:20:34,312 - INFO - Decoding batch of responses by stripping input tokens...
2025-05-22 21:20:34,315 - INFO - Input tokens stripped from responses.
2025-05-22 21:20:34,315 - INFO - Batch of responses generated.
2025-05-22 21:20:34,317 - INFO - Appended 8 results from batch to /scratch-shared/mschaffelder/Data/exp_1/results/generation_results_8b_single_v6.jsonl
2025-05-22 21:20:34,317 - INFO - Reading line 1001 from test data...
2025-05-22 21:20:34,317 - INFO - Added prompt from line 1001 to batch.
2025-05-22 21:20:34,317 - INFO - Reading line 1002 from test data...
2025-05-22 21:20:34,317 - INFO - Added prompt from line 1002 to batch.
2025-05-22 21:20:34,317 - INFO - Reading line 1003 from test data...
2025-05-22 21:20:34,681 - INFO - Added prompt from line 1003 to batch.
2025-05-22 21:20:34,681 - INFO - Reading line 1004 from test data...
2025-05-22 21:20:34,681 - INFO - Added prompt from line 1004 to batch.
2025-05-22 21:20:34,681 - INFO - Reading line 1005 from test data...
2025-05-22 21:20:34,681 - INFO - Added prompt from line 1005 to batch.
2025-05-22 21:20:34,681 - INFO - Reading line 1006 from test data...
2025-05-22 21:20:34,681 - INFO - Added prompt from line 1006 to batch.
2025-05-22 21:20:34,681 - INFO - Reading line 1007 from test data...
2025-05-22 21:20:34,681 - INFO - Added prompt from line 1007 to batch.
2025-05-22 21:20:34,681 - INFO - Reading line 1008 from test data...
2025-05-22 21:20:34,681 - INFO - Added prompt from line 1008 to batch.
2025-05-22 21:20:34,681 - INFO - Processing batch of 8 prompts (up to line 1008)...
2025-05-22 21:20:34,681 - INFO - Generating responses for batch of 8 prompts. System prompt: 'You are a helpful assistant.'
2025-05-22 21:20:34,682 - INFO - First formatted prompt for tokenizer (first 100 chars): '<|begin_of_text|><|start_header_id|>system<|end_header_id|>

Cutting Knowledge Date: December 2023
T...'
2025-05-22 21:20:34,682 - INFO - Input device: cuda:0, preparing to move inputs to device.
2025-05-22 21:20:34,685 - INFO - Batch of inputs tokenized, padded, truncated, and moved to model device.
2025-05-22 21:20:34,685 - INFO - Starting batched model.generate()...
Setting `pad_token_id` to `eos_token_id`:128001 for open-end generation.
2025-05-22 21:20:57,793 - INFO - Batched model.generate() completed.
2025-05-22 21:20:57,793 - INFO - Decoding batch of responses by stripping input tokens...
2025-05-22 21:20:57,795 - INFO - Input tokens stripped from responses.
2025-05-22 21:20:57,796 - INFO - Batch of responses generated.
2025-05-22 21:20:58,101 - INFO - Appended 8 results from batch to /scratch-shared/mschaffelder/Data/exp_1/results/generation_results_8b_single_v6.jsonl
2025-05-22 21:20:58,101 - INFO - Reading line 1009 from test data...
2025-05-22 21:20:58,102 - INFO - Added prompt from line 1009 to batch.
2025-05-22 21:20:58,102 - INFO - Reading line 1010 from test data...
2025-05-22 21:20:58,102 - INFO - Added prompt from line 1010 to batch.
2025-05-22 21:20:58,102 - INFO - Reading line 1011 from test data...
2025-05-22 21:20:58,102 - INFO - Added prompt from line 1011 to batch.
2025-05-22 21:20:58,102 - INFO - Reading line 1012 from test data...
2025-05-22 21:20:58,102 - INFO - Added prompt from line 1012 to batch.
2025-05-22 21:20:58,102 - INFO - Reading line 1013 from test data...
2025-05-22 21:20:58,102 - INFO - Added prompt from line 1013 to batch.
2025-05-22 21:20:58,102 - INFO - Reading line 1014 from test data...
2025-05-22 21:20:58,102 - INFO - Added prompt from line 1014 to batch.
2025-05-22 21:20:58,102 - INFO - Reading line 1015 from test data...
2025-05-22 21:20:58,102 - INFO - Added prompt from line 1015 to batch.
2025-05-22 21:20:58,102 - INFO - Reading line 1016 from test data...
2025-05-22 21:20:58,102 - INFO - Added prompt from line 1016 to batch.
2025-05-22 21:20:58,102 - INFO - Processing batch of 8 prompts (up to line 1016)...
2025-05-22 21:20:58,102 - INFO - Generating responses for batch of 8 prompts. System prompt: 'You are a helpful assistant.'
2025-05-22 21:20:58,103 - INFO - First formatted prompt for tokenizer (first 100 chars): '<|begin_of_text|><|start_header_id|>system<|end_header_id|>

Cutting Knowledge Date: December 2023
T...'
2025-05-22 21:20:58,103 - INFO - Input device: cuda:0, preparing to move inputs to device.
2025-05-22 21:20:58,105 - INFO - Batch of inputs tokenized, padded, truncated, and moved to model device.
2025-05-22 21:20:58,105 - INFO - Starting batched model.generate()...
Setting `pad_token_id` to `eos_token_id`:128001 for open-end generation.
2025-05-22 21:21:13,527 - INFO - Batched model.generate() completed.
2025-05-22 21:21:13,528 - INFO - Decoding batch of responses by stripping input tokens...
2025-05-22 21:21:13,529 - INFO - Input tokens stripped from responses.
2025-05-22 21:21:13,530 - INFO - Batch of responses generated.
2025-05-22 21:21:13,668 - INFO - Appended 8 results from batch to /scratch-shared/mschaffelder/Data/exp_1/results/generation_results_8b_single_v6.jsonl
2025-05-22 21:21:13,668 - INFO - Reading line 1017 from test data...
2025-05-22 21:21:13,668 - INFO - Added prompt from line 1017 to batch.
2025-05-22 21:21:13,668 - INFO - Reading line 1018 from test data...
2025-05-22 21:21:13,668 - INFO - Added prompt from line 1018 to batch.
2025-05-22 21:21:13,668 - INFO - Reading line 1019 from test data...
2025-05-22 21:21:13,668 - INFO - Added prompt from line 1019 to batch.
2025-05-22 21:21:13,668 - INFO - Reading line 1020 from test data...
2025-05-22 21:21:13,668 - INFO - Added prompt from line 1020 to batch.
2025-05-22 21:21:13,668 - INFO - Reading line 1021 from test data...
2025-05-22 21:21:13,669 - INFO - Added prompt from line 1021 to batch.
2025-05-22 21:21:13,669 - INFO - Reading line 1022 from test data...
2025-05-22 21:21:13,669 - INFO - Added prompt from line 1022 to batch.
2025-05-22 21:21:13,669 - INFO - Reading line 1023 from test data...
2025-05-22 21:21:13,669 - INFO - Added prompt from line 1023 to batch.
2025-05-22 21:21:13,669 - INFO - Reading line 1024 from test data...
2025-05-22 21:21:13,669 - INFO - Added prompt from line 1024 to batch.
2025-05-22 21:21:13,669 - INFO - Processing batch of 8 prompts (up to line 1024)...
2025-05-22 21:21:13,669 - INFO - Generating responses for batch of 8 prompts. System prompt: 'You are a helpful assistant.'
2025-05-22 21:21:13,669 - INFO - First formatted prompt for tokenizer (first 100 chars): '<|begin_of_text|><|start_header_id|>system<|end_header_id|>

Cutting Knowledge Date: December 2023
T...'
2025-05-22 21:21:13,669 - INFO - Input device: cuda:0, preparing to move inputs to device.
2025-05-22 21:21:13,672 - INFO - Batch of inputs tokenized, padded, truncated, and moved to model device.
2025-05-22 21:21:13,673 - INFO - Starting batched model.generate()...
Setting `pad_token_id` to `eos_token_id`:128001 for open-end generation.
2025-05-22 21:21:46,700 - INFO - Batched model.generate() completed.
2025-05-22 21:21:46,700 - INFO - Decoding batch of responses by stripping input tokens...
2025-05-22 21:21:46,703 - INFO - Input tokens stripped from responses.
2025-05-22 21:21:46,703 - INFO - Batch of responses generated.
2025-05-22 21:21:46,705 - INFO - Appended 8 results from batch to /scratch-shared/mschaffelder/Data/exp_1/results/generation_results_8b_single_v6.jsonl
2025-05-22 21:21:46,705 - INFO - Reading line 1025 from test data...
2025-05-22 21:21:46,705 - INFO - Added prompt from line 1025 to batch.
2025-05-22 21:21:46,705 - INFO - Reading line 1026 from test data...
2025-05-22 21:21:46,705 - INFO - Added prompt from line 1026 to batch.
2025-05-22 21:21:46,705 - INFO - Reading line 1027 from test data...
2025-05-22 21:21:46,705 - INFO - Added prompt from line 1027 to batch.
2025-05-22 21:21:46,705 - INFO - Reading line 1028 from test data...
2025-05-22 21:21:46,705 - INFO - Added prompt from line 1028 to batch.
2025-05-22 21:21:46,705 - INFO - Reading line 1029 from test data...
2025-05-22 21:21:46,705 - INFO - Added prompt from line 1029 to batch.
2025-05-22 21:21:46,705 - INFO - Reading line 1030 from test data...
2025-05-22 21:21:46,705 - INFO - Added prompt from line 1030 to batch.
2025-05-22 21:21:46,705 - INFO - Reading line 1031 from test data...
2025-05-22 21:21:46,705 - INFO - Added prompt from line 1031 to batch.
2025-05-22 21:21:46,705 - INFO - Reading line 1032 from test data...
2025-05-22 21:21:46,705 - INFO - Added prompt from line 1032 to batch.
2025-05-22 21:21:46,705 - INFO - Processing batch of 8 prompts (up to line 1032)...
2025-05-22 21:21:46,705 - INFO - Generating responses for batch of 8 prompts. System prompt: 'You are a helpful assistant.'
2025-05-22 21:21:46,706 - INFO - First formatted prompt for tokenizer (first 100 chars): '<|begin_of_text|><|start_header_id|>system<|end_header_id|>

Cutting Knowledge Date: December 2023
T...'
2025-05-22 21:21:46,706 - INFO - Input device: cuda:0, preparing to move inputs to device.
2025-05-22 21:21:46,756 - INFO - Batch of inputs tokenized, padded, truncated, and moved to model device.
2025-05-22 21:21:46,756 - INFO - Starting batched model.generate()...
Setting `pad_token_id` to `eos_token_id`:128001 for open-end generation.
2025-05-22 21:22:09,470 - INFO - Batched model.generate() completed.
2025-05-22 21:22:09,470 - INFO - Decoding batch of responses by stripping input tokens...
2025-05-22 21:22:09,473 - INFO - Input tokens stripped from responses.
2025-05-22 21:22:09,474 - INFO - Batch of responses generated.
2025-05-22 21:22:09,475 - INFO - Appended 8 results from batch to /scratch-shared/mschaffelder/Data/exp_1/results/generation_results_8b_single_v6.jsonl
2025-05-22 21:22:09,475 - INFO - Reading line 1033 from test data...
2025-05-22 21:22:09,475 - INFO - Added prompt from line 1033 to batch.
2025-05-22 21:22:09,475 - INFO - Reading line 1034 from test data...
2025-05-22 21:22:09,475 - INFO - Added prompt from line 1034 to batch.
2025-05-22 21:22:09,475 - INFO - Reading line 1035 from test data...
2025-05-22 21:22:09,475 - INFO - Added prompt from line 1035 to batch.
2025-05-22 21:22:09,475 - INFO - Reading line 1036 from test data...
2025-05-22 21:22:09,475 - INFO - Added prompt from line 1036 to batch.
2025-05-22 21:22:09,475 - INFO - Reading line 1037 from test data...
2025-05-22 21:22:09,475 - INFO - Added prompt from line 1037 to batch.
2025-05-22 21:22:09,475 - INFO - Reading line 1038 from test data...
2025-05-22 21:22:09,475 - INFO - Added prompt from line 1038 to batch.
2025-05-22 21:22:09,475 - INFO - Reading line 1039 from test data...
2025-05-22 21:22:09,475 - INFO - Added prompt from line 1039 to batch.
2025-05-22 21:22:09,475 - INFO - Reading line 1040 from test data...
2025-05-22 21:22:09,475 - INFO - Added prompt from line 1040 to batch.
2025-05-22 21:22:09,475 - INFO - Processing batch of 8 prompts (up to line 1040)...
2025-05-22 21:22:09,475 - INFO - Generating responses for batch of 8 prompts. System prompt: 'You are a helpful assistant.'
2025-05-22 21:22:09,476 - INFO - First formatted prompt for tokenizer (first 100 chars): '<|begin_of_text|><|start_header_id|>system<|end_header_id|>

Cutting Knowledge Date: December 2023
T...'
2025-05-22 21:22:09,476 - INFO - Input device: cuda:0, preparing to move inputs to device.
2025-05-22 21:22:09,478 - INFO - Batch of inputs tokenized, padded, truncated, and moved to model device.
2025-05-22 21:22:09,478 - INFO - Starting batched model.generate()...
Setting `pad_token_id` to `eos_token_id`:128001 for open-end generation.
2025-05-22 21:22:30,976 - INFO - Batched model.generate() completed.
2025-05-22 21:22:30,976 - INFO - Decoding batch of responses by stripping input tokens...
2025-05-22 21:22:30,978 - INFO - Input tokens stripped from responses.
2025-05-22 21:22:30,978 - INFO - Batch of responses generated.
2025-05-22 21:22:30,978 - INFO - Appended 8 results from batch to /scratch-shared/mschaffelder/Data/exp_1/results/generation_results_8b_single_v6.jsonl
2025-05-22 21:22:30,978 - INFO - Reading line 1041 from test data...
2025-05-22 21:22:30,978 - INFO - Added prompt from line 1041 to batch.
2025-05-22 21:22:30,978 - INFO - Reading line 1042 from test data...
2025-05-22 21:22:30,978 - INFO - Added prompt from line 1042 to batch.
2025-05-22 21:22:30,978 - INFO - Reading line 1043 from test data...
2025-05-22 21:22:30,978 - INFO - Added prompt from line 1043 to batch.
2025-05-22 21:22:30,978 - INFO - Reading line 1044 from test data...
2025-05-22 21:22:30,978 - INFO - Added prompt from line 1044 to batch.
2025-05-22 21:22:30,978 - INFO - Reading line 1045 from test data...
2025-05-22 21:22:30,978 - INFO - Added prompt from line 1045 to batch.
2025-05-22 21:22:30,979 - INFO - Reading line 1046 from test data...
2025-05-22 21:22:30,979 - INFO - Added prompt from line 1046 to batch.
2025-05-22 21:22:30,979 - INFO - Reading line 1047 from test data...
2025-05-22 21:22:30,979 - INFO - Added prompt from line 1047 to batch.
2025-05-22 21:22:30,979 - INFO - Reading line 1048 from test data...
2025-05-22 21:22:30,979 - INFO - Added prompt from line 1048 to batch.
2025-05-22 21:22:31,205 - INFO - Processing batch of 8 prompts (up to line 1048)...
2025-05-22 21:22:31,205 - INFO - Generating responses for batch of 8 prompts. System prompt: 'You are a helpful assistant.'
2025-05-22 21:22:31,206 - INFO - First formatted prompt for tokenizer (first 100 chars): '<|begin_of_text|><|start_header_id|>system<|end_header_id|>

Cutting Knowledge Date: December 2023
T...'
2025-05-22 21:22:31,206 - INFO - Input device: cuda:0, preparing to move inputs to device.
2025-05-22 21:22:31,210 - INFO - Batch of inputs tokenized, padded, truncated, and moved to model device.
2025-05-22 21:22:31,211 - INFO - Starting batched model.generate()...
Setting `pad_token_id` to `eos_token_id`:128001 for open-end generation.
2025-05-22 21:22:54,386 - INFO - Batched model.generate() completed.
2025-05-22 21:22:54,387 - INFO - Decoding batch of responses by stripping input tokens...
2025-05-22 21:22:54,389 - INFO - Input tokens stripped from responses.
2025-05-22 21:22:54,389 - INFO - Batch of responses generated.
2025-05-22 21:22:54,391 - INFO - Appended 8 results from batch to /scratch-shared/mschaffelder/Data/exp_1/results/generation_results_8b_single_v6.jsonl
2025-05-22 21:22:54,391 - INFO - Reading line 1049 from test data...
2025-05-22 21:22:54,391 - INFO - Added prompt from line 1049 to batch.
2025-05-22 21:22:54,391 - INFO - Reading line 1050 from test data...
2025-05-22 21:22:54,391 - INFO - Added prompt from line 1050 to batch.
2025-05-22 21:22:54,391 - INFO - Reading line 1051 from test data...
2025-05-22 21:22:54,391 - INFO - Added prompt from line 1051 to batch.
2025-05-22 21:22:54,391 - INFO - Reading line 1052 from test data...
2025-05-22 21:22:54,391 - INFO - Added prompt from line 1052 to batch.
2025-05-22 21:22:54,391 - INFO - Reading line 1053 from test data...
2025-05-22 21:22:54,391 - INFO - Added prompt from line 1053 to batch.
2025-05-22 21:22:54,391 - INFO - Reading line 1054 from test data...
2025-05-22 21:22:54,391 - INFO - Added prompt from line 1054 to batch.
2025-05-22 21:22:54,391 - INFO - Reading line 1055 from test data...
2025-05-22 21:22:54,391 - INFO - Added prompt from line 1055 to batch.
2025-05-22 21:22:54,391 - INFO - Reading line 1056 from test data...
2025-05-22 21:22:54,391 - INFO - Added prompt from line 1056 to batch.
2025-05-22 21:22:54,391 - INFO - Processing batch of 8 prompts (up to line 1056)...
2025-05-22 21:22:54,391 - INFO - Generating responses for batch of 8 prompts. System prompt: 'You are a helpful assistant.'
2025-05-22 21:22:54,392 - INFO - First formatted prompt for tokenizer (first 100 chars): '<|begin_of_text|><|start_header_id|>system<|end_header_id|>

Cutting Knowledge Date: December 2023
T...'
2025-05-22 21:22:54,392 - INFO - Input device: cuda:0, preparing to move inputs to device.
2025-05-22 21:22:54,395 - INFO - Batch of inputs tokenized, padded, truncated, and moved to model device.
2025-05-22 21:22:54,395 - INFO - Starting batched model.generate()...
Setting `pad_token_id` to `eos_token_id`:128001 for open-end generation.
2025-05-22 21:23:24,460 - INFO - Batched model.generate() completed.
2025-05-22 21:23:24,460 - INFO - Decoding batch of responses by stripping input tokens...
2025-05-22 21:23:24,463 - INFO - Input tokens stripped from responses.
2025-05-22 21:23:24,463 - INFO - Batch of responses generated.
2025-05-22 21:23:24,464 - INFO - Appended 8 results from batch to /scratch-shared/mschaffelder/Data/exp_1/results/generation_results_8b_single_v6.jsonl
2025-05-22 21:23:24,464 - INFO - Reading line 1057 from test data...
2025-05-22 21:23:24,464 - INFO - Added prompt from line 1057 to batch.
2025-05-22 21:23:24,464 - INFO - Reading line 1058 from test data...
2025-05-22 21:23:24,464 - INFO - Added prompt from line 1058 to batch.
2025-05-22 21:23:24,464 - INFO - Reading line 1059 from test data...
2025-05-22 21:23:24,464 - INFO - Added prompt from line 1059 to batch.
2025-05-22 21:23:24,464 - INFO - Reading line 1060 from test data...
2025-05-22 21:23:24,464 - INFO - Added prompt from line 1060 to batch.
2025-05-22 21:23:24,464 - INFO - Reading line 1061 from test data...
2025-05-22 21:23:24,497 - INFO - Added prompt from line 1061 to batch.
2025-05-22 21:23:24,497 - INFO - Reading line 1062 from test data...
2025-05-22 21:23:24,497 - INFO - Added prompt from line 1062 to batch.
2025-05-22 21:23:24,497 - INFO - Reading line 1063 from test data...
2025-05-22 21:23:24,497 - INFO - Added prompt from line 1063 to batch.
2025-05-22 21:23:24,497 - INFO - Reading line 1064 from test data...
2025-05-22 21:23:24,497 - INFO - Added prompt from line 1064 to batch.
2025-05-22 21:23:24,497 - INFO - Processing batch of 8 prompts (up to line 1064)...
2025-05-22 21:23:24,497 - INFO - Generating responses for batch of 8 prompts. System prompt: 'You are a helpful assistant.'
2025-05-22 21:23:24,498 - INFO - First formatted prompt for tokenizer (first 100 chars): '<|begin_of_text|><|start_header_id|>system<|end_header_id|>

Cutting Knowledge Date: December 2023
T...'
2025-05-22 21:23:24,498 - INFO - Input device: cuda:0, preparing to move inputs to device.
2025-05-22 21:23:24,502 - INFO - Batch of inputs tokenized, padded, truncated, and moved to model device.
2025-05-22 21:23:24,502 - INFO - Starting batched model.generate()...
Setting `pad_token_id` to `eos_token_id`:128001 for open-end generation.
2025-05-22 21:23:44,735 - INFO - Batched model.generate() completed.
2025-05-22 21:23:44,735 - INFO - Decoding batch of responses by stripping input tokens...
2025-05-22 21:23:44,737 - INFO - Input tokens stripped from responses.
2025-05-22 21:23:44,737 - INFO - Batch of responses generated.
2025-05-22 21:23:44,738 - INFO - Appended 8 results from batch to /scratch-shared/mschaffelder/Data/exp_1/results/generation_results_8b_single_v6.jsonl
2025-05-22 21:23:44,738 - INFO - Reading line 1065 from test data...
2025-05-22 21:23:44,739 - INFO - Added prompt from line 1065 to batch.
2025-05-22 21:23:44,739 - INFO - Reading line 1066 from test data...
2025-05-22 21:23:44,739 - INFO - Added prompt from line 1066 to batch.
2025-05-22 21:23:44,739 - INFO - Reading line 1067 from test data...
2025-05-22 21:23:44,739 - INFO - Added prompt from line 1067 to batch.
2025-05-22 21:23:44,739 - INFO - Reading line 1068 from test data...
2025-05-22 21:23:44,739 - INFO - Added prompt from line 1068 to batch.
2025-05-22 21:23:44,739 - INFO - Reading line 1069 from test data...
2025-05-22 21:23:44,739 - INFO - Added prompt from line 1069 to batch.
2025-05-22 21:23:44,739 - INFO - Reading line 1070 from test data...
2025-05-22 21:23:44,739 - INFO - Added prompt from line 1070 to batch.
2025-05-22 21:23:44,739 - INFO - Reading line 1071 from test data...
2025-05-22 21:23:44,739 - INFO - Added prompt from line 1071 to batch.
2025-05-22 21:23:44,739 - INFO - Reading line 1072 from test data...
2025-05-22 21:23:44,739 - INFO - Added prompt from line 1072 to batch.
2025-05-22 21:23:44,739 - INFO - Processing batch of 8 prompts (up to line 1072)...
2025-05-22 21:23:44,739 - INFO - Generating responses for batch of 8 prompts. System prompt: 'You are a helpful assistant.'
2025-05-22 21:23:44,739 - INFO - First formatted prompt for tokenizer (first 100 chars): '<|begin_of_text|><|start_header_id|>system<|end_header_id|>

Cutting Knowledge Date: December 2023
T...'
2025-05-22 21:23:44,739 - INFO - Input device: cuda:0, preparing to move inputs to device.
2025-05-22 21:23:44,743 - INFO - Batch of inputs tokenized, padded, truncated, and moved to model device.
2025-05-22 21:23:44,743 - INFO - Starting batched model.generate()...
Setting `pad_token_id` to `eos_token_id`:128001 for open-end generation.
2025-05-22 21:24:04,236 - INFO - Batched model.generate() completed.
2025-05-22 21:24:04,236 - INFO - Decoding batch of responses by stripping input tokens...
2025-05-22 21:24:04,238 - INFO - Input tokens stripped from responses.
2025-05-22 21:24:04,239 - INFO - Batch of responses generated.
2025-05-22 21:24:04,240 - INFO - Appended 8 results from batch to /scratch-shared/mschaffelder/Data/exp_1/results/generation_results_8b_single_v6.jsonl
2025-05-22 21:24:04,241 - INFO - Reading line 1073 from test data...
2025-05-22 21:24:04,318 - INFO - Added prompt from line 1073 to batch.
2025-05-22 21:24:04,318 - INFO - Reading line 1074 from test data...
2025-05-22 21:24:04,318 - INFO - Added prompt from line 1074 to batch.
2025-05-22 21:24:04,318 - INFO - Reading line 1075 from test data...
2025-05-22 21:24:04,318 - INFO - Added prompt from line 1075 to batch.
2025-05-22 21:24:04,318 - INFO - Reading line 1076 from test data...
2025-05-22 21:24:04,318 - INFO - Added prompt from line 1076 to batch.
2025-05-22 21:24:04,318 - INFO - Reading line 1077 from test data...
2025-05-22 21:24:04,318 - INFO - Added prompt from line 1077 to batch.
2025-05-22 21:24:04,318 - INFO - Reading line 1078 from test data...
2025-05-22 21:24:04,318 - INFO - Added prompt from line 1078 to batch.
2025-05-22 21:24:04,318 - INFO - Reading line 1079 from test data...
2025-05-22 21:24:04,318 - INFO - Added prompt from line 1079 to batch.
2025-05-22 21:24:04,318 - INFO - Reading line 1080 from test data...
2025-05-22 21:24:04,318 - INFO - Added prompt from line 1080 to batch.
2025-05-22 21:24:04,318 - INFO - Processing batch of 8 prompts (up to line 1080)...
2025-05-22 21:24:04,318 - INFO - Generating responses for batch of 8 prompts. System prompt: 'You are a helpful assistant.'
2025-05-22 21:24:04,319 - INFO - First formatted prompt for tokenizer (first 100 chars): '<|begin_of_text|><|start_header_id|>system<|end_header_id|>

Cutting Knowledge Date: December 2023
T...'
2025-05-22 21:24:04,319 - INFO - Input device: cuda:0, preparing to move inputs to device.
2025-05-22 21:24:04,322 - INFO - Batch of inputs tokenized, padded, truncated, and moved to model device.
2025-05-22 21:24:04,322 - INFO - Starting batched model.generate()...
Setting `pad_token_id` to `eos_token_id`:128001 for open-end generation.
2025-05-22 21:24:25,782 - INFO - Batched model.generate() completed.
2025-05-22 21:24:25,782 - INFO - Decoding batch of responses by stripping input tokens...
2025-05-22 21:24:25,784 - INFO - Input tokens stripped from responses.
2025-05-22 21:24:25,784 - INFO - Batch of responses generated.
2025-05-22 21:24:25,786 - INFO - Appended 8 results from batch to /scratch-shared/mschaffelder/Data/exp_1/results/generation_results_8b_single_v6.jsonl
2025-05-22 21:24:25,786 - INFO - Reading line 1081 from test data...
2025-05-22 21:24:25,786 - INFO - Added prompt from line 1081 to batch.
2025-05-22 21:24:25,786 - INFO - Reading line 1082 from test data...
2025-05-22 21:24:25,786 - INFO - Added prompt from line 1082 to batch.
2025-05-22 21:24:25,786 - INFO - Reading line 1083 from test data...
2025-05-22 21:24:25,786 - INFO - Added prompt from line 1083 to batch.
2025-05-22 21:24:25,786 - INFO - Reading line 1084 from test data...
2025-05-22 21:24:25,786 - INFO - Added prompt from line 1084 to batch.
2025-05-22 21:24:25,786 - INFO - Reading line 1085 from test data...
2025-05-22 21:24:25,786 - INFO - Added prompt from line 1085 to batch.
2025-05-22 21:24:25,786 - INFO - Reading line 1086 from test data...
2025-05-22 21:24:25,786 - INFO - Added prompt from line 1086 to batch.
2025-05-22 21:24:25,786 - INFO - Reading line 1087 from test data...
2025-05-22 21:24:25,786 - INFO - Added prompt from line 1087 to batch.
2025-05-22 21:24:25,786 - INFO - Reading line 1088 from test data...
2025-05-22 21:24:25,786 - INFO - Added prompt from line 1088 to batch.
2025-05-22 21:24:25,786 - INFO - Processing batch of 8 prompts (up to line 1088)...
2025-05-22 21:24:25,786 - INFO - Generating responses for batch of 8 prompts. System prompt: 'You are a helpful assistant.'
2025-05-22 21:24:25,787 - INFO - First formatted prompt for tokenizer (first 100 chars): '<|begin_of_text|><|start_header_id|>system<|end_header_id|>

Cutting Knowledge Date: December 2023
T...'
2025-05-22 21:24:25,787 - INFO - Input device: cuda:0, preparing to move inputs to device.
2025-05-22 21:24:25,789 - INFO - Batch of inputs tokenized, padded, truncated, and moved to model device.
2025-05-22 21:24:25,789 - INFO - Starting batched model.generate()...
Setting `pad_token_id` to `eos_token_id`:128001 for open-end generation.
2025-05-22 21:24:31,273 - INFO - Batched model.generate() completed.
2025-05-22 21:24:31,273 - INFO - Decoding batch of responses by stripping input tokens...
2025-05-22 21:24:31,274 - INFO - Input tokens stripped from responses.
2025-05-22 21:24:31,275 - INFO - Batch of responses generated.
2025-05-22 21:24:31,276 - INFO - Appended 8 results from batch to /scratch-shared/mschaffelder/Data/exp_1/results/generation_results_8b_single_v6.jsonl
2025-05-22 21:24:31,276 - INFO - Reading line 1089 from test data...
2025-05-22 21:24:31,276 - INFO - Added prompt from line 1089 to batch.
2025-05-22 21:24:31,276 - INFO - Reading line 1090 from test data...
2025-05-22 21:24:31,276 - INFO - Added prompt from line 1090 to batch.
2025-05-22 21:24:31,276 - INFO - Reading line 1091 from test data...
2025-05-22 21:24:31,276 - INFO - Added prompt from line 1091 to batch.
2025-05-22 21:24:31,276 - INFO - Reading line 1092 from test data...
2025-05-22 21:24:31,276 - INFO - Added prompt from line 1092 to batch.
2025-05-22 21:24:31,276 - INFO - Reading line 1093 from test data...
2025-05-22 21:24:31,276 - INFO - Added prompt from line 1093 to batch.
2025-05-22 21:24:31,276 - INFO - Reading line 1094 from test data...
2025-05-22 21:24:31,276 - INFO - Added prompt from line 1094 to batch.
2025-05-22 21:24:31,276 - INFO - Reading line 1095 from test data...
2025-05-22 21:24:31,276 - INFO - Added prompt from line 1095 to batch.
2025-05-22 21:24:31,276 - INFO - Reading line 1096 from test data...
2025-05-22 21:24:31,276 - INFO - Added prompt from line 1096 to batch.
2025-05-22 21:24:31,276 - INFO - Processing batch of 8 prompts (up to line 1096)...
2025-05-22 21:24:31,276 - INFO - Generating responses for batch of 8 prompts. System prompt: 'You are a helpful assistant.'
2025-05-22 21:24:31,277 - INFO - First formatted prompt for tokenizer (first 100 chars): '<|begin_of_text|><|start_header_id|>system<|end_header_id|>

Cutting Knowledge Date: December 2023
T...'
2025-05-22 21:24:31,277 - INFO - Input device: cuda:0, preparing to move inputs to device.
2025-05-22 21:24:31,278 - INFO - Batch of inputs tokenized, padded, truncated, and moved to model device.
2025-05-22 21:24:31,278 - INFO - Starting batched model.generate()...
Setting `pad_token_id` to `eos_token_id`:128001 for open-end generation.
2025-05-22 21:24:53,696 - INFO - Batched model.generate() completed.
2025-05-22 21:24:53,696 - INFO - Decoding batch of responses by stripping input tokens...
2025-05-22 21:24:53,699 - INFO - Input tokens stripped from responses.
2025-05-22 21:24:53,699 - INFO - Batch of responses generated.
2025-05-22 21:24:53,700 - INFO - Appended 8 results from batch to /scratch-shared/mschaffelder/Data/exp_1/results/generation_results_8b_single_v6.jsonl
2025-05-22 21:24:53,700 - INFO - Reading line 1097 from test data...
2025-05-22 21:24:53,700 - INFO - Added prompt from line 1097 to batch.
2025-05-22 21:24:53,700 - INFO - Reading line 1098 from test data...
2025-05-22 21:24:53,700 - INFO - Added prompt from line 1098 to batch.
2025-05-22 21:24:53,700 - INFO - Reading line 1099 from test data...
2025-05-22 21:24:53,700 - INFO - Added prompt from line 1099 to batch.
2025-05-22 21:24:53,700 - INFO - Reading line 1100 from test data...
2025-05-22 21:24:53,700 - INFO - Added prompt from line 1100 to batch.
2025-05-22 21:24:53,700 - INFO - Reading line 1101 from test data...
2025-05-22 21:24:53,700 - INFO - Added prompt from line 1101 to batch.
2025-05-22 21:24:53,700 - INFO - Reading line 1102 from test data...
2025-05-22 21:24:53,700 - INFO - Added prompt from line 1102 to batch.
2025-05-22 21:24:53,700 - INFO - Reading line 1103 from test data...
2025-05-22 21:24:53,700 - INFO - Added prompt from line 1103 to batch.
2025-05-22 21:24:53,700 - INFO - Reading line 1104 from test data...
2025-05-22 21:24:53,700 - INFO - Added prompt from line 1104 to batch.
2025-05-22 21:24:53,700 - INFO - Processing batch of 8 prompts (up to line 1104)...
2025-05-22 21:24:53,700 - INFO - Generating responses for batch of 8 prompts. System prompt: 'You are a helpful assistant.'
2025-05-22 21:24:53,701 - INFO - First formatted prompt for tokenizer (first 100 chars): '<|begin_of_text|><|start_header_id|>system<|end_header_id|>

Cutting Knowledge Date: December 2023
T...'
2025-05-22 21:24:53,701 - INFO - Input device: cuda:0, preparing to move inputs to device.
2025-05-22 21:24:53,703 - INFO - Batch of inputs tokenized, padded, truncated, and moved to model device.
2025-05-22 21:24:53,703 - INFO - Starting batched model.generate()...
Setting `pad_token_id` to `eos_token_id`:128001 for open-end generation.
2025-05-22 21:25:12,841 - INFO - Batched model.generate() completed.
2025-05-22 21:25:12,842 - INFO - Decoding batch of responses by stripping input tokens...
2025-05-22 21:25:12,844 - INFO - Input tokens stripped from responses.
2025-05-22 21:25:12,845 - INFO - Batch of responses generated.
2025-05-22 21:25:12,846 - INFO - Appended 8 results from batch to /scratch-shared/mschaffelder/Data/exp_1/results/generation_results_8b_single_v6.jsonl
2025-05-22 21:25:12,846 - INFO - Reading line 1105 from test data...
2025-05-22 21:25:12,846 - INFO - Added prompt from line 1105 to batch.
2025-05-22 21:25:12,846 - INFO - Reading line 1106 from test data...
2025-05-22 21:25:12,846 - INFO - Added prompt from line 1106 to batch.
2025-05-22 21:25:12,846 - INFO - Reading line 1107 from test data...
2025-05-22 21:25:12,846 - INFO - Added prompt from line 1107 to batch.
2025-05-22 21:25:12,846 - INFO - Reading line 1108 from test data...
2025-05-22 21:25:12,846 - INFO - Added prompt from line 1108 to batch.
2025-05-22 21:25:12,846 - INFO - Reading line 1109 from test data...
2025-05-22 21:25:12,846 - INFO - Added prompt from line 1109 to batch.
2025-05-22 21:25:12,846 - INFO - Reading line 1110 from test data...
2025-05-22 21:25:12,846 - INFO - Added prompt from line 1110 to batch.
2025-05-22 21:25:12,846 - INFO - Reading line 1111 from test data...
2025-05-22 21:25:12,846 - INFO - Added prompt from line 1111 to batch.
2025-05-22 21:25:12,846 - INFO - Reading line 1112 from test data...
2025-05-22 21:25:12,846 - INFO - Added prompt from line 1112 to batch.
2025-05-22 21:25:12,846 - INFO - Processing batch of 8 prompts (up to line 1112)...
2025-05-22 21:25:12,846 - INFO - Generating responses for batch of 8 prompts. System prompt: 'You are a helpful assistant.'
2025-05-22 21:25:12,847 - INFO - First formatted prompt for tokenizer (first 100 chars): '<|begin_of_text|><|start_header_id|>system<|end_header_id|>

Cutting Knowledge Date: December 2023
T...'
2025-05-22 21:25:12,847 - INFO - Input device: cuda:0, preparing to move inputs to device.
2025-05-22 21:25:12,849 - INFO - Batch of inputs tokenized, padded, truncated, and moved to model device.
2025-05-22 21:25:12,850 - INFO - Starting batched model.generate()...
Setting `pad_token_id` to `eos_token_id`:128001 for open-end generation.
2025-05-22 21:25:40,469 - INFO - Batched model.generate() completed.
2025-05-22 21:25:40,469 - INFO - Decoding batch of responses by stripping input tokens...
2025-05-22 21:25:40,471 - INFO - Input tokens stripped from responses.
2025-05-22 21:25:40,472 - INFO - Batch of responses generated.
2025-05-22 21:25:40,473 - INFO - Appended 8 results from batch to /scratch-shared/mschaffelder/Data/exp_1/results/generation_results_8b_single_v6.jsonl
2025-05-22 21:25:40,473 - INFO - Reading line 1113 from test data...
2025-05-22 21:25:40,473 - INFO - Added prompt from line 1113 to batch.
2025-05-22 21:25:40,473 - INFO - Reading line 1114 from test data...
2025-05-22 21:25:40,473 - INFO - Added prompt from line 1114 to batch.
2025-05-22 21:25:40,473 - INFO - Reading line 1115 from test data...
2025-05-22 21:25:40,473 - INFO - Added prompt from line 1115 to batch.
2025-05-22 21:25:40,473 - INFO - Reading line 1116 from test data...
2025-05-22 21:25:40,473 - INFO - Added prompt from line 1116 to batch.
2025-05-22 21:25:40,473 - INFO - Reading line 1117 from test data...
2025-05-22 21:25:40,473 - INFO - Added prompt from line 1117 to batch.
2025-05-22 21:25:40,473 - INFO - Reading line 1118 from test data...
2025-05-22 21:25:40,473 - INFO - Added prompt from line 1118 to batch.
2025-05-22 21:25:40,552 - INFO - Reading line 1119 from test data...
2025-05-22 21:25:40,552 - INFO - Added prompt from line 1119 to batch.
2025-05-22 21:25:40,552 - INFO - Reading line 1120 from test data...
2025-05-22 21:25:40,552 - INFO - Added prompt from line 1120 to batch.
2025-05-22 21:25:40,552 - INFO - Processing batch of 8 prompts (up to line 1120)...
2025-05-22 21:25:40,552 - INFO - Generating responses for batch of 8 prompts. System prompt: 'You are a helpful assistant.'
2025-05-22 21:25:40,552 - INFO - First formatted prompt for tokenizer (first 100 chars): '<|begin_of_text|><|start_header_id|>system<|end_header_id|>

Cutting Knowledge Date: December 2023
T...'
2025-05-22 21:25:40,552 - INFO - Input device: cuda:0, preparing to move inputs to device.
2025-05-22 21:25:40,554 - INFO - Batch of inputs tokenized, padded, truncated, and moved to model device.
2025-05-22 21:25:40,554 - INFO - Starting batched model.generate()...
Setting `pad_token_id` to `eos_token_id`:128001 for open-end generation.
2025-05-22 21:26:05,822 - INFO - Batched model.generate() completed.
2025-05-22 21:26:05,822 - INFO - Decoding batch of responses by stripping input tokens...
2025-05-22 21:26:05,824 - INFO - Input tokens stripped from responses.
2025-05-22 21:26:05,825 - INFO - Batch of responses generated.
2025-05-22 21:26:05,826 - INFO - Appended 8 results from batch to /scratch-shared/mschaffelder/Data/exp_1/results/generation_results_8b_single_v6.jsonl
2025-05-22 21:26:05,826 - INFO - Reading line 1121 from test data...
2025-05-22 21:26:05,826 - INFO - Added prompt from line 1121 to batch.
2025-05-22 21:26:05,826 - INFO - Reading line 1122 from test data...
2025-05-22 21:26:05,826 - INFO - Added prompt from line 1122 to batch.
2025-05-22 21:26:05,826 - INFO - Reading line 1123 from test data...
2025-05-22 21:26:05,826 - INFO - Added prompt from line 1123 to batch.
2025-05-22 21:26:05,826 - INFO - Reading line 1124 from test data...
2025-05-22 21:26:05,826 - INFO - Added prompt from line 1124 to batch.
2025-05-22 21:26:05,826 - INFO - Reading line 1125 from test data...
2025-05-22 21:26:05,826 - INFO - Added prompt from line 1125 to batch.
2025-05-22 21:26:05,826 - INFO - Reading line 1126 from test data...
2025-05-22 21:26:05,826 - INFO - Added prompt from line 1126 to batch.
2025-05-22 21:26:05,826 - INFO - Reading line 1127 from test data...
2025-05-22 21:26:05,826 - INFO - Added prompt from line 1127 to batch.
2025-05-22 21:26:05,826 - INFO - Reading line 1128 from test data...
2025-05-22 21:26:05,826 - INFO - Added prompt from line 1128 to batch.
2025-05-22 21:26:05,826 - INFO - Processing batch of 8 prompts (up to line 1128)...
2025-05-22 21:26:05,826 - INFO - Generating responses for batch of 8 prompts. System prompt: 'You are a helpful assistant.'
2025-05-22 21:26:05,827 - INFO - First formatted prompt for tokenizer (first 100 chars): '<|begin_of_text|><|start_header_id|>system<|end_header_id|>

Cutting Knowledge Date: December 2023
T...'
2025-05-22 21:26:05,827 - INFO - Input device: cuda:0, preparing to move inputs to device.
2025-05-22 21:26:05,829 - INFO - Batch of inputs tokenized, padded, truncated, and moved to model device.
2025-05-22 21:26:05,829 - INFO - Starting batched model.generate()...
Setting `pad_token_id` to `eos_token_id`:128001 for open-end generation.
2025-05-22 21:26:32,571 - INFO - Batched model.generate() completed.
2025-05-22 21:26:32,571 - INFO - Decoding batch of responses by stripping input tokens...
2025-05-22 21:26:32,574 - INFO - Input tokens stripped from responses.
2025-05-22 21:26:32,574 - INFO - Batch of responses generated.
2025-05-22 21:26:32,575 - INFO - Appended 8 results from batch to /scratch-shared/mschaffelder/Data/exp_1/results/generation_results_8b_single_v6.jsonl
2025-05-22 21:26:32,575 - INFO - Reading line 1129 from test data...
2025-05-22 21:26:32,575 - INFO - Added prompt from line 1129 to batch.
2025-05-22 21:26:32,575 - INFO - Reading line 1130 from test data...
2025-05-22 21:26:32,575 - INFO - Added prompt from line 1130 to batch.
2025-05-22 21:26:32,694 - INFO - Reading line 1131 from test data...
2025-05-22 21:26:32,694 - INFO - Added prompt from line 1131 to batch.
2025-05-22 21:26:32,694 - INFO - Reading line 1132 from test data...
2025-05-22 21:26:32,694 - INFO - Added prompt from line 1132 to batch.
2025-05-22 21:26:32,694 - INFO - Reading line 1133 from test data...
2025-05-22 21:26:32,694 - INFO - Added prompt from line 1133 to batch.
2025-05-22 21:26:32,694 - INFO - Reading line 1134 from test data...
2025-05-22 21:26:32,694 - INFO - Added prompt from line 1134 to batch.
2025-05-22 21:26:32,694 - INFO - Reading line 1135 from test data...
2025-05-22 21:26:32,694 - INFO - Added prompt from line 1135 to batch.
2025-05-22 21:26:32,694 - INFO - Reading line 1136 from test data...
2025-05-22 21:26:32,694 - INFO - Added prompt from line 1136 to batch.
2025-05-22 21:26:32,694 - INFO - Processing batch of 8 prompts (up to line 1136)...
2025-05-22 21:26:32,694 - INFO - Generating responses for batch of 8 prompts. System prompt: 'You are a helpful assistant.'
2025-05-22 21:26:32,695 - INFO - First formatted prompt for tokenizer (first 100 chars): '<|begin_of_text|><|start_header_id|>system<|end_header_id|>

Cutting Knowledge Date: December 2023
T...'
2025-05-22 21:26:32,695 - INFO - Input device: cuda:0, preparing to move inputs to device.
2025-05-22 21:26:32,696 - INFO - Batch of inputs tokenized, padded, truncated, and moved to model device.
2025-05-22 21:26:32,696 - INFO - Starting batched model.generate()...
Setting `pad_token_id` to `eos_token_id`:128001 for open-end generation.
2025-05-22 21:26:52,745 - INFO - Batched model.generate() completed.
2025-05-22 21:26:52,745 - INFO - Decoding batch of responses by stripping input tokens...
2025-05-22 21:26:52,747 - INFO - Input tokens stripped from responses.
2025-05-22 21:26:52,748 - INFO - Batch of responses generated.
2025-05-22 21:26:52,749 - INFO - Appended 8 results from batch to /scratch-shared/mschaffelder/Data/exp_1/results/generation_results_8b_single_v6.jsonl
2025-05-22 21:26:52,749 - INFO - Reading line 1137 from test data...
2025-05-22 21:26:52,749 - INFO - Added prompt from line 1137 to batch.
2025-05-22 21:26:52,749 - INFO - Reading line 1138 from test data...
2025-05-22 21:26:52,749 - INFO - Added prompt from line 1138 to batch.
2025-05-22 21:26:52,749 - INFO - Reading line 1139 from test data...
2025-05-22 21:26:52,749 - INFO - Added prompt from line 1139 to batch.
2025-05-22 21:26:52,749 - INFO - Reading line 1140 from test data...
2025-05-22 21:26:52,749 - INFO - Added prompt from line 1140 to batch.
2025-05-22 21:26:52,749 - INFO - Reading line 1141 from test data...
2025-05-22 21:26:52,749 - INFO - Added prompt from line 1141 to batch.
2025-05-22 21:26:52,749 - INFO - Reading line 1142 from test data...
2025-05-22 21:26:52,749 - INFO - Added prompt from line 1142 to batch.
2025-05-22 21:26:52,749 - INFO - Reading line 1143 from test data...
2025-05-22 21:26:52,749 - INFO - Added prompt from line 1143 to batch.
2025-05-22 21:26:52,749 - INFO - Reading line 1144 from test data...
2025-05-22 21:26:52,749 - INFO - Added prompt from line 1144 to batch.
2025-05-22 21:26:52,749 - INFO - Processing batch of 8 prompts (up to line 1144)...
2025-05-22 21:26:52,749 - INFO - Generating responses for batch of 8 prompts. System prompt: 'You are a helpful assistant.'
2025-05-22 21:26:52,750 - INFO - First formatted prompt for tokenizer (first 100 chars): '<|begin_of_text|><|start_header_id|>system<|end_header_id|>

Cutting Knowledge Date: December 2023
T...'
2025-05-22 21:26:52,750 - INFO - Input device: cuda:0, preparing to move inputs to device.
2025-05-22 21:26:52,753 - INFO - Batch of inputs tokenized, padded, truncated, and moved to model device.
2025-05-22 21:26:52,753 - INFO - Starting batched model.generate()...
Setting `pad_token_id` to `eos_token_id`:128001 for open-end generation.
2025-05-22 21:27:17,679 - INFO - Batched model.generate() completed.
2025-05-22 21:27:17,679 - INFO - Decoding batch of responses by stripping input tokens...
2025-05-22 21:27:17,682 - INFO - Input tokens stripped from responses.
2025-05-22 21:27:17,713 - INFO - Batch of responses generated.
2025-05-22 21:27:17,714 - INFO - Appended 8 results from batch to /scratch-shared/mschaffelder/Data/exp_1/results/generation_results_8b_single_v6.jsonl
2025-05-22 21:27:17,714 - INFO - Reading line 1145 from test data...
2025-05-22 21:27:17,714 - INFO - Added prompt from line 1145 to batch.
2025-05-22 21:27:17,714 - INFO - Reading line 1146 from test data...
2025-05-22 21:27:17,714 - INFO - Added prompt from line 1146 to batch.
2025-05-22 21:27:17,714 - INFO - Reading line 1147 from test data...
2025-05-22 21:27:17,714 - INFO - Added prompt from line 1147 to batch.
2025-05-22 21:27:17,714 - INFO - Reading line 1148 from test data...
2025-05-22 21:27:17,714 - INFO - Added prompt from line 1148 to batch.
2025-05-22 21:27:17,714 - INFO - Reading line 1149 from test data...
2025-05-22 21:27:17,714 - INFO - Added prompt from line 1149 to batch.
2025-05-22 21:27:17,714 - INFO - Reading line 1150 from test data...
2025-05-22 21:27:17,715 - INFO - Added prompt from line 1150 to batch.
2025-05-22 21:27:17,715 - INFO - Reading line 1151 from test data...
2025-05-22 21:27:17,715 - INFO - Added prompt from line 1151 to batch.
2025-05-22 21:27:17,715 - INFO - Reading line 1152 from test data...
2025-05-22 21:27:17,715 - INFO - Added prompt from line 1152 to batch.
2025-05-22 21:27:17,715 - INFO - Processing batch of 8 prompts (up to line 1152)...
2025-05-22 21:27:17,715 - INFO - Generating responses for batch of 8 prompts. System prompt: 'You are a helpful assistant.'
2025-05-22 21:27:17,715 - INFO - First formatted prompt for tokenizer (first 100 chars): '<|begin_of_text|><|start_header_id|>system<|end_header_id|>

Cutting Knowledge Date: December 2023
T...'
2025-05-22 21:27:17,715 - INFO - Input device: cuda:0, preparing to move inputs to device.
2025-05-22 21:27:17,722 - INFO - Batch of inputs tokenized, padded, truncated, and moved to model device.
2025-05-22 21:27:17,722 - INFO - Starting batched model.generate()...
Setting `pad_token_id` to `eos_token_id`:128001 for open-end generation.
2025-05-22 21:27:44,734 - INFO - Batched model.generate() completed.
2025-05-22 21:27:44,734 - INFO - Decoding batch of responses by stripping input tokens...
2025-05-22 21:27:44,737 - INFO - Input tokens stripped from responses.
2025-05-22 21:27:44,738 - INFO - Batch of responses generated.
2025-05-22 21:27:44,739 - INFO - Appended 8 results from batch to /scratch-shared/mschaffelder/Data/exp_1/results/generation_results_8b_single_v6.jsonl
2025-05-22 21:27:44,739 - INFO - Reading line 1153 from test data...
2025-05-22 21:27:44,739 - INFO - Added prompt from line 1153 to batch.
2025-05-22 21:27:44,739 - INFO - Reading line 1154 from test data...
2025-05-22 21:27:44,739 - INFO - Added prompt from line 1154 to batch.
2025-05-22 21:27:44,739 - INFO - Reading line 1155 from test data...
2025-05-22 21:27:44,739 - INFO - Added prompt from line 1155 to batch.
2025-05-22 21:27:44,739 - INFO - Reading line 1156 from test data...
2025-05-22 21:27:44,739 - INFO - Added prompt from line 1156 to batch.
2025-05-22 21:27:44,739 - INFO - Reading line 1157 from test data...
2025-05-22 21:27:44,739 - INFO - Added prompt from line 1157 to batch.
2025-05-22 21:27:44,739 - INFO - Reading line 1158 from test data...
2025-05-22 21:27:44,739 - INFO - Added prompt from line 1158 to batch.
2025-05-22 21:27:44,739 - INFO - Reading line 1159 from test data...
2025-05-22 21:27:44,739 - INFO - Added prompt from line 1159 to batch.
2025-05-22 21:27:44,740 - INFO - Reading line 1160 from test data...
2025-05-22 21:27:44,740 - INFO - Added prompt from line 1160 to batch.
2025-05-22 21:27:44,740 - INFO - Processing batch of 8 prompts (up to line 1160)...
2025-05-22 21:27:44,740 - INFO - Generating responses for batch of 8 prompts. System prompt: 'You are a helpful assistant.'
2025-05-22 21:27:44,740 - INFO - First formatted prompt for tokenizer (first 100 chars): '<|begin_of_text|><|start_header_id|>system<|end_header_id|>

Cutting Knowledge Date: December 2023
T...'
2025-05-22 21:27:44,740 - INFO - Input device: cuda:0, preparing to move inputs to device.
2025-05-22 21:27:44,742 - INFO - Batch of inputs tokenized, padded, truncated, and moved to model device.
2025-05-22 21:27:44,742 - INFO - Starting batched model.generate()...
Setting `pad_token_id` to `eos_token_id`:128001 for open-end generation.
2025-05-22 21:28:07,922 - INFO - Batched model.generate() completed.
2025-05-22 21:28:07,923 - INFO - Decoding batch of responses by stripping input tokens...
2025-05-22 21:28:07,925 - INFO - Input tokens stripped from responses.
2025-05-22 21:28:07,925 - INFO - Batch of responses generated.
2025-05-22 21:28:07,927 - INFO - Appended 8 results from batch to /scratch-shared/mschaffelder/Data/exp_1/results/generation_results_8b_single_v6.jsonl
2025-05-22 21:28:07,927 - INFO - Reading line 1161 from test data...
2025-05-22 21:28:07,927 - INFO - Added prompt from line 1161 to batch.
2025-05-22 21:28:07,927 - INFO - Reading line 1162 from test data...
2025-05-22 21:28:07,927 - INFO - Added prompt from line 1162 to batch.
2025-05-22 21:28:07,927 - INFO - Reading line 1163 from test data...
2025-05-22 21:28:07,927 - INFO - Added prompt from line 1163 to batch.
2025-05-22 21:28:07,927 - INFO - Reading line 1164 from test data...
2025-05-22 21:28:07,927 - INFO - Added prompt from line 1164 to batch.
2025-05-22 21:28:07,927 - INFO - Reading line 1165 from test data...
2025-05-22 21:28:07,927 - INFO - Added prompt from line 1165 to batch.
2025-05-22 21:28:07,927 - INFO - Reading line 1166 from test data...
2025-05-22 21:28:07,927 - INFO - Added prompt from line 1166 to batch.
2025-05-22 21:28:07,927 - INFO - Reading line 1167 from test data...
2025-05-22 21:28:07,927 - INFO - Added prompt from line 1167 to batch.
2025-05-22 21:28:07,927 - INFO - Reading line 1168 from test data...
2025-05-22 21:28:07,927 - INFO - Added prompt from line 1168 to batch.
2025-05-22 21:28:07,927 - INFO - Processing batch of 8 prompts (up to line 1168)...
2025-05-22 21:28:07,927 - INFO - Generating responses for batch of 8 prompts. System prompt: 'You are a helpful assistant.'
2025-05-22 21:28:07,928 - INFO - First formatted prompt for tokenizer (first 100 chars): '<|begin_of_text|><|start_header_id|>system<|end_header_id|>

Cutting Knowledge Date: December 2023
T...'
2025-05-22 21:28:07,928 - INFO - Input device: cuda:0, preparing to move inputs to device.
2025-05-22 21:28:07,930 - INFO - Batch of inputs tokenized, padded, truncated, and moved to model device.
2025-05-22 21:28:07,930 - INFO - Starting batched model.generate()...
Setting `pad_token_id` to `eos_token_id`:128001 for open-end generation.
2025-05-22 21:28:25,017 - INFO - Batched model.generate() completed.
2025-05-22 21:28:25,017 - INFO - Decoding batch of responses by stripping input tokens...
2025-05-22 21:28:25,019 - INFO - Input tokens stripped from responses.
2025-05-22 21:28:25,019 - INFO - Batch of responses generated.
2025-05-22 21:28:25,020 - INFO - Appended 8 results from batch to /scratch-shared/mschaffelder/Data/exp_1/results/generation_results_8b_single_v6.jsonl
2025-05-22 21:28:25,020 - INFO - Reading line 1169 from test data...
2025-05-22 21:28:25,020 - INFO - Added prompt from line 1169 to batch.
2025-05-22 21:28:25,020 - INFO - Reading line 1170 from test data...
2025-05-22 21:28:25,020 - INFO - Added prompt from line 1170 to batch.
2025-05-22 21:28:25,020 - INFO - Reading line 1171 from test data...
2025-05-22 21:28:25,020 - INFO - Added prompt from line 1171 to batch.
2025-05-22 21:28:25,020 - INFO - Reading line 1172 from test data...
2025-05-22 21:28:25,020 - INFO - Added prompt from line 1172 to batch.
2025-05-22 21:28:25,020 - INFO - Reading line 1173 from test data...
2025-05-22 21:28:25,020 - INFO - Added prompt from line 1173 to batch.
2025-05-22 21:28:25,020 - INFO - Reading line 1174 from test data...
2025-05-22 21:28:25,021 - INFO - Added prompt from line 1174 to batch.
2025-05-22 21:28:25,021 - INFO - Reading line 1175 from test data...
2025-05-22 21:28:25,021 - INFO - Added prompt from line 1175 to batch.
2025-05-22 21:28:25,021 - INFO - Reading line 1176 from test data...
2025-05-22 21:28:25,276 - INFO - Added prompt from line 1176 to batch.
2025-05-22 21:28:25,276 - INFO - Processing batch of 8 prompts (up to line 1176)...
2025-05-22 21:28:25,276 - INFO - Generating responses for batch of 8 prompts. System prompt: 'You are a helpful assistant.'
2025-05-22 21:28:25,277 - INFO - First formatted prompt for tokenizer (first 100 chars): '<|begin_of_text|><|start_header_id|>system<|end_header_id|>

Cutting Knowledge Date: December 2023
T...'
2025-05-22 21:28:25,277 - INFO - Input device: cuda:0, preparing to move inputs to device.
2025-05-22 21:28:25,279 - INFO - Batch of inputs tokenized, padded, truncated, and moved to model device.
2025-05-22 21:28:25,279 - INFO - Starting batched model.generate()...
Setting `pad_token_id` to `eos_token_id`:128001 for open-end generation.
2025-05-22 21:28:47,526 - INFO - Batched model.generate() completed.
2025-05-22 21:28:47,526 - INFO - Decoding batch of responses by stripping input tokens...
2025-05-22 21:28:47,528 - INFO - Input tokens stripped from responses.
2025-05-22 21:28:47,528 - INFO - Batch of responses generated.
2025-05-22 21:28:47,530 - INFO - Appended 8 results from batch to /scratch-shared/mschaffelder/Data/exp_1/results/generation_results_8b_single_v6.jsonl
2025-05-22 21:28:47,530 - INFO - Reading line 1177 from test data...
2025-05-22 21:28:47,530 - INFO - Added prompt from line 1177 to batch.
2025-05-22 21:28:47,530 - INFO - Reading line 1178 from test data...
2025-05-22 21:28:47,530 - INFO - Added prompt from line 1178 to batch.
2025-05-22 21:28:47,530 - INFO - Reading line 1179 from test data...
2025-05-22 21:28:47,530 - INFO - Added prompt from line 1179 to batch.
2025-05-22 21:28:47,530 - INFO - Reading line 1180 from test data...
2025-05-22 21:28:47,530 - INFO - Added prompt from line 1180 to batch.
2025-05-22 21:28:47,530 - INFO - Reading line 1181 from test data...
2025-05-22 21:28:47,530 - INFO - Added prompt from line 1181 to batch.
2025-05-22 21:28:47,530 - INFO - Reading line 1182 from test data...
2025-05-22 21:28:47,530 - INFO - Added prompt from line 1182 to batch.
2025-05-22 21:28:47,530 - INFO - Reading line 1183 from test data...
2025-05-22 21:28:47,530 - INFO - Added prompt from line 1183 to batch.
2025-05-22 21:28:47,530 - INFO - Reading line 1184 from test data...
2025-05-22 21:28:47,530 - INFO - Added prompt from line 1184 to batch.
2025-05-22 21:28:47,530 - INFO - Processing batch of 8 prompts (up to line 1184)...
2025-05-22 21:28:47,530 - INFO - Generating responses for batch of 8 prompts. System prompt: 'You are a helpful assistant.'
2025-05-22 21:28:47,531 - INFO - First formatted prompt for tokenizer (first 100 chars): '<|begin_of_text|><|start_header_id|>system<|end_header_id|>

Cutting Knowledge Date: December 2023
T...'
2025-05-22 21:28:47,531 - INFO - Input device: cuda:0, preparing to move inputs to device.
2025-05-22 21:28:47,533 - INFO - Batch of inputs tokenized, padded, truncated, and moved to model device.
2025-05-22 21:28:47,533 - INFO - Starting batched model.generate()...
Setting `pad_token_id` to `eos_token_id`:128001 for open-end generation.
2025-05-22 21:29:13,832 - INFO - Batched model.generate() completed.
2025-05-22 21:29:13,833 - INFO - Decoding batch of responses by stripping input tokens...
2025-05-22 21:29:13,835 - INFO - Input tokens stripped from responses.
2025-05-22 21:29:13,836 - INFO - Batch of responses generated.
2025-05-22 21:29:13,838 - INFO - Appended 8 results from batch to /scratch-shared/mschaffelder/Data/exp_1/results/generation_results_8b_single_v6.jsonl
2025-05-22 21:29:13,838 - INFO - Reading line 1185 from test data...
2025-05-22 21:29:13,838 - INFO - Added prompt from line 1185 to batch.
2025-05-22 21:29:13,838 - INFO - Reading line 1186 from test data...
2025-05-22 21:29:13,838 - INFO - Added prompt from line 1186 to batch.
2025-05-22 21:29:13,838 - INFO - Reading line 1187 from test data...
2025-05-22 21:29:13,838 - INFO - Added prompt from line 1187 to batch.
2025-05-22 21:29:13,838 - INFO - Reading line 1188 from test data...
2025-05-22 21:29:13,838 - INFO - Added prompt from line 1188 to batch.
2025-05-22 21:29:14,111 - INFO - Reading line 1189 from test data...
2025-05-22 21:29:14,111 - INFO - Added prompt from line 1189 to batch.
2025-05-22 21:29:14,111 - INFO - Reading line 1190 from test data...
2025-05-22 21:29:14,111 - INFO - Added prompt from line 1190 to batch.
2025-05-22 21:29:14,111 - INFO - Reading line 1191 from test data...
2025-05-22 21:29:14,111 - INFO - Added prompt from line 1191 to batch.
2025-05-22 21:29:14,111 - INFO - Reading line 1192 from test data...
2025-05-22 21:29:14,111 - INFO - Added prompt from line 1192 to batch.
2025-05-22 21:29:14,111 - INFO - Processing batch of 8 prompts (up to line 1192)...
2025-05-22 21:29:14,111 - INFO - Generating responses for batch of 8 prompts. System prompt: 'You are a helpful assistant.'
2025-05-22 21:29:14,112 - INFO - First formatted prompt for tokenizer (first 100 chars): '<|begin_of_text|><|start_header_id|>system<|end_header_id|>

Cutting Knowledge Date: December 2023
T...'
2025-05-22 21:29:14,112 - INFO - Input device: cuda:0, preparing to move inputs to device.
2025-05-22 21:29:14,117 - INFO - Batch of inputs tokenized, padded, truncated, and moved to model device.
2025-05-22 21:29:14,117 - INFO - Starting batched model.generate()...
Setting `pad_token_id` to `eos_token_id`:128001 for open-end generation.
2025-05-22 21:29:41,863 - INFO - Batched model.generate() completed.
2025-05-22 21:29:41,863 - INFO - Decoding batch of responses by stripping input tokens...
2025-05-22 21:29:41,865 - INFO - Input tokens stripped from responses.
2025-05-22 21:29:41,866 - INFO - Batch of responses generated.
2025-05-22 21:29:41,867 - INFO - Appended 8 results from batch to /scratch-shared/mschaffelder/Data/exp_1/results/generation_results_8b_single_v6.jsonl
2025-05-22 21:29:41,867 - INFO - Reading line 1193 from test data...
2025-05-22 21:29:41,867 - INFO - Added prompt from line 1193 to batch.
2025-05-22 21:29:41,867 - INFO - Reading line 1194 from test data...
2025-05-22 21:29:41,867 - INFO - Added prompt from line 1194 to batch.
2025-05-22 21:29:41,867 - INFO - Reading line 1195 from test data...
2025-05-22 21:29:41,867 - INFO - Added prompt from line 1195 to batch.
2025-05-22 21:29:41,867 - INFO - Reading line 1196 from test data...
2025-05-22 21:29:41,867 - INFO - Added prompt from line 1196 to batch.
2025-05-22 21:29:41,867 - INFO - Reading line 1197 from test data...
2025-05-22 21:29:41,867 - INFO - Added prompt from line 1197 to batch.
2025-05-22 21:29:41,867 - INFO - Reading line 1198 from test data...
2025-05-22 21:29:41,867 - INFO - Added prompt from line 1198 to batch.
2025-05-22 21:29:41,867 - INFO - Reading line 1199 from test data...
2025-05-22 21:29:41,867 - INFO - Added prompt from line 1199 to batch.
2025-05-22 21:29:41,867 - INFO - Reading line 1200 from test data...
2025-05-22 21:29:41,868 - INFO - Added prompt from line 1200 to batch.
2025-05-22 21:29:41,868 - INFO - Processing batch of 8 prompts (up to line 1200)...
2025-05-22 21:29:41,868 - INFO - Generating responses for batch of 8 prompts. System prompt: 'You are a helpful assistant.'
2025-05-22 21:29:41,868 - INFO - First formatted prompt for tokenizer (first 100 chars): '<|begin_of_text|><|start_header_id|>system<|end_header_id|>

Cutting Knowledge Date: December 2023
T...'
2025-05-22 21:29:41,868 - INFO - Input device: cuda:0, preparing to move inputs to device.
2025-05-22 21:29:41,873 - INFO - Batch of inputs tokenized, padded, truncated, and moved to model device.
2025-05-22 21:29:41,873 - INFO - Starting batched model.generate()...
Setting `pad_token_id` to `eos_token_id`:128001 for open-end generation.
2025-05-22 21:29:59,293 - INFO - Batched model.generate() completed.
2025-05-22 21:29:59,294 - INFO - Decoding batch of responses by stripping input tokens...
2025-05-22 21:29:59,295 - INFO - Input tokens stripped from responses.
2025-05-22 21:29:59,296 - INFO - Batch of responses generated.
2025-05-22 21:29:59,298 - INFO - Appended 8 results from batch to /scratch-shared/mschaffelder/Data/exp_1/results/generation_results_8b_single_v6.jsonl
2025-05-22 21:29:59,621 - INFO - Reading line 1201 from test data...
2025-05-22 21:29:59,621 - INFO - Added prompt from line 1201 to batch.
2025-05-22 21:29:59,621 - INFO - Reading line 1202 from test data...
2025-05-22 21:29:59,621 - INFO - Added prompt from line 1202 to batch.
2025-05-22 21:29:59,621 - INFO - Reading line 1203 from test data...
2025-05-22 21:29:59,621 - INFO - Added prompt from line 1203 to batch.
2025-05-22 21:29:59,621 - INFO - Reading line 1204 from test data...
2025-05-22 21:29:59,621 - INFO - Added prompt from line 1204 to batch.
2025-05-22 21:29:59,621 - INFO - Reading line 1205 from test data...
2025-05-22 21:29:59,621 - INFO - Added prompt from line 1205 to batch.
2025-05-22 21:29:59,621 - INFO - Reading line 1206 from test data...
2025-05-22 21:29:59,621 - INFO - Added prompt from line 1206 to batch.
2025-05-22 21:29:59,621 - INFO - Reading line 1207 from test data...
2025-05-22 21:29:59,621 - INFO - Added prompt from line 1207 to batch.
2025-05-22 21:29:59,621 - INFO - Reading line 1208 from test data...
2025-05-22 21:29:59,621 - INFO - Added prompt from line 1208 to batch.
2025-05-22 21:29:59,621 - INFO - Processing batch of 8 prompts (up to line 1208)...
2025-05-22 21:29:59,622 - INFO - Generating responses for batch of 8 prompts. System prompt: 'You are a helpful assistant.'
2025-05-22 21:29:59,622 - INFO - First formatted prompt for tokenizer (first 100 chars): '<|begin_of_text|><|start_header_id|>system<|end_header_id|>

Cutting Knowledge Date: December 2023
T...'
2025-05-22 21:29:59,622 - INFO - Input device: cuda:0, preparing to move inputs to device.
2025-05-22 21:29:59,626 - INFO - Batch of inputs tokenized, padded, truncated, and moved to model device.
2025-05-22 21:29:59,626 - INFO - Starting batched model.generate()...
Setting `pad_token_id` to `eos_token_id`:128001 for open-end generation.
2025-05-22 21:30:22,921 - INFO - Batched model.generate() completed.
2025-05-22 21:30:22,922 - INFO - Decoding batch of responses by stripping input tokens...
2025-05-22 21:30:22,924 - INFO - Input tokens stripped from responses.
2025-05-22 21:30:22,924 - INFO - Batch of responses generated.
2025-05-22 21:30:22,926 - INFO - Appended 8 results from batch to /scratch-shared/mschaffelder/Data/exp_1/results/generation_results_8b_single_v6.jsonl
2025-05-22 21:30:22,926 - INFO - Reading line 1209 from test data...
2025-05-22 21:30:22,926 - INFO - Added prompt from line 1209 to batch.
2025-05-22 21:30:22,926 - INFO - Reading line 1210 from test data...
2025-05-22 21:30:22,926 - INFO - Added prompt from line 1210 to batch.
2025-05-22 21:30:22,926 - INFO - Reading line 1211 from test data...
2025-05-22 21:30:22,926 - INFO - Added prompt from line 1211 to batch.
2025-05-22 21:30:22,926 - INFO - Reading line 1212 from test data...
2025-05-22 21:30:22,926 - INFO - Added prompt from line 1212 to batch.
2025-05-22 21:30:22,926 - INFO - Reading line 1213 from test data...
2025-05-22 21:30:22,926 - INFO - Added prompt from line 1213 to batch.
2025-05-22 21:30:22,926 - INFO - Reading line 1214 from test data...
2025-05-22 21:30:22,926 - INFO - Added prompt from line 1214 to batch.
2025-05-22 21:30:22,926 - INFO - Reading line 1215 from test data...
2025-05-22 21:30:22,926 - INFO - Added prompt from line 1215 to batch.
2025-05-22 21:30:22,926 - INFO - Reading line 1216 from test data...
2025-05-22 21:30:22,926 - INFO - Added prompt from line 1216 to batch.
2025-05-22 21:30:22,926 - INFO - Processing batch of 8 prompts (up to line 1216)...
2025-05-22 21:30:22,926 - INFO - Generating responses for batch of 8 prompts. System prompt: 'You are a helpful assistant.'
2025-05-22 21:30:22,927 - INFO - First formatted prompt for tokenizer (first 100 chars): '<|begin_of_text|><|start_header_id|>system<|end_header_id|>

Cutting Knowledge Date: December 2023
T...'
2025-05-22 21:30:22,927 - INFO - Input device: cuda:0, preparing to move inputs to device.
2025-05-22 21:30:22,928 - INFO - Batch of inputs tokenized, padded, truncated, and moved to model device.
2025-05-22 21:30:22,929 - INFO - Starting batched model.generate()...
Setting `pad_token_id` to `eos_token_id`:128001 for open-end generation.
2025-05-22 21:30:52,257 - INFO - Batched model.generate() completed.
2025-05-22 21:30:52,257 - INFO - Decoding batch of responses by stripping input tokens...
2025-05-22 21:30:52,260 - INFO - Input tokens stripped from responses.
2025-05-22 21:30:52,261 - INFO - Batch of responses generated.
2025-05-22 21:30:52,262 - INFO - Appended 8 results from batch to /scratch-shared/mschaffelder/Data/exp_1/results/generation_results_8b_single_v6.jsonl
2025-05-22 21:30:52,262 - INFO - Reading line 1217 from test data...
2025-05-22 21:30:52,262 - INFO - Added prompt from line 1217 to batch.
2025-05-22 21:30:52,262 - INFO - Reading line 1218 from test data...
2025-05-22 21:30:52,262 - INFO - Added prompt from line 1218 to batch.
2025-05-22 21:30:52,262 - INFO - Reading line 1219 from test data...
2025-05-22 21:30:52,262 - INFO - Added prompt from line 1219 to batch.
2025-05-22 21:30:52,262 - INFO - Reading line 1220 from test data...
2025-05-22 21:30:52,262 - INFO - Added prompt from line 1220 to batch.
2025-05-22 21:30:52,262 - INFO - Reading line 1221 from test data...
2025-05-22 21:30:52,262 - INFO - Added prompt from line 1221 to batch.
2025-05-22 21:30:52,262 - INFO - Reading line 1222 from test data...
2025-05-22 21:30:52,262 - INFO - Added prompt from line 1222 to batch.
2025-05-22 21:30:52,262 - INFO - Reading line 1223 from test data...
2025-05-22 21:30:52,262 - INFO - Added prompt from line 1223 to batch.
2025-05-22 21:30:52,262 - INFO - Reading line 1224 from test data...
2025-05-22 21:30:52,262 - INFO - Added prompt from line 1224 to batch.
2025-05-22 21:30:52,262 - INFO - Processing batch of 8 prompts (up to line 1224)...
2025-05-22 21:30:52,262 - INFO - Generating responses for batch of 8 prompts. System prompt: 'You are a helpful assistant.'
2025-05-22 21:30:52,263 - INFO - First formatted prompt for tokenizer (first 100 chars): '<|begin_of_text|><|start_header_id|>system<|end_header_id|>

Cutting Knowledge Date: December 2023
T...'
2025-05-22 21:30:52,263 - INFO - Input device: cuda:0, preparing to move inputs to device.
2025-05-22 21:30:52,265 - INFO - Batch of inputs tokenized, padded, truncated, and moved to model device.
2025-05-22 21:30:52,265 - INFO - Starting batched model.generate()...
Setting `pad_token_id` to `eos_token_id`:128001 for open-end generation.
2025-05-22 21:31:12,477 - INFO - Batched model.generate() completed.
2025-05-22 21:31:12,478 - INFO - Decoding batch of responses by stripping input tokens...
2025-05-22 21:31:12,480 - INFO - Input tokens stripped from responses.
2025-05-22 21:31:12,480 - INFO - Batch of responses generated.
2025-05-22 21:31:12,482 - INFO - Appended 8 results from batch to /scratch-shared/mschaffelder/Data/exp_1/results/generation_results_8b_single_v6.jsonl
2025-05-22 21:31:12,482 - INFO - Reading line 1225 from test data...
2025-05-22 21:31:12,482 - INFO - Added prompt from line 1225 to batch.
2025-05-22 21:31:12,482 - INFO - Reading line 1226 from test data...
2025-05-22 21:31:12,482 - INFO - Added prompt from line 1226 to batch.
2025-05-22 21:31:12,482 - INFO - Reading line 1227 from test data...
2025-05-22 21:31:12,482 - INFO - Added prompt from line 1227 to batch.
2025-05-22 21:31:12,482 - INFO - Reading line 1228 from test data...
2025-05-22 21:31:12,482 - INFO - Added prompt from line 1228 to batch.
2025-05-22 21:31:12,482 - INFO - Reading line 1229 from test data...
2025-05-22 21:31:12,482 - INFO - Added prompt from line 1229 to batch.
2025-05-22 21:31:12,482 - INFO - Reading line 1230 from test data...
2025-05-22 21:31:12,482 - INFO - Added prompt from line 1230 to batch.
2025-05-22 21:31:12,482 - INFO - Reading line 1231 from test data...
2025-05-22 21:31:12,482 - INFO - Added prompt from line 1231 to batch.
2025-05-22 21:31:12,482 - INFO - Reading line 1232 from test data...
2025-05-22 21:31:12,482 - INFO - Added prompt from line 1232 to batch.
2025-05-22 21:31:12,482 - INFO - Processing batch of 8 prompts (up to line 1232)...
2025-05-22 21:31:12,482 - INFO - Generating responses for batch of 8 prompts. System prompt: 'You are a helpful assistant.'
2025-05-22 21:31:12,544 - INFO - First formatted prompt for tokenizer (first 100 chars): '<|begin_of_text|><|start_header_id|>system<|end_header_id|>

Cutting Knowledge Date: December 2023
T...'
2025-05-22 21:31:12,544 - INFO - Input device: cuda:0, preparing to move inputs to device.
2025-05-22 21:31:12,546 - INFO - Batch of inputs tokenized, padded, truncated, and moved to model device.
2025-05-22 21:31:12,546 - INFO - Starting batched model.generate()...
Setting `pad_token_id` to `eos_token_id`:128001 for open-end generation.
2025-05-22 21:31:42,743 - INFO - Batched model.generate() completed.
2025-05-22 21:31:42,744 - INFO - Decoding batch of responses by stripping input tokens...
2025-05-22 21:31:42,746 - INFO - Input tokens stripped from responses.
2025-05-22 21:31:42,747 - INFO - Batch of responses generated.
2025-05-22 21:31:42,748 - INFO - Appended 8 results from batch to /scratch-shared/mschaffelder/Data/exp_1/results/generation_results_8b_single_v6.jsonl
2025-05-22 21:31:42,748 - INFO - Reading line 1233 from test data...
2025-05-22 21:31:42,748 - INFO - Added prompt from line 1233 to batch.
2025-05-22 21:31:42,748 - INFO - Reading line 1234 from test data...
2025-05-22 21:31:42,748 - INFO - Added prompt from line 1234 to batch.
2025-05-22 21:31:42,748 - INFO - Reading line 1235 from test data...
2025-05-22 21:31:42,748 - INFO - Added prompt from line 1235 to batch.
2025-05-22 21:31:42,748 - INFO - Reading line 1236 from test data...
2025-05-22 21:31:42,748 - INFO - Added prompt from line 1236 to batch.
2025-05-22 21:31:42,748 - INFO - Reading line 1237 from test data...
2025-05-22 21:31:42,748 - INFO - Added prompt from line 1237 to batch.
2025-05-22 21:31:42,748 - INFO - Reading line 1238 from test data...
2025-05-22 21:31:42,748 - INFO - Added prompt from line 1238 to batch.
2025-05-22 21:31:42,748 - INFO - Reading line 1239 from test data...
2025-05-22 21:31:42,748 - INFO - Added prompt from line 1239 to batch.
2025-05-22 21:31:42,748 - INFO - Reading line 1240 from test data...
2025-05-22 21:31:42,748 - INFO - Added prompt from line 1240 to batch.
2025-05-22 21:31:42,748 - INFO - Processing batch of 8 prompts (up to line 1240)...
2025-05-22 21:31:42,748 - INFO - Generating responses for batch of 8 prompts. System prompt: 'You are a helpful assistant.'
2025-05-22 21:31:42,749 - INFO - First formatted prompt for tokenizer (first 100 chars): '<|begin_of_text|><|start_header_id|>system<|end_header_id|>

Cutting Knowledge Date: December 2023
T...'
2025-05-22 21:31:42,749 - INFO - Input device: cuda:0, preparing to move inputs to device.
2025-05-22 21:31:42,751 - INFO - Batch of inputs tokenized, padded, truncated, and moved to model device.
2025-05-22 21:31:42,751 - INFO - Starting batched model.generate()...
Setting `pad_token_id` to `eos_token_id`:128001 for open-end generation.
2025-05-22 21:32:07,325 - INFO - Batched model.generate() completed.
2025-05-22 21:32:07,326 - INFO - Decoding batch of responses by stripping input tokens...
2025-05-22 21:32:07,329 - INFO - Input tokens stripped from responses.
2025-05-22 21:32:07,329 - INFO - Batch of responses generated.
2025-05-22 21:32:07,331 - INFO - Appended 8 results from batch to /scratch-shared/mschaffelder/Data/exp_1/results/generation_results_8b_single_v6.jsonl
2025-05-22 21:32:07,331 - INFO - Reading line 1241 from test data...
2025-05-22 21:32:07,331 - INFO - Added prompt from line 1241 to batch.
2025-05-22 21:32:07,331 - INFO - Reading line 1242 from test data...
2025-05-22 21:32:07,331 - INFO - Added prompt from line 1242 to batch.
2025-05-22 21:32:07,331 - INFO - Reading line 1243 from test data...
2025-05-22 21:32:07,331 - INFO - Added prompt from line 1243 to batch.
2025-05-22 21:32:07,331 - INFO - Reading line 1244 from test data...
2025-05-22 21:32:07,331 - INFO - Added prompt from line 1244 to batch.
2025-05-22 21:32:07,331 - INFO - Reading line 1245 from test data...
2025-05-22 21:32:07,331 - INFO - Added prompt from line 1245 to batch.
2025-05-22 21:32:07,331 - INFO - Reading line 1246 from test data...
2025-05-22 21:32:07,331 - INFO - Added prompt from line 1246 to batch.
2025-05-22 21:32:07,331 - INFO - Reading line 1247 from test data...
2025-05-22 21:32:07,331 - INFO - Added prompt from line 1247 to batch.
2025-05-22 21:32:07,331 - INFO - Reading line 1248 from test data...
2025-05-22 21:32:07,332 - INFO - Added prompt from line 1248 to batch.
2025-05-22 21:32:07,332 - INFO - Processing batch of 8 prompts (up to line 1248)...
2025-05-22 21:32:07,332 - INFO - Generating responses for batch of 8 prompts. System prompt: 'You are a helpful assistant.'
2025-05-22 21:32:07,332 - INFO - First formatted prompt for tokenizer (first 100 chars): '<|begin_of_text|><|start_header_id|>system<|end_header_id|>

Cutting Knowledge Date: December 2023
T...'
2025-05-22 21:32:07,332 - INFO - Input device: cuda:0, preparing to move inputs to device.
2025-05-22 21:32:07,335 - INFO - Batch of inputs tokenized, padded, truncated, and moved to model device.
2025-05-22 21:32:07,335 - INFO - Starting batched model.generate()...
Setting `pad_token_id` to `eos_token_id`:128001 for open-end generation.
2025-05-22 21:32:37,566 - INFO - Batched model.generate() completed.
2025-05-22 21:32:37,566 - INFO - Decoding batch of responses by stripping input tokens...
2025-05-22 21:32:37,568 - INFO - Input tokens stripped from responses.
2025-05-22 21:32:37,568 - INFO - Batch of responses generated.
2025-05-22 21:32:37,569 - INFO - Appended 8 results from batch to /scratch-shared/mschaffelder/Data/exp_1/results/generation_results_8b_single_v6.jsonl
2025-05-22 21:32:37,570 - INFO - Reading line 1249 from test data...
2025-05-22 21:32:37,570 - INFO - Added prompt from line 1249 to batch.
2025-05-22 21:32:37,570 - INFO - Reading line 1250 from test data...
2025-05-22 21:32:37,570 - INFO - Added prompt from line 1250 to batch.
2025-05-22 21:32:37,570 - INFO - Reading line 1251 from test data...
2025-05-22 21:32:37,570 - INFO - Added prompt from line 1251 to batch.
2025-05-22 21:32:37,570 - INFO - Reading line 1252 from test data...
2025-05-22 21:32:37,570 - INFO - Added prompt from line 1252 to batch.
2025-05-22 21:32:37,570 - INFO - Reading line 1253 from test data...
2025-05-22 21:32:37,570 - INFO - Added prompt from line 1253 to batch.
2025-05-22 21:32:37,570 - INFO - Reading line 1254 from test data...
2025-05-22 21:32:37,570 - INFO - Added prompt from line 1254 to batch.
2025-05-22 21:32:37,570 - INFO - Reading line 1255 from test data...
2025-05-22 21:32:37,570 - INFO - Added prompt from line 1255 to batch.
2025-05-22 21:32:37,570 - INFO - Reading line 1256 from test data...
2025-05-22 21:32:37,570 - INFO - Added prompt from line 1256 to batch.
2025-05-22 21:32:37,570 - INFO - Processing batch of 8 prompts (up to line 1256)...
2025-05-22 21:32:37,570 - INFO - Generating responses for batch of 8 prompts. System prompt: 'You are a helpful assistant.'
2025-05-22 21:32:37,570 - INFO - First formatted prompt for tokenizer (first 100 chars): '<|begin_of_text|><|start_header_id|>system<|end_header_id|>

Cutting Knowledge Date: December 2023
T...'
2025-05-22 21:32:37,570 - INFO - Input device: cuda:0, preparing to move inputs to device.
2025-05-22 21:32:37,574 - INFO - Batch of inputs tokenized, padded, truncated, and moved to model device.
2025-05-22 21:32:37,574 - INFO - Starting batched model.generate()...
Setting `pad_token_id` to `eos_token_id`:128001 for open-end generation.
2025-05-22 21:32:58,895 - INFO - Batched model.generate() completed.
2025-05-22 21:32:58,895 - INFO - Decoding batch of responses by stripping input tokens...
2025-05-22 21:32:58,898 - INFO - Input tokens stripped from responses.
2025-05-22 21:32:58,899 - INFO - Batch of responses generated.
2025-05-22 21:32:58,900 - INFO - Appended 8 results from batch to /scratch-shared/mschaffelder/Data/exp_1/results/generation_results_8b_single_v6.jsonl
2025-05-22 21:32:58,900 - INFO - Reading line 1257 from test data...
2025-05-22 21:32:58,900 - INFO - Added prompt from line 1257 to batch.
2025-05-22 21:32:58,900 - INFO - Reading line 1258 from test data...
2025-05-22 21:33:00,285 - INFO - Added prompt from line 1258 to batch.
2025-05-22 21:33:00,285 - INFO - Reading line 1259 from test data...
2025-05-22 21:33:00,285 - INFO - Added prompt from line 1259 to batch.
2025-05-22 21:33:00,285 - INFO - Reading line 1260 from test data...
2025-05-22 21:33:00,285 - INFO - Added prompt from line 1260 to batch.
2025-05-22 21:33:00,285 - INFO - Reading line 1261 from test data...
2025-05-22 21:33:00,285 - INFO - Added prompt from line 1261 to batch.
2025-05-22 21:33:00,285 - INFO - Reading line 1262 from test data...
2025-05-22 21:33:00,285 - INFO - Added prompt from line 1262 to batch.
2025-05-22 21:33:00,286 - INFO - Reading line 1263 from test data...
2025-05-22 21:33:00,286 - INFO - Added prompt from line 1263 to batch.
2025-05-22 21:33:00,286 - INFO - Reading line 1264 from test data...
2025-05-22 21:33:00,286 - INFO - Added prompt from line 1264 to batch.
2025-05-22 21:33:00,286 - INFO - Processing batch of 8 prompts (up to line 1264)...
2025-05-22 21:33:00,286 - INFO - Generating responses for batch of 8 prompts. System prompt: 'You are a helpful assistant.'
2025-05-22 21:33:00,286 - INFO - First formatted prompt for tokenizer (first 100 chars): '<|begin_of_text|><|start_header_id|>system<|end_header_id|>

Cutting Knowledge Date: December 2023
T...'
2025-05-22 21:33:00,286 - INFO - Input device: cuda:0, preparing to move inputs to device.
2025-05-22 21:33:00,290 - INFO - Batch of inputs tokenized, padded, truncated, and moved to model device.
2025-05-22 21:33:00,290 - INFO - Starting batched model.generate()...
Setting `pad_token_id` to `eos_token_id`:128001 for open-end generation.
2025-05-22 21:33:19,539 - INFO - Batched model.generate() completed.
2025-05-22 21:33:19,540 - INFO - Decoding batch of responses by stripping input tokens...
2025-05-22 21:33:19,541 - INFO - Input tokens stripped from responses.
2025-05-22 21:33:19,542 - INFO - Batch of responses generated.
2025-05-22 21:33:19,543 - INFO - Appended 8 results from batch to /scratch-shared/mschaffelder/Data/exp_1/results/generation_results_8b_single_v6.jsonl
2025-05-22 21:33:19,543 - INFO - Reading line 1265 from test data...
2025-05-22 21:33:19,543 - INFO - Added prompt from line 1265 to batch.
2025-05-22 21:33:19,543 - INFO - Reading line 1266 from test data...
2025-05-22 21:33:19,543 - INFO - Added prompt from line 1266 to batch.
2025-05-22 21:33:19,543 - INFO - Reading line 1267 from test data...
2025-05-22 21:33:19,543 - INFO - Added prompt from line 1267 to batch.
2025-05-22 21:33:19,543 - INFO - Reading line 1268 from test data...
2025-05-22 21:33:19,543 - INFO - Added prompt from line 1268 to batch.
2025-05-22 21:33:19,543 - INFO - Reading line 1269 from test data...
2025-05-22 21:33:19,543 - INFO - Added prompt from line 1269 to batch.
2025-05-22 21:33:19,543 - INFO - Reading line 1270 from test data...
2025-05-22 21:33:19,543 - INFO - Added prompt from line 1270 to batch.
2025-05-22 21:33:19,543 - INFO - Reading line 1271 from test data...
2025-05-22 21:33:19,543 - INFO - Added prompt from line 1271 to batch.
2025-05-22 21:33:19,543 - INFO - Reading line 1272 from test data...
2025-05-22 21:33:19,543 - INFO - Added prompt from line 1272 to batch.
2025-05-22 21:33:19,543 - INFO - Processing batch of 8 prompts (up to line 1272)...
2025-05-22 21:33:19,543 - INFO - Generating responses for batch of 8 prompts. System prompt: 'You are a helpful assistant.'
2025-05-22 21:33:19,544 - INFO - First formatted prompt for tokenizer (first 100 chars): '<|begin_of_text|><|start_header_id|>system<|end_header_id|>

Cutting Knowledge Date: December 2023
T...'
2025-05-22 21:33:19,544 - INFO - Input device: cuda:0, preparing to move inputs to device.
2025-05-22 21:33:19,546 - INFO - Batch of inputs tokenized, padded, truncated, and moved to model device.
2025-05-22 21:33:19,546 - INFO - Starting batched model.generate()...
Setting `pad_token_id` to `eos_token_id`:128001 for open-end generation.
2025-05-22 21:33:47,857 - INFO - Batched model.generate() completed.
2025-05-22 21:33:47,857 - INFO - Decoding batch of responses by stripping input tokens...
2025-05-22 21:33:48,106 - INFO - Input tokens stripped from responses.
2025-05-22 21:33:48,106 - INFO - Batch of responses generated.
2025-05-22 21:33:48,107 - INFO - Appended 8 results from batch to /scratch-shared/mschaffelder/Data/exp_1/results/generation_results_8b_single_v6.jsonl
2025-05-22 21:33:48,107 - INFO - Reading line 1273 from test data...
2025-05-22 21:33:48,107 - INFO - Added prompt from line 1273 to batch.
2025-05-22 21:33:48,107 - INFO - Reading line 1274 from test data...
2025-05-22 21:33:48,107 - INFO - Added prompt from line 1274 to batch.
2025-05-22 21:33:48,107 - INFO - Reading line 1275 from test data...
2025-05-22 21:33:48,107 - INFO - Added prompt from line 1275 to batch.
2025-05-22 21:33:48,107 - INFO - Reading line 1276 from test data...
2025-05-22 21:33:48,107 - INFO - Added prompt from line 1276 to batch.
2025-05-22 21:33:48,107 - INFO - Reading line 1277 from test data...
2025-05-22 21:33:48,108 - INFO - Added prompt from line 1277 to batch.
2025-05-22 21:33:48,108 - INFO - Reading line 1278 from test data...
2025-05-22 21:33:48,108 - INFO - Added prompt from line 1278 to batch.
2025-05-22 21:33:48,108 - INFO - Reading line 1279 from test data...
2025-05-22 21:33:48,108 - INFO - Added prompt from line 1279 to batch.
2025-05-22 21:33:48,108 - INFO - Reading line 1280 from test data...
2025-05-22 21:33:48,108 - INFO - Added prompt from line 1280 to batch.
2025-05-22 21:33:48,108 - INFO - Processing batch of 8 prompts (up to line 1280)...
2025-05-22 21:33:48,108 - INFO - Generating responses for batch of 8 prompts. System prompt: 'You are a helpful assistant.'
2025-05-22 21:33:48,108 - INFO - First formatted prompt for tokenizer (first 100 chars): '<|begin_of_text|><|start_header_id|>system<|end_header_id|>

Cutting Knowledge Date: December 2023
T...'
2025-05-22 21:33:48,108 - INFO - Input device: cuda:0, preparing to move inputs to device.
2025-05-22 21:33:48,109 - INFO - Batch of inputs tokenized, padded, truncated, and moved to model device.
2025-05-22 21:33:48,110 - INFO - Starting batched model.generate()...
Setting `pad_token_id` to `eos_token_id`:128001 for open-end generation.
2025-05-22 21:34:09,888 - INFO - Batched model.generate() completed.
2025-05-22 21:34:09,888 - INFO - Decoding batch of responses by stripping input tokens...
2025-05-22 21:34:09,890 - INFO - Input tokens stripped from responses.
2025-05-22 21:34:09,891 - INFO - Batch of responses generated.
2025-05-22 21:34:09,892 - INFO - Appended 8 results from batch to /scratch-shared/mschaffelder/Data/exp_1/results/generation_results_8b_single_v6.jsonl
2025-05-22 21:34:09,892 - INFO - Reading line 1281 from test data...
2025-05-22 21:34:09,892 - INFO - Added prompt from line 1281 to batch.
2025-05-22 21:34:09,892 - INFO - Reading line 1282 from test data...
2025-05-22 21:34:09,892 - INFO - Added prompt from line 1282 to batch.
2025-05-22 21:34:09,892 - INFO - Reading line 1283 from test data...
2025-05-22 21:34:09,892 - INFO - Added prompt from line 1283 to batch.
2025-05-22 21:34:09,892 - INFO - Reading line 1284 from test data...
2025-05-22 21:34:09,892 - INFO - Added prompt from line 1284 to batch.
2025-05-22 21:34:09,892 - INFO - Reading line 1285 from test data...
2025-05-22 21:34:09,893 - INFO - Added prompt from line 1285 to batch.
2025-05-22 21:34:09,893 - INFO - Reading line 1286 from test data...
2025-05-22 21:34:09,893 - INFO - Added prompt from line 1286 to batch.
2025-05-22 21:34:09,893 - INFO - Reading line 1287 from test data...
2025-05-22 21:34:09,893 - INFO - Added prompt from line 1287 to batch.
2025-05-22 21:34:09,893 - INFO - Reading line 1288 from test data...
2025-05-22 21:34:09,893 - INFO - Added prompt from line 1288 to batch.
2025-05-22 21:34:09,893 - INFO - Processing batch of 8 prompts (up to line 1288)...
2025-05-22 21:34:09,893 - INFO - Generating responses for batch of 8 prompts. System prompt: 'You are a helpful assistant.'
2025-05-22 21:34:09,893 - INFO - First formatted prompt for tokenizer (first 100 chars): '<|begin_of_text|><|start_header_id|>system<|end_header_id|>

Cutting Knowledge Date: December 2023
T...'
2025-05-22 21:34:09,950 - INFO - Input device: cuda:0, preparing to move inputs to device.
2025-05-22 21:34:09,952 - INFO - Batch of inputs tokenized, padded, truncated, and moved to model device.
2025-05-22 21:34:09,952 - INFO - Starting batched model.generate()...
Setting `pad_token_id` to `eos_token_id`:128001 for open-end generation.
2025-05-22 21:34:33,849 - INFO - Batched model.generate() completed.
2025-05-22 21:34:33,850 - INFO - Decoding batch of responses by stripping input tokens...
2025-05-22 21:34:33,852 - INFO - Input tokens stripped from responses.
2025-05-22 21:34:33,852 - INFO - Batch of responses generated.
2025-05-22 21:34:33,852 - INFO - Appended 8 results from batch to /scratch-shared/mschaffelder/Data/exp_1/results/generation_results_8b_single_v6.jsonl
2025-05-22 21:34:33,852 - INFO - Reading line 1289 from test data...
2025-05-22 21:34:33,852 - INFO - Added prompt from line 1289 to batch.
2025-05-22 21:34:33,852 - INFO - Reading line 1290 from test data...
2025-05-22 21:34:33,852 - INFO - Added prompt from line 1290 to batch.
2025-05-22 21:34:33,852 - INFO - Reading line 1291 from test data...
2025-05-22 21:34:33,852 - INFO - Added prompt from line 1291 to batch.
2025-05-22 21:34:33,852 - INFO - Reading line 1292 from test data...
2025-05-22 21:34:33,853 - INFO - Added prompt from line 1292 to batch.
2025-05-22 21:34:33,853 - INFO - Reading line 1293 from test data...
2025-05-22 21:34:33,853 - INFO - Added prompt from line 1293 to batch.
2025-05-22 21:34:33,853 - INFO - Reading line 1294 from test data...
2025-05-22 21:34:33,853 - INFO - Added prompt from line 1294 to batch.
2025-05-22 21:34:33,853 - INFO - Reading line 1295 from test data...
2025-05-22 21:34:33,853 - INFO - Added prompt from line 1295 to batch.
2025-05-22 21:34:33,853 - INFO - Reading line 1296 from test data...
2025-05-22 21:34:33,853 - INFO - Added prompt from line 1296 to batch.
2025-05-22 21:34:33,853 - INFO - Processing batch of 8 prompts (up to line 1296)...
2025-05-22 21:34:33,853 - INFO - Generating responses for batch of 8 prompts. System prompt: 'You are a helpful assistant.'
2025-05-22 21:34:33,853 - INFO - First formatted prompt for tokenizer (first 100 chars): '<|begin_of_text|><|start_header_id|>system<|end_header_id|>

Cutting Knowledge Date: December 2023
T...'
2025-05-22 21:34:33,853 - INFO - Input device: cuda:0, preparing to move inputs to device.
2025-05-22 21:34:33,857 - INFO - Batch of inputs tokenized, padded, truncated, and moved to model device.
2025-05-22 21:34:33,857 - INFO - Starting batched model.generate()...
Setting `pad_token_id` to `eos_token_id`:128001 for open-end generation.
2025-05-22 21:35:00,146 - INFO - Batched model.generate() completed.
2025-05-22 21:35:00,146 - INFO - Decoding batch of responses by stripping input tokens...
2025-05-22 21:35:00,148 - INFO - Input tokens stripped from responses.
2025-05-22 21:35:00,149 - INFO - Batch of responses generated.
2025-05-22 21:35:00,150 - INFO - Appended 8 results from batch to /scratch-shared/mschaffelder/Data/exp_1/results/generation_results_8b_single_v6.jsonl
2025-05-22 21:35:00,150 - INFO - Reading line 1297 from test data...
2025-05-22 21:35:00,150 - INFO - Added prompt from line 1297 to batch.
2025-05-22 21:35:00,150 - INFO - Reading line 1298 from test data...
2025-05-22 21:35:00,150 - INFO - Added prompt from line 1298 to batch.
2025-05-22 21:35:00,150 - INFO - Reading line 1299 from test data...
2025-05-22 21:35:00,150 - INFO - Added prompt from line 1299 to batch.
2025-05-22 21:35:00,150 - INFO - Reading line 1300 from test data...
2025-05-22 21:35:00,150 - INFO - Added prompt from line 1300 to batch.
2025-05-22 21:35:00,150 - INFO - Reading line 1301 from test data...
2025-05-22 21:35:00,150 - INFO - Added prompt from line 1301 to batch.
2025-05-22 21:35:00,150 - INFO - Reading line 1302 from test data...
2025-05-22 21:35:00,150 - INFO - Added prompt from line 1302 to batch.
2025-05-22 21:35:00,150 - INFO - Reading line 1303 from test data...
2025-05-22 21:35:00,150 - INFO - Added prompt from line 1303 to batch.
2025-05-22 21:35:00,317 - INFO - Reading line 1304 from test data...
2025-05-22 21:35:00,317 - INFO - Added prompt from line 1304 to batch.
2025-05-22 21:35:00,317 - INFO - Processing batch of 8 prompts (up to line 1304)...
2025-05-22 21:35:00,317 - INFO - Generating responses for batch of 8 prompts. System prompt: 'You are a helpful assistant.'
2025-05-22 21:35:00,318 - INFO - First formatted prompt for tokenizer (first 100 chars): '<|begin_of_text|><|start_header_id|>system<|end_header_id|>

Cutting Knowledge Date: December 2023
T...'
2025-05-22 21:35:00,318 - INFO - Input device: cuda:0, preparing to move inputs to device.
2025-05-22 21:35:00,320 - INFO - Batch of inputs tokenized, padded, truncated, and moved to model device.
2025-05-22 21:35:00,320 - INFO - Starting batched model.generate()...
Setting `pad_token_id` to `eos_token_id`:128001 for open-end generation.
2025-05-22 21:35:21,441 - INFO - Batched model.generate() completed.
2025-05-22 21:35:21,441 - INFO - Decoding batch of responses by stripping input tokens...
2025-05-22 21:35:21,443 - INFO - Input tokens stripped from responses.
2025-05-22 21:35:21,444 - INFO - Batch of responses generated.
2025-05-22 21:35:21,444 - INFO - Appended 8 results from batch to /scratch-shared/mschaffelder/Data/exp_1/results/generation_results_8b_single_v6.jsonl
2025-05-22 21:35:21,445 - INFO - Reading line 1305 from test data...
2025-05-22 21:35:21,445 - INFO - Added prompt from line 1305 to batch.
2025-05-22 21:35:21,445 - INFO - Reading line 1306 from test data...
2025-05-22 21:35:21,445 - INFO - Added prompt from line 1306 to batch.
2025-05-22 21:35:21,445 - INFO - Reading line 1307 from test data...
2025-05-22 21:35:21,445 - INFO - Added prompt from line 1307 to batch.
2025-05-22 21:35:21,445 - INFO - Reading line 1308 from test data...
2025-05-22 21:35:21,445 - INFO - Added prompt from line 1308 to batch.
2025-05-22 21:35:21,445 - INFO - Reading line 1309 from test data...
2025-05-22 21:35:21,445 - INFO - Added prompt from line 1309 to batch.
2025-05-22 21:35:21,445 - INFO - Reading line 1310 from test data...
2025-05-22 21:35:21,445 - INFO - Added prompt from line 1310 to batch.
2025-05-22 21:35:21,445 - INFO - Reading line 1311 from test data...
2025-05-22 21:35:21,445 - INFO - Added prompt from line 1311 to batch.
2025-05-22 21:35:21,445 - INFO - Reading line 1312 from test data...
2025-05-22 21:35:21,445 - INFO - Added prompt from line 1312 to batch.
2025-05-22 21:35:21,445 - INFO - Processing batch of 8 prompts (up to line 1312)...
2025-05-22 21:35:21,445 - INFO - Generating responses for batch of 8 prompts. System prompt: 'You are a helpful assistant.'
2025-05-22 21:35:21,446 - INFO - First formatted prompt for tokenizer (first 100 chars): '<|begin_of_text|><|start_header_id|>system<|end_header_id|>

Cutting Knowledge Date: December 2023
T...'
2025-05-22 21:35:21,446 - INFO - Input device: cuda:0, preparing to move inputs to device.
2025-05-22 21:35:21,448 - INFO - Batch of inputs tokenized, padded, truncated, and moved to model device.
2025-05-22 21:35:21,448 - INFO - Starting batched model.generate()...
Setting `pad_token_id` to `eos_token_id`:128001 for open-end generation.
2025-05-22 21:35:43,506 - INFO - Batched model.generate() completed.
2025-05-22 21:35:43,506 - INFO - Decoding batch of responses by stripping input tokens...
2025-05-22 21:35:43,508 - INFO - Input tokens stripped from responses.
2025-05-22 21:35:43,508 - INFO - Batch of responses generated.
2025-05-22 21:35:43,510 - INFO - Appended 8 results from batch to /scratch-shared/mschaffelder/Data/exp_1/results/generation_results_8b_single_v6.jsonl
2025-05-22 21:35:43,510 - INFO - Reading line 1313 from test data...
2025-05-22 21:35:43,510 - INFO - Added prompt from line 1313 to batch.
2025-05-22 21:35:43,510 - INFO - Reading line 1314 from test data...
2025-05-22 21:35:43,510 - INFO - Added prompt from line 1314 to batch.
2025-05-22 21:35:43,510 - INFO - Reading line 1315 from test data...
2025-05-22 21:35:43,510 - INFO - Added prompt from line 1315 to batch.
2025-05-22 21:35:43,510 - INFO - Reading line 1316 from test data...
2025-05-22 21:35:43,527 - INFO - Added prompt from line 1316 to batch.
2025-05-22 21:35:43,527 - INFO - Reading line 1317 from test data...
2025-05-22 21:35:43,527 - INFO - Added prompt from line 1317 to batch.
2025-05-22 21:35:43,527 - INFO - Reading line 1318 from test data...
2025-05-22 21:35:43,527 - INFO - Added prompt from line 1318 to batch.
2025-05-22 21:35:43,527 - INFO - Reading line 1319 from test data...
2025-05-22 21:35:43,527 - INFO - Added prompt from line 1319 to batch.
2025-05-22 21:35:43,527 - INFO - Reading line 1320 from test data...
2025-05-22 21:35:43,527 - INFO - Added prompt from line 1320 to batch.
2025-05-22 21:35:43,528 - INFO - Processing batch of 8 prompts (up to line 1320)...
2025-05-22 21:35:43,528 - INFO - Generating responses for batch of 8 prompts. System prompt: 'You are a helpful assistant.'
2025-05-22 21:35:43,528 - INFO - First formatted prompt for tokenizer (first 100 chars): '<|begin_of_text|><|start_header_id|>system<|end_header_id|>

Cutting Knowledge Date: December 2023
T...'
2025-05-22 21:35:43,528 - INFO - Input device: cuda:0, preparing to move inputs to device.
2025-05-22 21:35:43,530 - INFO - Batch of inputs tokenized, padded, truncated, and moved to model device.
2025-05-22 21:35:43,530 - INFO - Starting batched model.generate()...
Setting `pad_token_id` to `eos_token_id`:128001 for open-end generation.
2025-05-22 21:36:09,506 - INFO - Batched model.generate() completed.
2025-05-22 21:36:09,506 - INFO - Decoding batch of responses by stripping input tokens...
2025-05-22 21:36:09,509 - INFO - Input tokens stripped from responses.
2025-05-22 21:36:09,509 - INFO - Batch of responses generated.
2025-05-22 21:36:09,511 - INFO - Appended 8 results from batch to /scratch-shared/mschaffelder/Data/exp_1/results/generation_results_8b_single_v6.jsonl
2025-05-22 21:36:09,511 - INFO - Reading line 1321 from test data...
2025-05-22 21:36:09,511 - INFO - Added prompt from line 1321 to batch.
2025-05-22 21:36:09,511 - INFO - Reading line 1322 from test data...
2025-05-22 21:36:09,511 - INFO - Added prompt from line 1322 to batch.
2025-05-22 21:36:09,511 - INFO - Reading line 1323 from test data...
2025-05-22 21:36:09,511 - INFO - Added prompt from line 1323 to batch.
2025-05-22 21:36:09,511 - INFO - Reading line 1324 from test data...
2025-05-22 21:36:09,511 - INFO - Added prompt from line 1324 to batch.
2025-05-22 21:36:09,511 - INFO - Reading line 1325 from test data...
2025-05-22 21:36:09,511 - INFO - Added prompt from line 1325 to batch.
2025-05-22 21:36:09,511 - INFO - Reading line 1326 from test data...
2025-05-22 21:36:09,511 - INFO - Added prompt from line 1326 to batch.
2025-05-22 21:36:09,511 - INFO - Reading line 1327 from test data...
2025-05-22 21:36:09,511 - INFO - Added prompt from line 1327 to batch.
2025-05-22 21:36:09,511 - INFO - Reading line 1328 from test data...
2025-05-22 21:36:09,511 - INFO - Added prompt from line 1328 to batch.
2025-05-22 21:36:09,511 - INFO - Processing batch of 8 prompts (up to line 1328)...
2025-05-22 21:36:09,511 - INFO - Generating responses for batch of 8 prompts. System prompt: 'You are a helpful assistant.'
2025-05-22 21:36:09,512 - INFO - First formatted prompt for tokenizer (first 100 chars): '<|begin_of_text|><|start_header_id|>system<|end_header_id|>

Cutting Knowledge Date: December 2023
T...'
2025-05-22 21:36:09,512 - INFO - Input device: cuda:0, preparing to move inputs to device.
2025-05-22 21:36:09,513 - INFO - Batch of inputs tokenized, padded, truncated, and moved to model device.
2025-05-22 21:36:09,513 - INFO - Starting batched model.generate()...
Setting `pad_token_id` to `eos_token_id`:128001 for open-end generation.
2025-05-22 21:36:36,120 - INFO - Batched model.generate() completed.
2025-05-22 21:36:36,120 - INFO - Decoding batch of responses by stripping input tokens...
2025-05-22 21:36:36,122 - INFO - Input tokens stripped from responses.
2025-05-22 21:36:36,123 - INFO - Batch of responses generated.
2025-05-22 21:36:36,124 - INFO - Appended 8 results from batch to /scratch-shared/mschaffelder/Data/exp_1/results/generation_results_8b_single_v6.jsonl
2025-05-22 21:36:36,319 - INFO - Reading line 1329 from test data...
2025-05-22 21:36:36,319 - INFO - Added prompt from line 1329 to batch.
2025-05-22 21:36:36,320 - INFO - Reading line 1330 from test data...
2025-05-22 21:36:36,320 - INFO - Added prompt from line 1330 to batch.
2025-05-22 21:36:36,320 - INFO - Reading line 1331 from test data...
2025-05-22 21:36:36,320 - INFO - Added prompt from line 1331 to batch.
2025-05-22 21:36:36,320 - INFO - Reading line 1332 from test data...
2025-05-22 21:36:36,320 - INFO - Added prompt from line 1332 to batch.
2025-05-22 21:36:36,320 - INFO - Reading line 1333 from test data...
2025-05-22 21:36:36,320 - INFO - Added prompt from line 1333 to batch.
2025-05-22 21:36:36,320 - INFO - Reading line 1334 from test data...
2025-05-22 21:36:36,320 - INFO - Added prompt from line 1334 to batch.
2025-05-22 21:36:36,320 - INFO - Reading line 1335 from test data...
2025-05-22 21:36:36,320 - INFO - Added prompt from line 1335 to batch.
2025-05-22 21:36:36,320 - INFO - Reading line 1336 from test data...
2025-05-22 21:36:36,320 - INFO - Added prompt from line 1336 to batch.
2025-05-22 21:36:36,320 - INFO - Processing batch of 8 prompts (up to line 1336)...
2025-05-22 21:36:36,320 - INFO - Generating responses for batch of 8 prompts. System prompt: 'You are a helpful assistant.'
2025-05-22 21:36:36,320 - INFO - First formatted prompt for tokenizer (first 100 chars): '<|begin_of_text|><|start_header_id|>system<|end_header_id|>

Cutting Knowledge Date: December 2023
T...'
2025-05-22 21:36:36,321 - INFO - Input device: cuda:0, preparing to move inputs to device.
2025-05-22 21:36:36,323 - INFO - Batch of inputs tokenized, padded, truncated, and moved to model device.
2025-05-22 21:36:36,323 - INFO - Starting batched model.generate()...
Setting `pad_token_id` to `eos_token_id`:128001 for open-end generation.
2025-05-22 21:36:41,677 - INFO - Batched model.generate() completed.
2025-05-22 21:36:41,677 - INFO - Decoding batch of responses by stripping input tokens...
2025-05-22 21:36:41,678 - INFO - Input tokens stripped from responses.
2025-05-22 21:36:41,678 - INFO - Batch of responses generated.
2025-05-22 21:36:41,679 - INFO - Appended 8 results from batch to /scratch-shared/mschaffelder/Data/exp_1/results/generation_results_8b_single_v6.jsonl
2025-05-22 21:36:41,679 - INFO - Reading line 1337 from test data...
2025-05-22 21:36:41,679 - INFO - Added prompt from line 1337 to batch.
2025-05-22 21:36:41,679 - INFO - Reading line 1338 from test data...
2025-05-22 21:36:41,679 - INFO - Added prompt from line 1338 to batch.
2025-05-22 21:36:41,679 - INFO - Reading line 1339 from test data...
2025-05-22 21:36:41,679 - INFO - Added prompt from line 1339 to batch.
2025-05-22 21:36:41,679 - INFO - Reading line 1340 from test data...
2025-05-22 21:36:41,679 - INFO - Added prompt from line 1340 to batch.
2025-05-22 21:36:41,679 - INFO - Reading line 1341 from test data...
2025-05-22 21:36:41,679 - INFO - Added prompt from line 1341 to batch.
2025-05-22 21:36:41,679 - INFO - Reading line 1342 from test data...
2025-05-22 21:36:41,679 - INFO - Added prompt from line 1342 to batch.
2025-05-22 21:36:41,679 - INFO - Reading line 1343 from test data...
2025-05-22 21:36:41,679 - INFO - Added prompt from line 1343 to batch.
2025-05-22 21:36:41,679 - INFO - Reading line 1344 from test data...
2025-05-22 21:36:41,679 - INFO - Added prompt from line 1344 to batch.
2025-05-22 21:36:41,679 - INFO - Processing batch of 8 prompts (up to line 1344)...
2025-05-22 21:36:41,679 - INFO - Generating responses for batch of 8 prompts. System prompt: 'You are a helpful assistant.'
2025-05-22 21:36:41,680 - INFO - First formatted prompt for tokenizer (first 100 chars): '<|begin_of_text|><|start_header_id|>system<|end_header_id|>

Cutting Knowledge Date: December 2023
T...'
2025-05-22 21:36:41,680 - INFO - Input device: cuda:0, preparing to move inputs to device.
2025-05-22 21:36:41,681 - INFO - Batch of inputs tokenized, padded, truncated, and moved to model device.
2025-05-22 21:36:41,878 - INFO - Starting batched model.generate()...
Setting `pad_token_id` to `eos_token_id`:128001 for open-end generation.
2025-05-22 21:36:54,771 - INFO - Batched model.generate() completed.
2025-05-22 21:36:54,771 - INFO - Decoding batch of responses by stripping input tokens...
2025-05-22 21:36:54,773 - INFO - Input tokens stripped from responses.
2025-05-22 21:36:54,773 - INFO - Batch of responses generated.
2025-05-22 21:36:54,774 - INFO - Appended 8 results from batch to /scratch-shared/mschaffelder/Data/exp_1/results/generation_results_8b_single_v6.jsonl
2025-05-22 21:36:54,774 - INFO - Reading line 1345 from test data...
2025-05-22 21:36:54,774 - INFO - Added prompt from line 1345 to batch.
2025-05-22 21:36:54,774 - INFO - Reading line 1346 from test data...
2025-05-22 21:36:54,774 - INFO - Added prompt from line 1346 to batch.
2025-05-22 21:36:54,774 - INFO - Reading line 1347 from test data...
2025-05-22 21:36:54,774 - INFO - Added prompt from line 1347 to batch.
2025-05-22 21:36:54,774 - INFO - Reading line 1348 from test data...
2025-05-22 21:36:54,774 - INFO - Added prompt from line 1348 to batch.
2025-05-22 21:36:54,774 - INFO - Reading line 1349 from test data...
2025-05-22 21:36:54,774 - INFO - Added prompt from line 1349 to batch.
2025-05-22 21:36:54,774 - INFO - Reading line 1350 from test data...
2025-05-22 21:36:54,774 - INFO - Added prompt from line 1350 to batch.
2025-05-22 21:36:54,774 - INFO - Reading line 1351 from test data...
2025-05-22 21:36:54,774 - INFO - Added prompt from line 1351 to batch.
2025-05-22 21:36:54,774 - INFO - Reading line 1352 from test data...
2025-05-22 21:36:54,774 - INFO - Added prompt from line 1352 to batch.
2025-05-22 21:36:54,774 - INFO - Processing batch of 8 prompts (up to line 1352)...
2025-05-22 21:36:54,774 - INFO - Generating responses for batch of 8 prompts. System prompt: 'You are a helpful assistant.'
2025-05-22 21:36:54,775 - INFO - First formatted prompt for tokenizer (first 100 chars): '<|begin_of_text|><|start_header_id|>system<|end_header_id|>

Cutting Knowledge Date: December 2023
T...'
2025-05-22 21:36:54,775 - INFO - Input device: cuda:0, preparing to move inputs to device.
2025-05-22 21:36:54,777 - INFO - Batch of inputs tokenized, padded, truncated, and moved to model device.
2025-05-22 21:36:54,777 - INFO - Starting batched model.generate()...
Setting `pad_token_id` to `eos_token_id`:128001 for open-end generation.
2025-05-22 21:37:15,262 - INFO - Batched model.generate() completed.
2025-05-22 21:37:15,262 - INFO - Decoding batch of responses by stripping input tokens...
2025-05-22 21:37:15,264 - INFO - Input tokens stripped from responses.
2025-05-22 21:37:15,265 - INFO - Batch of responses generated.
2025-05-22 21:37:15,266 - INFO - Appended 8 results from batch to /scratch-shared/mschaffelder/Data/exp_1/results/generation_results_8b_single_v6.jsonl
2025-05-22 21:37:15,266 - INFO - Reading line 1353 from test data...
2025-05-22 21:37:15,267 - INFO - Added prompt from line 1353 to batch.
2025-05-22 21:37:15,267 - INFO - Reading line 1354 from test data...
2025-05-22 21:37:15,267 - INFO - Added prompt from line 1354 to batch.
2025-05-22 21:37:15,267 - INFO - Reading line 1355 from test data...
2025-05-22 21:37:15,267 - INFO - Added prompt from line 1355 to batch.
2025-05-22 21:37:15,267 - INFO - Reading line 1356 from test data...
2025-05-22 21:37:15,267 - INFO - Added prompt from line 1356 to batch.
2025-05-22 21:37:15,267 - INFO - Reading line 1357 from test data...
2025-05-22 21:37:15,267 - INFO - Added prompt from line 1357 to batch.
2025-05-22 21:37:15,267 - INFO - Reading line 1358 from test data...
2025-05-22 21:37:15,267 - INFO - Added prompt from line 1358 to batch.
2025-05-22 21:37:15,267 - INFO - Reading line 1359 from test data...
2025-05-22 21:37:15,267 - INFO - Added prompt from line 1359 to batch.
2025-05-22 21:37:15,267 - INFO - Reading line 1360 from test data...
2025-05-22 21:37:15,267 - INFO - Added prompt from line 1360 to batch.
2025-05-22 21:37:15,267 - INFO - Processing batch of 8 prompts (up to line 1360)...
2025-05-22 21:37:15,705 - INFO - Generating responses for batch of 8 prompts. System prompt: 'You are a helpful assistant.'
2025-05-22 21:37:15,925 - INFO - First formatted prompt for tokenizer (first 100 chars): '<|begin_of_text|><|start_header_id|>system<|end_header_id|>

Cutting Knowledge Date: December 2023
T...'
2025-05-22 21:37:15,925 - INFO - Input device: cuda:0, preparing to move inputs to device.
2025-05-22 21:37:15,927 - INFO - Batch of inputs tokenized, padded, truncated, and moved to model device.
2025-05-22 21:37:15,927 - INFO - Starting batched model.generate()...
Setting `pad_token_id` to `eos_token_id`:128001 for open-end generation.
2025-05-22 21:37:33,704 - INFO - Batched model.generate() completed.
2025-05-22 21:37:33,704 - INFO - Decoding batch of responses by stripping input tokens...
2025-05-22 21:37:33,706 - INFO - Input tokens stripped from responses.
2025-05-22 21:37:33,706 - INFO - Batch of responses generated.
2025-05-22 21:37:33,707 - INFO - Appended 8 results from batch to /scratch-shared/mschaffelder/Data/exp_1/results/generation_results_8b_single_v6.jsonl
2025-05-22 21:37:33,707 - INFO - Reading line 1361 from test data...
2025-05-22 21:37:33,707 - INFO - Added prompt from line 1361 to batch.
2025-05-22 21:37:33,707 - INFO - Reading line 1362 from test data...
2025-05-22 21:37:33,707 - INFO - Added prompt from line 1362 to batch.
2025-05-22 21:37:33,707 - INFO - Reading line 1363 from test data...
2025-05-22 21:37:33,707 - INFO - Added prompt from line 1363 to batch.
2025-05-22 21:37:33,707 - INFO - Reading line 1364 from test data...
2025-05-22 21:37:33,707 - INFO - Added prompt from line 1364 to batch.
2025-05-22 21:37:33,707 - INFO - Reading line 1365 from test data...
2025-05-22 21:37:33,707 - INFO - Added prompt from line 1365 to batch.
2025-05-22 21:37:33,707 - INFO - Reading line 1366 from test data...
2025-05-22 21:37:33,707 - INFO - Added prompt from line 1366 to batch.
2025-05-22 21:37:33,707 - INFO - Reading line 1367 from test data...
2025-05-22 21:37:33,707 - INFO - Added prompt from line 1367 to batch.
2025-05-22 21:37:33,707 - INFO - Reading line 1368 from test data...
2025-05-22 21:37:33,707 - INFO - Added prompt from line 1368 to batch.
2025-05-22 21:37:33,707 - INFO - Processing batch of 8 prompts (up to line 1368)...
2025-05-22 21:37:33,707 - INFO - Generating responses for batch of 8 prompts. System prompt: 'You are a helpful assistant.'
2025-05-22 21:37:33,708 - INFO - First formatted prompt for tokenizer (first 100 chars): '<|begin_of_text|><|start_header_id|>system<|end_header_id|>

Cutting Knowledge Date: December 2023
T...'
2025-05-22 21:37:33,708 - INFO - Input device: cuda:0, preparing to move inputs to device.
2025-05-22 21:37:33,709 - INFO - Batch of inputs tokenized, padded, truncated, and moved to model device.
2025-05-22 21:37:33,710 - INFO - Starting batched model.generate()...
Setting `pad_token_id` to `eos_token_id`:128001 for open-end generation.
2025-05-22 21:37:58,371 - INFO - Batched model.generate() completed.
2025-05-22 21:37:58,371 - INFO - Decoding batch of responses by stripping input tokens...
2025-05-22 21:37:58,373 - INFO - Input tokens stripped from responses.
2025-05-22 21:37:58,373 - INFO - Batch of responses generated.
2025-05-22 21:37:58,374 - INFO - Appended 8 results from batch to /scratch-shared/mschaffelder/Data/exp_1/results/generation_results_8b_single_v6.jsonl
2025-05-22 21:37:58,374 - INFO - Reading line 1369 from test data...
2025-05-22 21:37:58,374 - INFO - Added prompt from line 1369 to batch.
2025-05-22 21:37:58,375 - INFO - Reading line 1370 from test data...
2025-05-22 21:37:58,375 - INFO - Added prompt from line 1370 to batch.
2025-05-22 21:37:58,375 - INFO - Reading line 1371 from test data...
2025-05-22 21:37:58,375 - INFO - Added prompt from line 1371 to batch.
2025-05-22 21:37:58,375 - INFO - Reading line 1372 from test data...
2025-05-22 21:37:58,375 - INFO - Added prompt from line 1372 to batch.
2025-05-22 21:37:58,375 - INFO - Reading line 1373 from test data...
2025-05-22 21:37:58,375 - INFO - Added prompt from line 1373 to batch.
2025-05-22 21:37:58,632 - INFO - Reading line 1374 from test data...
2025-05-22 21:37:58,632 - INFO - Added prompt from line 1374 to batch.
2025-05-22 21:37:58,632 - INFO - Reading line 1375 from test data...
2025-05-22 21:37:58,632 - INFO - Added prompt from line 1375 to batch.
2025-05-22 21:37:58,632 - INFO - Reading line 1376 from test data...
2025-05-22 21:37:58,632 - INFO - Added prompt from line 1376 to batch.
2025-05-22 21:37:58,632 - INFO - Processing batch of 8 prompts (up to line 1376)...
2025-05-22 21:37:58,632 - INFO - Generating responses for batch of 8 prompts. System prompt: 'You are a helpful assistant.'
2025-05-22 21:37:58,633 - INFO - First formatted prompt for tokenizer (first 100 chars): '<|begin_of_text|><|start_header_id|>system<|end_header_id|>

Cutting Knowledge Date: December 2023
T...'
2025-05-22 21:37:58,633 - INFO - Input device: cuda:0, preparing to move inputs to device.
2025-05-22 21:37:58,640 - INFO - Batch of inputs tokenized, padded, truncated, and moved to model device.
2025-05-22 21:37:58,640 - INFO - Starting batched model.generate()...
Setting `pad_token_id` to `eos_token_id`:128001 for open-end generation.
2025-05-22 21:38:19,774 - INFO - Batched model.generate() completed.
2025-05-22 21:38:19,774 - INFO - Decoding batch of responses by stripping input tokens...
2025-05-22 21:38:19,777 - INFO - Input tokens stripped from responses.
2025-05-22 21:38:19,778 - INFO - Batch of responses generated.
2025-05-22 21:38:19,780 - INFO - Appended 8 results from batch to /scratch-shared/mschaffelder/Data/exp_1/results/generation_results_8b_single_v6.jsonl
2025-05-22 21:38:19,780 - INFO - Reading line 1377 from test data...
2025-05-22 21:38:19,780 - INFO - Added prompt from line 1377 to batch.
2025-05-22 21:38:19,780 - INFO - Reading line 1378 from test data...
2025-05-22 21:38:19,780 - INFO - Added prompt from line 1378 to batch.
2025-05-22 21:38:19,780 - INFO - Reading line 1379 from test data...
2025-05-22 21:38:19,780 - INFO - Added prompt from line 1379 to batch.
2025-05-22 21:38:19,780 - INFO - Reading line 1380 from test data...
2025-05-22 21:38:19,780 - INFO - Added prompt from line 1380 to batch.
2025-05-22 21:38:19,780 - INFO - Reading line 1381 from test data...
2025-05-22 21:38:19,780 - INFO - Added prompt from line 1381 to batch.
2025-05-22 21:38:19,780 - INFO - Reading line 1382 from test data...
2025-05-22 21:38:19,781 - INFO - Added prompt from line 1382 to batch.
2025-05-22 21:38:19,781 - INFO - Reading line 1383 from test data...
2025-05-22 21:38:19,781 - INFO - Added prompt from line 1383 to batch.
2025-05-22 21:38:19,781 - INFO - Reading line 1384 from test data...
2025-05-22 21:38:19,781 - INFO - Added prompt from line 1384 to batch.
2025-05-22 21:38:19,781 - INFO - Processing batch of 8 prompts (up to line 1384)...
2025-05-22 21:38:19,781 - INFO - Generating responses for batch of 8 prompts. System prompt: 'You are a helpful assistant.'
2025-05-22 21:38:19,781 - INFO - First formatted prompt for tokenizer (first 100 chars): '<|begin_of_text|><|start_header_id|>system<|end_header_id|>

Cutting Knowledge Date: December 2023
T...'
2025-05-22 21:38:19,781 - INFO - Input device: cuda:0, preparing to move inputs to device.
2025-05-22 21:38:19,785 - INFO - Batch of inputs tokenized, padded, truncated, and moved to model device.
2025-05-22 21:38:19,785 - INFO - Starting batched model.generate()...
Setting `pad_token_id` to `eos_token_id`:128001 for open-end generation.
2025-05-22 21:38:32,719 - INFO - Batched model.generate() completed.
2025-05-22 21:38:32,719 - INFO - Decoding batch of responses by stripping input tokens...
2025-05-22 21:38:32,720 - INFO - Input tokens stripped from responses.
2025-05-22 21:38:32,721 - INFO - Batch of responses generated.
2025-05-22 21:38:32,722 - INFO - Appended 8 results from batch to /scratch-shared/mschaffelder/Data/exp_1/results/generation_results_8b_single_v6.jsonl
2025-05-22 21:38:32,722 - INFO - Reading line 1385 from test data...
2025-05-22 21:38:32,722 - INFO - Added prompt from line 1385 to batch.
2025-05-22 21:38:32,722 - INFO - Reading line 1386 from test data...
2025-05-22 21:38:32,953 - INFO - Added prompt from line 1386 to batch.
2025-05-22 21:38:32,954 - INFO - Reading line 1387 from test data...
2025-05-22 21:38:32,954 - INFO - Added prompt from line 1387 to batch.
2025-05-22 21:38:32,954 - INFO - Reading line 1388 from test data...
2025-05-22 21:38:32,954 - INFO - Added prompt from line 1388 to batch.
2025-05-22 21:38:32,954 - INFO - Reading line 1389 from test data...
2025-05-22 21:38:32,954 - INFO - Added prompt from line 1389 to batch.
2025-05-22 21:38:32,954 - INFO - Reading line 1390 from test data...
2025-05-22 21:38:32,954 - INFO - Added prompt from line 1390 to batch.
2025-05-22 21:38:32,954 - INFO - Reading line 1391 from test data...
2025-05-22 21:38:32,954 - INFO - Added prompt from line 1391 to batch.
2025-05-22 21:38:32,954 - INFO - Reading line 1392 from test data...
2025-05-22 21:38:32,954 - INFO - Added prompt from line 1392 to batch.
2025-05-22 21:38:32,954 - INFO - Processing batch of 8 prompts (up to line 1392)...
2025-05-22 21:38:32,954 - INFO - Generating responses for batch of 8 prompts. System prompt: 'You are a helpful assistant.'
2025-05-22 21:38:32,954 - INFO - First formatted prompt for tokenizer (first 100 chars): '<|begin_of_text|><|start_header_id|>system<|end_header_id|>

Cutting Knowledge Date: December 2023
T...'
2025-05-22 21:38:32,954 - INFO - Input device: cuda:0, preparing to move inputs to device.
2025-05-22 21:38:32,961 - INFO - Batch of inputs tokenized, padded, truncated, and moved to model device.
2025-05-22 21:38:32,961 - INFO - Starting batched model.generate()...
Setting `pad_token_id` to `eos_token_id`:128001 for open-end generation.
2025-05-22 21:38:53,034 - INFO - Batched model.generate() completed.
2025-05-22 21:38:53,034 - INFO - Decoding batch of responses by stripping input tokens...
2025-05-22 21:38:53,035 - INFO - Input tokens stripped from responses.
2025-05-22 21:38:53,036 - INFO - Batch of responses generated.
2025-05-22 21:38:53,037 - INFO - Appended 8 results from batch to /scratch-shared/mschaffelder/Data/exp_1/results/generation_results_8b_single_v6.jsonl
2025-05-22 21:38:53,037 - INFO - Reading line 1393 from test data...
2025-05-22 21:38:53,037 - INFO - Added prompt from line 1393 to batch.
2025-05-22 21:38:53,037 - INFO - Reading line 1394 from test data...
2025-05-22 21:38:53,037 - INFO - Added prompt from line 1394 to batch.
2025-05-22 21:38:53,037 - INFO - Reading line 1395 from test data...
2025-05-22 21:38:53,037 - INFO - Added prompt from line 1395 to batch.
2025-05-22 21:38:53,037 - INFO - Reading line 1396 from test data...
2025-05-22 21:38:53,037 - INFO - Added prompt from line 1396 to batch.
2025-05-22 21:38:53,037 - INFO - Reading line 1397 from test data...
2025-05-22 21:38:53,038 - INFO - Added prompt from line 1397 to batch.
2025-05-22 21:38:53,038 - INFO - Reading line 1398 from test data...
2025-05-22 21:38:53,038 - INFO - Added prompt from line 1398 to batch.
2025-05-22 21:38:53,038 - INFO - Reading line 1399 from test data...
2025-05-22 21:38:53,038 - INFO - Added prompt from line 1399 to batch.
2025-05-22 21:38:53,038 - INFO - Reading line 1400 from test data...
2025-05-22 21:38:53,038 - INFO - Added prompt from line 1400 to batch.
2025-05-22 21:38:53,038 - INFO - Processing batch of 8 prompts (up to line 1400)...
2025-05-22 21:38:53,038 - INFO - Generating responses for batch of 8 prompts. System prompt: 'You are a helpful assistant.'
2025-05-22 21:38:53,038 - INFO - First formatted prompt for tokenizer (first 100 chars): '<|begin_of_text|><|start_header_id|>system<|end_header_id|>

Cutting Knowledge Date: December 2023
T...'
2025-05-22 21:38:53,038 - INFO - Input device: cuda:0, preparing to move inputs to device.
2025-05-22 21:38:53,058 - INFO - Batch of inputs tokenized, padded, truncated, and moved to model device.
2025-05-22 21:38:53,058 - INFO - Starting batched model.generate()...
Setting `pad_token_id` to `eos_token_id`:128001 for open-end generation.
2025-05-22 21:39:30,549 - INFO - Batched model.generate() completed.
2025-05-22 21:39:30,651 - INFO - Decoding batch of responses by stripping input tokens...
2025-05-22 21:39:30,654 - INFO - Input tokens stripped from responses.
2025-05-22 21:39:30,656 - INFO - Batch of responses generated.
2025-05-22 21:39:30,659 - INFO - Appended 8 results from batch to /scratch-shared/mschaffelder/Data/exp_1/results/generation_results_8b_single_v6.jsonl
2025-05-22 21:39:30,659 - INFO - Reading line 1401 from test data...
2025-05-22 21:39:30,659 - INFO - Added prompt from line 1401 to batch.
2025-05-22 21:39:30,659 - INFO - Reading line 1402 from test data...
2025-05-22 21:39:30,659 - INFO - Added prompt from line 1402 to batch.
2025-05-22 21:39:30,659 - INFO - Reading line 1403 from test data...
2025-05-22 21:39:30,659 - INFO - Added prompt from line 1403 to batch.
2025-05-22 21:39:30,659 - INFO - Reading line 1404 from test data...
2025-05-22 21:39:30,659 - INFO - Added prompt from line 1404 to batch.
2025-05-22 21:39:30,659 - INFO - Reading line 1405 from test data...
2025-05-22 21:39:30,659 - INFO - Added prompt from line 1405 to batch.
2025-05-22 21:39:30,659 - INFO - Reading line 1406 from test data...
2025-05-22 21:39:30,659 - INFO - Added prompt from line 1406 to batch.
2025-05-22 21:39:30,659 - INFO - Reading line 1407 from test data...
2025-05-22 21:39:30,659 - INFO - Added prompt from line 1407 to batch.
2025-05-22 21:39:30,659 - INFO - Reading line 1408 from test data...
2025-05-22 21:39:30,659 - INFO - Added prompt from line 1408 to batch.
2025-05-22 21:39:30,659 - INFO - Processing batch of 8 prompts (up to line 1408)...
2025-05-22 21:39:30,659 - INFO - Generating responses for batch of 8 prompts. System prompt: 'You are a helpful assistant.'
2025-05-22 21:39:30,660 - INFO - First formatted prompt for tokenizer (first 100 chars): '<|begin_of_text|><|start_header_id|>system<|end_header_id|>

Cutting Knowledge Date: December 2023
T...'
2025-05-22 21:39:30,660 - INFO - Input device: cuda:0, preparing to move inputs to device.
2025-05-22 21:39:30,663 - INFO - Batch of inputs tokenized, padded, truncated, and moved to model device.
2025-05-22 21:39:30,664 - INFO - Starting batched model.generate()...
Setting `pad_token_id` to `eos_token_id`:128001 for open-end generation.
2025-05-22 21:39:49,217 - INFO - Batched model.generate() completed.
2025-05-22 21:39:49,217 - INFO - Decoding batch of responses by stripping input tokens...
2025-05-22 21:39:49,219 - INFO - Input tokens stripped from responses.
2025-05-22 21:39:49,219 - INFO - Batch of responses generated.
2025-05-22 21:39:49,220 - INFO - Appended 8 results from batch to /scratch-shared/mschaffelder/Data/exp_1/results/generation_results_8b_single_v6.jsonl
2025-05-22 21:39:49,220 - INFO - Reading line 1409 from test data...
2025-05-22 21:39:49,220 - INFO - Added prompt from line 1409 to batch.
2025-05-22 21:39:49,220 - INFO - Reading line 1410 from test data...
2025-05-22 21:39:49,220 - INFO - Added prompt from line 1410 to batch.
2025-05-22 21:39:49,220 - INFO - Reading line 1411 from test data...
2025-05-22 21:39:49,220 - INFO - Added prompt from line 1411 to batch.
2025-05-22 21:39:49,220 - INFO - Reading line 1412 from test data...
2025-05-22 21:39:49,220 - INFO - Added prompt from line 1412 to batch.
2025-05-22 21:39:49,220 - INFO - Reading line 1413 from test data...
2025-05-22 21:39:49,220 - INFO - Added prompt from line 1413 to batch.
2025-05-22 21:39:49,220 - INFO - Reading line 1414 from test data...
2025-05-22 21:39:49,220 - INFO - Added prompt from line 1414 to batch.
2025-05-22 21:39:49,220 - INFO - Reading line 1415 from test data...
2025-05-22 21:39:49,220 - INFO - Added prompt from line 1415 to batch.
2025-05-22 21:39:49,220 - INFO - Reading line 1416 from test data...
2025-05-22 21:39:49,220 - INFO - Added prompt from line 1416 to batch.
2025-05-22 21:39:49,220 - INFO - Processing batch of 8 prompts (up to line 1416)...
2025-05-22 21:39:49,220 - INFO - Generating responses for batch of 8 prompts. System prompt: 'You are a helpful assistant.'
2025-05-22 21:39:49,221 - INFO - First formatted prompt for tokenizer (first 100 chars): '<|begin_of_text|><|start_header_id|>system<|end_header_id|>

Cutting Knowledge Date: December 2023
T...'
2025-05-22 21:39:49,424 - INFO - Input device: cuda:0, preparing to move inputs to device.
2025-05-22 21:39:49,430 - INFO - Batch of inputs tokenized, padded, truncated, and moved to model device.
2025-05-22 21:39:49,430 - INFO - Starting batched model.generate()...
Setting `pad_token_id` to `eos_token_id`:128001 for open-end generation.
2025-05-22 21:40:05,969 - INFO - Batched model.generate() completed.
2025-05-22 21:40:05,969 - INFO - Decoding batch of responses by stripping input tokens...
2025-05-22 21:40:05,971 - INFO - Input tokens stripped from responses.
2025-05-22 21:40:05,972 - INFO - Batch of responses generated.
2025-05-22 21:40:05,973 - INFO - Appended 8 results from batch to /scratch-shared/mschaffelder/Data/exp_1/results/generation_results_8b_single_v6.jsonl
2025-05-22 21:40:05,973 - INFO - Reading line 1417 from test data...
2025-05-22 21:40:05,973 - INFO - Added prompt from line 1417 to batch.
2025-05-22 21:40:05,973 - INFO - Reading line 1418 from test data...
2025-05-22 21:40:05,973 - INFO - Added prompt from line 1418 to batch.
2025-05-22 21:40:05,974 - INFO - Reading line 1419 from test data...
2025-05-22 21:40:05,974 - INFO - Added prompt from line 1419 to batch.
2025-05-22 21:40:05,974 - INFO - Reading line 1420 from test data...
2025-05-22 21:40:05,974 - INFO - Added prompt from line 1420 to batch.
2025-05-22 21:40:05,974 - INFO - Reading line 1421 from test data...
2025-05-22 21:40:05,974 - INFO - Added prompt from line 1421 to batch.
2025-05-22 21:40:05,974 - INFO - Reading line 1422 from test data...
2025-05-22 21:40:05,974 - INFO - Added prompt from line 1422 to batch.
2025-05-22 21:40:05,974 - INFO - Reading line 1423 from test data...
2025-05-22 21:40:05,974 - INFO - Added prompt from line 1423 to batch.
2025-05-22 21:40:05,974 - INFO - Reading line 1424 from test data...
2025-05-22 21:40:05,974 - INFO - Added prompt from line 1424 to batch.
2025-05-22 21:40:05,974 - INFO - Processing batch of 8 prompts (up to line 1424)...
2025-05-22 21:40:05,974 - INFO - Generating responses for batch of 8 prompts. System prompt: 'You are a helpful assistant.'
2025-05-22 21:40:05,974 - INFO - First formatted prompt for tokenizer (first 100 chars): '<|begin_of_text|><|start_header_id|>system<|end_header_id|>

Cutting Knowledge Date: December 2023
T...'
2025-05-22 21:40:05,974 - INFO - Input device: cuda:0, preparing to move inputs to device.
2025-05-22 21:40:05,977 - INFO - Batch of inputs tokenized, padded, truncated, and moved to model device.
2025-05-22 21:40:05,977 - INFO - Starting batched model.generate()...
Setting `pad_token_id` to `eos_token_id`:128001 for open-end generation.
2025-05-22 21:40:24,103 - INFO - Batched model.generate() completed.
2025-05-22 21:40:24,104 - INFO - Decoding batch of responses by stripping input tokens...
2025-05-22 21:40:24,105 - INFO - Input tokens stripped from responses.
2025-05-22 21:40:24,106 - INFO - Batch of responses generated.
2025-05-22 21:40:24,107 - INFO - Appended 8 results from batch to /scratch-shared/mschaffelder/Data/exp_1/results/generation_results_8b_single_v6.jsonl
2025-05-22 21:40:24,107 - INFO - Reading line 1425 from test data...
2025-05-22 21:40:24,107 - INFO - Added prompt from line 1425 to batch.
2025-05-22 21:40:24,107 - INFO - Reading line 1426 from test data...
2025-05-22 21:40:24,107 - INFO - Added prompt from line 1426 to batch.
2025-05-22 21:40:24,107 - INFO - Reading line 1427 from test data...
2025-05-22 21:40:24,107 - INFO - Added prompt from line 1427 to batch.
2025-05-22 21:40:24,107 - INFO - Reading line 1428 from test data...
2025-05-22 21:40:24,107 - INFO - Added prompt from line 1428 to batch.
2025-05-22 21:40:24,107 - INFO - Reading line 1429 from test data...
2025-05-22 21:40:24,107 - INFO - Added prompt from line 1429 to batch.
2025-05-22 21:40:24,107 - INFO - Reading line 1430 from test data...
2025-05-22 21:40:24,107 - INFO - Added prompt from line 1430 to batch.
2025-05-22 21:40:24,107 - INFO - Reading line 1431 from test data...
2025-05-22 21:40:24,393 - INFO - Added prompt from line 1431 to batch.
2025-05-22 21:40:24,393 - INFO - Reading line 1432 from test data...
2025-05-22 21:40:24,393 - INFO - Added prompt from line 1432 to batch.
2025-05-22 21:40:24,394 - INFO - Processing batch of 8 prompts (up to line 1432)...
2025-05-22 21:40:24,394 - INFO - Generating responses for batch of 8 prompts. System prompt: 'You are a helpful assistant.'
2025-05-22 21:40:24,394 - INFO - First formatted prompt for tokenizer (first 100 chars): '<|begin_of_text|><|start_header_id|>system<|end_header_id|>

Cutting Knowledge Date: December 2023
T...'
2025-05-22 21:40:24,394 - INFO - Input device: cuda:0, preparing to move inputs to device.
2025-05-22 21:40:24,395 - INFO - Batch of inputs tokenized, padded, truncated, and moved to model device.
2025-05-22 21:40:24,396 - INFO - Starting batched model.generate()...
Setting `pad_token_id` to `eos_token_id`:128001 for open-end generation.
2025-05-22 21:40:42,130 - INFO - Batched model.generate() completed.
2025-05-22 21:40:42,130 - INFO - Decoding batch of responses by stripping input tokens...
2025-05-22 21:40:42,132 - INFO - Input tokens stripped from responses.
2025-05-22 21:40:42,132 - INFO - Batch of responses generated.
2025-05-22 21:40:42,134 - INFO - Appended 8 results from batch to /scratch-shared/mschaffelder/Data/exp_1/results/generation_results_8b_single_v6.jsonl
2025-05-22 21:40:42,134 - INFO - Reading line 1433 from test data...
2025-05-22 21:40:42,134 - INFO - Added prompt from line 1433 to batch.
2025-05-22 21:40:42,134 - INFO - Reading line 1434 from test data...
2025-05-22 21:40:42,134 - INFO - Added prompt from line 1434 to batch.
2025-05-22 21:40:42,134 - INFO - Reading line 1435 from test data...
2025-05-22 21:40:42,134 - INFO - Added prompt from line 1435 to batch.
2025-05-22 21:40:42,134 - INFO - Reading line 1436 from test data...
2025-05-22 21:40:42,134 - INFO - Added prompt from line 1436 to batch.
2025-05-22 21:40:42,134 - INFO - Reading line 1437 from test data...
2025-05-22 21:40:42,134 - INFO - Added prompt from line 1437 to batch.
2025-05-22 21:40:42,134 - INFO - Reading line 1438 from test data...
2025-05-22 21:40:42,134 - INFO - Added prompt from line 1438 to batch.
2025-05-22 21:40:42,134 - INFO - Reading line 1439 from test data...
2025-05-22 21:40:42,134 - INFO - Added prompt from line 1439 to batch.
2025-05-22 21:40:42,134 - INFO - Reading line 1440 from test data...
2025-05-22 21:40:42,134 - INFO - Added prompt from line 1440 to batch.
2025-05-22 21:40:42,134 - INFO - Processing batch of 8 prompts (up to line 1440)...
2025-05-22 21:40:42,134 - INFO - Generating responses for batch of 8 prompts. System prompt: 'You are a helpful assistant.'
2025-05-22 21:40:42,134 - INFO - First formatted prompt for tokenizer (first 100 chars): '<|begin_of_text|><|start_header_id|>system<|end_header_id|>

Cutting Knowledge Date: December 2023
T...'
2025-05-22 21:40:42,135 - INFO - Input device: cuda:0, preparing to move inputs to device.
2025-05-22 21:40:42,137 - INFO - Batch of inputs tokenized, padded, truncated, and moved to model device.
2025-05-22 21:40:42,137 - INFO - Starting batched model.generate()...
Setting `pad_token_id` to `eos_token_id`:128001 for open-end generation.
2025-05-22 21:41:02,909 - INFO - Batched model.generate() completed.
2025-05-22 21:41:02,909 - INFO - Decoding batch of responses by stripping input tokens...
2025-05-22 21:41:02,911 - INFO - Input tokens stripped from responses.
2025-05-22 21:41:02,911 - INFO - Batch of responses generated.
2025-05-22 21:41:03,060 - INFO - Appended 8 results from batch to /scratch-shared/mschaffelder/Data/exp_1/results/generation_results_8b_single_v6.jsonl
2025-05-22 21:41:03,060 - INFO - Reading line 1441 from test data...
2025-05-22 21:41:03,060 - INFO - Added prompt from line 1441 to batch.
2025-05-22 21:41:03,060 - INFO - Reading line 1442 from test data...
2025-05-22 21:41:03,060 - INFO - Added prompt from line 1442 to batch.
2025-05-22 21:41:03,060 - INFO - Reading line 1443 from test data...
2025-05-22 21:41:03,060 - INFO - Added prompt from line 1443 to batch.
2025-05-22 21:41:03,304 - INFO - Reading line 1444 from test data...
2025-05-22 21:41:03,304 - INFO - Added prompt from line 1444 to batch.
2025-05-22 21:41:03,304 - INFO - Reading line 1445 from test data...
2025-05-22 21:41:03,304 - INFO - Added prompt from line 1445 to batch.
2025-05-22 21:41:03,304 - INFO - Reading line 1446 from test data...
2025-05-22 21:41:03,304 - INFO - Added prompt from line 1446 to batch.
2025-05-22 21:41:03,304 - INFO - Reading line 1447 from test data...
2025-05-22 21:41:03,304 - INFO - Added prompt from line 1447 to batch.
2025-05-22 21:41:03,304 - INFO - Reading line 1448 from test data...
2025-05-22 21:41:03,304 - INFO - Added prompt from line 1448 to batch.
2025-05-22 21:41:03,304 - INFO - Processing batch of 8 prompts (up to line 1448)...
2025-05-22 21:41:03,304 - INFO - Generating responses for batch of 8 prompts. System prompt: 'You are a helpful assistant.'
2025-05-22 21:41:03,305 - INFO - First formatted prompt for tokenizer (first 100 chars): '<|begin_of_text|><|start_header_id|>system<|end_header_id|>

Cutting Knowledge Date: December 2023
T...'
2025-05-22 21:41:03,305 - INFO - Input device: cuda:0, preparing to move inputs to device.
2025-05-22 21:41:03,307 - INFO - Batch of inputs tokenized, padded, truncated, and moved to model device.
2025-05-22 21:41:03,308 - INFO - Starting batched model.generate()...
Setting `pad_token_id` to `eos_token_id`:128001 for open-end generation.
2025-05-22 21:41:19,771 - INFO - Batched model.generate() completed.
2025-05-22 21:41:19,772 - INFO - Decoding batch of responses by stripping input tokens...
2025-05-22 21:41:19,773 - INFO - Input tokens stripped from responses.
2025-05-22 21:41:19,774 - INFO - Batch of responses generated.
2025-05-22 21:41:19,775 - INFO - Appended 8 results from batch to /scratch-shared/mschaffelder/Data/exp_1/results/generation_results_8b_single_v6.jsonl
2025-05-22 21:41:19,775 - INFO - Reading line 1449 from test data...
2025-05-22 21:41:19,775 - INFO - Added prompt from line 1449 to batch.
2025-05-22 21:41:19,775 - INFO - Reading line 1450 from test data...
2025-05-22 21:41:19,775 - INFO - Added prompt from line 1450 to batch.
2025-05-22 21:41:19,775 - INFO - Reading line 1451 from test data...
2025-05-22 21:41:19,775 - INFO - Added prompt from line 1451 to batch.
2025-05-22 21:41:19,775 - INFO - Reading line 1452 from test data...
2025-05-22 21:41:19,775 - INFO - Added prompt from line 1452 to batch.
2025-05-22 21:41:19,776 - INFO - Reading line 1453 from test data...
2025-05-22 21:41:19,776 - INFO - Added prompt from line 1453 to batch.
2025-05-22 21:41:19,776 - INFO - Reading line 1454 from test data...
2025-05-22 21:41:19,776 - INFO - Added prompt from line 1454 to batch.
2025-05-22 21:41:19,776 - INFO - Reading line 1455 from test data...
2025-05-22 21:41:19,776 - INFO - Added prompt from line 1455 to batch.
2025-05-22 21:41:19,776 - INFO - Reading line 1456 from test data...
2025-05-22 21:41:19,776 - INFO - Added prompt from line 1456 to batch.
2025-05-22 21:41:19,776 - INFO - Processing batch of 8 prompts (up to line 1456)...
2025-05-22 21:41:19,776 - INFO - Generating responses for batch of 8 prompts. System prompt: 'You are a helpful assistant.'
2025-05-22 21:41:19,776 - INFO - First formatted prompt for tokenizer (first 100 chars): '<|begin_of_text|><|start_header_id|>system<|end_header_id|>

Cutting Knowledge Date: December 2023
T...'
2025-05-22 21:41:19,776 - INFO - Input device: cuda:0, preparing to move inputs to device.
2025-05-22 21:41:19,780 - INFO - Batch of inputs tokenized, padded, truncated, and moved to model device.
2025-05-22 21:41:19,780 - INFO - Starting batched model.generate()...
Setting `pad_token_id` to `eos_token_id`:128001 for open-end generation.
2025-05-22 21:41:55,264 - INFO - Batched model.generate() completed.
2025-05-22 21:41:55,264 - INFO - Decoding batch of responses by stripping input tokens...
2025-05-22 21:41:55,267 - INFO - Input tokens stripped from responses.
2025-05-22 21:41:55,267 - INFO - Batch of responses generated.
2025-05-22 21:41:55,268 - INFO - Appended 8 results from batch to /scratch-shared/mschaffelder/Data/exp_1/results/generation_results_8b_single_v6.jsonl
2025-05-22 21:41:55,496 - INFO - Reading line 1457 from test data...
2025-05-22 21:41:55,496 - INFO - Added prompt from line 1457 to batch.
2025-05-22 21:41:55,496 - INFO - Reading line 1458 from test data...
2025-05-22 21:41:55,496 - INFO - Added prompt from line 1458 to batch.
2025-05-22 21:41:55,496 - INFO - Reading line 1459 from test data...
2025-05-22 21:41:55,496 - INFO - Added prompt from line 1459 to batch.
2025-05-22 21:41:55,496 - INFO - Reading line 1460 from test data...
2025-05-22 21:41:55,496 - INFO - Added prompt from line 1460 to batch.
2025-05-22 21:41:55,497 - INFO - Reading line 1461 from test data...
2025-05-22 21:41:55,497 - INFO - Added prompt from line 1461 to batch.
2025-05-22 21:41:55,497 - INFO - Reading line 1462 from test data...
2025-05-22 21:41:55,497 - INFO - Added prompt from line 1462 to batch.
2025-05-22 21:41:55,497 - INFO - Reading line 1463 from test data...
2025-05-22 21:41:55,497 - INFO - Added prompt from line 1463 to batch.
2025-05-22 21:41:55,497 - INFO - Reading line 1464 from test data...
2025-05-22 21:41:55,497 - INFO - Added prompt from line 1464 to batch.
2025-05-22 21:41:55,497 - INFO - Processing batch of 8 prompts (up to line 1464)...
2025-05-22 21:41:55,497 - INFO - Generating responses for batch of 8 prompts. System prompt: 'You are a helpful assistant.'
2025-05-22 21:41:55,497 - INFO - First formatted prompt for tokenizer (first 100 chars): '<|begin_of_text|><|start_header_id|>system<|end_header_id|>

Cutting Knowledge Date: December 2023
T...'
2025-05-22 21:41:55,497 - INFO - Input device: cuda:0, preparing to move inputs to device.
2025-05-22 21:41:55,499 - INFO - Batch of inputs tokenized, padded, truncated, and moved to model device.
2025-05-22 21:41:55,499 - INFO - Starting batched model.generate()...
Setting `pad_token_id` to `eos_token_id`:128001 for open-end generation.
2025-05-22 21:42:15,707 - INFO - Batched model.generate() completed.
2025-05-22 21:42:15,707 - INFO - Decoding batch of responses by stripping input tokens...
2025-05-22 21:42:15,709 - INFO - Input tokens stripped from responses.
2025-05-22 21:42:15,710 - INFO - Batch of responses generated.
2025-05-22 21:42:15,711 - INFO - Appended 8 results from batch to /scratch-shared/mschaffelder/Data/exp_1/results/generation_results_8b_single_v6.jsonl
2025-05-22 21:42:15,711 - INFO - Reading line 1465 from test data...
2025-05-22 21:42:15,711 - INFO - Added prompt from line 1465 to batch.
2025-05-22 21:42:15,711 - INFO - Reading line 1466 from test data...
2025-05-22 21:42:15,711 - INFO - Added prompt from line 1466 to batch.
2025-05-22 21:42:15,711 - INFO - Reading line 1467 from test data...
2025-05-22 21:42:15,711 - INFO - Added prompt from line 1467 to batch.
2025-05-22 21:42:15,711 - INFO - Reading line 1468 from test data...
2025-05-22 21:42:15,711 - INFO - Added prompt from line 1468 to batch.
2025-05-22 21:42:15,711 - INFO - Reading line 1469 from test data...
2025-05-22 21:42:15,711 - INFO - Added prompt from line 1469 to batch.
2025-05-22 21:42:15,711 - INFO - Reading line 1470 from test data...
2025-05-22 21:42:15,711 - INFO - Added prompt from line 1470 to batch.
2025-05-22 21:42:15,711 - INFO - Reading line 1471 from test data...
2025-05-22 21:42:15,711 - INFO - Added prompt from line 1471 to batch.
2025-05-22 21:42:15,711 - INFO - Reading line 1472 from test data...
2025-05-22 21:42:15,711 - INFO - Added prompt from line 1472 to batch.
2025-05-22 21:42:15,711 - INFO - Processing batch of 8 prompts (up to line 1472)...
2025-05-22 21:42:15,711 - INFO - Generating responses for batch of 8 prompts. System prompt: 'You are a helpful assistant.'
2025-05-22 21:42:15,712 - INFO - First formatted prompt for tokenizer (first 100 chars): '<|begin_of_text|><|start_header_id|>system<|end_header_id|>

Cutting Knowledge Date: December 2023
T...'
2025-05-22 21:42:15,712 - INFO - Input device: cuda:0, preparing to move inputs to device.
2025-05-22 21:42:15,715 - INFO - Batch of inputs tokenized, padded, truncated, and moved to model device.
2025-05-22 21:42:15,985 - INFO - Starting batched model.generate()...
Setting `pad_token_id` to `eos_token_id`:128001 for open-end generation.
2025-05-22 21:42:23,554 - INFO - Batched model.generate() completed.
2025-05-22 21:42:23,555 - INFO - Decoding batch of responses by stripping input tokens...
2025-05-22 21:42:23,556 - INFO - Input tokens stripped from responses.
2025-05-22 21:42:23,556 - INFO - Batch of responses generated.
2025-05-22 21:42:23,557 - INFO - Appended 8 results from batch to /scratch-shared/mschaffelder/Data/exp_1/results/generation_results_8b_single_v6.jsonl
2025-05-22 21:42:23,557 - INFO - Reading line 1473 from test data...
2025-05-22 21:42:23,557 - INFO - Added prompt from line 1473 to batch.
2025-05-22 21:42:23,557 - INFO - Reading line 1474 from test data...
2025-05-22 21:42:23,557 - INFO - Added prompt from line 1474 to batch.
2025-05-22 21:42:23,557 - INFO - Reading line 1475 from test data...
2025-05-22 21:42:23,557 - INFO - Added prompt from line 1475 to batch.
2025-05-22 21:42:23,557 - INFO - Reading line 1476 from test data...
2025-05-22 21:42:23,557 - INFO - Added prompt from line 1476 to batch.
2025-05-22 21:42:23,557 - INFO - Reading line 1477 from test data...
2025-05-22 21:42:23,557 - INFO - Added prompt from line 1477 to batch.
2025-05-22 21:42:23,557 - INFO - Reading line 1478 from test data...
2025-05-22 21:42:23,557 - INFO - Added prompt from line 1478 to batch.
2025-05-22 21:42:23,557 - INFO - Reading line 1479 from test data...
2025-05-22 21:42:23,557 - INFO - Added prompt from line 1479 to batch.
2025-05-22 21:42:23,557 - INFO - Reading line 1480 from test data...
2025-05-22 21:42:23,557 - INFO - Added prompt from line 1480 to batch.
2025-05-22 21:42:23,557 - INFO - Processing batch of 8 prompts (up to line 1480)...
2025-05-22 21:42:23,557 - INFO - Generating responses for batch of 8 prompts. System prompt: 'You are a helpful assistant.'
2025-05-22 21:42:23,558 - INFO - First formatted prompt for tokenizer (first 100 chars): '<|begin_of_text|><|start_header_id|>system<|end_header_id|>

Cutting Knowledge Date: December 2023
T...'
2025-05-22 21:42:23,558 - INFO - Input device: cuda:0, preparing to move inputs to device.
2025-05-22 21:42:23,560 - INFO - Batch of inputs tokenized, padded, truncated, and moved to model device.
2025-05-22 21:42:23,560 - INFO - Starting batched model.generate()...
Setting `pad_token_id` to `eos_token_id`:128001 for open-end generation.
2025-05-22 21:42:47,472 - INFO - Batched model.generate() completed.
2025-05-22 21:42:47,473 - INFO - Decoding batch of responses by stripping input tokens...
2025-05-22 21:42:47,475 - INFO - Input tokens stripped from responses.
2025-05-22 21:42:47,475 - INFO - Batch of responses generated.
2025-05-22 21:42:47,476 - INFO - Appended 8 results from batch to /scratch-shared/mschaffelder/Data/exp_1/results/generation_results_8b_single_v6.jsonl
2025-05-22 21:42:47,476 - INFO - Reading line 1481 from test data...
2025-05-22 21:42:47,476 - INFO - Added prompt from line 1481 to batch.
2025-05-22 21:42:47,476 - INFO - Reading line 1482 from test data...
2025-05-22 21:42:47,476 - INFO - Added prompt from line 1482 to batch.
2025-05-22 21:42:47,476 - INFO - Reading line 1483 from test data...
2025-05-22 21:42:47,477 - INFO - Added prompt from line 1483 to batch.
2025-05-22 21:42:47,477 - INFO - Reading line 1484 from test data...
2025-05-22 21:42:47,477 - INFO - Added prompt from line 1484 to batch.
2025-05-22 21:42:47,477 - INFO - Reading line 1485 from test data...
2025-05-22 21:42:47,477 - INFO - Added prompt from line 1485 to batch.
2025-05-22 21:42:47,477 - INFO - Reading line 1486 from test data...
2025-05-22 21:42:47,477 - INFO - Added prompt from line 1486 to batch.
2025-05-22 21:42:47,477 - INFO - Reading line 1487 from test data...
2025-05-22 21:42:47,477 - INFO - Added prompt from line 1487 to batch.
2025-05-22 21:42:47,477 - INFO - Reading line 1488 from test data...
2025-05-22 21:42:47,477 - INFO - Added prompt from line 1488 to batch.
2025-05-22 21:42:47,477 - INFO - Processing batch of 8 prompts (up to line 1488)...
2025-05-22 21:42:47,477 - INFO - Generating responses for batch of 8 prompts. System prompt: 'You are a helpful assistant.'
2025-05-22 21:42:47,477 - INFO - First formatted prompt for tokenizer (first 100 chars): '<|begin_of_text|><|start_header_id|>system<|end_header_id|>

Cutting Knowledge Date: December 2023
T...'
2025-05-22 21:42:47,478 - INFO - Input device: cuda:0, preparing to move inputs to device.
2025-05-22 21:42:47,486 - INFO - Batch of inputs tokenized, padded, truncated, and moved to model device.
2025-05-22 21:42:47,486 - INFO - Starting batched model.generate()...
Setting `pad_token_id` to `eos_token_id`:128001 for open-end generation.
2025-05-22 21:43:10,274 - INFO - Batched model.generate() completed.
2025-05-22 21:43:10,274 - INFO - Decoding batch of responses by stripping input tokens...
2025-05-22 21:43:10,276 - INFO - Input tokens stripped from responses.
2025-05-22 21:43:10,277 - INFO - Batch of responses generated.
2025-05-22 21:43:10,279 - INFO - Appended 8 results from batch to /scratch-shared/mschaffelder/Data/exp_1/results/generation_results_8b_single_v6.jsonl
2025-05-22 21:43:10,279 - INFO - Reading line 1489 from test data...
2025-05-22 21:43:10,279 - INFO - Added prompt from line 1489 to batch.
2025-05-22 21:43:10,279 - INFO - Reading line 1490 from test data...
2025-05-22 21:43:10,279 - INFO - Added prompt from line 1490 to batch.
2025-05-22 21:43:10,279 - INFO - Reading line 1491 from test data...
2025-05-22 21:43:10,279 - INFO - Added prompt from line 1491 to batch.
2025-05-22 21:43:10,279 - INFO - Reading line 1492 from test data...
2025-05-22 21:43:10,279 - INFO - Added prompt from line 1492 to batch.
2025-05-22 21:43:10,279 - INFO - Reading line 1493 from test data...
2025-05-22 21:43:10,279 - INFO - Added prompt from line 1493 to batch.
2025-05-22 21:43:10,279 - INFO - Reading line 1494 from test data...
2025-05-22 21:43:10,279 - INFO - Added prompt from line 1494 to batch.
2025-05-22 21:43:10,279 - INFO - Reading line 1495 from test data...
2025-05-22 21:43:10,279 - INFO - Added prompt from line 1495 to batch.
2025-05-22 21:43:10,279 - INFO - Reading line 1496 from test data...
2025-05-22 21:43:10,279 - INFO - Added prompt from line 1496 to batch.
2025-05-22 21:43:10,279 - INFO - Processing batch of 8 prompts (up to line 1496)...
2025-05-22 21:43:10,279 - INFO - Generating responses for batch of 8 prompts. System prompt: 'You are a helpful assistant.'
2025-05-22 21:43:10,280 - INFO - First formatted prompt for tokenizer (first 100 chars): '<|begin_of_text|><|start_header_id|>system<|end_header_id|>

Cutting Knowledge Date: December 2023
T...'
2025-05-22 21:43:10,280 - INFO - Input device: cuda:0, preparing to move inputs to device.
2025-05-22 21:43:10,281 - INFO - Batch of inputs tokenized, padded, truncated, and moved to model device.
2025-05-22 21:43:10,281 - INFO - Starting batched model.generate()...
Setting `pad_token_id` to `eos_token_id`:128001 for open-end generation.
2025-05-22 21:43:31,517 - INFO - Batched model.generate() completed.
2025-05-22 21:43:31,517 - INFO - Decoding batch of responses by stripping input tokens...
2025-05-22 21:43:31,520 - INFO - Input tokens stripped from responses.
2025-05-22 21:43:31,520 - INFO - Batch of responses generated.
2025-05-22 21:43:31,522 - INFO - Appended 8 results from batch to /scratch-shared/mschaffelder/Data/exp_1/results/generation_results_8b_single_v6.jsonl
2025-05-22 21:43:31,522 - INFO - Reading line 1497 from test data...
2025-05-22 21:43:31,522 - INFO - Added prompt from line 1497 to batch.
2025-05-22 21:43:31,522 - INFO - Reading line 1498 from test data...
2025-05-22 21:43:31,522 - INFO - Added prompt from line 1498 to batch.
2025-05-22 21:43:31,522 - INFO - Reading line 1499 from test data...
2025-05-22 21:43:31,522 - INFO - Added prompt from line 1499 to batch.
2025-05-22 21:43:31,522 - INFO - Reading line 1500 from test data...
2025-05-22 21:43:31,522 - INFO - Added prompt from line 1500 to batch.
2025-05-22 21:43:31,522 - INFO - Reading line 1501 from test data...
2025-05-22 21:43:31,557 - INFO - Added prompt from line 1501 to batch.
2025-05-22 21:43:31,557 - INFO - Reading line 1502 from test data...
2025-05-22 21:43:31,557 - INFO - Added prompt from line 1502 to batch.
2025-05-22 21:43:31,557 - INFO - Processing final batch of 6 prompts...
2025-05-22 21:43:31,557 - INFO - Generating responses for batch of 6 prompts. System prompt: 'You are a helpful assistant.'
2025-05-22 21:43:31,557 - INFO - First formatted prompt for tokenizer (first 100 chars): '<|begin_of_text|><|start_header_id|>system<|end_header_id|>

Cutting Knowledge Date: December 2023
T...'
2025-05-22 21:43:31,557 - INFO - Input device: cuda:0, preparing to move inputs to device.
2025-05-22 21:43:31,559 - INFO - Batch of inputs tokenized, padded, truncated, and moved to model device.
2025-05-22 21:43:31,560 - INFO - Starting batched model.generate()...
Setting `pad_token_id` to `eos_token_id`:128001 for open-end generation.
2025-05-22 21:43:54,091 - INFO - Batched model.generate() completed.
2025-05-22 21:43:54,091 - INFO - Decoding batch of responses by stripping input tokens...
2025-05-22 21:43:54,093 - INFO - Input tokens stripped from responses.
2025-05-22 21:43:54,093 - INFO - Final batch of responses generated.
2025-05-22 21:43:54,094 - INFO - Appended 6 results from final batch to /scratch-shared/mschaffelder/Data/exp_1/results/generation_results_8b_single_v6.jsonl
Processing complete. Results saved incrementally to /scratch-shared/mschaffelder/Data/exp_1/results/generation_results_8b_single_v6.jsonl

JOB STATISTICS
==============
Job ID: 11979289
Cluster: snellius
User/Group: mschaffelder/mschaffelder
State: COMPLETED (exit code 0)
Nodes: 1
Cores per node: 16
CPU Utilized: 01:08:35
CPU Efficiency: 5.47% of 20:53:52 core-walltime
Job Wall-clock time: 01:18:22
Memory Utilized: 1.27 GB
Memory Efficiency: 6.33% of 20.00 GB (20.00 GB/node)
