Lmod has detected the following error: The following module(s) are unknown:
"Python/3.10.4-GCCcore-11.3.0"

Please check the spelling or version number. Also try "module spider ..."
It is also possible your cache file is out-of-date; it may help to try:
  $ module --ignore_cache load "Python/3.10.4-GCCcore-11.3.0"

Also make sure that all modulefiles written in TCL start with the string
#%Module



Virtual environment venv_exp_3 already exists at /scratch-shared/mschaffelder/venv_exp_3.
Activating virtual environment: /scratch-shared/mschaffelder/venv_exp_3
Requirement already satisfied: pip in /gpfs/scratch1/shared/mschaffelder/venv_exp_3/lib/python3.9/site-packages (25.1.1)
Requirement already satisfied: torch in /gpfs/scratch1/shared/mschaffelder/venv_exp_3/lib/python3.9/site-packages (from -r ../requirements_exp_3.txt (line 1)) (2.7.0)
Requirement already satisfied: transformers in /gpfs/scratch1/shared/mschaffelder/venv_exp_3/lib/python3.9/site-packages (from -r ../requirements_exp_3.txt (line 2)) (4.52.3)
Requirement already satisfied: peft in /gpfs/scratch1/shared/mschaffelder/venv_exp_3/lib/python3.9/site-packages (from -r ../requirements_exp_3.txt (line 3)) (0.15.2)
Requirement already satisfied: accelerate in /gpfs/scratch1/shared/mschaffelder/venv_exp_3/lib/python3.9/site-packages (from -r ../requirements_exp_3.txt (line 4)) (1.7.0)
Requirement already satisfied: bitsandbytes in /gpfs/scratch1/shared/mschaffelder/venv_exp_3/lib/python3.9/site-packages (from -r ../requirements_exp_3.txt (line 5)) (0.46.0)
Requirement already satisfied: sentencepiece in /gpfs/scratch1/shared/mschaffelder/venv_exp_3/lib/python3.9/site-packages (from -r ../requirements_exp_3.txt (line 6)) (0.2.0)
Requirement already satisfied: huggingface_hub in /gpfs/scratch1/shared/mschaffelder/venv_exp_3/lib/python3.9/site-packages (from -r ../requirements_exp_3.txt (line 7)) (0.32.2)
Requirement already satisfied: filelock in /gpfs/scratch1/shared/mschaffelder/venv_exp_3/lib/python3.9/site-packages (from torch->-r ../requirements_exp_3.txt (line 1)) (3.18.0)
Requirement already satisfied: typing-extensions>=4.10.0 in /gpfs/scratch1/shared/mschaffelder/venv_exp_3/lib/python3.9/site-packages (from torch->-r ../requirements_exp_3.txt (line 1)) (4.13.2)
Requirement already satisfied: sympy>=1.13.3 in /gpfs/scratch1/shared/mschaffelder/venv_exp_3/lib/python3.9/site-packages (from torch->-r ../requirements_exp_3.txt (line 1)) (1.14.0)
Requirement already satisfied: networkx in /gpfs/scratch1/shared/mschaffelder/venv_exp_3/lib/python3.9/site-packages (from torch->-r ../requirements_exp_3.txt (line 1)) (3.2.1)
Requirement already satisfied: jinja2 in /gpfs/scratch1/shared/mschaffelder/venv_exp_3/lib/python3.9/site-packages (from torch->-r ../requirements_exp_3.txt (line 1)) (3.1.6)
Requirement already satisfied: fsspec in /gpfs/scratch1/shared/mschaffelder/venv_exp_3/lib/python3.9/site-packages (from torch->-r ../requirements_exp_3.txt (line 1)) (2025.5.1)
Requirement already satisfied: nvidia-cuda-nvrtc-cu12==12.6.77 in /gpfs/scratch1/shared/mschaffelder/venv_exp_3/lib/python3.9/site-packages (from torch->-r ../requirements_exp_3.txt (line 1)) (12.6.77)
Requirement already satisfied: nvidia-cuda-runtime-cu12==12.6.77 in /gpfs/scratch1/shared/mschaffelder/venv_exp_3/lib/python3.9/site-packages (from torch->-r ../requirements_exp_3.txt (line 1)) (12.6.77)
Requirement already satisfied: nvidia-cuda-cupti-cu12==12.6.80 in /gpfs/scratch1/shared/mschaffelder/venv_exp_3/lib/python3.9/site-packages (from torch->-r ../requirements_exp_3.txt (line 1)) (12.6.80)
Requirement already satisfied: nvidia-cudnn-cu12==9.5.1.17 in /gpfs/scratch1/shared/mschaffelder/venv_exp_3/lib/python3.9/site-packages (from torch->-r ../requirements_exp_3.txt (line 1)) (9.5.1.17)
Requirement already satisfied: nvidia-cublas-cu12==12.6.4.1 in /gpfs/scratch1/shared/mschaffelder/venv_exp_3/lib/python3.9/site-packages (from torch->-r ../requirements_exp_3.txt (line 1)) (12.6.4.1)
Requirement already satisfied: nvidia-cufft-cu12==11.3.0.4 in /gpfs/scratch1/shared/mschaffelder/venv_exp_3/lib/python3.9/site-packages (from torch->-r ../requirements_exp_3.txt (line 1)) (11.3.0.4)
Requirement already satisfied: nvidia-curand-cu12==10.3.7.77 in /gpfs/scratch1/shared/mschaffelder/venv_exp_3/lib/python3.9/site-packages (from torch->-r ../requirements_exp_3.txt (line 1)) (10.3.7.77)
Requirement already satisfied: nvidia-cusolver-cu12==11.7.1.2 in /gpfs/scratch1/shared/mschaffelder/venv_exp_3/lib/python3.9/site-packages (from torch->-r ../requirements_exp_3.txt (line 1)) (11.7.1.2)
Requirement already satisfied: nvidia-cusparse-cu12==12.5.4.2 in /gpfs/scratch1/shared/mschaffelder/venv_exp_3/lib/python3.9/site-packages (from torch->-r ../requirements_exp_3.txt (line 1)) (12.5.4.2)
Requirement already satisfied: nvidia-cusparselt-cu12==0.6.3 in /gpfs/scratch1/shared/mschaffelder/venv_exp_3/lib/python3.9/site-packages (from torch->-r ../requirements_exp_3.txt (line 1)) (0.6.3)
Requirement already satisfied: nvidia-nccl-cu12==2.26.2 in /gpfs/scratch1/shared/mschaffelder/venv_exp_3/lib/python3.9/site-packages (from torch->-r ../requirements_exp_3.txt (line 1)) (2.26.2)
Requirement already satisfied: nvidia-nvtx-cu12==12.6.77 in /gpfs/scratch1/shared/mschaffelder/venv_exp_3/lib/python3.9/site-packages (from torch->-r ../requirements_exp_3.txt (line 1)) (12.6.77)
Requirement already satisfied: nvidia-nvjitlink-cu12==12.6.85 in /gpfs/scratch1/shared/mschaffelder/venv_exp_3/lib/python3.9/site-packages (from torch->-r ../requirements_exp_3.txt (line 1)) (12.6.85)
Requirement already satisfied: nvidia-cufile-cu12==1.11.1.6 in /gpfs/scratch1/shared/mschaffelder/venv_exp_3/lib/python3.9/site-packages (from torch->-r ../requirements_exp_3.txt (line 1)) (1.11.1.6)
Requirement already satisfied: triton==3.3.0 in /gpfs/scratch1/shared/mschaffelder/venv_exp_3/lib/python3.9/site-packages (from torch->-r ../requirements_exp_3.txt (line 1)) (3.3.0)
Requirement already satisfied: setuptools>=40.8.0 in /gpfs/scratch1/shared/mschaffelder/venv_exp_3/lib/python3.9/site-packages (from triton==3.3.0->torch->-r ../requirements_exp_3.txt (line 1)) (53.0.0)
Requirement already satisfied: numpy>=1.17 in /gpfs/scratch1/shared/mschaffelder/venv_exp_3/lib/python3.9/site-packages (from transformers->-r ../requirements_exp_3.txt (line 2)) (2.0.2)
Requirement already satisfied: packaging>=20.0 in /gpfs/scratch1/shared/mschaffelder/venv_exp_3/lib/python3.9/site-packages (from transformers->-r ../requirements_exp_3.txt (line 2)) (25.0)
Requirement already satisfied: pyyaml>=5.1 in /gpfs/scratch1/shared/mschaffelder/venv_exp_3/lib/python3.9/site-packages (from transformers->-r ../requirements_exp_3.txt (line 2)) (6.0.2)
Requirement already satisfied: regex!=2019.12.17 in /gpfs/scratch1/shared/mschaffelder/venv_exp_3/lib/python3.9/site-packages (from transformers->-r ../requirements_exp_3.txt (line 2)) (2024.11.6)
Requirement already satisfied: requests in /gpfs/scratch1/shared/mschaffelder/venv_exp_3/lib/python3.9/site-packages (from transformers->-r ../requirements_exp_3.txt (line 2)) (2.32.3)
Requirement already satisfied: tokenizers<0.22,>=0.21 in /gpfs/scratch1/shared/mschaffelder/venv_exp_3/lib/python3.9/site-packages (from transformers->-r ../requirements_exp_3.txt (line 2)) (0.21.1)
Requirement already satisfied: safetensors>=0.4.3 in /gpfs/scratch1/shared/mschaffelder/venv_exp_3/lib/python3.9/site-packages (from transformers->-r ../requirements_exp_3.txt (line 2)) (0.5.3)
Requirement already satisfied: tqdm>=4.27 in /gpfs/scratch1/shared/mschaffelder/venv_exp_3/lib/python3.9/site-packages (from transformers->-r ../requirements_exp_3.txt (line 2)) (4.67.1)
Requirement already satisfied: hf-xet<2.0.0,>=1.1.2 in /gpfs/scratch1/shared/mschaffelder/venv_exp_3/lib/python3.9/site-packages (from huggingface_hub->-r ../requirements_exp_3.txt (line 7)) (1.1.2)
Requirement already satisfied: psutil in /gpfs/scratch1/shared/mschaffelder/venv_exp_3/lib/python3.9/site-packages (from peft->-r ../requirements_exp_3.txt (line 3)) (7.0.0)
Requirement already satisfied: mpmath<1.4,>=1.1.0 in /gpfs/scratch1/shared/mschaffelder/venv_exp_3/lib/python3.9/site-packages (from sympy>=1.13.3->torch->-r ../requirements_exp_3.txt (line 1)) (1.3.0)
Requirement already satisfied: MarkupSafe>=2.0 in /gpfs/scratch1/shared/mschaffelder/venv_exp_3/lib/python3.9/site-packages (from jinja2->torch->-r ../requirements_exp_3.txt (line 1)) (3.0.2)
Requirement already satisfied: charset-normalizer<4,>=2 in /gpfs/scratch1/shared/mschaffelder/venv_exp_3/lib/python3.9/site-packages (from requests->transformers->-r ../requirements_exp_3.txt (line 2)) (3.4.2)
Requirement already satisfied: idna<4,>=2.5 in /gpfs/scratch1/shared/mschaffelder/venv_exp_3/lib/python3.9/site-packages (from requests->transformers->-r ../requirements_exp_3.txt (line 2)) (3.10)
Requirement already satisfied: urllib3<3,>=1.21.1 in /gpfs/scratch1/shared/mschaffelder/venv_exp_3/lib/python3.9/site-packages (from requests->transformers->-r ../requirements_exp_3.txt (line 2)) (2.4.0)
Requirement already satisfied: certifi>=2017.4.17 in /gpfs/scratch1/shared/mschaffelder/venv_exp_3/lib/python3.9/site-packages (from requests->transformers->-r ../requirements_exp_3.txt (line 2)) (2025.4.26)
CUDA_VISIBLE_DEVICES: 0
Available GPUs: GPU 0: NVIDIA H100 (UUID: GPU-a3ab8edf-c745-8ec1-305d-16eb290e8f52)
Using existing Hugging Face token from cache...
/scratch-shared/mschaffelder/venv_exp_3/lib64/python3.9/site-packages/networkx/utils/backends.py:135: RuntimeWarning: networkx backend defined more than once: nx-loopback
  backends.update(_get_backends("networkx.backends"))
2025-06-02 17:03:10,806 - INFO - Starting script with output file: /scratch-shared/mschaffelder/data/exp_3/absolute_ratings/small_human_source.jsonl
2025-06-02 17:03:10,813 - INFO - Starting to load tokenizer from: meta-llama/Llama-3.1-8B-Instruct with padding_side='left'
2025-06-02 17:03:11,339 - INFO - Tokenizer loaded.
2025-06-02 17:03:11,339 - WARNING - Tokenizer.pad_token_id (None) is not eos_token_id (128009). Forcing pad_token to eos_token for Llama consistency.
2025-06-02 17:03:11,339 - INFO - Tokenizer configured: pad_token_id=128009, eos_token_id=128009, padding_side='left'
2025-06-02 17:03:11,339 - INFO - Starting to load base model from: meta-llama/Llama-3.1-8B-Instruct
2025-06-02 17:03:15,876 - INFO - We will use 90% of the memory on device 0 for storing the model, and 10% for the buffer to avoid OOM. You can set `max_memory` in to a higher value to use more memory (at your own risk).
Loading model and tokenizer...
Loading checkpoint shards:   0%|          | 0/4 [00:00<?, ?it/s]Loading checkpoint shards:  25%|██▌       | 1/4 [00:04<00:12,  4.05s/it]Loading checkpoint shards:  50%|█████     | 2/4 [00:08<00:08,  4.02s/it]Loading checkpoint shards:  75%|███████▌  | 3/4 [00:12<00:04,  4.14s/it]Loading checkpoint shards: 100%|██████████| 4/4 [00:13<00:00,  2.90s/it]Loading checkpoint shards: 100%|██████████| 4/4 [00:13<00:00,  3.33s/it]
2025-06-02 17:03:29,478 - INFO - Base model loaded. Original vocab size: 128256
2025-06-02 17:03:29,478 - INFO - Resizing token embeddings from 128256 to 128257...
The new embeddings will be initialized from a multivariate normal distribution that has old embeddings' mean and covariance. As described in this article: https://nlp.stanford.edu/~johnhew/vocab-expansion.html. To disable this, use `mean_resizing=False`
The new lm_head weights will be initialized from a multivariate normal distribution that has old embeddings' mean and covariance. As described in this article: https://nlp.stanford.edu/~johnhew/vocab-expansion.html. To disable this, use `mean_resizing=False`
2025-06-02 17:03:32,840 - INFO - Token embeddings resized. New vocab size: 128257
2025-06-02 17:03:32,841 - INFO - Starting to load LoRA weights from: /scratch-shared/mschaffelder/data/ft_models/small/lora_llama_8b_human_v3
2025-06-02 17:03:38,696 - INFO - LoRA weights loaded and merged with the base model.
2025-06-02 17:03:38,697 - INFO - Aligning model.config.pad_token_id (None) to tokenizer.pad_token_id (128009).
2025-06-02 17:03:38,723 - INFO - Output file /scratch-shared/mschaffelder/data/exp_3/absolute_ratings/small_human_source.jsonl created/cleared.
2025-06-02 17:03:38,723 - INFO - Starting to process data...
2025-06-02 17:03:38,724 - INFO - Opened input file: /scratch-shared/mschaffelder/data/exp_3/generated/small/summaries_all.jsonl
2025-06-02 17:03:38,754 - INFO - Reading line 1 from input file...
2025-06-02 17:03:38,754 - INFO - Added prompt from line 1 to batch.
2025-06-02 17:03:38,754 - INFO - Reading line 2 from input file...
2025-06-02 17:03:38,754 - INFO - Added prompt from line 2 to batch.
2025-06-02 17:03:38,754 - INFO - Reading line 3 from input file...
2025-06-02 17:03:38,754 - INFO - Added prompt from line 3 to batch.
2025-06-02 17:03:38,754 - INFO - Reading line 4 from input file...
2025-06-02 17:03:38,754 - INFO - Added prompt from line 4 to batch.
2025-06-02 17:03:38,754 - INFO - Reading line 5 from input file...
2025-06-02 17:03:38,754 - INFO - Added prompt from line 5 to batch.
2025-06-02 17:03:38,754 - INFO - Reading line 6 from input file...
2025-06-02 17:03:38,754 - INFO - Added prompt from line 6 to batch.
2025-06-02 17:03:38,754 - INFO - Reading line 7 from input file...
2025-06-02 17:03:38,754 - INFO - Added prompt from line 7 to batch.
2025-06-02 17:03:38,754 - INFO - Reading line 8 from input file...
2025-06-02 17:03:38,754 - INFO - Added prompt from line 8 to batch.
2025-06-02 17:03:38,754 - INFO - Processing batch of 8 prompts (up to line 8)...
2025-06-02 17:03:38,756 - INFO - Generating absolute ratings for batch of 8 prompts. System prompt used: 'You are a helpful assistant. Your task is to rate the provided text in terms of overall quality. The rating should be from one to five, with 'one' being the lowest quality and 'five' being the highest quality. Please write the number only, and nothing else.'
2025-06-02 17:03:38,776 - INFO - First formatted prompt for tokenizer (first 100 chars): '<|begin_of_text|><|start_header_id|>system<|end_header_id|>

Cutting Knowledge Date: December 2023
T...'
2025-06-02 17:03:38,776 - INFO - Input device: cuda:0, preparing to move inputs to device.
2025-06-02 17:03:38,778 - INFO - Batch of inputs tokenized, padded, truncated, and moved to model device.
2025-06-02 17:03:38,778 - INFO - Starting batched model.generate()...
Setting `pad_token_id` to `eos_token_id`:128001 for open-end generation.
2025-06-02 17:03:42,053 - INFO - Batched model.generate() completed.
2025-06-02 17:03:42,053 - INFO - Decoding batch of responses and extracting token probabilities...
2025-06-02 17:03:42,058 - INFO - Input tokens stripped from responses and probabilities extracted.
2025-06-02 17:03:42,058 - INFO - Batch of responses generated.
2025-06-02 17:03:42,061 - INFO - Appended 8 results from batch to /scratch-shared/mschaffelder/data/exp_3/absolute_ratings/small_human_source.jsonl
2025-06-02 17:03:42,061 - INFO - Reading line 9 from input file...
2025-06-02 17:03:42,061 - INFO - Added prompt from line 9 to batch.
2025-06-02 17:03:42,061 - INFO - Reading line 10 from input file...
2025-06-02 17:03:42,061 - INFO - Added prompt from line 10 to batch.
2025-06-02 17:03:42,061 - INFO - Reading line 11 from input file...
2025-06-02 17:03:42,061 - INFO - Added prompt from line 11 to batch.
2025-06-02 17:03:42,062 - INFO - Reading line 12 from input file...
2025-06-02 17:03:42,062 - INFO - Added prompt from line 12 to batch.
2025-06-02 17:03:42,062 - INFO - Reading line 13 from input file...
2025-06-02 17:03:42,062 - INFO - Added prompt from line 13 to batch.
2025-06-02 17:03:42,062 - INFO - Reading line 14 from input file...
2025-06-02 17:03:42,062 - INFO - Added prompt from line 14 to batch.
2025-06-02 17:03:42,062 - INFO - Reading line 15 from input file...
2025-06-02 17:03:42,062 - INFO - Added prompt from line 15 to batch.
2025-06-02 17:03:42,062 - INFO - Reading line 16 from input file...
2025-06-02 17:03:42,062 - INFO - Added prompt from line 16 to batch.
2025-06-02 17:03:42,062 - INFO - Processing batch of 8 prompts (up to line 16)...
2025-06-02 17:03:42,062 - INFO - Generating absolute ratings for batch of 8 prompts. System prompt used: 'You are a helpful assistant. Your task is to rate the provided text in terms of overall quality. The rating should be from one to five, with 'one' being the lowest quality and 'five' being the highest quality. Please write the number only, and nothing else.'
2025-06-02 17:03:42,063 - INFO - First formatted prompt for tokenizer (first 100 chars): '<|begin_of_text|><|start_header_id|>system<|end_header_id|>

Cutting Knowledge Date: December 2023
T...'
2025-06-02 17:03:42,063 - INFO - Input device: cuda:0, preparing to move inputs to device.
2025-06-02 17:03:42,064 - INFO - Batch of inputs tokenized, padded, truncated, and moved to model device.
2025-06-02 17:03:42,064 - INFO - Starting batched model.generate()...
Setting `pad_token_id` to `eos_token_id`:128001 for open-end generation.
2025-06-02 17:03:42,252 - INFO - Batched model.generate() completed.
2025-06-02 17:03:42,252 - INFO - Decoding batch of responses and extracting token probabilities...
2025-06-02 17:03:42,257 - INFO - Input tokens stripped from responses and probabilities extracted.
2025-06-02 17:03:42,257 - INFO - Batch of responses generated.
2025-06-02 17:03:42,258 - INFO - Appended 8 results from batch to /scratch-shared/mschaffelder/data/exp_3/absolute_ratings/small_human_source.jsonl
2025-06-02 17:03:42,258 - INFO - Reading line 17 from input file...
2025-06-02 17:03:42,258 - INFO - Added prompt from line 17 to batch.
2025-06-02 17:03:42,258 - INFO - Reading line 18 from input file...
2025-06-02 17:03:42,258 - INFO - Added prompt from line 18 to batch.
2025-06-02 17:03:42,258 - INFO - Reading line 19 from input file...
2025-06-02 17:03:42,258 - INFO - Added prompt from line 19 to batch.
2025-06-02 17:03:42,259 - INFO - Reading line 20 from input file...
2025-06-02 17:03:42,259 - INFO - Added prompt from line 20 to batch.
2025-06-02 17:03:42,259 - INFO - Reading line 21 from input file...
2025-06-02 17:03:42,259 - INFO - Added prompt from line 21 to batch.
2025-06-02 17:03:42,259 - INFO - Reading line 22 from input file...
2025-06-02 17:03:42,259 - INFO - Added prompt from line 22 to batch.
2025-06-02 17:03:42,259 - INFO - Reading line 23 from input file...
2025-06-02 17:03:42,259 - INFO - Added prompt from line 23 to batch.
2025-06-02 17:03:42,259 - INFO - Reading line 24 from input file...
2025-06-02 17:03:42,259 - INFO - Added prompt from line 24 to batch.
2025-06-02 17:03:42,259 - INFO - Processing batch of 8 prompts (up to line 24)...
2025-06-02 17:03:42,259 - INFO - Generating absolute ratings for batch of 8 prompts. System prompt used: 'You are a helpful assistant. Your task is to rate the provided text in terms of overall quality. The rating should be from one to five, with 'one' being the lowest quality and 'five' being the highest quality. Please write the number only, and nothing else.'
2025-06-02 17:03:42,260 - INFO - First formatted prompt for tokenizer (first 100 chars): '<|begin_of_text|><|start_header_id|>system<|end_header_id|>

Cutting Knowledge Date: December 2023
T...'
2025-06-02 17:03:42,260 - INFO - Input device: cuda:0, preparing to move inputs to device.
2025-06-02 17:03:42,261 - INFO - Batch of inputs tokenized, padded, truncated, and moved to model device.
2025-06-02 17:03:42,261 - INFO - Starting batched model.generate()...
Setting `pad_token_id` to `eos_token_id`:128001 for open-end generation.
2025-06-02 17:03:42,463 - INFO - Batched model.generate() completed.
2025-06-02 17:03:42,463 - INFO - Decoding batch of responses and extracting token probabilities...
2025-06-02 17:03:42,467 - INFO - Input tokens stripped from responses and probabilities extracted.
2025-06-02 17:03:42,468 - INFO - Batch of responses generated.
2025-06-02 17:03:42,468 - INFO - Appended 8 results from batch to /scratch-shared/mschaffelder/data/exp_3/absolute_ratings/small_human_source.jsonl
2025-06-02 17:03:42,468 - INFO - Reading line 25 from input file...
2025-06-02 17:03:42,468 - INFO - Added prompt from line 25 to batch.
2025-06-02 17:03:42,468 - INFO - Reading line 26 from input file...
2025-06-02 17:03:42,468 - INFO - Added prompt from line 26 to batch.
2025-06-02 17:03:42,468 - INFO - Reading line 27 from input file...
2025-06-02 17:03:42,468 - INFO - Added prompt from line 27 to batch.
2025-06-02 17:03:42,468 - INFO - Reading line 28 from input file...
2025-06-02 17:03:42,468 - INFO - Added prompt from line 28 to batch.
2025-06-02 17:03:42,468 - INFO - Reading line 29 from input file...
2025-06-02 17:03:42,469 - INFO - Added prompt from line 29 to batch.
2025-06-02 17:03:42,469 - INFO - Reading line 30 from input file...
2025-06-02 17:03:42,469 - INFO - Added prompt from line 30 to batch.
2025-06-02 17:03:42,469 - INFO - Reading line 31 from input file...
2025-06-02 17:03:42,469 - INFO - Added prompt from line 31 to batch.
2025-06-02 17:03:42,469 - INFO - Reading line 32 from input file...
2025-06-02 17:03:42,469 - INFO - Added prompt from line 32 to batch.
2025-06-02 17:03:42,469 - INFO - Processing batch of 8 prompts (up to line 32)...
2025-06-02 17:03:42,469 - INFO - Generating absolute ratings for batch of 8 prompts. System prompt used: 'You are a helpful assistant. Your task is to rate the provided text in terms of overall quality. The rating should be from one to five, with 'one' being the lowest quality and 'five' being the highest quality. Please write the number only, and nothing else.'
2025-06-02 17:03:42,470 - INFO - First formatted prompt for tokenizer (first 100 chars): '<|begin_of_text|><|start_header_id|>system<|end_header_id|>

Cutting Knowledge Date: December 2023
T...'
2025-06-02 17:03:42,470 - INFO - Input device: cuda:0, preparing to move inputs to device.
2025-06-02 17:03:42,471 - INFO - Batch of inputs tokenized, padded, truncated, and moved to model device.
2025-06-02 17:03:42,472 - INFO - Starting batched model.generate()...
Setting `pad_token_id` to `eos_token_id`:128001 for open-end generation.
2025-06-02 17:03:42,685 - INFO - Batched model.generate() completed.
2025-06-02 17:03:42,685 - INFO - Decoding batch of responses and extracting token probabilities...
2025-06-02 17:03:42,690 - INFO - Input tokens stripped from responses and probabilities extracted.
2025-06-02 17:03:42,690 - INFO - Batch of responses generated.
2025-06-02 17:03:42,691 - INFO - Appended 8 results from batch to /scratch-shared/mschaffelder/data/exp_3/absolute_ratings/small_human_source.jsonl
2025-06-02 17:03:42,691 - INFO - Reading line 33 from input file...
2025-06-02 17:03:42,692 - INFO - Added prompt from line 33 to batch.
2025-06-02 17:03:42,692 - INFO - Reading line 34 from input file...
2025-06-02 17:03:42,692 - INFO - Added prompt from line 34 to batch.
2025-06-02 17:03:42,692 - INFO - Reading line 35 from input file...
2025-06-02 17:03:42,692 - INFO - Added prompt from line 35 to batch.
2025-06-02 17:03:42,692 - INFO - Reading line 36 from input file...
2025-06-02 17:03:42,692 - INFO - Added prompt from line 36 to batch.
2025-06-02 17:03:42,692 - INFO - Reading line 37 from input file...
2025-06-02 17:03:42,692 - INFO - Added prompt from line 37 to batch.
2025-06-02 17:03:42,692 - INFO - Reading line 38 from input file...
2025-06-02 17:03:42,692 - INFO - Added prompt from line 38 to batch.
2025-06-02 17:03:42,692 - INFO - Reading line 39 from input file...
2025-06-02 17:03:42,692 - INFO - Added prompt from line 39 to batch.
2025-06-02 17:03:42,692 - INFO - Reading line 40 from input file...
2025-06-02 17:03:42,692 - INFO - Added prompt from line 40 to batch.
2025-06-02 17:03:42,692 - INFO - Processing batch of 8 prompts (up to line 40)...
2025-06-02 17:03:42,692 - INFO - Generating absolute ratings for batch of 8 prompts. System prompt used: 'You are a helpful assistant. Your task is to rate the provided text in terms of overall quality. The rating should be from one to five, with 'one' being the lowest quality and 'five' being the highest quality. Please write the number only, and nothing else.'
2025-06-02 17:03:42,693 - INFO - First formatted prompt for tokenizer (first 100 chars): '<|begin_of_text|><|start_header_id|>system<|end_header_id|>

Cutting Knowledge Date: December 2023
T...'
2025-06-02 17:03:42,693 - INFO - Input device: cuda:0, preparing to move inputs to device.
2025-06-02 17:03:42,695 - INFO - Batch of inputs tokenized, padded, truncated, and moved to model device.
2025-06-02 17:03:42,695 - INFO - Starting batched model.generate()...
Setting `pad_token_id` to `eos_token_id`:128001 for open-end generation.
2025-06-02 17:03:42,904 - INFO - Batched model.generate() completed.
2025-06-02 17:03:42,904 - INFO - Decoding batch of responses and extracting token probabilities...
2025-06-02 17:03:42,909 - INFO - Input tokens stripped from responses and probabilities extracted.
2025-06-02 17:03:42,909 - INFO - Batch of responses generated.
2025-06-02 17:03:42,909 - INFO - Appended 8 results from batch to /scratch-shared/mschaffelder/data/exp_3/absolute_ratings/small_human_source.jsonl
2025-06-02 17:03:42,910 - INFO - Reading line 41 from input file...
2025-06-02 17:03:42,910 - INFO - Added prompt from line 41 to batch.
2025-06-02 17:03:42,910 - INFO - Reading line 42 from input file...
2025-06-02 17:03:42,910 - INFO - Added prompt from line 42 to batch.
2025-06-02 17:03:42,910 - INFO - Reading line 43 from input file...
2025-06-02 17:03:42,910 - INFO - Added prompt from line 43 to batch.
2025-06-02 17:03:42,910 - INFO - Reading line 44 from input file...
2025-06-02 17:03:42,910 - INFO - Added prompt from line 44 to batch.
2025-06-02 17:03:42,910 - INFO - Reading line 45 from input file...
2025-06-02 17:03:42,910 - INFO - Added prompt from line 45 to batch.
2025-06-02 17:03:42,910 - INFO - Reading line 46 from input file...
2025-06-02 17:03:42,910 - INFO - Added prompt from line 46 to batch.
2025-06-02 17:03:42,910 - INFO - Reading line 47 from input file...
2025-06-02 17:03:42,910 - INFO - Added prompt from line 47 to batch.
2025-06-02 17:03:42,910 - INFO - Reading line 48 from input file...
2025-06-02 17:03:42,910 - INFO - Added prompt from line 48 to batch.
2025-06-02 17:03:42,910 - INFO - Processing batch of 8 prompts (up to line 48)...
2025-06-02 17:03:42,910 - INFO - Generating absolute ratings for batch of 8 prompts. System prompt used: 'You are a helpful assistant. Your task is to rate the provided text in terms of overall quality. The rating should be from one to five, with 'one' being the lowest quality and 'five' being the highest quality. Please write the number only, and nothing else.'
2025-06-02 17:03:42,911 - INFO - First formatted prompt for tokenizer (first 100 chars): '<|begin_of_text|><|start_header_id|>system<|end_header_id|>

Cutting Knowledge Date: December 2023
T...'
2025-06-02 17:03:42,911 - INFO - Input device: cuda:0, preparing to move inputs to device.
2025-06-02 17:03:42,913 - INFO - Batch of inputs tokenized, padded, truncated, and moved to model device.
2025-06-02 17:03:42,913 - INFO - Starting batched model.generate()...
Setting `pad_token_id` to `eos_token_id`:128001 for open-end generation.
2025-06-02 17:03:43,136 - INFO - Batched model.generate() completed.
2025-06-02 17:03:43,136 - INFO - Decoding batch of responses and extracting token probabilities...
2025-06-02 17:03:43,141 - INFO - Input tokens stripped from responses and probabilities extracted.
2025-06-02 17:03:43,141 - INFO - Batch of responses generated.
2025-06-02 17:03:43,142 - INFO - Appended 8 results from batch to /scratch-shared/mschaffelder/data/exp_3/absolute_ratings/small_human_source.jsonl
2025-06-02 17:03:43,142 - INFO - Reading line 49 from input file...
2025-06-02 17:03:43,142 - INFO - Added prompt from line 49 to batch.
2025-06-02 17:03:43,142 - INFO - Reading line 50 from input file...
2025-06-02 17:03:43,142 - INFO - Added prompt from line 50 to batch.
2025-06-02 17:03:43,142 - INFO - Reading line 51 from input file...
2025-06-02 17:03:43,142 - INFO - Added prompt from line 51 to batch.
2025-06-02 17:03:43,142 - INFO - Reading line 52 from input file...
2025-06-02 17:03:43,142 - INFO - Added prompt from line 52 to batch.
2025-06-02 17:03:43,142 - INFO - Reading line 53 from input file...
2025-06-02 17:03:43,142 - INFO - Added prompt from line 53 to batch.
2025-06-02 17:03:43,142 - INFO - Reading line 54 from input file...
2025-06-02 17:03:43,143 - INFO - Added prompt from line 54 to batch.
2025-06-02 17:03:43,143 - INFO - Reading line 55 from input file...
2025-06-02 17:03:43,143 - INFO - Added prompt from line 55 to batch.
2025-06-02 17:03:43,143 - INFO - Reading line 56 from input file...
2025-06-02 17:03:43,143 - INFO - Added prompt from line 56 to batch.
2025-06-02 17:03:43,143 - INFO - Processing batch of 8 prompts (up to line 56)...
2025-06-02 17:03:43,143 - INFO - Generating absolute ratings for batch of 8 prompts. System prompt used: 'You are a helpful assistant. Your task is to rate the provided text in terms of overall quality. The rating should be from one to five, with 'one' being the lowest quality and 'five' being the highest quality. Please write the number only, and nothing else.'
2025-06-02 17:03:43,143 - INFO - First formatted prompt for tokenizer (first 100 chars): '<|begin_of_text|><|start_header_id|>system<|end_header_id|>

Cutting Knowledge Date: December 2023
T...'
2025-06-02 17:03:43,143 - INFO - Input device: cuda:0, preparing to move inputs to device.
2025-06-02 17:03:43,145 - INFO - Batch of inputs tokenized, padded, truncated, and moved to model device.
2025-06-02 17:03:43,146 - INFO - Starting batched model.generate()...
Setting `pad_token_id` to `eos_token_id`:128001 for open-end generation.
2025-06-02 17:03:43,341 - INFO - Batched model.generate() completed.
2025-06-02 17:03:43,341 - INFO - Decoding batch of responses and extracting token probabilities...
2025-06-02 17:03:43,346 - INFO - Input tokens stripped from responses and probabilities extracted.
2025-06-02 17:03:43,346 - INFO - Batch of responses generated.
2025-06-02 17:03:43,347 - INFO - Appended 8 results from batch to /scratch-shared/mschaffelder/data/exp_3/absolute_ratings/small_human_source.jsonl
2025-06-02 17:03:43,347 - INFO - Reading line 57 from input file...
2025-06-02 17:03:43,347 - INFO - Added prompt from line 57 to batch.
2025-06-02 17:03:43,347 - INFO - Reading line 58 from input file...
2025-06-02 17:03:43,347 - INFO - Added prompt from line 58 to batch.
2025-06-02 17:03:43,347 - INFO - Reading line 59 from input file...
2025-06-02 17:03:43,347 - INFO - Added prompt from line 59 to batch.
2025-06-02 17:03:43,347 - INFO - Reading line 60 from input file...
2025-06-02 17:03:43,347 - INFO - Added prompt from line 60 to batch.
2025-06-02 17:03:43,347 - INFO - Reading line 61 from input file...
2025-06-02 17:03:43,347 - INFO - Added prompt from line 61 to batch.
2025-06-02 17:03:43,347 - INFO - Reading line 62 from input file...
2025-06-02 17:03:43,347 - INFO - Added prompt from line 62 to batch.
2025-06-02 17:03:43,347 - INFO - Reading line 63 from input file...
2025-06-02 17:03:43,347 - INFO - Added prompt from line 63 to batch.
2025-06-02 17:03:43,347 - INFO - Reading line 64 from input file...
2025-06-02 17:03:43,347 - INFO - Added prompt from line 64 to batch.
2025-06-02 17:03:43,347 - INFO - Processing batch of 8 prompts (up to line 64)...
2025-06-02 17:03:43,347 - INFO - Generating absolute ratings for batch of 8 prompts. System prompt used: 'You are a helpful assistant. Your task is to rate the provided text in terms of overall quality. The rating should be from one to five, with 'one' being the lowest quality and 'five' being the highest quality. Please write the number only, and nothing else.'
2025-06-02 17:03:43,348 - INFO - First formatted prompt for tokenizer (first 100 chars): '<|begin_of_text|><|start_header_id|>system<|end_header_id|>

Cutting Knowledge Date: December 2023
T...'
2025-06-02 17:03:43,348 - INFO - Input device: cuda:0, preparing to move inputs to device.
2025-06-02 17:03:43,350 - INFO - Batch of inputs tokenized, padded, truncated, and moved to model device.
2025-06-02 17:03:43,350 - INFO - Starting batched model.generate()...
Setting `pad_token_id` to `eos_token_id`:128001 for open-end generation.
2025-06-02 17:03:43,564 - INFO - Batched model.generate() completed.
2025-06-02 17:03:43,564 - INFO - Decoding batch of responses and extracting token probabilities...
2025-06-02 17:03:43,569 - INFO - Input tokens stripped from responses and probabilities extracted.
2025-06-02 17:03:43,569 - INFO - Batch of responses generated.
2025-06-02 17:03:43,571 - INFO - Appended 8 results from batch to /scratch-shared/mschaffelder/data/exp_3/absolute_ratings/small_human_source.jsonl
2025-06-02 17:03:43,571 - INFO - Reading line 65 from input file...
2025-06-02 17:03:43,571 - INFO - Added prompt from line 65 to batch.
2025-06-02 17:03:43,571 - INFO - Reading line 66 from input file...
2025-06-02 17:03:43,571 - INFO - Added prompt from line 66 to batch.
2025-06-02 17:03:43,571 - INFO - Reading line 67 from input file...
2025-06-02 17:03:43,571 - INFO - Added prompt from line 67 to batch.
2025-06-02 17:03:43,571 - INFO - Reading line 68 from input file...
2025-06-02 17:03:43,571 - INFO - Added prompt from line 68 to batch.
2025-06-02 17:03:43,571 - INFO - Reading line 69 from input file...
2025-06-02 17:03:43,571 - INFO - Added prompt from line 69 to batch.
2025-06-02 17:03:43,571 - INFO - Reading line 70 from input file...
2025-06-02 17:03:43,571 - INFO - Added prompt from line 70 to batch.
2025-06-02 17:03:43,571 - INFO - Reading line 71 from input file...
2025-06-02 17:03:43,571 - INFO - Added prompt from line 71 to batch.
2025-06-02 17:03:43,571 - INFO - Reading line 72 from input file...
2025-06-02 17:03:43,571 - INFO - Added prompt from line 72 to batch.
2025-06-02 17:03:43,571 - INFO - Processing batch of 8 prompts (up to line 72)...
2025-06-02 17:03:43,571 - INFO - Generating absolute ratings for batch of 8 prompts. System prompt used: 'You are a helpful assistant. Your task is to rate the provided text in terms of overall quality. The rating should be from one to five, with 'one' being the lowest quality and 'five' being the highest quality. Please write the number only, and nothing else.'
2025-06-02 17:03:43,572 - INFO - First formatted prompt for tokenizer (first 100 chars): '<|begin_of_text|><|start_header_id|>system<|end_header_id|>

Cutting Knowledge Date: December 2023
T...'
2025-06-02 17:03:43,572 - INFO - Input device: cuda:0, preparing to move inputs to device.
2025-06-02 17:03:43,574 - INFO - Batch of inputs tokenized, padded, truncated, and moved to model device.
2025-06-02 17:03:43,574 - INFO - Starting batched model.generate()...
Setting `pad_token_id` to `eos_token_id`:128001 for open-end generation.
2025-06-02 17:03:43,790 - INFO - Batched model.generate() completed.
2025-06-02 17:03:43,790 - INFO - Decoding batch of responses and extracting token probabilities...
2025-06-02 17:03:43,795 - INFO - Input tokens stripped from responses and probabilities extracted.
2025-06-02 17:03:43,795 - INFO - Batch of responses generated.
2025-06-02 17:03:43,795 - INFO - Appended 8 results from batch to /scratch-shared/mschaffelder/data/exp_3/absolute_ratings/small_human_source.jsonl
2025-06-02 17:03:43,795 - INFO - Reading line 73 from input file...
2025-06-02 17:03:43,795 - INFO - Added prompt from line 73 to batch.
2025-06-02 17:03:43,796 - INFO - Reading line 74 from input file...
2025-06-02 17:03:43,796 - INFO - Added prompt from line 74 to batch.
2025-06-02 17:03:43,796 - INFO - Reading line 75 from input file...
2025-06-02 17:03:43,796 - INFO - Added prompt from line 75 to batch.
2025-06-02 17:03:43,796 - INFO - Reading line 76 from input file...
2025-06-02 17:03:43,796 - INFO - Added prompt from line 76 to batch.
2025-06-02 17:03:43,796 - INFO - Reading line 77 from input file...
2025-06-02 17:03:43,796 - INFO - Added prompt from line 77 to batch.
2025-06-02 17:03:43,796 - INFO - Reading line 78 from input file...
2025-06-02 17:03:43,796 - INFO - Added prompt from line 78 to batch.
2025-06-02 17:03:43,796 - INFO - Reading line 79 from input file...
2025-06-02 17:03:43,796 - INFO - Added prompt from line 79 to batch.
2025-06-02 17:03:43,796 - INFO - Reading line 80 from input file...
2025-06-02 17:03:43,796 - INFO - Added prompt from line 80 to batch.
2025-06-02 17:03:43,796 - INFO - Processing batch of 8 prompts (up to line 80)...
2025-06-02 17:03:43,796 - INFO - Generating absolute ratings for batch of 8 prompts. System prompt used: 'You are a helpful assistant. Your task is to rate the provided text in terms of overall quality. The rating should be from one to five, with 'one' being the lowest quality and 'five' being the highest quality. Please write the number only, and nothing else.'
2025-06-02 17:03:43,797 - INFO - First formatted prompt for tokenizer (first 100 chars): '<|begin_of_text|><|start_header_id|>system<|end_header_id|>

Cutting Knowledge Date: December 2023
T...'
2025-06-02 17:03:43,797 - INFO - Input device: cuda:0, preparing to move inputs to device.
2025-06-02 17:03:43,799 - INFO - Batch of inputs tokenized, padded, truncated, and moved to model device.
2025-06-02 17:03:43,799 - INFO - Starting batched model.generate()...
Setting `pad_token_id` to `eos_token_id`:128001 for open-end generation.
2025-06-02 17:03:44,054 - INFO - Batched model.generate() completed.
2025-06-02 17:03:44,054 - INFO - Decoding batch of responses and extracting token probabilities...
2025-06-02 17:03:44,059 - INFO - Input tokens stripped from responses and probabilities extracted.
2025-06-02 17:03:44,059 - INFO - Batch of responses generated.
2025-06-02 17:03:44,060 - INFO - Appended 8 results from batch to /scratch-shared/mschaffelder/data/exp_3/absolute_ratings/small_human_source.jsonl
2025-06-02 17:03:44,060 - INFO - Reading line 81 from input file...
2025-06-02 17:03:44,060 - INFO - Added prompt from line 81 to batch.
2025-06-02 17:03:44,060 - INFO - Reading line 82 from input file...
2025-06-02 17:03:44,061 - INFO - Added prompt from line 82 to batch.
2025-06-02 17:03:44,061 - INFO - Reading line 83 from input file...
2025-06-02 17:03:44,061 - INFO - Added prompt from line 83 to batch.
2025-06-02 17:03:44,061 - INFO - Reading line 84 from input file...
2025-06-02 17:03:44,061 - INFO - Added prompt from line 84 to batch.
2025-06-02 17:03:44,061 - INFO - Reading line 85 from input file...
2025-06-02 17:03:44,061 - INFO - Added prompt from line 85 to batch.
2025-06-02 17:03:44,061 - INFO - Reading line 86 from input file...
2025-06-02 17:03:44,061 - INFO - Added prompt from line 86 to batch.
2025-06-02 17:03:44,061 - INFO - Reading line 87 from input file...
2025-06-02 17:03:44,061 - INFO - Added prompt from line 87 to batch.
2025-06-02 17:03:44,061 - INFO - Reading line 88 from input file...
2025-06-02 17:03:44,061 - INFO - Added prompt from line 88 to batch.
2025-06-02 17:03:44,061 - INFO - Processing batch of 8 prompts (up to line 88)...
2025-06-02 17:03:44,061 - INFO - Generating absolute ratings for batch of 8 prompts. System prompt used: 'You are a helpful assistant. Your task is to rate the provided text in terms of overall quality. The rating should be from one to five, with 'one' being the lowest quality and 'five' being the highest quality. Please write the number only, and nothing else.'
2025-06-02 17:03:44,062 - INFO - First formatted prompt for tokenizer (first 100 chars): '<|begin_of_text|><|start_header_id|>system<|end_header_id|>

Cutting Knowledge Date: December 2023
T...'
2025-06-02 17:03:44,062 - INFO - Input device: cuda:0, preparing to move inputs to device.
2025-06-02 17:03:44,064 - INFO - Batch of inputs tokenized, padded, truncated, and moved to model device.
2025-06-02 17:03:44,064 - INFO - Starting batched model.generate()...
Setting `pad_token_id` to `eos_token_id`:128001 for open-end generation.
2025-06-02 17:03:44,271 - INFO - Batched model.generate() completed.
2025-06-02 17:03:44,271 - INFO - Decoding batch of responses and extracting token probabilities...
2025-06-02 17:03:44,276 - INFO - Input tokens stripped from responses and probabilities extracted.
2025-06-02 17:03:44,276 - INFO - Batch of responses generated.
2025-06-02 17:03:44,278 - INFO - Appended 8 results from batch to /scratch-shared/mschaffelder/data/exp_3/absolute_ratings/small_human_source.jsonl
2025-06-02 17:03:44,278 - INFO - Reading line 89 from input file...
2025-06-02 17:03:44,278 - INFO - Added prompt from line 89 to batch.
2025-06-02 17:03:44,278 - INFO - Reading line 90 from input file...
2025-06-02 17:03:44,278 - INFO - Added prompt from line 90 to batch.
2025-06-02 17:03:44,278 - INFO - Reading line 91 from input file...
2025-06-02 17:03:44,278 - INFO - Added prompt from line 91 to batch.
2025-06-02 17:03:44,278 - INFO - Reading line 92 from input file...
2025-06-02 17:03:44,278 - INFO - Added prompt from line 92 to batch.
2025-06-02 17:03:44,278 - INFO - Reading line 93 from input file...
2025-06-02 17:03:44,278 - INFO - Added prompt from line 93 to batch.
2025-06-02 17:03:44,278 - INFO - Reading line 94 from input file...
2025-06-02 17:03:44,278 - INFO - Added prompt from line 94 to batch.
2025-06-02 17:03:44,278 - INFO - Reading line 95 from input file...
2025-06-02 17:03:44,278 - INFO - Added prompt from line 95 to batch.
2025-06-02 17:03:44,278 - INFO - Reading line 96 from input file...
2025-06-02 17:03:44,278 - INFO - Added prompt from line 96 to batch.
2025-06-02 17:03:44,278 - INFO - Processing batch of 8 prompts (up to line 96)...
2025-06-02 17:03:44,278 - INFO - Generating absolute ratings for batch of 8 prompts. System prompt used: 'You are a helpful assistant. Your task is to rate the provided text in terms of overall quality. The rating should be from one to five, with 'one' being the lowest quality and 'five' being the highest quality. Please write the number only, and nothing else.'
2025-06-02 17:03:44,279 - INFO - First formatted prompt for tokenizer (first 100 chars): '<|begin_of_text|><|start_header_id|>system<|end_header_id|>

Cutting Knowledge Date: December 2023
T...'
2025-06-02 17:03:44,279 - INFO - Input device: cuda:0, preparing to move inputs to device.
2025-06-02 17:03:44,281 - INFO - Batch of inputs tokenized, padded, truncated, and moved to model device.
2025-06-02 17:03:44,281 - INFO - Starting batched model.generate()...
Setting `pad_token_id` to `eos_token_id`:128001 for open-end generation.
2025-06-02 17:03:44,477 - INFO - Batched model.generate() completed.
2025-06-02 17:03:44,477 - INFO - Decoding batch of responses and extracting token probabilities...
2025-06-02 17:03:44,481 - INFO - Input tokens stripped from responses and probabilities extracted.
2025-06-02 17:03:44,482 - INFO - Batch of responses generated.
2025-06-02 17:03:44,482 - INFO - Appended 8 results from batch to /scratch-shared/mschaffelder/data/exp_3/absolute_ratings/small_human_source.jsonl
2025-06-02 17:03:44,482 - INFO - Reading line 97 from input file...
2025-06-02 17:03:44,482 - INFO - Added prompt from line 97 to batch.
2025-06-02 17:03:44,482 - INFO - Reading line 98 from input file...
2025-06-02 17:03:44,482 - INFO - Added prompt from line 98 to batch.
2025-06-02 17:03:44,482 - INFO - Reading line 99 from input file...
2025-06-02 17:03:44,482 - INFO - Added prompt from line 99 to batch.
2025-06-02 17:03:44,482 - INFO - Reading line 100 from input file...
2025-06-02 17:03:44,482 - INFO - Added prompt from line 100 to batch.
2025-06-02 17:03:44,482 - INFO - Reading line 101 from input file...
2025-06-02 17:03:44,483 - INFO - Added prompt from line 101 to batch.
2025-06-02 17:03:44,483 - INFO - Reading line 102 from input file...
2025-06-02 17:03:44,483 - INFO - Added prompt from line 102 to batch.
2025-06-02 17:03:44,483 - INFO - Reading line 103 from input file...
2025-06-02 17:03:44,483 - INFO - Added prompt from line 103 to batch.
2025-06-02 17:03:44,483 - INFO - Reading line 104 from input file...
2025-06-02 17:03:44,483 - INFO - Added prompt from line 104 to batch.
2025-06-02 17:03:44,483 - INFO - Processing batch of 8 prompts (up to line 104)...
2025-06-02 17:03:44,483 - INFO - Generating absolute ratings for batch of 8 prompts. System prompt used: 'You are a helpful assistant. Your task is to rate the provided text in terms of overall quality. The rating should be from one to five, with 'one' being the lowest quality and 'five' being the highest quality. Please write the number only, and nothing else.'
2025-06-02 17:03:44,483 - INFO - First formatted prompt for tokenizer (first 100 chars): '<|begin_of_text|><|start_header_id|>system<|end_header_id|>

Cutting Knowledge Date: December 2023
T...'
2025-06-02 17:03:44,484 - INFO - Input device: cuda:0, preparing to move inputs to device.
2025-06-02 17:03:44,485 - INFO - Batch of inputs tokenized, padded, truncated, and moved to model device.
2025-06-02 17:03:44,485 - INFO - Starting batched model.generate()...
Setting `pad_token_id` to `eos_token_id`:128001 for open-end generation.
2025-06-02 17:03:44,692 - INFO - Batched model.generate() completed.
2025-06-02 17:03:44,692 - INFO - Decoding batch of responses and extracting token probabilities...
2025-06-02 17:03:44,696 - INFO - Input tokens stripped from responses and probabilities extracted.
2025-06-02 17:03:44,697 - INFO - Batch of responses generated.
2025-06-02 17:03:44,698 - INFO - Appended 8 results from batch to /scratch-shared/mschaffelder/data/exp_3/absolute_ratings/small_human_source.jsonl
2025-06-02 17:03:44,698 - INFO - Reading line 105 from input file...
2025-06-02 17:03:44,698 - INFO - Added prompt from line 105 to batch.
2025-06-02 17:03:44,699 - INFO - Reading line 106 from input file...
2025-06-02 17:03:44,699 - INFO - Added prompt from line 106 to batch.
2025-06-02 17:03:44,699 - INFO - Reading line 107 from input file...
2025-06-02 17:03:44,699 - INFO - Added prompt from line 107 to batch.
2025-06-02 17:03:44,699 - INFO - Reading line 108 from input file...
2025-06-02 17:03:44,699 - INFO - Added prompt from line 108 to batch.
2025-06-02 17:03:44,699 - INFO - Reading line 109 from input file...
2025-06-02 17:03:44,699 - INFO - Added prompt from line 109 to batch.
2025-06-02 17:03:44,699 - INFO - Reading line 110 from input file...
2025-06-02 17:03:44,699 - INFO - Added prompt from line 110 to batch.
2025-06-02 17:03:44,699 - INFO - Reading line 111 from input file...
2025-06-02 17:03:44,699 - INFO - Added prompt from line 111 to batch.
2025-06-02 17:03:44,699 - INFO - Reading line 112 from input file...
2025-06-02 17:03:44,699 - INFO - Added prompt from line 112 to batch.
2025-06-02 17:03:44,699 - INFO - Processing batch of 8 prompts (up to line 112)...
2025-06-02 17:03:44,699 - INFO - Generating absolute ratings for batch of 8 prompts. System prompt used: 'You are a helpful assistant. Your task is to rate the provided text in terms of overall quality. The rating should be from one to five, with 'one' being the lowest quality and 'five' being the highest quality. Please write the number only, and nothing else.'
2025-06-02 17:03:44,700 - INFO - First formatted prompt for tokenizer (first 100 chars): '<|begin_of_text|><|start_header_id|>system<|end_header_id|>

Cutting Knowledge Date: December 2023
T...'
2025-06-02 17:03:44,700 - INFO - Input device: cuda:0, preparing to move inputs to device.
2025-06-02 17:03:44,702 - INFO - Batch of inputs tokenized, padded, truncated, and moved to model device.
2025-06-02 17:03:44,702 - INFO - Starting batched model.generate()...
Setting `pad_token_id` to `eos_token_id`:128001 for open-end generation.
2025-06-02 17:03:44,907 - INFO - Batched model.generate() completed.
2025-06-02 17:03:44,907 - INFO - Decoding batch of responses and extracting token probabilities...
2025-06-02 17:03:44,911 - INFO - Input tokens stripped from responses and probabilities extracted.
2025-06-02 17:03:44,912 - INFO - Batch of responses generated.
2025-06-02 17:03:44,912 - INFO - Appended 8 results from batch to /scratch-shared/mschaffelder/data/exp_3/absolute_ratings/small_human_source.jsonl
2025-06-02 17:03:44,912 - INFO - Reading line 113 from input file...
2025-06-02 17:03:44,912 - INFO - Added prompt from line 113 to batch.
2025-06-02 17:03:44,912 - INFO - Reading line 114 from input file...
2025-06-02 17:03:44,912 - INFO - Added prompt from line 114 to batch.
2025-06-02 17:03:44,912 - INFO - Reading line 115 from input file...
2025-06-02 17:03:44,912 - INFO - Added prompt from line 115 to batch.
2025-06-02 17:03:44,913 - INFO - Reading line 116 from input file...
2025-06-02 17:03:44,913 - INFO - Added prompt from line 116 to batch.
2025-06-02 17:03:44,913 - INFO - Reading line 117 from input file...
2025-06-02 17:03:44,913 - INFO - Added prompt from line 117 to batch.
2025-06-02 17:03:44,913 - INFO - Reading line 118 from input file...
2025-06-02 17:03:44,913 - INFO - Added prompt from line 118 to batch.
2025-06-02 17:03:44,913 - INFO - Reading line 119 from input file...
2025-06-02 17:03:44,913 - INFO - Added prompt from line 119 to batch.
2025-06-02 17:03:44,913 - INFO - Reading line 120 from input file...
2025-06-02 17:03:44,913 - INFO - Added prompt from line 120 to batch.
2025-06-02 17:03:44,913 - INFO - Processing batch of 8 prompts (up to line 120)...
2025-06-02 17:03:44,913 - INFO - Generating absolute ratings for batch of 8 prompts. System prompt used: 'You are a helpful assistant. Your task is to rate the provided text in terms of overall quality. The rating should be from one to five, with 'one' being the lowest quality and 'five' being the highest quality. Please write the number only, and nothing else.'
2025-06-02 17:03:44,914 - INFO - First formatted prompt for tokenizer (first 100 chars): '<|begin_of_text|><|start_header_id|>system<|end_header_id|>

Cutting Knowledge Date: December 2023
T...'
2025-06-02 17:03:44,914 - INFO - Input device: cuda:0, preparing to move inputs to device.
2025-06-02 17:03:44,916 - INFO - Batch of inputs tokenized, padded, truncated, and moved to model device.
2025-06-02 17:03:44,916 - INFO - Starting batched model.generate()...
Setting `pad_token_id` to `eos_token_id`:128001 for open-end generation.
2025-06-02 17:03:45,155 - INFO - Batched model.generate() completed.
2025-06-02 17:03:45,155 - INFO - Decoding batch of responses and extracting token probabilities...
2025-06-02 17:03:45,160 - INFO - Input tokens stripped from responses and probabilities extracted.
2025-06-02 17:03:45,160 - INFO - Batch of responses generated.
2025-06-02 17:03:45,162 - INFO - Appended 8 results from batch to /scratch-shared/mschaffelder/data/exp_3/absolute_ratings/small_human_source.jsonl
2025-06-02 17:03:45,162 - INFO - Reading line 121 from input file...
2025-06-02 17:03:45,162 - INFO - Added prompt from line 121 to batch.
2025-06-02 17:03:45,162 - INFO - Reading line 122 from input file...
2025-06-02 17:03:45,162 - INFO - Added prompt from line 122 to batch.
2025-06-02 17:03:45,162 - INFO - Reading line 123 from input file...
2025-06-02 17:03:45,162 - INFO - Added prompt from line 123 to batch.
2025-06-02 17:03:45,162 - INFO - Reading line 124 from input file...
2025-06-02 17:03:45,162 - INFO - Added prompt from line 124 to batch.
2025-06-02 17:03:45,162 - INFO - Reading line 125 from input file...
2025-06-02 17:03:45,162 - INFO - Added prompt from line 125 to batch.
2025-06-02 17:03:45,162 - INFO - Reading line 126 from input file...
2025-06-02 17:03:45,162 - INFO - Added prompt from line 126 to batch.
2025-06-02 17:03:45,162 - INFO - Reading line 127 from input file...
2025-06-02 17:03:45,162 - INFO - Added prompt from line 127 to batch.
2025-06-02 17:03:45,162 - INFO - Reading line 128 from input file...
2025-06-02 17:03:45,162 - INFO - Added prompt from line 128 to batch.
2025-06-02 17:03:45,162 - INFO - Processing batch of 8 prompts (up to line 128)...
2025-06-02 17:03:45,162 - INFO - Generating absolute ratings for batch of 8 prompts. System prompt used: 'You are a helpful assistant. Your task is to rate the provided text in terms of overall quality. The rating should be from one to five, with 'one' being the lowest quality and 'five' being the highest quality. Please write the number only, and nothing else.'
2025-06-02 17:03:45,163 - INFO - First formatted prompt for tokenizer (first 100 chars): '<|begin_of_text|><|start_header_id|>system<|end_header_id|>

Cutting Knowledge Date: December 2023
T...'
2025-06-02 17:03:45,163 - INFO - Input device: cuda:0, preparing to move inputs to device.
2025-06-02 17:03:45,165 - INFO - Batch of inputs tokenized, padded, truncated, and moved to model device.
2025-06-02 17:03:45,165 - INFO - Starting batched model.generate()...
Setting `pad_token_id` to `eos_token_id`:128001 for open-end generation.
2025-06-02 17:03:45,425 - INFO - Batched model.generate() completed.
2025-06-02 17:03:45,425 - INFO - Decoding batch of responses and extracting token probabilities...
2025-06-02 17:03:45,430 - INFO - Input tokens stripped from responses and probabilities extracted.
2025-06-02 17:03:45,430 - INFO - Batch of responses generated.
2025-06-02 17:03:45,432 - INFO - Appended 8 results from batch to /scratch-shared/mschaffelder/data/exp_3/absolute_ratings/small_human_source.jsonl
2025-06-02 17:03:45,432 - INFO - Reading line 129 from input file...
2025-06-02 17:03:45,432 - INFO - Added prompt from line 129 to batch.
2025-06-02 17:03:45,432 - INFO - Reading line 130 from input file...
2025-06-02 17:03:45,432 - INFO - Added prompt from line 130 to batch.
2025-06-02 17:03:45,432 - INFO - Reading line 131 from input file...
2025-06-02 17:03:45,432 - INFO - Added prompt from line 131 to batch.
2025-06-02 17:03:45,432 - INFO - Reading line 132 from input file...
2025-06-02 17:03:45,432 - INFO - Added prompt from line 132 to batch.
2025-06-02 17:03:45,432 - INFO - Reading line 133 from input file...
2025-06-02 17:03:45,432 - INFO - Added prompt from line 133 to batch.
2025-06-02 17:03:45,432 - INFO - Reading line 134 from input file...
2025-06-02 17:03:45,432 - INFO - Added prompt from line 134 to batch.
2025-06-02 17:03:45,433 - INFO - Reading line 135 from input file...
2025-06-02 17:03:45,433 - INFO - Added prompt from line 135 to batch.
2025-06-02 17:03:45,433 - INFO - Reading line 136 from input file...
2025-06-02 17:03:45,433 - INFO - Added prompt from line 136 to batch.
2025-06-02 17:03:45,433 - INFO - Processing batch of 8 prompts (up to line 136)...
2025-06-02 17:03:45,433 - INFO - Generating absolute ratings for batch of 8 prompts. System prompt used: 'You are a helpful assistant. Your task is to rate the provided text in terms of overall quality. The rating should be from one to five, with 'one' being the lowest quality and 'five' being the highest quality. Please write the number only, and nothing else.'
2025-06-02 17:03:45,433 - INFO - First formatted prompt for tokenizer (first 100 chars): '<|begin_of_text|><|start_header_id|>system<|end_header_id|>

Cutting Knowledge Date: December 2023
T...'
2025-06-02 17:03:45,433 - INFO - Input device: cuda:0, preparing to move inputs to device.
2025-06-02 17:03:45,435 - INFO - Batch of inputs tokenized, padded, truncated, and moved to model device.
2025-06-02 17:03:45,435 - INFO - Starting batched model.generate()...
Setting `pad_token_id` to `eos_token_id`:128001 for open-end generation.
2025-06-02 17:03:45,670 - INFO - Batched model.generate() completed.
2025-06-02 17:03:45,670 - INFO - Decoding batch of responses and extracting token probabilities...
2025-06-02 17:03:45,675 - INFO - Input tokens stripped from responses and probabilities extracted.
2025-06-02 17:03:45,675 - INFO - Batch of responses generated.
2025-06-02 17:03:45,676 - INFO - Appended 8 results from batch to /scratch-shared/mschaffelder/data/exp_3/absolute_ratings/small_human_source.jsonl
2025-06-02 17:03:45,676 - INFO - Reading line 137 from input file...
2025-06-02 17:03:45,676 - INFO - Added prompt from line 137 to batch.
2025-06-02 17:03:45,676 - INFO - Reading line 138 from input file...
2025-06-02 17:03:45,676 - INFO - Added prompt from line 138 to batch.
2025-06-02 17:03:45,676 - INFO - Reading line 139 from input file...
2025-06-02 17:03:45,676 - INFO - Added prompt from line 139 to batch.
2025-06-02 17:03:45,676 - INFO - Reading line 140 from input file...
2025-06-02 17:03:45,676 - INFO - Added prompt from line 140 to batch.
2025-06-02 17:03:45,676 - INFO - Reading line 141 from input file...
2025-06-02 17:03:45,676 - INFO - Added prompt from line 141 to batch.
2025-06-02 17:03:45,676 - INFO - Reading line 142 from input file...
2025-06-02 17:03:45,676 - INFO - Added prompt from line 142 to batch.
2025-06-02 17:03:45,676 - INFO - Reading line 143 from input file...
2025-06-02 17:03:45,676 - INFO - Added prompt from line 143 to batch.
2025-06-02 17:03:45,676 - INFO - Reading line 144 from input file...
2025-06-02 17:03:45,676 - INFO - Added prompt from line 144 to batch.
2025-06-02 17:03:45,676 - INFO - Processing batch of 8 prompts (up to line 144)...
2025-06-02 17:03:45,676 - INFO - Generating absolute ratings for batch of 8 prompts. System prompt used: 'You are a helpful assistant. Your task is to rate the provided text in terms of overall quality. The rating should be from one to five, with 'one' being the lowest quality and 'five' being the highest quality. Please write the number only, and nothing else.'
2025-06-02 17:03:45,677 - INFO - First formatted prompt for tokenizer (first 100 chars): '<|begin_of_text|><|start_header_id|>system<|end_header_id|>

Cutting Knowledge Date: December 2023
T...'
2025-06-02 17:03:45,677 - INFO - Input device: cuda:0, preparing to move inputs to device.
2025-06-02 17:03:45,679 - INFO - Batch of inputs tokenized, padded, truncated, and moved to model device.
2025-06-02 17:03:45,679 - INFO - Starting batched model.generate()...
Setting `pad_token_id` to `eos_token_id`:128001 for open-end generation.
2025-06-02 17:03:45,914 - INFO - Batched model.generate() completed.
2025-06-02 17:03:45,914 - INFO - Decoding batch of responses and extracting token probabilities...
2025-06-02 17:03:45,919 - INFO - Input tokens stripped from responses and probabilities extracted.
2025-06-02 17:03:45,919 - INFO - Batch of responses generated.
2025-06-02 17:03:45,920 - INFO - Appended 8 results from batch to /scratch-shared/mschaffelder/data/exp_3/absolute_ratings/small_human_source.jsonl
2025-06-02 17:03:45,920 - INFO - Reading line 145 from input file...
2025-06-02 17:03:45,921 - INFO - Added prompt from line 145 to batch.
2025-06-02 17:03:45,921 - INFO - Reading line 146 from input file...
2025-06-02 17:03:45,921 - INFO - Added prompt from line 146 to batch.
2025-06-02 17:03:45,921 - INFO - Reading line 147 from input file...
2025-06-02 17:03:45,921 - INFO - Added prompt from line 147 to batch.
2025-06-02 17:03:45,921 - INFO - Reading line 148 from input file...
2025-06-02 17:03:45,921 - INFO - Added prompt from line 148 to batch.
2025-06-02 17:03:45,921 - INFO - Reading line 149 from input file...
2025-06-02 17:03:45,921 - INFO - Added prompt from line 149 to batch.
2025-06-02 17:03:45,921 - INFO - Reading line 150 from input file...
2025-06-02 17:03:45,921 - INFO - Added prompt from line 150 to batch.
2025-06-02 17:03:45,921 - INFO - Reading line 151 from input file...
2025-06-02 17:03:45,921 - INFO - Added prompt from line 151 to batch.
2025-06-02 17:03:45,921 - INFO - Reading line 152 from input file...
2025-06-02 17:03:45,921 - INFO - Added prompt from line 152 to batch.
2025-06-02 17:03:45,921 - INFO - Processing batch of 8 prompts (up to line 152)...
2025-06-02 17:03:45,921 - INFO - Generating absolute ratings for batch of 8 prompts. System prompt used: 'You are a helpful assistant. Your task is to rate the provided text in terms of overall quality. The rating should be from one to five, with 'one' being the lowest quality and 'five' being the highest quality. Please write the number only, and nothing else.'
2025-06-02 17:03:45,922 - INFO - First formatted prompt for tokenizer (first 100 chars): '<|begin_of_text|><|start_header_id|>system<|end_header_id|>

Cutting Knowledge Date: December 2023
T...'
2025-06-02 17:03:45,922 - INFO - Input device: cuda:0, preparing to move inputs to device.
2025-06-02 17:03:45,924 - INFO - Batch of inputs tokenized, padded, truncated, and moved to model device.
2025-06-02 17:03:45,924 - INFO - Starting batched model.generate()...
Setting `pad_token_id` to `eos_token_id`:128001 for open-end generation.
2025-06-02 17:03:46,178 - INFO - Batched model.generate() completed.
2025-06-02 17:03:46,178 - INFO - Decoding batch of responses and extracting token probabilities...
2025-06-02 17:03:46,183 - INFO - Input tokens stripped from responses and probabilities extracted.
2025-06-02 17:03:46,183 - INFO - Batch of responses generated.
2025-06-02 17:03:46,185 - INFO - Appended 8 results from batch to /scratch-shared/mschaffelder/data/exp_3/absolute_ratings/small_human_source.jsonl
2025-06-02 17:03:46,185 - INFO - Reading line 153 from input file...
2025-06-02 17:03:46,185 - INFO - Added prompt from line 153 to batch.
2025-06-02 17:03:46,185 - INFO - Reading line 154 from input file...
2025-06-02 17:03:46,185 - INFO - Added prompt from line 154 to batch.
2025-06-02 17:03:46,185 - INFO - Reading line 155 from input file...
2025-06-02 17:03:46,185 - INFO - Added prompt from line 155 to batch.
2025-06-02 17:03:46,185 - INFO - Reading line 156 from input file...
2025-06-02 17:03:46,185 - INFO - Added prompt from line 156 to batch.
2025-06-02 17:03:46,185 - INFO - Reading line 157 from input file...
2025-06-02 17:03:46,185 - INFO - Added prompt from line 157 to batch.
2025-06-02 17:03:46,185 - INFO - Reading line 158 from input file...
2025-06-02 17:03:46,185 - INFO - Added prompt from line 158 to batch.
2025-06-02 17:03:46,185 - INFO - Reading line 159 from input file...
2025-06-02 17:03:46,185 - INFO - Added prompt from line 159 to batch.
2025-06-02 17:03:46,185 - INFO - Reading line 160 from input file...
2025-06-02 17:03:46,185 - INFO - Added prompt from line 160 to batch.
2025-06-02 17:03:46,185 - INFO - Processing batch of 8 prompts (up to line 160)...
2025-06-02 17:03:46,186 - INFO - Generating absolute ratings for batch of 8 prompts. System prompt used: 'You are a helpful assistant. Your task is to rate the provided text in terms of overall quality. The rating should be from one to five, with 'one' being the lowest quality and 'five' being the highest quality. Please write the number only, and nothing else.'
2025-06-02 17:03:46,186 - INFO - First formatted prompt for tokenizer (first 100 chars): '<|begin_of_text|><|start_header_id|>system<|end_header_id|>

Cutting Knowledge Date: December 2023
T...'
2025-06-02 17:03:46,186 - INFO - Input device: cuda:0, preparing to move inputs to device.
2025-06-02 17:03:46,188 - INFO - Batch of inputs tokenized, padded, truncated, and moved to model device.
2025-06-02 17:03:46,188 - INFO - Starting batched model.generate()...
Setting `pad_token_id` to `eos_token_id`:128001 for open-end generation.
2025-06-02 17:03:46,380 - INFO - Batched model.generate() completed.
2025-06-02 17:03:46,380 - INFO - Decoding batch of responses and extracting token probabilities...
2025-06-02 17:03:46,384 - INFO - Input tokens stripped from responses and probabilities extracted.
2025-06-02 17:03:46,385 - INFO - Batch of responses generated.
2025-06-02 17:03:46,385 - INFO - Appended 8 results from batch to /scratch-shared/mschaffelder/data/exp_3/absolute_ratings/small_human_source.jsonl
2025-06-02 17:03:46,385 - INFO - Reading line 161 from input file...
2025-06-02 17:03:46,385 - INFO - Added prompt from line 161 to batch.
2025-06-02 17:03:46,385 - INFO - Reading line 162 from input file...
2025-06-02 17:03:46,385 - INFO - Added prompt from line 162 to batch.
2025-06-02 17:03:46,385 - INFO - Reading line 163 from input file...
2025-06-02 17:03:46,385 - INFO - Added prompt from line 163 to batch.
2025-06-02 17:03:46,385 - INFO - Reading line 164 from input file...
2025-06-02 17:03:46,385 - INFO - Added prompt from line 164 to batch.
2025-06-02 17:03:46,385 - INFO - Reading line 165 from input file...
2025-06-02 17:03:46,386 - INFO - Added prompt from line 165 to batch.
2025-06-02 17:03:46,386 - INFO - Reading line 166 from input file...
2025-06-02 17:03:46,386 - INFO - Added prompt from line 166 to batch.
2025-06-02 17:03:46,386 - INFO - Reading line 167 from input file...
2025-06-02 17:03:46,386 - INFO - Added prompt from line 167 to batch.
2025-06-02 17:03:46,386 - INFO - Reading line 168 from input file...
2025-06-02 17:03:46,386 - INFO - Added prompt from line 168 to batch.
2025-06-02 17:03:46,386 - INFO - Processing batch of 8 prompts (up to line 168)...
2025-06-02 17:03:46,386 - INFO - Generating absolute ratings for batch of 8 prompts. System prompt used: 'You are a helpful assistant. Your task is to rate the provided text in terms of overall quality. The rating should be from one to five, with 'one' being the lowest quality and 'five' being the highest quality. Please write the number only, and nothing else.'
2025-06-02 17:03:46,386 - INFO - First formatted prompt for tokenizer (first 100 chars): '<|begin_of_text|><|start_header_id|>system<|end_header_id|>

Cutting Knowledge Date: December 2023
T...'
2025-06-02 17:03:46,387 - INFO - Input device: cuda:0, preparing to move inputs to device.
2025-06-02 17:03:46,388 - INFO - Batch of inputs tokenized, padded, truncated, and moved to model device.
2025-06-02 17:03:46,388 - INFO - Starting batched model.generate()...
Setting `pad_token_id` to `eos_token_id`:128001 for open-end generation.
2025-06-02 17:03:46,627 - INFO - Batched model.generate() completed.
2025-06-02 17:03:46,627 - INFO - Decoding batch of responses and extracting token probabilities...
2025-06-02 17:03:46,632 - INFO - Input tokens stripped from responses and probabilities extracted.
2025-06-02 17:03:46,632 - INFO - Batch of responses generated.
2025-06-02 17:03:46,633 - INFO - Appended 8 results from batch to /scratch-shared/mschaffelder/data/exp_3/absolute_ratings/small_human_source.jsonl
2025-06-02 17:03:46,633 - INFO - Reading line 169 from input file...
2025-06-02 17:03:46,633 - INFO - Added prompt from line 169 to batch.
2025-06-02 17:03:46,633 - INFO - Reading line 170 from input file...
2025-06-02 17:03:46,633 - INFO - Added prompt from line 170 to batch.
2025-06-02 17:03:46,633 - INFO - Reading line 171 from input file...
2025-06-02 17:03:46,633 - INFO - Added prompt from line 171 to batch.
2025-06-02 17:03:46,633 - INFO - Reading line 172 from input file...
2025-06-02 17:03:46,633 - INFO - Added prompt from line 172 to batch.
2025-06-02 17:03:46,633 - INFO - Reading line 173 from input file...
2025-06-02 17:03:46,633 - INFO - Added prompt from line 173 to batch.
2025-06-02 17:03:46,633 - INFO - Reading line 174 from input file...
2025-06-02 17:03:46,634 - INFO - Added prompt from line 174 to batch.
2025-06-02 17:03:46,634 - INFO - Reading line 175 from input file...
2025-06-02 17:03:46,634 - INFO - Added prompt from line 175 to batch.
2025-06-02 17:03:46,634 - INFO - Reading line 176 from input file...
2025-06-02 17:03:46,634 - INFO - Added prompt from line 176 to batch.
2025-06-02 17:03:46,634 - INFO - Processing batch of 8 prompts (up to line 176)...
2025-06-02 17:03:46,634 - INFO - Generating absolute ratings for batch of 8 prompts. System prompt used: 'You are a helpful assistant. Your task is to rate the provided text in terms of overall quality. The rating should be from one to five, with 'one' being the lowest quality and 'five' being the highest quality. Please write the number only, and nothing else.'
2025-06-02 17:03:46,634 - INFO - First formatted prompt for tokenizer (first 100 chars): '<|begin_of_text|><|start_header_id|>system<|end_header_id|>

Cutting Knowledge Date: December 2023
T...'
2025-06-02 17:03:46,634 - INFO - Input device: cuda:0, preparing to move inputs to device.
2025-06-02 17:03:46,637 - INFO - Batch of inputs tokenized, padded, truncated, and moved to model device.
2025-06-02 17:03:46,637 - INFO - Starting batched model.generate()...
Setting `pad_token_id` to `eos_token_id`:128001 for open-end generation.
2025-06-02 17:03:46,883 - INFO - Batched model.generate() completed.
2025-06-02 17:03:46,883 - INFO - Decoding batch of responses and extracting token probabilities...
2025-06-02 17:03:46,888 - INFO - Input tokens stripped from responses and probabilities extracted.
2025-06-02 17:03:46,888 - INFO - Batch of responses generated.
2025-06-02 17:03:46,890 - INFO - Appended 8 results from batch to /scratch-shared/mschaffelder/data/exp_3/absolute_ratings/small_human_source.jsonl
2025-06-02 17:03:46,890 - INFO - Reading line 177 from input file...
2025-06-02 17:03:46,890 - INFO - Added prompt from line 177 to batch.
2025-06-02 17:03:46,890 - INFO - Reading line 178 from input file...
2025-06-02 17:03:46,890 - INFO - Added prompt from line 178 to batch.
2025-06-02 17:03:46,890 - INFO - Reading line 179 from input file...
2025-06-02 17:03:46,890 - INFO - Added prompt from line 179 to batch.
2025-06-02 17:03:46,890 - INFO - Reading line 180 from input file...
2025-06-02 17:03:46,890 - INFO - Added prompt from line 180 to batch.
2025-06-02 17:03:46,890 - INFO - Reading line 181 from input file...
2025-06-02 17:03:46,890 - INFO - Added prompt from line 181 to batch.
2025-06-02 17:03:46,890 - INFO - Reading line 182 from input file...
2025-06-02 17:03:46,890 - INFO - Added prompt from line 182 to batch.
2025-06-02 17:03:46,890 - INFO - Reading line 183 from input file...
2025-06-02 17:03:46,890 - INFO - Added prompt from line 183 to batch.
2025-06-02 17:03:46,890 - INFO - Reading line 184 from input file...
2025-06-02 17:03:46,890 - INFO - Added prompt from line 184 to batch.
2025-06-02 17:03:46,890 - INFO - Processing batch of 8 prompts (up to line 184)...
2025-06-02 17:03:46,890 - INFO - Generating absolute ratings for batch of 8 prompts. System prompt used: 'You are a helpful assistant. Your task is to rate the provided text in terms of overall quality. The rating should be from one to five, with 'one' being the lowest quality and 'five' being the highest quality. Please write the number only, and nothing else.'
2025-06-02 17:03:46,891 - INFO - First formatted prompt for tokenizer (first 100 chars): '<|begin_of_text|><|start_header_id|>system<|end_header_id|>

Cutting Knowledge Date: December 2023
T...'
2025-06-02 17:03:46,891 - INFO - Input device: cuda:0, preparing to move inputs to device.
2025-06-02 17:03:46,893 - INFO - Batch of inputs tokenized, padded, truncated, and moved to model device.
2025-06-02 17:03:46,893 - INFO - Starting batched model.generate()...
Setting `pad_token_id` to `eos_token_id`:128001 for open-end generation.
2025-06-02 17:03:47,103 - INFO - Batched model.generate() completed.
2025-06-02 17:03:47,104 - INFO - Decoding batch of responses and extracting token probabilities...
2025-06-02 17:03:47,108 - INFO - Input tokens stripped from responses and probabilities extracted.
2025-06-02 17:03:47,109 - INFO - Batch of responses generated.
2025-06-02 17:03:47,109 - INFO - Appended 8 results from batch to /scratch-shared/mschaffelder/data/exp_3/absolute_ratings/small_human_source.jsonl
2025-06-02 17:03:47,109 - INFO - Reading line 185 from input file...
2025-06-02 17:03:47,109 - INFO - Added prompt from line 185 to batch.
2025-06-02 17:03:47,109 - INFO - Reading line 186 from input file...
2025-06-02 17:03:47,109 - INFO - Added prompt from line 186 to batch.
2025-06-02 17:03:47,109 - INFO - Reading line 187 from input file...
2025-06-02 17:03:47,109 - INFO - Added prompt from line 187 to batch.
2025-06-02 17:03:47,109 - INFO - Reading line 188 from input file...
2025-06-02 17:03:47,109 - INFO - Added prompt from line 188 to batch.
2025-06-02 17:03:47,109 - INFO - Reading line 189 from input file...
2025-06-02 17:03:47,109 - INFO - Added prompt from line 189 to batch.
2025-06-02 17:03:47,109 - INFO - Reading line 190 from input file...
2025-06-02 17:03:47,110 - INFO - Added prompt from line 190 to batch.
2025-06-02 17:03:47,110 - INFO - Reading line 191 from input file...
2025-06-02 17:03:47,110 - INFO - Added prompt from line 191 to batch.
2025-06-02 17:03:47,110 - INFO - Reading line 192 from input file...
2025-06-02 17:03:47,110 - INFO - Added prompt from line 192 to batch.
2025-06-02 17:03:47,110 - INFO - Processing batch of 8 prompts (up to line 192)...
2025-06-02 17:03:47,110 - INFO - Generating absolute ratings for batch of 8 prompts. System prompt used: 'You are a helpful assistant. Your task is to rate the provided text in terms of overall quality. The rating should be from one to five, with 'one' being the lowest quality and 'five' being the highest quality. Please write the number only, and nothing else.'
2025-06-02 17:03:47,110 - INFO - First formatted prompt for tokenizer (first 100 chars): '<|begin_of_text|><|start_header_id|>system<|end_header_id|>

Cutting Knowledge Date: December 2023
T...'
2025-06-02 17:03:47,110 - INFO - Input device: cuda:0, preparing to move inputs to device.
2025-06-02 17:03:47,112 - INFO - Batch of inputs tokenized, padded, truncated, and moved to model device.
2025-06-02 17:03:47,112 - INFO - Starting batched model.generate()...
Setting `pad_token_id` to `eos_token_id`:128001 for open-end generation.
2025-06-02 17:03:47,330 - INFO - Batched model.generate() completed.
2025-06-02 17:03:47,330 - INFO - Decoding batch of responses and extracting token probabilities...
2025-06-02 17:03:47,335 - INFO - Input tokens stripped from responses and probabilities extracted.
2025-06-02 17:03:47,335 - INFO - Batch of responses generated.
2025-06-02 17:03:47,337 - INFO - Appended 8 results from batch to /scratch-shared/mschaffelder/data/exp_3/absolute_ratings/small_human_source.jsonl
2025-06-02 17:03:47,337 - INFO - Reading line 193 from input file...
2025-06-02 17:03:47,337 - INFO - Added prompt from line 193 to batch.
2025-06-02 17:03:47,337 - INFO - Reading line 194 from input file...
2025-06-02 17:03:47,337 - INFO - Added prompt from line 194 to batch.
2025-06-02 17:03:47,337 - INFO - Reading line 195 from input file...
2025-06-02 17:03:47,337 - INFO - Added prompt from line 195 to batch.
2025-06-02 17:03:47,337 - INFO - Reading line 196 from input file...
2025-06-02 17:03:47,337 - INFO - Added prompt from line 196 to batch.
2025-06-02 17:03:47,337 - INFO - Reading line 197 from input file...
2025-06-02 17:03:47,337 - INFO - Added prompt from line 197 to batch.
2025-06-02 17:03:47,337 - INFO - Reading line 198 from input file...
2025-06-02 17:03:47,337 - INFO - Added prompt from line 198 to batch.
2025-06-02 17:03:47,337 - INFO - Reading line 199 from input file...
2025-06-02 17:03:47,337 - INFO - Added prompt from line 199 to batch.
2025-06-02 17:03:47,337 - INFO - Reading line 200 from input file...
2025-06-02 17:03:47,337 - INFO - Added prompt from line 200 to batch.
2025-06-02 17:03:47,337 - INFO - Processing batch of 8 prompts (up to line 200)...
2025-06-02 17:03:47,337 - INFO - Generating absolute ratings for batch of 8 prompts. System prompt used: 'You are a helpful assistant. Your task is to rate the provided text in terms of overall quality. The rating should be from one to five, with 'one' being the lowest quality and 'five' being the highest quality. Please write the number only, and nothing else.'
2025-06-02 17:03:47,338 - INFO - First formatted prompt for tokenizer (first 100 chars): '<|begin_of_text|><|start_header_id|>system<|end_header_id|>

Cutting Knowledge Date: December 2023
T...'
2025-06-02 17:03:47,338 - INFO - Input device: cuda:0, preparing to move inputs to device.
2025-06-02 17:03:47,340 - INFO - Batch of inputs tokenized, padded, truncated, and moved to model device.
2025-06-02 17:03:47,340 - INFO - Starting batched model.generate()...
Setting `pad_token_id` to `eos_token_id`:128001 for open-end generation.
2025-06-02 17:03:47,573 - INFO - Batched model.generate() completed.
2025-06-02 17:03:47,573 - INFO - Decoding batch of responses and extracting token probabilities...
2025-06-02 17:03:47,577 - INFO - Input tokens stripped from responses and probabilities extracted.
2025-06-02 17:03:47,578 - INFO - Batch of responses generated.
2025-06-02 17:03:47,578 - INFO - Appended 8 results from batch to /scratch-shared/mschaffelder/data/exp_3/absolute_ratings/small_human_source.jsonl
2025-06-02 17:03:47,578 - INFO - Reading line 201 from input file...
2025-06-02 17:03:47,578 - INFO - Added prompt from line 201 to batch.
2025-06-02 17:03:47,578 - INFO - Reading line 202 from input file...
2025-06-02 17:03:47,578 - INFO - Added prompt from line 202 to batch.
2025-06-02 17:03:47,578 - INFO - Reading line 203 from input file...
2025-06-02 17:03:47,578 - INFO - Added prompt from line 203 to batch.
2025-06-02 17:03:47,578 - INFO - Reading line 204 from input file...
2025-06-02 17:03:47,579 - INFO - Added prompt from line 204 to batch.
2025-06-02 17:03:47,579 - INFO - Reading line 205 from input file...
2025-06-02 17:03:47,579 - INFO - Added prompt from line 205 to batch.
2025-06-02 17:03:47,579 - INFO - Reading line 206 from input file...
2025-06-02 17:03:47,579 - INFO - Added prompt from line 206 to batch.
2025-06-02 17:03:47,579 - INFO - Reading line 207 from input file...
2025-06-02 17:03:47,579 - INFO - Added prompt from line 207 to batch.
2025-06-02 17:03:47,579 - INFO - Reading line 208 from input file...
2025-06-02 17:03:47,579 - INFO - Added prompt from line 208 to batch.
2025-06-02 17:03:47,579 - INFO - Processing batch of 8 prompts (up to line 208)...
2025-06-02 17:03:47,579 - INFO - Generating absolute ratings for batch of 8 prompts. System prompt used: 'You are a helpful assistant. Your task is to rate the provided text in terms of overall quality. The rating should be from one to five, with 'one' being the lowest quality and 'five' being the highest quality. Please write the number only, and nothing else.'
2025-06-02 17:03:47,580 - INFO - First formatted prompt for tokenizer (first 100 chars): '<|begin_of_text|><|start_header_id|>system<|end_header_id|>

Cutting Knowledge Date: December 2023
T...'
2025-06-02 17:03:47,580 - INFO - Input device: cuda:0, preparing to move inputs to device.
2025-06-02 17:03:47,582 - INFO - Batch of inputs tokenized, padded, truncated, and moved to model device.
2025-06-02 17:03:47,582 - INFO - Starting batched model.generate()...
Setting `pad_token_id` to `eos_token_id`:128001 for open-end generation.
2025-06-02 17:03:47,873 - INFO - Batched model.generate() completed.
2025-06-02 17:03:47,873 - INFO - Decoding batch of responses and extracting token probabilities...
2025-06-02 17:03:47,878 - INFO - Input tokens stripped from responses and probabilities extracted.
2025-06-02 17:03:47,878 - INFO - Batch of responses generated.
2025-06-02 17:03:47,879 - INFO - Appended 8 results from batch to /scratch-shared/mschaffelder/data/exp_3/absolute_ratings/small_human_source.jsonl
2025-06-02 17:03:47,879 - INFO - Reading line 209 from input file...
2025-06-02 17:03:47,879 - INFO - Added prompt from line 209 to batch.
2025-06-02 17:03:47,879 - INFO - Reading line 210 from input file...
2025-06-02 17:03:47,879 - INFO - Added prompt from line 210 to batch.
2025-06-02 17:03:47,879 - INFO - Reading line 211 from input file...
2025-06-02 17:03:47,879 - INFO - Added prompt from line 211 to batch.
2025-06-02 17:03:47,879 - INFO - Reading line 212 from input file...
2025-06-02 17:03:47,879 - INFO - Added prompt from line 212 to batch.
2025-06-02 17:03:47,880 - INFO - Reading line 213 from input file...
2025-06-02 17:03:47,880 - INFO - Added prompt from line 213 to batch.
2025-06-02 17:03:47,880 - INFO - Reading line 214 from input file...
2025-06-02 17:03:47,880 - INFO - Added prompt from line 214 to batch.
2025-06-02 17:03:47,880 - INFO - Reading line 215 from input file...
2025-06-02 17:03:47,880 - INFO - Added prompt from line 215 to batch.
2025-06-02 17:03:47,880 - INFO - Reading line 216 from input file...
2025-06-02 17:03:47,880 - INFO - Added prompt from line 216 to batch.
2025-06-02 17:03:47,880 - INFO - Processing batch of 8 prompts (up to line 216)...
2025-06-02 17:03:47,880 - INFO - Generating absolute ratings for batch of 8 prompts. System prompt used: 'You are a helpful assistant. Your task is to rate the provided text in terms of overall quality. The rating should be from one to five, with 'one' being the lowest quality and 'five' being the highest quality. Please write the number only, and nothing else.'
2025-06-02 17:03:47,880 - INFO - First formatted prompt for tokenizer (first 100 chars): '<|begin_of_text|><|start_header_id|>system<|end_header_id|>

Cutting Knowledge Date: December 2023
T...'
2025-06-02 17:03:47,881 - INFO - Input device: cuda:0, preparing to move inputs to device.
2025-06-02 17:03:47,883 - INFO - Batch of inputs tokenized, padded, truncated, and moved to model device.
2025-06-02 17:03:47,883 - INFO - Starting batched model.generate()...
Setting `pad_token_id` to `eos_token_id`:128001 for open-end generation.
2025-06-02 17:03:48,157 - INFO - Batched model.generate() completed.
2025-06-02 17:03:48,157 - INFO - Decoding batch of responses and extracting token probabilities...
2025-06-02 17:03:48,162 - INFO - Input tokens stripped from responses and probabilities extracted.
2025-06-02 17:03:48,162 - INFO - Batch of responses generated.
2025-06-02 17:03:48,164 - INFO - Appended 8 results from batch to /scratch-shared/mschaffelder/data/exp_3/absolute_ratings/small_human_source.jsonl
2025-06-02 17:03:48,164 - INFO - Reading line 217 from input file...
2025-06-02 17:03:48,164 - INFO - Added prompt from line 217 to batch.
2025-06-02 17:03:48,164 - INFO - Reading line 218 from input file...
2025-06-02 17:03:48,164 - INFO - Added prompt from line 218 to batch.
2025-06-02 17:03:48,164 - INFO - Reading line 219 from input file...
2025-06-02 17:03:48,164 - INFO - Added prompt from line 219 to batch.
2025-06-02 17:03:48,164 - INFO - Reading line 220 from input file...
2025-06-02 17:03:48,164 - INFO - Added prompt from line 220 to batch.
2025-06-02 17:03:48,164 - INFO - Reading line 221 from input file...
2025-06-02 17:03:48,164 - INFO - Added prompt from line 221 to batch.
2025-06-02 17:03:48,164 - INFO - Reading line 222 from input file...
2025-06-02 17:03:48,164 - INFO - Added prompt from line 222 to batch.
2025-06-02 17:03:48,164 - INFO - Reading line 223 from input file...
2025-06-02 17:03:48,164 - INFO - Added prompt from line 223 to batch.
2025-06-02 17:03:48,164 - INFO - Reading line 224 from input file...
2025-06-02 17:03:48,164 - INFO - Added prompt from line 224 to batch.
2025-06-02 17:03:48,164 - INFO - Processing batch of 8 prompts (up to line 224)...
2025-06-02 17:03:48,164 - INFO - Generating absolute ratings for batch of 8 prompts. System prompt used: 'You are a helpful assistant. Your task is to rate the provided text in terms of overall quality. The rating should be from one to five, with 'one' being the lowest quality and 'five' being the highest quality. Please write the number only, and nothing else.'
2025-06-02 17:03:48,165 - INFO - First formatted prompt for tokenizer (first 100 chars): '<|begin_of_text|><|start_header_id|>system<|end_header_id|>

Cutting Knowledge Date: December 2023
T...'
2025-06-02 17:03:48,165 - INFO - Input device: cuda:0, preparing to move inputs to device.
2025-06-02 17:03:48,167 - INFO - Batch of inputs tokenized, padded, truncated, and moved to model device.
2025-06-02 17:03:48,168 - INFO - Starting batched model.generate()...
Setting `pad_token_id` to `eos_token_id`:128001 for open-end generation.
2025-06-02 17:03:48,456 - INFO - Batched model.generate() completed.
2025-06-02 17:03:48,456 - INFO - Decoding batch of responses and extracting token probabilities...
2025-06-02 17:03:48,460 - INFO - Input tokens stripped from responses and probabilities extracted.
2025-06-02 17:03:48,461 - INFO - Batch of responses generated.
2025-06-02 17:03:48,462 - INFO - Appended 8 results from batch to /scratch-shared/mschaffelder/data/exp_3/absolute_ratings/small_human_source.jsonl
2025-06-02 17:03:48,462 - INFO - Reading line 225 from input file...
2025-06-02 17:03:48,462 - INFO - Added prompt from line 225 to batch.
2025-06-02 17:03:48,462 - INFO - Reading line 226 from input file...
2025-06-02 17:03:48,463 - INFO - Added prompt from line 226 to batch.
2025-06-02 17:03:48,463 - INFO - Reading line 227 from input file...
2025-06-02 17:03:48,463 - INFO - Added prompt from line 227 to batch.
2025-06-02 17:03:48,463 - INFO - Reading line 228 from input file...
2025-06-02 17:03:48,463 - INFO - Added prompt from line 228 to batch.
2025-06-02 17:03:48,463 - INFO - Reading line 229 from input file...
2025-06-02 17:03:48,463 - INFO - Added prompt from line 229 to batch.
2025-06-02 17:03:48,463 - INFO - Reading line 230 from input file...
2025-06-02 17:03:48,463 - INFO - Added prompt from line 230 to batch.
2025-06-02 17:03:48,463 - INFO - Reading line 231 from input file...
2025-06-02 17:03:48,463 - INFO - Added prompt from line 231 to batch.
2025-06-02 17:03:48,463 - INFO - Reading line 232 from input file...
2025-06-02 17:03:48,463 - INFO - Added prompt from line 232 to batch.
2025-06-02 17:03:48,463 - INFO - Processing batch of 8 prompts (up to line 232)...
2025-06-02 17:03:48,463 - INFO - Generating absolute ratings for batch of 8 prompts. System prompt used: 'You are a helpful assistant. Your task is to rate the provided text in terms of overall quality. The rating should be from one to five, with 'one' being the lowest quality and 'five' being the highest quality. Please write the number only, and nothing else.'
2025-06-02 17:03:48,464 - INFO - First formatted prompt for tokenizer (first 100 chars): '<|begin_of_text|><|start_header_id|>system<|end_header_id|>

Cutting Knowledge Date: December 2023
T...'
2025-06-02 17:03:48,464 - INFO - Input device: cuda:0, preparing to move inputs to device.
2025-06-02 17:03:48,466 - INFO - Batch of inputs tokenized, padded, truncated, and moved to model device.
2025-06-02 17:03:48,466 - INFO - Starting batched model.generate()...
Setting `pad_token_id` to `eos_token_id`:128001 for open-end generation.
2025-06-02 17:03:48,750 - INFO - Batched model.generate() completed.
2025-06-02 17:03:48,750 - INFO - Decoding batch of responses and extracting token probabilities...
2025-06-02 17:03:48,755 - INFO - Input tokens stripped from responses and probabilities extracted.
2025-06-02 17:03:48,755 - INFO - Batch of responses generated.
2025-06-02 17:03:48,757 - INFO - Appended 8 results from batch to /scratch-shared/mschaffelder/data/exp_3/absolute_ratings/small_human_source.jsonl
2025-06-02 17:03:48,757 - INFO - Reading line 233 from input file...
2025-06-02 17:03:48,757 - INFO - Added prompt from line 233 to batch.
2025-06-02 17:03:48,757 - INFO - Reading line 234 from input file...
2025-06-02 17:03:48,757 - INFO - Added prompt from line 234 to batch.
2025-06-02 17:03:48,757 - INFO - Reading line 235 from input file...
2025-06-02 17:03:48,757 - INFO - Added prompt from line 235 to batch.
2025-06-02 17:03:48,757 - INFO - Reading line 236 from input file...
2025-06-02 17:03:48,757 - INFO - Added prompt from line 236 to batch.
2025-06-02 17:03:48,757 - INFO - Reading line 237 from input file...
2025-06-02 17:03:48,757 - INFO - Added prompt from line 237 to batch.
2025-06-02 17:03:48,757 - INFO - Reading line 238 from input file...
2025-06-02 17:03:48,757 - INFO - Added prompt from line 238 to batch.
2025-06-02 17:03:48,757 - INFO - Reading line 239 from input file...
2025-06-02 17:03:48,757 - INFO - Added prompt from line 239 to batch.
2025-06-02 17:03:48,757 - INFO - Reading line 240 from input file...
2025-06-02 17:03:48,757 - INFO - Added prompt from line 240 to batch.
2025-06-02 17:03:48,757 - INFO - Processing batch of 8 prompts (up to line 240)...
2025-06-02 17:03:48,757 - INFO - Generating absolute ratings for batch of 8 prompts. System prompt used: 'You are a helpful assistant. Your task is to rate the provided text in terms of overall quality. The rating should be from one to five, with 'one' being the lowest quality and 'five' being the highest quality. Please write the number only, and nothing else.'
2025-06-02 17:03:48,758 - INFO - First formatted prompt for tokenizer (first 100 chars): '<|begin_of_text|><|start_header_id|>system<|end_header_id|>

Cutting Knowledge Date: December 2023
T...'
2025-06-02 17:03:48,758 - INFO - Input device: cuda:0, preparing to move inputs to device.
2025-06-02 17:03:48,761 - INFO - Batch of inputs tokenized, padded, truncated, and moved to model device.
2025-06-02 17:03:48,761 - INFO - Starting batched model.generate()...
Setting `pad_token_id` to `eos_token_id`:128001 for open-end generation.
2025-06-02 17:03:49,078 - INFO - Batched model.generate() completed.
2025-06-02 17:03:49,078 - INFO - Decoding batch of responses and extracting token probabilities...
2025-06-02 17:03:49,083 - INFO - Input tokens stripped from responses and probabilities extracted.
2025-06-02 17:03:49,084 - INFO - Batch of responses generated.
2025-06-02 17:03:49,085 - INFO - Appended 8 results from batch to /scratch-shared/mschaffelder/data/exp_3/absolute_ratings/small_human_source.jsonl
2025-06-02 17:03:49,085 - INFO - Reading line 241 from input file...
2025-06-02 17:03:49,085 - INFO - Added prompt from line 241 to batch.
2025-06-02 17:03:49,085 - INFO - Reading line 242 from input file...
2025-06-02 17:03:49,085 - INFO - Added prompt from line 242 to batch.
2025-06-02 17:03:49,085 - INFO - Reading line 243 from input file...
2025-06-02 17:03:49,085 - INFO - Added prompt from line 243 to batch.
2025-06-02 17:03:49,085 - INFO - Reading line 244 from input file...
2025-06-02 17:03:49,085 - INFO - Added prompt from line 244 to batch.
2025-06-02 17:03:49,085 - INFO - Reading line 245 from input file...
2025-06-02 17:03:49,085 - INFO - Added prompt from line 245 to batch.
2025-06-02 17:03:49,085 - INFO - Reading line 246 from input file...
2025-06-02 17:03:49,085 - INFO - Added prompt from line 246 to batch.
2025-06-02 17:03:49,085 - INFO - Reading line 247 from input file...
2025-06-02 17:03:49,086 - INFO - Added prompt from line 247 to batch.
2025-06-02 17:03:49,086 - INFO - Reading line 248 from input file...
2025-06-02 17:03:49,086 - INFO - Added prompt from line 248 to batch.
2025-06-02 17:03:49,086 - INFO - Processing batch of 8 prompts (up to line 248)...
2025-06-02 17:03:49,086 - INFO - Generating absolute ratings for batch of 8 prompts. System prompt used: 'You are a helpful assistant. Your task is to rate the provided text in terms of overall quality. The rating should be from one to five, with 'one' being the lowest quality and 'five' being the highest quality. Please write the number only, and nothing else.'
2025-06-02 17:03:49,086 - INFO - First formatted prompt for tokenizer (first 100 chars): '<|begin_of_text|><|start_header_id|>system<|end_header_id|>

Cutting Knowledge Date: December 2023
T...'
2025-06-02 17:03:49,086 - INFO - Input device: cuda:0, preparing to move inputs to device.
2025-06-02 17:03:49,089 - INFO - Batch of inputs tokenized, padded, truncated, and moved to model device.
2025-06-02 17:03:49,089 - INFO - Starting batched model.generate()...
Setting `pad_token_id` to `eos_token_id`:128001 for open-end generation.
2025-06-02 17:03:49,422 - INFO - Batched model.generate() completed.
2025-06-02 17:03:49,422 - INFO - Decoding batch of responses and extracting token probabilities...
2025-06-02 17:03:49,427 - INFO - Input tokens stripped from responses and probabilities extracted.
2025-06-02 17:03:49,427 - INFO - Batch of responses generated.
2025-06-02 17:03:49,429 - INFO - Appended 8 results from batch to /scratch-shared/mschaffelder/data/exp_3/absolute_ratings/small_human_source.jsonl
2025-06-02 17:03:49,429 - INFO - Reading line 249 from input file...
2025-06-02 17:03:49,429 - INFO - Added prompt from line 249 to batch.
2025-06-02 17:03:49,429 - INFO - Reading line 250 from input file...
2025-06-02 17:03:49,429 - INFO - Added prompt from line 250 to batch.
2025-06-02 17:03:49,429 - INFO - Reading line 251 from input file...
2025-06-02 17:03:49,429 - INFO - Added prompt from line 251 to batch.
2025-06-02 17:03:49,429 - INFO - Reading line 252 from input file...
2025-06-02 17:03:49,429 - INFO - Added prompt from line 252 to batch.
2025-06-02 17:03:49,429 - INFO - Reading line 253 from input file...
2025-06-02 17:03:49,429 - INFO - Added prompt from line 253 to batch.
2025-06-02 17:03:49,429 - INFO - Reading line 254 from input file...
2025-06-02 17:03:49,429 - INFO - Added prompt from line 254 to batch.
2025-06-02 17:03:49,429 - INFO - Reading line 255 from input file...
2025-06-02 17:03:49,429 - INFO - Added prompt from line 255 to batch.
2025-06-02 17:03:49,429 - INFO - Reading line 256 from input file...
2025-06-02 17:03:49,429 - INFO - Added prompt from line 256 to batch.
2025-06-02 17:03:49,429 - INFO - Processing batch of 8 prompts (up to line 256)...
2025-06-02 17:03:49,429 - INFO - Generating absolute ratings for batch of 8 prompts. System prompt used: 'You are a helpful assistant. Your task is to rate the provided text in terms of overall quality. The rating should be from one to five, with 'one' being the lowest quality and 'five' being the highest quality. Please write the number only, and nothing else.'
2025-06-02 17:03:49,430 - INFO - First formatted prompt for tokenizer (first 100 chars): '<|begin_of_text|><|start_header_id|>system<|end_header_id|>

Cutting Knowledge Date: December 2023
T...'
2025-06-02 17:03:49,430 - INFO - Input device: cuda:0, preparing to move inputs to device.
2025-06-02 17:03:49,432 - INFO - Batch of inputs tokenized, padded, truncated, and moved to model device.
2025-06-02 17:03:49,432 - INFO - Starting batched model.generate()...
Setting `pad_token_id` to `eos_token_id`:128001 for open-end generation.
2025-06-02 17:03:49,734 - INFO - Batched model.generate() completed.
2025-06-02 17:03:49,734 - INFO - Decoding batch of responses and extracting token probabilities...
2025-06-02 17:03:49,739 - INFO - Input tokens stripped from responses and probabilities extracted.
2025-06-02 17:03:49,739 - INFO - Batch of responses generated.
2025-06-02 17:03:49,740 - INFO - Appended 8 results from batch to /scratch-shared/mschaffelder/data/exp_3/absolute_ratings/small_human_source.jsonl
2025-06-02 17:03:49,740 - INFO - Reading line 257 from input file...
2025-06-02 17:03:49,741 - INFO - Added prompt from line 257 to batch.
2025-06-02 17:03:49,741 - INFO - Reading line 258 from input file...
2025-06-02 17:03:49,741 - INFO - Added prompt from line 258 to batch.
2025-06-02 17:03:49,741 - INFO - Reading line 259 from input file...
2025-06-02 17:03:49,741 - INFO - Added prompt from line 259 to batch.
2025-06-02 17:03:49,741 - INFO - Reading line 260 from input file...
2025-06-02 17:03:49,741 - INFO - Added prompt from line 260 to batch.
2025-06-02 17:03:49,741 - INFO - Reading line 261 from input file...
2025-06-02 17:03:49,741 - INFO - Added prompt from line 261 to batch.
2025-06-02 17:03:49,741 - INFO - Reading line 262 from input file...
2025-06-02 17:03:49,741 - INFO - Added prompt from line 262 to batch.
2025-06-02 17:03:49,741 - INFO - Reading line 263 from input file...
2025-06-02 17:03:49,741 - INFO - Added prompt from line 263 to batch.
2025-06-02 17:03:49,741 - INFO - Reading line 264 from input file...
2025-06-02 17:03:49,741 - INFO - Added prompt from line 264 to batch.
2025-06-02 17:03:49,741 - INFO - Processing batch of 8 prompts (up to line 264)...
2025-06-02 17:03:49,741 - INFO - Generating absolute ratings for batch of 8 prompts. System prompt used: 'You are a helpful assistant. Your task is to rate the provided text in terms of overall quality. The rating should be from one to five, with 'one' being the lowest quality and 'five' being the highest quality. Please write the number only, and nothing else.'
2025-06-02 17:03:49,742 - INFO - First formatted prompt for tokenizer (first 100 chars): '<|begin_of_text|><|start_header_id|>system<|end_header_id|>

Cutting Knowledge Date: December 2023
T...'
2025-06-02 17:03:49,742 - INFO - Input device: cuda:0, preparing to move inputs to device.
2025-06-02 17:03:49,745 - INFO - Batch of inputs tokenized, padded, truncated, and moved to model device.
2025-06-02 17:03:49,745 - INFO - Starting batched model.generate()...
Setting `pad_token_id` to `eos_token_id`:128001 for open-end generation.
2025-06-02 17:03:50,072 - INFO - Batched model.generate() completed.
2025-06-02 17:03:50,072 - INFO - Decoding batch of responses and extracting token probabilities...
2025-06-02 17:03:50,077 - INFO - Input tokens stripped from responses and probabilities extracted.
2025-06-02 17:03:50,077 - INFO - Batch of responses generated.
2025-06-02 17:03:50,079 - INFO - Appended 8 results from batch to /scratch-shared/mschaffelder/data/exp_3/absolute_ratings/small_human_source.jsonl
2025-06-02 17:03:50,079 - INFO - Reading line 265 from input file...
2025-06-02 17:03:50,079 - INFO - Added prompt from line 265 to batch.
2025-06-02 17:03:50,079 - INFO - Reading line 266 from input file...
2025-06-02 17:03:50,079 - INFO - Added prompt from line 266 to batch.
2025-06-02 17:03:50,079 - INFO - Reading line 267 from input file...
2025-06-02 17:03:50,079 - INFO - Added prompt from line 267 to batch.
2025-06-02 17:03:50,079 - INFO - Reading line 268 from input file...
2025-06-02 17:03:50,079 - INFO - Added prompt from line 268 to batch.
2025-06-02 17:03:50,079 - INFO - Reading line 269 from input file...
2025-06-02 17:03:50,079 - INFO - Added prompt from line 269 to batch.
2025-06-02 17:03:50,079 - INFO - Reading line 270 from input file...
2025-06-02 17:03:50,079 - INFO - Added prompt from line 270 to batch.
2025-06-02 17:03:50,079 - INFO - Reading line 271 from input file...
2025-06-02 17:03:50,079 - INFO - Added prompt from line 271 to batch.
2025-06-02 17:03:50,079 - INFO - Reading line 272 from input file...
2025-06-02 17:03:50,079 - INFO - Added prompt from line 272 to batch.
2025-06-02 17:03:50,079 - INFO - Processing batch of 8 prompts (up to line 272)...
2025-06-02 17:03:50,079 - INFO - Generating absolute ratings for batch of 8 prompts. System prompt used: 'You are a helpful assistant. Your task is to rate the provided text in terms of overall quality. The rating should be from one to five, with 'one' being the lowest quality and 'five' being the highest quality. Please write the number only, and nothing else.'
2025-06-02 17:03:50,080 - INFO - First formatted prompt for tokenizer (first 100 chars): '<|begin_of_text|><|start_header_id|>system<|end_header_id|>

Cutting Knowledge Date: December 2023
T...'
2025-06-02 17:03:50,080 - INFO - Input device: cuda:0, preparing to move inputs to device.
2025-06-02 17:03:50,082 - INFO - Batch of inputs tokenized, padded, truncated, and moved to model device.
2025-06-02 17:03:50,082 - INFO - Starting batched model.generate()...
Setting `pad_token_id` to `eos_token_id`:128001 for open-end generation.
2025-06-02 17:03:50,381 - INFO - Batched model.generate() completed.
2025-06-02 17:03:50,381 - INFO - Decoding batch of responses and extracting token probabilities...
2025-06-02 17:03:50,386 - INFO - Input tokens stripped from responses and probabilities extracted.
2025-06-02 17:03:50,386 - INFO - Batch of responses generated.
2025-06-02 17:03:50,387 - INFO - Appended 8 results from batch to /scratch-shared/mschaffelder/data/exp_3/absolute_ratings/small_human_source.jsonl
2025-06-02 17:03:50,387 - INFO - Reading line 273 from input file...
2025-06-02 17:03:50,387 - INFO - Added prompt from line 273 to batch.
2025-06-02 17:03:50,387 - INFO - Reading line 274 from input file...
2025-06-02 17:03:50,387 - INFO - Added prompt from line 274 to batch.
2025-06-02 17:03:50,387 - INFO - Reading line 275 from input file...
2025-06-02 17:03:50,387 - INFO - Added prompt from line 275 to batch.
2025-06-02 17:03:50,387 - INFO - Reading line 276 from input file...
2025-06-02 17:03:50,387 - INFO - Added prompt from line 276 to batch.
2025-06-02 17:03:50,387 - INFO - Reading line 277 from input file...
2025-06-02 17:03:50,387 - INFO - Added prompt from line 277 to batch.
2025-06-02 17:03:50,387 - INFO - Reading line 278 from input file...
2025-06-02 17:03:50,387 - INFO - Added prompt from line 278 to batch.
2025-06-02 17:03:50,387 - INFO - Reading line 279 from input file...
2025-06-02 17:03:50,387 - INFO - Added prompt from line 279 to batch.
2025-06-02 17:03:50,387 - INFO - Reading line 280 from input file...
2025-06-02 17:03:50,387 - INFO - Added prompt from line 280 to batch.
2025-06-02 17:03:50,387 - INFO - Processing batch of 8 prompts (up to line 280)...
2025-06-02 17:03:50,388 - INFO - Generating absolute ratings for batch of 8 prompts. System prompt used: 'You are a helpful assistant. Your task is to rate the provided text in terms of overall quality. The rating should be from one to five, with 'one' being the lowest quality and 'five' being the highest quality. Please write the number only, and nothing else.'
2025-06-02 17:03:50,388 - INFO - First formatted prompt for tokenizer (first 100 chars): '<|begin_of_text|><|start_header_id|>system<|end_header_id|>

Cutting Knowledge Date: December 2023
T...'
2025-06-02 17:03:50,388 - INFO - Input device: cuda:0, preparing to move inputs to device.
2025-06-02 17:03:50,391 - INFO - Batch of inputs tokenized, padded, truncated, and moved to model device.
2025-06-02 17:03:50,391 - INFO - Starting batched model.generate()...
Setting `pad_token_id` to `eos_token_id`:128001 for open-end generation.
2025-06-02 17:03:50,693 - INFO - Batched model.generate() completed.
2025-06-02 17:03:50,693 - INFO - Decoding batch of responses and extracting token probabilities...
2025-06-02 17:03:50,698 - INFO - Input tokens stripped from responses and probabilities extracted.
2025-06-02 17:03:50,698 - INFO - Batch of responses generated.
2025-06-02 17:03:50,699 - INFO - Appended 8 results from batch to /scratch-shared/mschaffelder/data/exp_3/absolute_ratings/small_human_source.jsonl
2025-06-02 17:03:50,699 - INFO - Reading line 281 from input file...
2025-06-02 17:03:50,699 - INFO - Added prompt from line 281 to batch.
2025-06-02 17:03:50,699 - INFO - Reading line 282 from input file...
2025-06-02 17:03:50,699 - INFO - Added prompt from line 282 to batch.
2025-06-02 17:03:50,699 - INFO - Reading line 283 from input file...
2025-06-02 17:03:50,700 - INFO - Added prompt from line 283 to batch.
2025-06-02 17:03:50,700 - INFO - Reading line 284 from input file...
2025-06-02 17:03:50,700 - INFO - Added prompt from line 284 to batch.
2025-06-02 17:03:50,700 - INFO - Reading line 285 from input file...
2025-06-02 17:03:50,700 - INFO - Added prompt from line 285 to batch.
2025-06-02 17:03:50,700 - INFO - Reading line 286 from input file...
2025-06-02 17:03:50,700 - INFO - Added prompt from line 286 to batch.
2025-06-02 17:03:50,700 - INFO - Reading line 287 from input file...
2025-06-02 17:03:50,700 - INFO - Added prompt from line 287 to batch.
2025-06-02 17:03:50,700 - INFO - Reading line 288 from input file...
2025-06-02 17:03:50,700 - INFO - Added prompt from line 288 to batch.
2025-06-02 17:03:50,700 - INFO - Processing batch of 8 prompts (up to line 288)...
2025-06-02 17:03:50,700 - INFO - Generating absolute ratings for batch of 8 prompts. System prompt used: 'You are a helpful assistant. Your task is to rate the provided text in terms of overall quality. The rating should be from one to five, with 'one' being the lowest quality and 'five' being the highest quality. Please write the number only, and nothing else.'
2025-06-02 17:03:50,701 - INFO - First formatted prompt for tokenizer (first 100 chars): '<|begin_of_text|><|start_header_id|>system<|end_header_id|>

Cutting Knowledge Date: December 2023
T...'
2025-06-02 17:03:50,701 - INFO - Input device: cuda:0, preparing to move inputs to device.
2025-06-02 17:03:50,703 - INFO - Batch of inputs tokenized, padded, truncated, and moved to model device.
2025-06-02 17:03:50,703 - INFO - Starting batched model.generate()...
Setting `pad_token_id` to `eos_token_id`:128001 for open-end generation.
2025-06-02 17:03:51,014 - INFO - Batched model.generate() completed.
2025-06-02 17:03:51,014 - INFO - Decoding batch of responses and extracting token probabilities...
2025-06-02 17:03:51,018 - INFO - Input tokens stripped from responses and probabilities extracted.
2025-06-02 17:03:51,019 - INFO - Batch of responses generated.
2025-06-02 17:03:51,020 - INFO - Appended 8 results from batch to /scratch-shared/mschaffelder/data/exp_3/absolute_ratings/small_human_source.jsonl
2025-06-02 17:03:51,020 - INFO - Reading line 289 from input file...
2025-06-02 17:03:51,020 - INFO - Added prompt from line 289 to batch.
2025-06-02 17:03:51,020 - INFO - Reading line 290 from input file...
2025-06-02 17:03:51,020 - INFO - Added prompt from line 290 to batch.
2025-06-02 17:03:51,020 - INFO - Reading line 291 from input file...
2025-06-02 17:03:51,021 - INFO - Added prompt from line 291 to batch.
2025-06-02 17:03:51,021 - INFO - Reading line 292 from input file...
2025-06-02 17:03:51,021 - INFO - Added prompt from line 292 to batch.
2025-06-02 17:03:51,021 - INFO - Reading line 293 from input file...
2025-06-02 17:03:51,021 - INFO - Added prompt from line 293 to batch.
2025-06-02 17:03:51,021 - INFO - Reading line 294 from input file...
2025-06-02 17:03:51,021 - INFO - Added prompt from line 294 to batch.
2025-06-02 17:03:51,021 - INFO - Reading line 295 from input file...
2025-06-02 17:03:51,021 - INFO - Added prompt from line 295 to batch.
2025-06-02 17:03:51,021 - INFO - Reading line 296 from input file...
2025-06-02 17:03:51,021 - INFO - Added prompt from line 296 to batch.
2025-06-02 17:03:51,021 - INFO - Processing batch of 8 prompts (up to line 296)...
2025-06-02 17:03:51,021 - INFO - Generating absolute ratings for batch of 8 prompts. System prompt used: 'You are a helpful assistant. Your task is to rate the provided text in terms of overall quality. The rating should be from one to five, with 'one' being the lowest quality and 'five' being the highest quality. Please write the number only, and nothing else.'
2025-06-02 17:03:51,022 - INFO - First formatted prompt for tokenizer (first 100 chars): '<|begin_of_text|><|start_header_id|>system<|end_header_id|>

Cutting Knowledge Date: December 2023
T...'
2025-06-02 17:03:51,022 - INFO - Input device: cuda:0, preparing to move inputs to device.
2025-06-02 17:03:51,024 - INFO - Batch of inputs tokenized, padded, truncated, and moved to model device.
2025-06-02 17:03:51,024 - INFO - Starting batched model.generate()...
Setting `pad_token_id` to `eos_token_id`:128001 for open-end generation.
2025-06-02 17:03:51,320 - INFO - Batched model.generate() completed.
2025-06-02 17:03:51,320 - INFO - Decoding batch of responses and extracting token probabilities...
2025-06-02 17:03:51,325 - INFO - Input tokens stripped from responses and probabilities extracted.
2025-06-02 17:03:51,325 - INFO - Batch of responses generated.
2025-06-02 17:03:51,327 - INFO - Appended 8 results from batch to /scratch-shared/mschaffelder/data/exp_3/absolute_ratings/small_human_source.jsonl
2025-06-02 17:03:51,327 - INFO - Reading line 297 from input file...
2025-06-02 17:03:51,327 - INFO - Added prompt from line 297 to batch.
2025-06-02 17:03:51,327 - INFO - Reading line 298 from input file...
2025-06-02 17:03:51,327 - INFO - Added prompt from line 298 to batch.
2025-06-02 17:03:51,327 - INFO - Reading line 299 from input file...
2025-06-02 17:03:51,327 - INFO - Added prompt from line 299 to batch.
2025-06-02 17:03:51,327 - INFO - Reading line 300 from input file...
2025-06-02 17:03:51,327 - INFO - Added prompt from line 300 to batch.
2025-06-02 17:03:51,327 - INFO - Reading line 301 from input file...
2025-06-02 17:03:51,327 - INFO - Added prompt from line 301 to batch.
2025-06-02 17:03:51,327 - INFO - Reading line 302 from input file...
2025-06-02 17:03:51,327 - INFO - Added prompt from line 302 to batch.
2025-06-02 17:03:51,327 - INFO - Reading line 303 from input file...
2025-06-02 17:03:51,327 - INFO - Added prompt from line 303 to batch.
2025-06-02 17:03:51,327 - INFO - Reading line 304 from input file...
2025-06-02 17:03:51,327 - INFO - Added prompt from line 304 to batch.
2025-06-02 17:03:51,327 - INFO - Processing batch of 8 prompts (up to line 304)...
2025-06-02 17:03:51,327 - INFO - Generating absolute ratings for batch of 8 prompts. System prompt used: 'You are a helpful assistant. Your task is to rate the provided text in terms of overall quality. The rating should be from one to five, with 'one' being the lowest quality and 'five' being the highest quality. Please write the number only, and nothing else.'
2025-06-02 17:03:51,328 - INFO - First formatted prompt for tokenizer (first 100 chars): '<|begin_of_text|><|start_header_id|>system<|end_header_id|>

Cutting Knowledge Date: December 2023
T...'
2025-06-02 17:03:51,328 - INFO - Input device: cuda:0, preparing to move inputs to device.
2025-06-02 17:03:51,330 - INFO - Batch of inputs tokenized, padded, truncated, and moved to model device.
2025-06-02 17:03:51,330 - INFO - Starting batched model.generate()...
Setting `pad_token_id` to `eos_token_id`:128001 for open-end generation.
2025-06-02 17:03:51,610 - INFO - Batched model.generate() completed.
2025-06-02 17:03:51,610 - INFO - Decoding batch of responses and extracting token probabilities...
2025-06-02 17:03:51,615 - INFO - Input tokens stripped from responses and probabilities extracted.
2025-06-02 17:03:51,615 - INFO - Batch of responses generated.
2025-06-02 17:03:51,617 - INFO - Appended 8 results from batch to /scratch-shared/mschaffelder/data/exp_3/absolute_ratings/small_human_source.jsonl
2025-06-02 17:03:51,617 - INFO - Reading line 305 from input file...
2025-06-02 17:03:51,617 - INFO - Added prompt from line 305 to batch.
2025-06-02 17:03:51,617 - INFO - Reading line 306 from input file...
2025-06-02 17:03:51,617 - INFO - Added prompt from line 306 to batch.
2025-06-02 17:03:51,617 - INFO - Reading line 307 from input file...
2025-06-02 17:03:51,617 - INFO - Added prompt from line 307 to batch.
2025-06-02 17:03:51,617 - INFO - Reading line 308 from input file...
2025-06-02 17:03:51,617 - INFO - Added prompt from line 308 to batch.
2025-06-02 17:03:51,617 - INFO - Reading line 309 from input file...
2025-06-02 17:03:51,617 - INFO - Added prompt from line 309 to batch.
2025-06-02 17:03:51,617 - INFO - Reading line 310 from input file...
2025-06-02 17:03:51,617 - INFO - Added prompt from line 310 to batch.
2025-06-02 17:03:51,617 - INFO - Reading line 311 from input file...
2025-06-02 17:03:51,617 - INFO - Added prompt from line 311 to batch.
2025-06-02 17:03:51,617 - INFO - Reading line 312 from input file...
2025-06-02 17:03:51,617 - INFO - Added prompt from line 312 to batch.
2025-06-02 17:03:51,617 - INFO - Processing batch of 8 prompts (up to line 312)...
2025-06-02 17:03:51,617 - INFO - Generating absolute ratings for batch of 8 prompts. System prompt used: 'You are a helpful assistant. Your task is to rate the provided text in terms of overall quality. The rating should be from one to five, with 'one' being the lowest quality and 'five' being the highest quality. Please write the number only, and nothing else.'
2025-06-02 17:03:51,618 - INFO - First formatted prompt for tokenizer (first 100 chars): '<|begin_of_text|><|start_header_id|>system<|end_header_id|>

Cutting Knowledge Date: December 2023
T...'
2025-06-02 17:03:51,618 - INFO - Input device: cuda:0, preparing to move inputs to device.
2025-06-02 17:03:51,620 - INFO - Batch of inputs tokenized, padded, truncated, and moved to model device.
2025-06-02 17:03:51,620 - INFO - Starting batched model.generate()...
Setting `pad_token_id` to `eos_token_id`:128001 for open-end generation.
2025-06-02 17:03:51,830 - INFO - Batched model.generate() completed.
2025-06-02 17:03:51,830 - INFO - Decoding batch of responses and extracting token probabilities...
2025-06-02 17:03:51,835 - INFO - Input tokens stripped from responses and probabilities extracted.
2025-06-02 17:03:51,835 - INFO - Batch of responses generated.
2025-06-02 17:03:51,837 - INFO - Appended 8 results from batch to /scratch-shared/mschaffelder/data/exp_3/absolute_ratings/small_human_source.jsonl
2025-06-02 17:03:51,837 - INFO - Reading line 313 from input file...
2025-06-02 17:03:51,837 - INFO - Added prompt from line 313 to batch.
2025-06-02 17:03:51,837 - INFO - Reading line 314 from input file...
2025-06-02 17:03:51,837 - INFO - Added prompt from line 314 to batch.
2025-06-02 17:03:51,837 - INFO - Reading line 315 from input file...
2025-06-02 17:03:51,837 - INFO - Added prompt from line 315 to batch.
2025-06-02 17:03:51,837 - INFO - Reading line 316 from input file...
2025-06-02 17:03:51,837 - INFO - Added prompt from line 316 to batch.
2025-06-02 17:03:51,837 - INFO - Reading line 317 from input file...
2025-06-02 17:03:51,837 - INFO - Added prompt from line 317 to batch.
2025-06-02 17:03:51,837 - INFO - Reading line 318 from input file...
2025-06-02 17:03:51,837 - INFO - Added prompt from line 318 to batch.
2025-06-02 17:03:51,837 - INFO - Reading line 319 from input file...
2025-06-02 17:03:51,837 - INFO - Added prompt from line 319 to batch.
2025-06-02 17:03:51,837 - INFO - Reading line 320 from input file...
2025-06-02 17:03:51,837 - INFO - Added prompt from line 320 to batch.
2025-06-02 17:03:51,837 - INFO - Processing batch of 8 prompts (up to line 320)...
2025-06-02 17:03:51,837 - INFO - Generating absolute ratings for batch of 8 prompts. System prompt used: 'You are a helpful assistant. Your task is to rate the provided text in terms of overall quality. The rating should be from one to five, with 'one' being the lowest quality and 'five' being the highest quality. Please write the number only, and nothing else.'
2025-06-02 17:03:51,838 - INFO - First formatted prompt for tokenizer (first 100 chars): '<|begin_of_text|><|start_header_id|>system<|end_header_id|>

Cutting Knowledge Date: December 2023
T...'
2025-06-02 17:03:51,838 - INFO - Input device: cuda:0, preparing to move inputs to device.
2025-06-02 17:03:51,840 - INFO - Batch of inputs tokenized, padded, truncated, and moved to model device.
2025-06-02 17:03:51,840 - INFO - Starting batched model.generate()...
Setting `pad_token_id` to `eos_token_id`:128001 for open-end generation.
2025-06-02 17:03:52,039 - INFO - Batched model.generate() completed.
2025-06-02 17:03:52,039 - INFO - Decoding batch of responses and extracting token probabilities...
2025-06-02 17:03:52,044 - INFO - Input tokens stripped from responses and probabilities extracted.
2025-06-02 17:03:52,044 - INFO - Batch of responses generated.
2025-06-02 17:03:52,045 - INFO - Appended 8 results from batch to /scratch-shared/mschaffelder/data/exp_3/absolute_ratings/small_human_source.jsonl
2025-06-02 17:03:52,045 - INFO - Reading line 321 from input file...
2025-06-02 17:03:52,045 - INFO - Added prompt from line 321 to batch.
2025-06-02 17:03:52,045 - INFO - Reading line 322 from input file...
2025-06-02 17:03:52,045 - INFO - Added prompt from line 322 to batch.
2025-06-02 17:03:52,045 - INFO - Reading line 323 from input file...
2025-06-02 17:03:52,045 - INFO - Added prompt from line 323 to batch.
2025-06-02 17:03:52,045 - INFO - Reading line 324 from input file...
2025-06-02 17:03:52,045 - INFO - Added prompt from line 324 to batch.
2025-06-02 17:03:52,045 - INFO - Reading line 325 from input file...
2025-06-02 17:03:52,045 - INFO - Added prompt from line 325 to batch.
2025-06-02 17:03:52,045 - INFO - Reading line 326 from input file...
2025-06-02 17:03:52,045 - INFO - Added prompt from line 326 to batch.
2025-06-02 17:03:52,045 - INFO - Reading line 327 from input file...
2025-06-02 17:03:52,045 - INFO - Added prompt from line 327 to batch.
2025-06-02 17:03:52,045 - INFO - Reading line 328 from input file...
2025-06-02 17:03:52,045 - INFO - Added prompt from line 328 to batch.
2025-06-02 17:03:52,045 - INFO - Processing batch of 8 prompts (up to line 328)...
2025-06-02 17:03:52,046 - INFO - Generating absolute ratings for batch of 8 prompts. System prompt used: 'You are a helpful assistant. Your task is to rate the provided text in terms of overall quality. The rating should be from one to five, with 'one' being the lowest quality and 'five' being the highest quality. Please write the number only, and nothing else.'
2025-06-02 17:03:52,046 - INFO - First formatted prompt for tokenizer (first 100 chars): '<|begin_of_text|><|start_header_id|>system<|end_header_id|>

Cutting Knowledge Date: December 2023
T...'
2025-06-02 17:03:52,046 - INFO - Input device: cuda:0, preparing to move inputs to device.
2025-06-02 17:03:52,048 - INFO - Batch of inputs tokenized, padded, truncated, and moved to model device.
2025-06-02 17:03:52,048 - INFO - Starting batched model.generate()...
Setting `pad_token_id` to `eos_token_id`:128001 for open-end generation.
2025-06-02 17:03:52,296 - INFO - Batched model.generate() completed.
2025-06-02 17:03:52,296 - INFO - Decoding batch of responses and extracting token probabilities...
2025-06-02 17:03:52,301 - INFO - Input tokens stripped from responses and probabilities extracted.
2025-06-02 17:03:52,301 - INFO - Batch of responses generated.
2025-06-02 17:03:52,302 - INFO - Appended 8 results from batch to /scratch-shared/mschaffelder/data/exp_3/absolute_ratings/small_human_source.jsonl
2025-06-02 17:03:52,302 - INFO - Reading line 329 from input file...
2025-06-02 17:03:52,302 - INFO - Added prompt from line 329 to batch.
2025-06-02 17:03:52,302 - INFO - Reading line 330 from input file...
2025-06-02 17:03:52,302 - INFO - Added prompt from line 330 to batch.
2025-06-02 17:03:52,302 - INFO - Reading line 331 from input file...
2025-06-02 17:03:52,302 - INFO - Added prompt from line 331 to batch.
2025-06-02 17:03:52,302 - INFO - Reading line 332 from input file...
2025-06-02 17:03:52,302 - INFO - Added prompt from line 332 to batch.
2025-06-02 17:03:52,303 - INFO - Reading line 333 from input file...
2025-06-02 17:03:52,303 - INFO - Added prompt from line 333 to batch.
2025-06-02 17:03:52,303 - INFO - Reading line 334 from input file...
2025-06-02 17:03:52,303 - INFO - Added prompt from line 334 to batch.
2025-06-02 17:03:52,303 - INFO - Reading line 335 from input file...
2025-06-02 17:03:52,303 - INFO - Added prompt from line 335 to batch.
2025-06-02 17:03:52,303 - INFO - Reading line 336 from input file...
2025-06-02 17:03:52,303 - INFO - Added prompt from line 336 to batch.
2025-06-02 17:03:52,303 - INFO - Processing batch of 8 prompts (up to line 336)...
2025-06-02 17:03:52,303 - INFO - Generating absolute ratings for batch of 8 prompts. System prompt used: 'You are a helpful assistant. Your task is to rate the provided text in terms of overall quality. The rating should be from one to five, with 'one' being the lowest quality and 'five' being the highest quality. Please write the number only, and nothing else.'
2025-06-02 17:03:52,303 - INFO - First formatted prompt for tokenizer (first 100 chars): '<|begin_of_text|><|start_header_id|>system<|end_header_id|>

Cutting Knowledge Date: December 2023
T...'
2025-06-02 17:03:52,304 - INFO - Input device: cuda:0, preparing to move inputs to device.
2025-06-02 17:03:52,305 - INFO - Batch of inputs tokenized, padded, truncated, and moved to model device.
2025-06-02 17:03:52,305 - INFO - Starting batched model.generate()...
Setting `pad_token_id` to `eos_token_id`:128001 for open-end generation.
2025-06-02 17:03:52,511 - INFO - Batched model.generate() completed.
2025-06-02 17:03:52,511 - INFO - Decoding batch of responses and extracting token probabilities...
2025-06-02 17:03:52,515 - INFO - Input tokens stripped from responses and probabilities extracted.
2025-06-02 17:03:52,516 - INFO - Batch of responses generated.
2025-06-02 17:03:52,516 - INFO - Appended 8 results from batch to /scratch-shared/mschaffelder/data/exp_3/absolute_ratings/small_human_source.jsonl
2025-06-02 17:03:52,516 - INFO - Reading line 337 from input file...
2025-06-02 17:03:52,516 - INFO - Added prompt from line 337 to batch.
2025-06-02 17:03:52,516 - INFO - Reading line 338 from input file...
2025-06-02 17:03:52,516 - INFO - Added prompt from line 338 to batch.
2025-06-02 17:03:52,516 - INFO - Reading line 339 from input file...
2025-06-02 17:03:52,517 - INFO - Added prompt from line 339 to batch.
2025-06-02 17:03:52,517 - INFO - Reading line 340 from input file...
2025-06-02 17:03:52,517 - INFO - Added prompt from line 340 to batch.
2025-06-02 17:03:52,517 - INFO - Reading line 341 from input file...
2025-06-02 17:03:52,517 - INFO - Added prompt from line 341 to batch.
2025-06-02 17:03:52,517 - INFO - Reading line 342 from input file...
2025-06-02 17:03:52,517 - INFO - Added prompt from line 342 to batch.
2025-06-02 17:03:52,517 - INFO - Reading line 343 from input file...
2025-06-02 17:03:52,517 - INFO - Added prompt from line 343 to batch.
2025-06-02 17:03:52,517 - INFO - Reading line 344 from input file...
2025-06-02 17:03:52,517 - INFO - Added prompt from line 344 to batch.
2025-06-02 17:03:52,517 - INFO - Processing batch of 8 prompts (up to line 344)...
2025-06-02 17:03:52,517 - INFO - Generating absolute ratings for batch of 8 prompts. System prompt used: 'You are a helpful assistant. Your task is to rate the provided text in terms of overall quality. The rating should be from one to five, with 'one' being the lowest quality and 'five' being the highest quality. Please write the number only, and nothing else.'
2025-06-02 17:03:52,518 - INFO - First formatted prompt for tokenizer (first 100 chars): '<|begin_of_text|><|start_header_id|>system<|end_header_id|>

Cutting Knowledge Date: December 2023
T...'
2025-06-02 17:03:52,518 - INFO - Input device: cuda:0, preparing to move inputs to device.
2025-06-02 17:03:52,520 - INFO - Batch of inputs tokenized, padded, truncated, and moved to model device.
2025-06-02 17:03:52,520 - INFO - Starting batched model.generate()...
Setting `pad_token_id` to `eos_token_id`:128001 for open-end generation.
2025-06-02 17:03:52,757 - INFO - Batched model.generate() completed.
2025-06-02 17:03:52,757 - INFO - Decoding batch of responses and extracting token probabilities...
2025-06-02 17:03:52,762 - INFO - Input tokens stripped from responses and probabilities extracted.
2025-06-02 17:03:52,762 - INFO - Batch of responses generated.
2025-06-02 17:03:52,763 - INFO - Appended 8 results from batch to /scratch-shared/mschaffelder/data/exp_3/absolute_ratings/small_human_source.jsonl
2025-06-02 17:03:52,763 - INFO - Reading line 345 from input file...
2025-06-02 17:03:52,763 - INFO - Added prompt from line 345 to batch.
2025-06-02 17:03:52,763 - INFO - Reading line 346 from input file...
2025-06-02 17:03:52,763 - INFO - Added prompt from line 346 to batch.
2025-06-02 17:03:52,763 - INFO - Reading line 347 from input file...
2025-06-02 17:03:52,763 - INFO - Added prompt from line 347 to batch.
2025-06-02 17:03:52,763 - INFO - Reading line 348 from input file...
2025-06-02 17:03:52,764 - INFO - Added prompt from line 348 to batch.
2025-06-02 17:03:52,764 - INFO - Reading line 349 from input file...
2025-06-02 17:03:52,764 - INFO - Added prompt from line 349 to batch.
2025-06-02 17:03:52,764 - INFO - Reading line 350 from input file...
2025-06-02 17:03:52,764 - INFO - Added prompt from line 350 to batch.
2025-06-02 17:03:52,764 - INFO - Reading line 351 from input file...
2025-06-02 17:03:52,764 - INFO - Added prompt from line 351 to batch.
2025-06-02 17:03:52,764 - INFO - Reading line 352 from input file...
2025-06-02 17:03:52,764 - INFO - Added prompt from line 352 to batch.
2025-06-02 17:03:52,764 - INFO - Processing batch of 8 prompts (up to line 352)...
2025-06-02 17:03:52,764 - INFO - Generating absolute ratings for batch of 8 prompts. System prompt used: 'You are a helpful assistant. Your task is to rate the provided text in terms of overall quality. The rating should be from one to five, with 'one' being the lowest quality and 'five' being the highest quality. Please write the number only, and nothing else.'
2025-06-02 17:03:52,764 - INFO - First formatted prompt for tokenizer (first 100 chars): '<|begin_of_text|><|start_header_id|>system<|end_header_id|>

Cutting Knowledge Date: December 2023
T...'
2025-06-02 17:03:52,765 - INFO - Input device: cuda:0, preparing to move inputs to device.
2025-06-02 17:03:52,766 - INFO - Batch of inputs tokenized, padded, truncated, and moved to model device.
2025-06-02 17:03:52,766 - INFO - Starting batched model.generate()...
Setting `pad_token_id` to `eos_token_id`:128001 for open-end generation.
2025-06-02 17:03:52,974 - INFO - Batched model.generate() completed.
2025-06-02 17:03:52,974 - INFO - Decoding batch of responses and extracting token probabilities...
2025-06-02 17:03:52,978 - INFO - Input tokens stripped from responses and probabilities extracted.
2025-06-02 17:03:52,979 - INFO - Batch of responses generated.
2025-06-02 17:03:52,980 - INFO - Appended 8 results from batch to /scratch-shared/mschaffelder/data/exp_3/absolute_ratings/small_human_source.jsonl
2025-06-02 17:03:52,980 - INFO - Reading line 353 from input file...
2025-06-02 17:03:52,980 - INFO - Added prompt from line 353 to batch.
2025-06-02 17:03:52,980 - INFO - Reading line 354 from input file...
2025-06-02 17:03:52,980 - INFO - Added prompt from line 354 to batch.
2025-06-02 17:03:52,980 - INFO - Reading line 355 from input file...
2025-06-02 17:03:52,980 - INFO - Added prompt from line 355 to batch.
2025-06-02 17:03:52,980 - INFO - Reading line 356 from input file...
2025-06-02 17:03:52,980 - INFO - Added prompt from line 356 to batch.
2025-06-02 17:03:52,980 - INFO - Reading line 357 from input file...
2025-06-02 17:03:52,980 - INFO - Added prompt from line 357 to batch.
2025-06-02 17:03:52,981 - INFO - Reading line 358 from input file...
2025-06-02 17:03:52,981 - INFO - Added prompt from line 358 to batch.
2025-06-02 17:03:52,981 - INFO - Reading line 359 from input file...
2025-06-02 17:03:52,981 - INFO - Added prompt from line 359 to batch.
2025-06-02 17:03:52,981 - INFO - Reading line 360 from input file...
2025-06-02 17:03:52,981 - INFO - Added prompt from line 360 to batch.
2025-06-02 17:03:52,981 - INFO - Processing batch of 8 prompts (up to line 360)...
2025-06-02 17:03:52,981 - INFO - Generating absolute ratings for batch of 8 prompts. System prompt used: 'You are a helpful assistant. Your task is to rate the provided text in terms of overall quality. The rating should be from one to five, with 'one' being the lowest quality and 'five' being the highest quality. Please write the number only, and nothing else.'
2025-06-02 17:03:52,981 - INFO - First formatted prompt for tokenizer (first 100 chars): '<|begin_of_text|><|start_header_id|>system<|end_header_id|>

Cutting Knowledge Date: December 2023
T...'
2025-06-02 17:03:52,981 - INFO - Input device: cuda:0, preparing to move inputs to device.
2025-06-02 17:03:52,983 - INFO - Batch of inputs tokenized, padded, truncated, and moved to model device.
2025-06-02 17:03:52,983 - INFO - Starting batched model.generate()...
Setting `pad_token_id` to `eos_token_id`:128001 for open-end generation.
2025-06-02 17:03:53,173 - INFO - Batched model.generate() completed.
2025-06-02 17:03:53,173 - INFO - Decoding batch of responses and extracting token probabilities...
2025-06-02 17:03:53,178 - INFO - Input tokens stripped from responses and probabilities extracted.
2025-06-02 17:03:53,178 - INFO - Batch of responses generated.
2025-06-02 17:03:53,179 - INFO - Appended 8 results from batch to /scratch-shared/mschaffelder/data/exp_3/absolute_ratings/small_human_source.jsonl
2025-06-02 17:03:53,179 - INFO - Reading line 361 from input file...
2025-06-02 17:03:53,179 - INFO - Added prompt from line 361 to batch.
2025-06-02 17:03:53,179 - INFO - Reading line 362 from input file...
2025-06-02 17:03:53,179 - INFO - Added prompt from line 362 to batch.
2025-06-02 17:03:53,179 - INFO - Reading line 363 from input file...
2025-06-02 17:03:53,179 - INFO - Added prompt from line 363 to batch.
2025-06-02 17:03:53,179 - INFO - Reading line 364 from input file...
2025-06-02 17:03:53,179 - INFO - Added prompt from line 364 to batch.
2025-06-02 17:03:53,179 - INFO - Reading line 365 from input file...
2025-06-02 17:03:53,179 - INFO - Added prompt from line 365 to batch.
2025-06-02 17:03:53,179 - INFO - Reading line 366 from input file...
2025-06-02 17:03:53,179 - INFO - Added prompt from line 366 to batch.
2025-06-02 17:03:53,179 - INFO - Reading line 367 from input file...
2025-06-02 17:03:53,179 - INFO - Added prompt from line 367 to batch.
2025-06-02 17:03:53,179 - INFO - Reading line 368 from input file...
2025-06-02 17:03:53,180 - INFO - Added prompt from line 368 to batch.
2025-06-02 17:03:53,180 - INFO - Processing batch of 8 prompts (up to line 368)...
2025-06-02 17:03:53,180 - INFO - Generating absolute ratings for batch of 8 prompts. System prompt used: 'You are a helpful assistant. Your task is to rate the provided text in terms of overall quality. The rating should be from one to five, with 'one' being the lowest quality and 'five' being the highest quality. Please write the number only, and nothing else.'
2025-06-02 17:03:53,180 - INFO - First formatted prompt for tokenizer (first 100 chars): '<|begin_of_text|><|start_header_id|>system<|end_header_id|>

Cutting Knowledge Date: December 2023
T...'
2025-06-02 17:03:53,180 - INFO - Input device: cuda:0, preparing to move inputs to device.
2025-06-02 17:03:53,182 - INFO - Batch of inputs tokenized, padded, truncated, and moved to model device.
2025-06-02 17:03:53,183 - INFO - Starting batched model.generate()...
Setting `pad_token_id` to `eos_token_id`:128001 for open-end generation.
2025-06-02 17:03:53,444 - INFO - Batched model.generate() completed.
2025-06-02 17:03:53,444 - INFO - Decoding batch of responses and extracting token probabilities...
2025-06-02 17:03:53,449 - INFO - Input tokens stripped from responses and probabilities extracted.
2025-06-02 17:03:53,449 - INFO - Batch of responses generated.
2025-06-02 17:03:53,451 - INFO - Appended 8 results from batch to /scratch-shared/mschaffelder/data/exp_3/absolute_ratings/small_human_source.jsonl
2025-06-02 17:03:53,451 - INFO - Reading line 369 from input file...
2025-06-02 17:03:53,451 - INFO - Added prompt from line 369 to batch.
2025-06-02 17:03:53,451 - INFO - Reading line 370 from input file...
2025-06-02 17:03:53,451 - INFO - Added prompt from line 370 to batch.
2025-06-02 17:03:53,451 - INFO - Reading line 371 from input file...
2025-06-02 17:03:53,451 - INFO - Added prompt from line 371 to batch.
2025-06-02 17:03:53,451 - INFO - Reading line 372 from input file...
2025-06-02 17:03:53,451 - INFO - Added prompt from line 372 to batch.
2025-06-02 17:03:53,451 - INFO - Reading line 373 from input file...
2025-06-02 17:03:53,451 - INFO - Added prompt from line 373 to batch.
2025-06-02 17:03:53,451 - INFO - Reading line 374 from input file...
2025-06-02 17:03:53,451 - INFO - Added prompt from line 374 to batch.
2025-06-02 17:03:53,451 - INFO - Reading line 375 from input file...
2025-06-02 17:03:53,451 - INFO - Added prompt from line 375 to batch.
2025-06-02 17:03:53,451 - INFO - Reading line 376 from input file...
2025-06-02 17:03:53,452 - INFO - Added prompt from line 376 to batch.
2025-06-02 17:03:53,452 - INFO - Processing batch of 8 prompts (up to line 376)...
2025-06-02 17:03:53,452 - INFO - Generating absolute ratings for batch of 8 prompts. System prompt used: 'You are a helpful assistant. Your task is to rate the provided text in terms of overall quality. The rating should be from one to five, with 'one' being the lowest quality and 'five' being the highest quality. Please write the number only, and nothing else.'
2025-06-02 17:03:53,452 - INFO - First formatted prompt for tokenizer (first 100 chars): '<|begin_of_text|><|start_header_id|>system<|end_header_id|>

Cutting Knowledge Date: December 2023
T...'
2025-06-02 17:03:53,452 - INFO - Input device: cuda:0, preparing to move inputs to device.
2025-06-02 17:03:53,455 - INFO - Batch of inputs tokenized, padded, truncated, and moved to model device.
2025-06-02 17:03:53,455 - INFO - Starting batched model.generate()...
Setting `pad_token_id` to `eos_token_id`:128001 for open-end generation.
2025-06-02 17:03:53,755 - INFO - Batched model.generate() completed.
2025-06-02 17:03:53,755 - INFO - Decoding batch of responses and extracting token probabilities...
2025-06-02 17:03:53,760 - INFO - Input tokens stripped from responses and probabilities extracted.
2025-06-02 17:03:53,760 - INFO - Batch of responses generated.
2025-06-02 17:03:53,761 - INFO - Appended 8 results from batch to /scratch-shared/mschaffelder/data/exp_3/absolute_ratings/small_human_source.jsonl
2025-06-02 17:03:53,761 - INFO - Reading line 377 from input file...
2025-06-02 17:03:53,761 - INFO - Added prompt from line 377 to batch.
2025-06-02 17:03:53,761 - INFO - Reading line 378 from input file...
2025-06-02 17:03:53,761 - INFO - Added prompt from line 378 to batch.
2025-06-02 17:03:53,761 - INFO - Reading line 379 from input file...
2025-06-02 17:03:53,761 - INFO - Added prompt from line 379 to batch.
2025-06-02 17:03:53,761 - INFO - Reading line 380 from input file...
2025-06-02 17:03:53,761 - INFO - Added prompt from line 380 to batch.
2025-06-02 17:03:53,761 - INFO - Reading line 381 from input file...
2025-06-02 17:03:53,761 - INFO - Added prompt from line 381 to batch.
2025-06-02 17:03:53,761 - INFO - Reading line 382 from input file...
2025-06-02 17:03:53,761 - INFO - Added prompt from line 382 to batch.
2025-06-02 17:03:53,761 - INFO - Reading line 383 from input file...
2025-06-02 17:03:53,761 - INFO - Added prompt from line 383 to batch.
2025-06-02 17:03:53,761 - INFO - Reading line 384 from input file...
2025-06-02 17:03:53,761 - INFO - Added prompt from line 384 to batch.
2025-06-02 17:03:53,761 - INFO - Processing batch of 8 prompts (up to line 384)...
2025-06-02 17:03:53,761 - INFO - Generating absolute ratings for batch of 8 prompts. System prompt used: 'You are a helpful assistant. Your task is to rate the provided text in terms of overall quality. The rating should be from one to five, with 'one' being the lowest quality and 'five' being the highest quality. Please write the number only, and nothing else.'
2025-06-02 17:03:53,762 - INFO - First formatted prompt for tokenizer (first 100 chars): '<|begin_of_text|><|start_header_id|>system<|end_header_id|>

Cutting Knowledge Date: December 2023
T...'
2025-06-02 17:03:53,762 - INFO - Input device: cuda:0, preparing to move inputs to device.
2025-06-02 17:03:53,764 - INFO - Batch of inputs tokenized, padded, truncated, and moved to model device.
2025-06-02 17:03:53,764 - INFO - Starting batched model.generate()...
Setting `pad_token_id` to `eos_token_id`:128001 for open-end generation.
2025-06-02 17:03:53,978 - INFO - Batched model.generate() completed.
2025-06-02 17:03:53,979 - INFO - Decoding batch of responses and extracting token probabilities...
2025-06-02 17:03:53,983 - INFO - Input tokens stripped from responses and probabilities extracted.
2025-06-02 17:03:53,984 - INFO - Batch of responses generated.
2025-06-02 17:03:53,985 - INFO - Appended 8 results from batch to /scratch-shared/mschaffelder/data/exp_3/absolute_ratings/small_human_source.jsonl
2025-06-02 17:03:53,985 - INFO - Reading line 385 from input file...
2025-06-02 17:03:53,985 - INFO - Added prompt from line 385 to batch.
2025-06-02 17:03:53,985 - INFO - Reading line 386 from input file...
2025-06-02 17:03:53,985 - INFO - Added prompt from line 386 to batch.
2025-06-02 17:03:53,985 - INFO - Reading line 387 from input file...
2025-06-02 17:03:53,985 - INFO - Added prompt from line 387 to batch.
2025-06-02 17:03:53,985 - INFO - Reading line 388 from input file...
2025-06-02 17:03:53,985 - INFO - Added prompt from line 388 to batch.
2025-06-02 17:03:53,985 - INFO - Reading line 389 from input file...
2025-06-02 17:03:53,985 - INFO - Added prompt from line 389 to batch.
2025-06-02 17:03:53,985 - INFO - Reading line 390 from input file...
2025-06-02 17:03:53,985 - INFO - Added prompt from line 390 to batch.
2025-06-02 17:03:53,985 - INFO - Reading line 391 from input file...
2025-06-02 17:03:53,985 - INFO - Added prompt from line 391 to batch.
2025-06-02 17:03:53,985 - INFO - Reading line 392 from input file...
2025-06-02 17:03:53,985 - INFO - Added prompt from line 392 to batch.
2025-06-02 17:03:53,986 - INFO - Processing batch of 8 prompts (up to line 392)...
2025-06-02 17:03:53,986 - INFO - Generating absolute ratings for batch of 8 prompts. System prompt used: 'You are a helpful assistant. Your task is to rate the provided text in terms of overall quality. The rating should be from one to five, with 'one' being the lowest quality and 'five' being the highest quality. Please write the number only, and nothing else.'
2025-06-02 17:03:53,986 - INFO - First formatted prompt for tokenizer (first 100 chars): '<|begin_of_text|><|start_header_id|>system<|end_header_id|>

Cutting Knowledge Date: December 2023
T...'
2025-06-02 17:03:53,986 - INFO - Input device: cuda:0, preparing to move inputs to device.
2025-06-02 17:03:53,988 - INFO - Batch of inputs tokenized, padded, truncated, and moved to model device.
2025-06-02 17:03:53,988 - INFO - Starting batched model.generate()...
Setting `pad_token_id` to `eos_token_id`:128001 for open-end generation.
2025-06-02 17:03:54,190 - INFO - Batched model.generate() completed.
2025-06-02 17:03:54,190 - INFO - Decoding batch of responses and extracting token probabilities...
2025-06-02 17:03:54,195 - INFO - Input tokens stripped from responses and probabilities extracted.
2025-06-02 17:03:54,195 - INFO - Batch of responses generated.
2025-06-02 17:03:54,197 - INFO - Appended 8 results from batch to /scratch-shared/mschaffelder/data/exp_3/absolute_ratings/small_human_source.jsonl
2025-06-02 17:03:54,197 - INFO - Reading line 393 from input file...
2025-06-02 17:03:54,197 - INFO - Added prompt from line 393 to batch.
2025-06-02 17:03:54,197 - INFO - Reading line 394 from input file...
2025-06-02 17:03:54,197 - INFO - Added prompt from line 394 to batch.
2025-06-02 17:03:54,197 - INFO - Reading line 395 from input file...
2025-06-02 17:03:54,197 - INFO - Added prompt from line 395 to batch.
2025-06-02 17:03:54,197 - INFO - Reading line 396 from input file...
2025-06-02 17:03:54,197 - INFO - Added prompt from line 396 to batch.
2025-06-02 17:03:54,197 - INFO - Reading line 397 from input file...
2025-06-02 17:03:54,197 - INFO - Added prompt from line 397 to batch.
2025-06-02 17:03:54,197 - INFO - Reading line 398 from input file...
2025-06-02 17:03:54,197 - INFO - Added prompt from line 398 to batch.
2025-06-02 17:03:54,197 - INFO - Reading line 399 from input file...
2025-06-02 17:03:54,197 - INFO - Added prompt from line 399 to batch.
2025-06-02 17:03:54,197 - INFO - Reading line 400 from input file...
2025-06-02 17:03:54,197 - INFO - Added prompt from line 400 to batch.
2025-06-02 17:03:54,197 - INFO - Processing batch of 8 prompts (up to line 400)...
2025-06-02 17:03:54,198 - INFO - Generating absolute ratings for batch of 8 prompts. System prompt used: 'You are a helpful assistant. Your task is to rate the provided text in terms of overall quality. The rating should be from one to five, with 'one' being the lowest quality and 'five' being the highest quality. Please write the number only, and nothing else.'
2025-06-02 17:03:54,198 - INFO - First formatted prompt for tokenizer (first 100 chars): '<|begin_of_text|><|start_header_id|>system<|end_header_id|>

Cutting Knowledge Date: December 2023
T...'
2025-06-02 17:03:54,198 - INFO - Input device: cuda:0, preparing to move inputs to device.
2025-06-02 17:03:54,200 - INFO - Batch of inputs tokenized, padded, truncated, and moved to model device.
2025-06-02 17:03:54,200 - INFO - Starting batched model.generate()...
Setting `pad_token_id` to `eos_token_id`:128001 for open-end generation.
2025-06-02 17:03:54,443 - INFO - Batched model.generate() completed.
2025-06-02 17:03:54,443 - INFO - Decoding batch of responses and extracting token probabilities...
2025-06-02 17:03:54,448 - INFO - Input tokens stripped from responses and probabilities extracted.
2025-06-02 17:03:54,448 - INFO - Batch of responses generated.
2025-06-02 17:03:54,449 - INFO - Appended 8 results from batch to /scratch-shared/mschaffelder/data/exp_3/absolute_ratings/small_human_source.jsonl
2025-06-02 17:03:54,449 - INFO - Reading line 401 from input file...
2025-06-02 17:03:54,449 - INFO - Added prompt from line 401 to batch.
2025-06-02 17:03:54,449 - INFO - Reading line 402 from input file...
2025-06-02 17:03:54,449 - INFO - Added prompt from line 402 to batch.
2025-06-02 17:03:54,449 - INFO - Reading line 403 from input file...
2025-06-02 17:03:54,449 - INFO - Added prompt from line 403 to batch.
2025-06-02 17:03:54,449 - INFO - Reading line 404 from input file...
2025-06-02 17:03:54,449 - INFO - Added prompt from line 404 to batch.
2025-06-02 17:03:54,449 - INFO - Reading line 405 from input file...
2025-06-02 17:03:54,449 - INFO - Added prompt from line 405 to batch.
2025-06-02 17:03:54,449 - INFO - Reading line 406 from input file...
2025-06-02 17:03:54,449 - INFO - Added prompt from line 406 to batch.
2025-06-02 17:03:54,449 - INFO - Reading line 407 from input file...
2025-06-02 17:03:54,449 - INFO - Added prompt from line 407 to batch.
2025-06-02 17:03:54,449 - INFO - Reading line 408 from input file...
2025-06-02 17:03:54,449 - INFO - Added prompt from line 408 to batch.
2025-06-02 17:03:54,450 - INFO - Processing batch of 8 prompts (up to line 408)...
2025-06-02 17:03:54,450 - INFO - Generating absolute ratings for batch of 8 prompts. System prompt used: 'You are a helpful assistant. Your task is to rate the provided text in terms of overall quality. The rating should be from one to five, with 'one' being the lowest quality and 'five' being the highest quality. Please write the number only, and nothing else.'
2025-06-02 17:03:54,450 - INFO - First formatted prompt for tokenizer (first 100 chars): '<|begin_of_text|><|start_header_id|>system<|end_header_id|>

Cutting Knowledge Date: December 2023
T...'
2025-06-02 17:03:54,450 - INFO - Input device: cuda:0, preparing to move inputs to device.
2025-06-02 17:03:54,452 - INFO - Batch of inputs tokenized, padded, truncated, and moved to model device.
2025-06-02 17:03:54,452 - INFO - Starting batched model.generate()...
Setting `pad_token_id` to `eos_token_id`:128001 for open-end generation.
2025-06-02 17:03:54,597 - INFO - Batched model.generate() completed.
2025-06-02 17:03:54,597 - INFO - Decoding batch of responses and extracting token probabilities...
2025-06-02 17:03:54,602 - INFO - Input tokens stripped from responses and probabilities extracted.
2025-06-02 17:03:54,602 - INFO - Batch of responses generated.
2025-06-02 17:03:54,603 - INFO - Appended 8 results from batch to /scratch-shared/mschaffelder/data/exp_3/absolute_ratings/small_human_source.jsonl
2025-06-02 17:03:54,603 - INFO - Reading line 409 from input file...
2025-06-02 17:03:54,603 - INFO - Added prompt from line 409 to batch.
2025-06-02 17:03:54,603 - INFO - Reading line 410 from input file...
2025-06-02 17:03:54,603 - INFO - Added prompt from line 410 to batch.
2025-06-02 17:03:54,603 - INFO - Reading line 411 from input file...
2025-06-02 17:03:54,603 - INFO - Added prompt from line 411 to batch.
2025-06-02 17:03:54,603 - INFO - Reading line 412 from input file...
2025-06-02 17:03:54,603 - INFO - Added prompt from line 412 to batch.
2025-06-02 17:03:54,603 - INFO - Reading line 413 from input file...
2025-06-02 17:03:54,603 - INFO - Added prompt from line 413 to batch.
2025-06-02 17:03:54,603 - INFO - Reading line 414 from input file...
2025-06-02 17:03:54,603 - INFO - Added prompt from line 414 to batch.
2025-06-02 17:03:54,603 - INFO - Reading line 415 from input file...
2025-06-02 17:03:54,603 - INFO - Added prompt from line 415 to batch.
2025-06-02 17:03:54,603 - INFO - Reading line 416 from input file...
2025-06-02 17:03:54,603 - INFO - Added prompt from line 416 to batch.
2025-06-02 17:03:54,603 - INFO - Processing batch of 8 prompts (up to line 416)...
2025-06-02 17:03:54,604 - INFO - Generating absolute ratings for batch of 8 prompts. System prompt used: 'You are a helpful assistant. Your task is to rate the provided text in terms of overall quality. The rating should be from one to five, with 'one' being the lowest quality and 'five' being the highest quality. Please write the number only, and nothing else.'
2025-06-02 17:03:54,604 - INFO - First formatted prompt for tokenizer (first 100 chars): '<|begin_of_text|><|start_header_id|>system<|end_header_id|>

Cutting Knowledge Date: December 2023
T...'
2025-06-02 17:03:54,604 - INFO - Input device: cuda:0, preparing to move inputs to device.
2025-06-02 17:03:54,606 - INFO - Batch of inputs tokenized, padded, truncated, and moved to model device.
2025-06-02 17:03:54,606 - INFO - Starting batched model.generate()...
Setting `pad_token_id` to `eos_token_id`:128001 for open-end generation.
2025-06-02 17:03:54,775 - INFO - Batched model.generate() completed.
2025-06-02 17:03:54,775 - INFO - Decoding batch of responses and extracting token probabilities...
2025-06-02 17:03:54,779 - INFO - Input tokens stripped from responses and probabilities extracted.
2025-06-02 17:03:54,780 - INFO - Batch of responses generated.
2025-06-02 17:03:54,781 - INFO - Appended 8 results from batch to /scratch-shared/mschaffelder/data/exp_3/absolute_ratings/small_human_source.jsonl
2025-06-02 17:03:54,781 - INFO - Reading line 417 from input file...
2025-06-02 17:03:54,781 - INFO - Added prompt from line 417 to batch.
2025-06-02 17:03:54,781 - INFO - Reading line 418 from input file...
2025-06-02 17:03:54,781 - INFO - Added prompt from line 418 to batch.
2025-06-02 17:03:54,781 - INFO - Reading line 419 from input file...
2025-06-02 17:03:54,781 - INFO - Added prompt from line 419 to batch.
2025-06-02 17:03:54,781 - INFO - Reading line 420 from input file...
2025-06-02 17:03:54,781 - INFO - Added prompt from line 420 to batch.
2025-06-02 17:03:54,781 - INFO - Reading line 421 from input file...
2025-06-02 17:03:54,781 - INFO - Added prompt from line 421 to batch.
2025-06-02 17:03:54,781 - INFO - Reading line 422 from input file...
2025-06-02 17:03:54,781 - INFO - Added prompt from line 422 to batch.
2025-06-02 17:03:54,781 - INFO - Reading line 423 from input file...
2025-06-02 17:03:54,781 - INFO - Added prompt from line 423 to batch.
2025-06-02 17:03:54,781 - INFO - Reading line 424 from input file...
2025-06-02 17:03:54,782 - INFO - Added prompt from line 424 to batch.
2025-06-02 17:03:54,782 - INFO - Processing batch of 8 prompts (up to line 424)...
2025-06-02 17:03:54,782 - INFO - Generating absolute ratings for batch of 8 prompts. System prompt used: 'You are a helpful assistant. Your task is to rate the provided text in terms of overall quality. The rating should be from one to five, with 'one' being the lowest quality and 'five' being the highest quality. Please write the number only, and nothing else.'
2025-06-02 17:03:54,782 - INFO - First formatted prompt for tokenizer (first 100 chars): '<|begin_of_text|><|start_header_id|>system<|end_header_id|>

Cutting Knowledge Date: December 2023
T...'
2025-06-02 17:03:54,782 - INFO - Input device: cuda:0, preparing to move inputs to device.
2025-06-02 17:03:54,784 - INFO - Batch of inputs tokenized, padded, truncated, and moved to model device.
2025-06-02 17:03:54,784 - INFO - Starting batched model.generate()...
Setting `pad_token_id` to `eos_token_id`:128001 for open-end generation.
2025-06-02 17:03:54,952 - INFO - Batched model.generate() completed.
2025-06-02 17:03:54,953 - INFO - Decoding batch of responses and extracting token probabilities...
2025-06-02 17:03:54,957 - INFO - Input tokens stripped from responses and probabilities extracted.
2025-06-02 17:03:54,958 - INFO - Batch of responses generated.
2025-06-02 17:03:54,958 - INFO - Appended 8 results from batch to /scratch-shared/mschaffelder/data/exp_3/absolute_ratings/small_human_source.jsonl
2025-06-02 17:03:54,958 - INFO - Reading line 425 from input file...
2025-06-02 17:03:54,958 - INFO - Added prompt from line 425 to batch.
2025-06-02 17:03:54,958 - INFO - Reading line 426 from input file...
2025-06-02 17:03:54,958 - INFO - Added prompt from line 426 to batch.
2025-06-02 17:03:54,958 - INFO - Reading line 427 from input file...
2025-06-02 17:03:54,958 - INFO - Added prompt from line 427 to batch.
2025-06-02 17:03:54,958 - INFO - Reading line 428 from input file...
2025-06-02 17:03:54,958 - INFO - Added prompt from line 428 to batch.
2025-06-02 17:03:54,958 - INFO - Reading line 429 from input file...
2025-06-02 17:03:54,958 - INFO - Added prompt from line 429 to batch.
2025-06-02 17:03:54,958 - INFO - Reading line 430 from input file...
2025-06-02 17:03:54,958 - INFO - Added prompt from line 430 to batch.
2025-06-02 17:03:54,959 - INFO - Reading line 431 from input file...
2025-06-02 17:03:54,959 - INFO - Added prompt from line 431 to batch.
2025-06-02 17:03:54,959 - INFO - Reading line 432 from input file...
2025-06-02 17:03:54,959 - INFO - Added prompt from line 432 to batch.
2025-06-02 17:03:54,959 - INFO - Processing batch of 8 prompts (up to line 432)...
2025-06-02 17:03:54,959 - INFO - Generating absolute ratings for batch of 8 prompts. System prompt used: 'You are a helpful assistant. Your task is to rate the provided text in terms of overall quality. The rating should be from one to five, with 'one' being the lowest quality and 'five' being the highest quality. Please write the number only, and nothing else.'
2025-06-02 17:03:54,959 - INFO - First formatted prompt for tokenizer (first 100 chars): '<|begin_of_text|><|start_header_id|>system<|end_header_id|>

Cutting Knowledge Date: December 2023
T...'
2025-06-02 17:03:54,959 - INFO - Input device: cuda:0, preparing to move inputs to device.
2025-06-02 17:03:54,961 - INFO - Batch of inputs tokenized, padded, truncated, and moved to model device.
2025-06-02 17:03:54,961 - INFO - Starting batched model.generate()...
Setting `pad_token_id` to `eos_token_id`:128001 for open-end generation.
2025-06-02 17:03:55,134 - INFO - Batched model.generate() completed.
2025-06-02 17:03:55,134 - INFO - Decoding batch of responses and extracting token probabilities...
2025-06-02 17:03:55,139 - INFO - Input tokens stripped from responses and probabilities extracted.
2025-06-02 17:03:55,139 - INFO - Batch of responses generated.
2025-06-02 17:03:55,141 - INFO - Appended 8 results from batch to /scratch-shared/mschaffelder/data/exp_3/absolute_ratings/small_human_source.jsonl
2025-06-02 17:03:55,141 - INFO - Reading line 433 from input file...
2025-06-02 17:03:55,141 - INFO - Added prompt from line 433 to batch.
2025-06-02 17:03:55,141 - INFO - Reading line 434 from input file...
2025-06-02 17:03:55,141 - INFO - Added prompt from line 434 to batch.
2025-06-02 17:03:55,141 - INFO - Reading line 435 from input file...
2025-06-02 17:03:55,141 - INFO - Added prompt from line 435 to batch.
2025-06-02 17:03:55,141 - INFO - Reading line 436 from input file...
2025-06-02 17:03:55,141 - INFO - Added prompt from line 436 to batch.
2025-06-02 17:03:55,141 - INFO - Reading line 437 from input file...
2025-06-02 17:03:55,141 - INFO - Added prompt from line 437 to batch.
2025-06-02 17:03:55,141 - INFO - Reading line 438 from input file...
2025-06-02 17:03:55,141 - INFO - Added prompt from line 438 to batch.
2025-06-02 17:03:55,141 - INFO - Reading line 439 from input file...
2025-06-02 17:03:55,141 - INFO - Added prompt from line 439 to batch.
2025-06-02 17:03:55,141 - INFO - Reading line 440 from input file...
2025-06-02 17:03:55,141 - INFO - Added prompt from line 440 to batch.
2025-06-02 17:03:55,141 - INFO - Processing batch of 8 prompts (up to line 440)...
2025-06-02 17:03:55,141 - INFO - Generating absolute ratings for batch of 8 prompts. System prompt used: 'You are a helpful assistant. Your task is to rate the provided text in terms of overall quality. The rating should be from one to five, with 'one' being the lowest quality and 'five' being the highest quality. Please write the number only, and nothing else.'
2025-06-02 17:03:55,142 - INFO - First formatted prompt for tokenizer (first 100 chars): '<|begin_of_text|><|start_header_id|>system<|end_header_id|>

Cutting Knowledge Date: December 2023
T...'
2025-06-02 17:03:55,142 - INFO - Input device: cuda:0, preparing to move inputs to device.
2025-06-02 17:03:55,144 - INFO - Batch of inputs tokenized, padded, truncated, and moved to model device.
2025-06-02 17:03:55,144 - INFO - Starting batched model.generate()...
Setting `pad_token_id` to `eos_token_id`:128001 for open-end generation.
2025-06-02 17:03:55,329 - INFO - Batched model.generate() completed.
2025-06-02 17:03:55,329 - INFO - Decoding batch of responses and extracting token probabilities...
2025-06-02 17:03:55,334 - INFO - Input tokens stripped from responses and probabilities extracted.
2025-06-02 17:03:55,334 - INFO - Batch of responses generated.
2025-06-02 17:03:55,335 - INFO - Appended 8 results from batch to /scratch-shared/mschaffelder/data/exp_3/absolute_ratings/small_human_source.jsonl
2025-06-02 17:03:55,335 - INFO - Reading line 441 from input file...
2025-06-02 17:03:55,335 - INFO - Added prompt from line 441 to batch.
2025-06-02 17:03:55,335 - INFO - Reading line 442 from input file...
2025-06-02 17:03:55,335 - INFO - Added prompt from line 442 to batch.
2025-06-02 17:03:55,335 - INFO - Reading line 443 from input file...
2025-06-02 17:03:55,335 - INFO - Added prompt from line 443 to batch.
2025-06-02 17:03:55,335 - INFO - Reading line 444 from input file...
2025-06-02 17:03:55,335 - INFO - Added prompt from line 444 to batch.
2025-06-02 17:03:55,335 - INFO - Reading line 445 from input file...
2025-06-02 17:03:55,335 - INFO - Added prompt from line 445 to batch.
2025-06-02 17:03:55,335 - INFO - Reading line 446 from input file...
2025-06-02 17:03:55,335 - INFO - Added prompt from line 446 to batch.
2025-06-02 17:03:55,335 - INFO - Reading line 447 from input file...
2025-06-02 17:03:55,335 - INFO - Added prompt from line 447 to batch.
2025-06-02 17:03:55,335 - INFO - Reading line 448 from input file...
2025-06-02 17:03:55,335 - INFO - Added prompt from line 448 to batch.
2025-06-02 17:03:55,335 - INFO - Processing batch of 8 prompts (up to line 448)...
2025-06-02 17:03:55,336 - INFO - Generating absolute ratings for batch of 8 prompts. System prompt used: 'You are a helpful assistant. Your task is to rate the provided text in terms of overall quality. The rating should be from one to five, with 'one' being the lowest quality and 'five' being the highest quality. Please write the number only, and nothing else.'
2025-06-02 17:03:55,336 - INFO - First formatted prompt for tokenizer (first 100 chars): '<|begin_of_text|><|start_header_id|>system<|end_header_id|>

Cutting Knowledge Date: December 2023
T...'
2025-06-02 17:03:55,336 - INFO - Input device: cuda:0, preparing to move inputs to device.
2025-06-02 17:03:55,338 - INFO - Batch of inputs tokenized, padded, truncated, and moved to model device.
2025-06-02 17:03:55,338 - INFO - Starting batched model.generate()...
Setting `pad_token_id` to `eos_token_id`:128001 for open-end generation.
2025-06-02 17:03:55,502 - INFO - Batched model.generate() completed.
2025-06-02 17:03:55,502 - INFO - Decoding batch of responses and extracting token probabilities...
2025-06-02 17:03:55,507 - INFO - Input tokens stripped from responses and probabilities extracted.
2025-06-02 17:03:55,507 - INFO - Batch of responses generated.
2025-06-02 17:03:55,507 - INFO - Appended 8 results from batch to /scratch-shared/mschaffelder/data/exp_3/absolute_ratings/small_human_source.jsonl
2025-06-02 17:03:55,507 - INFO - Reading line 449 from input file...
2025-06-02 17:03:55,508 - INFO - Added prompt from line 449 to batch.
2025-06-02 17:03:55,508 - INFO - Reading line 450 from input file...
2025-06-02 17:03:55,508 - INFO - Added prompt from line 450 to batch.
2025-06-02 17:03:55,508 - INFO - Reading line 451 from input file...
2025-06-02 17:03:55,508 - INFO - Added prompt from line 451 to batch.
2025-06-02 17:03:55,508 - INFO - Reading line 452 from input file...
2025-06-02 17:03:55,508 - INFO - Added prompt from line 452 to batch.
2025-06-02 17:03:55,508 - INFO - Reading line 453 from input file...
2025-06-02 17:03:55,508 - INFO - Added prompt from line 453 to batch.
2025-06-02 17:03:55,508 - INFO - Reading line 454 from input file...
2025-06-02 17:03:55,508 - INFO - Added prompt from line 454 to batch.
2025-06-02 17:03:55,508 - INFO - Reading line 455 from input file...
2025-06-02 17:03:55,508 - INFO - Added prompt from line 455 to batch.
2025-06-02 17:03:55,508 - INFO - Reading line 456 from input file...
2025-06-02 17:03:55,508 - INFO - Added prompt from line 456 to batch.
2025-06-02 17:03:55,508 - INFO - Processing batch of 8 prompts (up to line 456)...
2025-06-02 17:03:55,508 - INFO - Generating absolute ratings for batch of 8 prompts. System prompt used: 'You are a helpful assistant. Your task is to rate the provided text in terms of overall quality. The rating should be from one to five, with 'one' being the lowest quality and 'five' being the highest quality. Please write the number only, and nothing else.'
2025-06-02 17:03:55,509 - INFO - First formatted prompt for tokenizer (first 100 chars): '<|begin_of_text|><|start_header_id|>system<|end_header_id|>

Cutting Knowledge Date: December 2023
T...'
2025-06-02 17:03:55,509 - INFO - Input device: cuda:0, preparing to move inputs to device.
2025-06-02 17:03:55,510 - INFO - Batch of inputs tokenized, padded, truncated, and moved to model device.
2025-06-02 17:03:55,510 - INFO - Starting batched model.generate()...
Setting `pad_token_id` to `eos_token_id`:128001 for open-end generation.
2025-06-02 17:03:55,668 - INFO - Batched model.generate() completed.
2025-06-02 17:03:55,668 - INFO - Decoding batch of responses and extracting token probabilities...
2025-06-02 17:03:55,672 - INFO - Input tokens stripped from responses and probabilities extracted.
2025-06-02 17:03:55,673 - INFO - Batch of responses generated.
2025-06-02 17:03:55,674 - INFO - Appended 8 results from batch to /scratch-shared/mschaffelder/data/exp_3/absolute_ratings/small_human_source.jsonl
2025-06-02 17:03:55,674 - INFO - Reading line 457 from input file...
2025-06-02 17:03:55,674 - INFO - Added prompt from line 457 to batch.
2025-06-02 17:03:55,674 - INFO - Reading line 458 from input file...
2025-06-02 17:03:55,674 - INFO - Added prompt from line 458 to batch.
2025-06-02 17:03:55,674 - INFO - Reading line 459 from input file...
2025-06-02 17:03:55,674 - INFO - Added prompt from line 459 to batch.
2025-06-02 17:03:55,674 - INFO - Reading line 460 from input file...
2025-06-02 17:03:55,674 - INFO - Added prompt from line 460 to batch.
2025-06-02 17:03:55,674 - INFO - Reading line 461 from input file...
2025-06-02 17:03:55,674 - INFO - Added prompt from line 461 to batch.
2025-06-02 17:03:55,674 - INFO - Reading line 462 from input file...
2025-06-02 17:03:55,674 - INFO - Added prompt from line 462 to batch.
2025-06-02 17:03:55,674 - INFO - Reading line 463 from input file...
2025-06-02 17:03:55,674 - INFO - Added prompt from line 463 to batch.
2025-06-02 17:03:55,675 - INFO - Reading line 464 from input file...
2025-06-02 17:03:55,675 - INFO - Added prompt from line 464 to batch.
2025-06-02 17:03:55,675 - INFO - Processing batch of 8 prompts (up to line 464)...
2025-06-02 17:03:55,675 - INFO - Generating absolute ratings for batch of 8 prompts. System prompt used: 'You are a helpful assistant. Your task is to rate the provided text in terms of overall quality. The rating should be from one to five, with 'one' being the lowest quality and 'five' being the highest quality. Please write the number only, and nothing else.'
2025-06-02 17:03:55,675 - INFO - First formatted prompt for tokenizer (first 100 chars): '<|begin_of_text|><|start_header_id|>system<|end_header_id|>

Cutting Knowledge Date: December 2023
T...'
2025-06-02 17:03:55,675 - INFO - Input device: cuda:0, preparing to move inputs to device.
2025-06-02 17:03:55,677 - INFO - Batch of inputs tokenized, padded, truncated, and moved to model device.
2025-06-02 17:03:55,677 - INFO - Starting batched model.generate()...
Setting `pad_token_id` to `eos_token_id`:128001 for open-end generation.
2025-06-02 17:03:55,825 - INFO - Batched model.generate() completed.
2025-06-02 17:03:55,825 - INFO - Decoding batch of responses and extracting token probabilities...
2025-06-02 17:03:55,829 - INFO - Input tokens stripped from responses and probabilities extracted.
2025-06-02 17:03:55,830 - INFO - Batch of responses generated.
2025-06-02 17:03:55,830 - INFO - Appended 8 results from batch to /scratch-shared/mschaffelder/data/exp_3/absolute_ratings/small_human_source.jsonl
2025-06-02 17:03:55,830 - INFO - Reading line 465 from input file...
2025-06-02 17:03:55,830 - INFO - Added prompt from line 465 to batch.
2025-06-02 17:03:55,830 - INFO - Reading line 466 from input file...
2025-06-02 17:03:55,830 - INFO - Added prompt from line 466 to batch.
2025-06-02 17:03:55,830 - INFO - Reading line 467 from input file...
2025-06-02 17:03:55,830 - INFO - Added prompt from line 467 to batch.
2025-06-02 17:03:55,830 - INFO - Reading line 468 from input file...
2025-06-02 17:03:55,831 - INFO - Added prompt from line 468 to batch.
2025-06-02 17:03:55,831 - INFO - Reading line 469 from input file...
2025-06-02 17:03:55,831 - INFO - Added prompt from line 469 to batch.
2025-06-02 17:03:55,831 - INFO - Reading line 470 from input file...
2025-06-02 17:03:55,831 - INFO - Added prompt from line 470 to batch.
2025-06-02 17:03:55,831 - INFO - Reading line 471 from input file...
2025-06-02 17:03:55,831 - INFO - Added prompt from line 471 to batch.
2025-06-02 17:03:55,831 - INFO - Reading line 472 from input file...
2025-06-02 17:03:55,831 - INFO - Added prompt from line 472 to batch.
2025-06-02 17:03:55,831 - INFO - Processing batch of 8 prompts (up to line 472)...
2025-06-02 17:03:55,831 - INFO - Generating absolute ratings for batch of 8 prompts. System prompt used: 'You are a helpful assistant. Your task is to rate the provided text in terms of overall quality. The rating should be from one to five, with 'one' being the lowest quality and 'five' being the highest quality. Please write the number only, and nothing else.'
2025-06-02 17:03:55,832 - INFO - First formatted prompt for tokenizer (first 100 chars): '<|begin_of_text|><|start_header_id|>system<|end_header_id|>

Cutting Knowledge Date: December 2023
T...'
2025-06-02 17:03:55,832 - INFO - Input device: cuda:0, preparing to move inputs to device.
2025-06-02 17:03:55,833 - INFO - Batch of inputs tokenized, padded, truncated, and moved to model device.
2025-06-02 17:03:55,833 - INFO - Starting batched model.generate()...
Setting `pad_token_id` to `eos_token_id`:128001 for open-end generation.
2025-06-02 17:03:56,005 - INFO - Batched model.generate() completed.
2025-06-02 17:03:56,006 - INFO - Decoding batch of responses and extracting token probabilities...
2025-06-02 17:03:56,010 - INFO - Input tokens stripped from responses and probabilities extracted.
2025-06-02 17:03:56,011 - INFO - Batch of responses generated.
2025-06-02 17:03:56,011 - INFO - Appended 8 results from batch to /scratch-shared/mschaffelder/data/exp_3/absolute_ratings/small_human_source.jsonl
2025-06-02 17:03:56,011 - INFO - Reading line 473 from input file...
2025-06-02 17:03:56,011 - INFO - Added prompt from line 473 to batch.
2025-06-02 17:03:56,011 - INFO - Reading line 474 from input file...
2025-06-02 17:03:56,011 - INFO - Added prompt from line 474 to batch.
2025-06-02 17:03:56,011 - INFO - Reading line 475 from input file...
2025-06-02 17:03:56,011 - INFO - Added prompt from line 475 to batch.
2025-06-02 17:03:56,011 - INFO - Reading line 476 from input file...
2025-06-02 17:03:56,011 - INFO - Added prompt from line 476 to batch.
2025-06-02 17:03:56,011 - INFO - Reading line 477 from input file...
2025-06-02 17:03:56,011 - INFO - Added prompt from line 477 to batch.
2025-06-02 17:03:56,011 - INFO - Reading line 478 from input file...
2025-06-02 17:03:56,011 - INFO - Added prompt from line 478 to batch.
2025-06-02 17:03:56,012 - INFO - Reading line 479 from input file...
2025-06-02 17:03:56,012 - INFO - Added prompt from line 479 to batch.
2025-06-02 17:03:56,012 - INFO - Reading line 480 from input file...
2025-06-02 17:03:56,012 - INFO - Added prompt from line 480 to batch.
2025-06-02 17:03:56,012 - INFO - Processing batch of 8 prompts (up to line 480)...
2025-06-02 17:03:56,012 - INFO - Generating absolute ratings for batch of 8 prompts. System prompt used: 'You are a helpful assistant. Your task is to rate the provided text in terms of overall quality. The rating should be from one to five, with 'one' being the lowest quality and 'five' being the highest quality. Please write the number only, and nothing else.'
2025-06-02 17:03:56,012 - INFO - First formatted prompt for tokenizer (first 100 chars): '<|begin_of_text|><|start_header_id|>system<|end_header_id|>

Cutting Knowledge Date: December 2023
T...'
2025-06-02 17:03:56,012 - INFO - Input device: cuda:0, preparing to move inputs to device.
2025-06-02 17:03:56,014 - INFO - Batch of inputs tokenized, padded, truncated, and moved to model device.
2025-06-02 17:03:56,014 - INFO - Starting batched model.generate()...
Setting `pad_token_id` to `eos_token_id`:128001 for open-end generation.
2025-06-02 17:03:56,159 - INFO - Batched model.generate() completed.
2025-06-02 17:03:56,159 - INFO - Decoding batch of responses and extracting token probabilities...
2025-06-02 17:03:56,164 - INFO - Input tokens stripped from responses and probabilities extracted.
2025-06-02 17:03:56,164 - INFO - Batch of responses generated.
2025-06-02 17:03:56,165 - INFO - Appended 8 results from batch to /scratch-shared/mschaffelder/data/exp_3/absolute_ratings/small_human_source.jsonl
2025-06-02 17:03:56,165 - INFO - Reading line 481 from input file...
2025-06-02 17:03:56,165 - INFO - Added prompt from line 481 to batch.
2025-06-02 17:03:56,165 - INFO - Reading line 482 from input file...
2025-06-02 17:03:56,165 - INFO - Added prompt from line 482 to batch.
2025-06-02 17:03:56,165 - INFO - Reading line 483 from input file...
2025-06-02 17:03:56,165 - INFO - Added prompt from line 483 to batch.
2025-06-02 17:03:56,165 - INFO - Reading line 484 from input file...
2025-06-02 17:03:56,165 - INFO - Added prompt from line 484 to batch.
2025-06-02 17:03:56,165 - INFO - Reading line 485 from input file...
2025-06-02 17:03:56,166 - INFO - Added prompt from line 485 to batch.
2025-06-02 17:03:56,166 - INFO - Reading line 486 from input file...
2025-06-02 17:03:56,166 - INFO - Added prompt from line 486 to batch.
2025-06-02 17:03:56,166 - INFO - Reading line 487 from input file...
2025-06-02 17:03:56,166 - INFO - Added prompt from line 487 to batch.
2025-06-02 17:03:56,166 - INFO - Reading line 488 from input file...
2025-06-02 17:03:56,166 - INFO - Added prompt from line 488 to batch.
2025-06-02 17:03:56,166 - INFO - Processing batch of 8 prompts (up to line 488)...
2025-06-02 17:03:56,166 - INFO - Generating absolute ratings for batch of 8 prompts. System prompt used: 'You are a helpful assistant. Your task is to rate the provided text in terms of overall quality. The rating should be from one to five, with 'one' being the lowest quality and 'five' being the highest quality. Please write the number only, and nothing else.'
2025-06-02 17:03:56,166 - INFO - First formatted prompt for tokenizer (first 100 chars): '<|begin_of_text|><|start_header_id|>system<|end_header_id|>

Cutting Knowledge Date: December 2023
T...'
2025-06-02 17:03:56,167 - INFO - Input device: cuda:0, preparing to move inputs to device.
2025-06-02 17:03:56,168 - INFO - Batch of inputs tokenized, padded, truncated, and moved to model device.
2025-06-02 17:03:56,168 - INFO - Starting batched model.generate()...
Setting `pad_token_id` to `eos_token_id`:128001 for open-end generation.
2025-06-02 17:03:56,322 - INFO - Batched model.generate() completed.
2025-06-02 17:03:56,322 - INFO - Decoding batch of responses and extracting token probabilities...
2025-06-02 17:03:56,327 - INFO - Input tokens stripped from responses and probabilities extracted.
2025-06-02 17:03:56,327 - INFO - Batch of responses generated.
2025-06-02 17:03:56,328 - INFO - Appended 8 results from batch to /scratch-shared/mschaffelder/data/exp_3/absolute_ratings/small_human_source.jsonl
2025-06-02 17:03:56,328 - INFO - Reading line 489 from input file...
2025-06-02 17:03:56,328 - INFO - Added prompt from line 489 to batch.
2025-06-02 17:03:56,328 - INFO - Reading line 490 from input file...
2025-06-02 17:03:56,328 - INFO - Added prompt from line 490 to batch.
2025-06-02 17:03:56,328 - INFO - Reading line 491 from input file...
2025-06-02 17:03:56,328 - INFO - Added prompt from line 491 to batch.
2025-06-02 17:03:56,328 - INFO - Reading line 492 from input file...
2025-06-02 17:03:56,328 - INFO - Added prompt from line 492 to batch.
2025-06-02 17:03:56,328 - INFO - Reading line 493 from input file...
2025-06-02 17:03:56,328 - INFO - Added prompt from line 493 to batch.
2025-06-02 17:03:56,328 - INFO - Reading line 494 from input file...
2025-06-02 17:03:56,328 - INFO - Added prompt from line 494 to batch.
2025-06-02 17:03:56,328 - INFO - Reading line 495 from input file...
2025-06-02 17:03:56,328 - INFO - Added prompt from line 495 to batch.
2025-06-02 17:03:56,328 - INFO - Reading line 496 from input file...
2025-06-02 17:03:56,328 - INFO - Added prompt from line 496 to batch.
2025-06-02 17:03:56,328 - INFO - Processing batch of 8 prompts (up to line 496)...
2025-06-02 17:03:56,329 - INFO - Generating absolute ratings for batch of 8 prompts. System prompt used: 'You are a helpful assistant. Your task is to rate the provided text in terms of overall quality. The rating should be from one to five, with 'one' being the lowest quality and 'five' being the highest quality. Please write the number only, and nothing else.'
2025-06-02 17:03:56,329 - INFO - First formatted prompt for tokenizer (first 100 chars): '<|begin_of_text|><|start_header_id|>system<|end_header_id|>

Cutting Knowledge Date: December 2023
T...'
2025-06-02 17:03:56,329 - INFO - Input device: cuda:0, preparing to move inputs to device.
2025-06-02 17:03:56,330 - INFO - Batch of inputs tokenized, padded, truncated, and moved to model device.
2025-06-02 17:03:56,330 - INFO - Starting batched model.generate()...
Setting `pad_token_id` to `eos_token_id`:128001 for open-end generation.
2025-06-02 17:03:56,493 - INFO - Batched model.generate() completed.
2025-06-02 17:03:56,493 - INFO - Decoding batch of responses and extracting token probabilities...
2025-06-02 17:03:56,498 - INFO - Input tokens stripped from responses and probabilities extracted.
2025-06-02 17:03:56,498 - INFO - Batch of responses generated.
2025-06-02 17:03:56,498 - INFO - Appended 8 results from batch to /scratch-shared/mschaffelder/data/exp_3/absolute_ratings/small_human_source.jsonl
2025-06-02 17:03:56,498 - INFO - Reading line 497 from input file...
2025-06-02 17:03:56,498 - INFO - Added prompt from line 497 to batch.
2025-06-02 17:03:56,499 - INFO - Reading line 498 from input file...
2025-06-02 17:03:56,499 - INFO - Added prompt from line 498 to batch.
2025-06-02 17:03:56,499 - INFO - Reading line 499 from input file...
2025-06-02 17:03:56,499 - INFO - Added prompt from line 499 to batch.
2025-06-02 17:03:56,499 - INFO - Reading line 500 from input file...
2025-06-02 17:03:56,499 - INFO - Added prompt from line 500 to batch.
2025-06-02 17:03:56,499 - INFO - Processing final batch of 4 prompts...
2025-06-02 17:03:56,499 - INFO - Generating absolute ratings for batch of 4 prompts. System prompt used: 'You are a helpful assistant. Your task is to rate the provided text in terms of overall quality. The rating should be from one to five, with 'one' being the lowest quality and 'five' being the highest quality. Please write the number only, and nothing else.'
2025-06-02 17:03:56,499 - INFO - First formatted prompt for tokenizer (first 100 chars): '<|begin_of_text|><|start_header_id|>system<|end_header_id|>

Cutting Knowledge Date: December 2023
T...'
2025-06-02 17:03:56,499 - INFO - Input device: cuda:0, preparing to move inputs to device.
2025-06-02 17:03:56,500 - INFO - Batch of inputs tokenized, padded, truncated, and moved to model device.
2025-06-02 17:03:56,501 - INFO - Starting batched model.generate()...
Setting `pad_token_id` to `eos_token_id`:128001 for open-end generation.
2025-06-02 17:03:56,625 - INFO - Batched model.generate() completed.
2025-06-02 17:03:56,625 - INFO - Decoding batch of responses and extracting token probabilities...
2025-06-02 17:03:56,628 - INFO - Input tokens stripped from responses and probabilities extracted.
2025-06-02 17:03:56,628 - INFO - Final batch of responses generated.
2025-06-02 17:03:56,629 - INFO - Appended 4 results from final batch to /scratch-shared/mschaffelder/data/exp_3/absolute_ratings/small_human_source.jsonl
Processing complete. Results saved incrementally to /scratch-shared/mschaffelder/data/exp_3/absolute_ratings/small_human_source.jsonl

JOB STATISTICS
==============
Job ID: 12148610
Cluster: snellius
User/Group: mschaffelder/mschaffelder
State: COMPLETED (exit code 0)
Nodes: 1
Cores per node: 16
CPU Utilized: 00:00:41
CPU Efficiency: 2.12% of 00:32:16 core-walltime
Job Wall-clock time: 00:02:01
Memory Utilized: 967.21 MB
Memory Efficiency: 9.45% of 10.00 GB (10.00 GB/node)
