Lmod has detected the following error: The following module(s) are unknown:
"Python/3.10.4-GCCcore-11.3.0"

Please check the spelling or version number. Also try "module spider ..."
It is also possible your cache file is out-of-date; it may help to try:
  $ module --ignore_cache load "Python/3.10.4-GCCcore-11.3.0"

Also make sure that all modulefiles written in TCL start with the string
#%Module



Virtual environment venv_exp_3 already exists at /scratch-shared/mschaffelder/venv_exp_3.
Activating virtual environment: /scratch-shared/mschaffelder/venv_exp_3
Requirement already satisfied: pip in /gpfs/scratch1/shared/mschaffelder/venv_exp_3/lib/python3.9/site-packages (25.1.1)
ERROR: Could not open requirements file: [Errno 2] No such file or directory: '../requirements_exp_3.txt'
CUDA_VISIBLE_DEVICES: 0
Available GPUs: GPU 0: NVIDIA H100 (UUID: GPU-b60162f0-a4de-c166-11f7-c92daa44678b)
Using existing Hugging Face token from cache...
/scratch-shared/mschaffelder/venv_exp_3/lib64/python3.9/site-packages/networkx/utils/backends.py:135: RuntimeWarning: networkx backend defined more than once: nx-loopback
  backends.update(_get_backends("networkx.backends"))
2025-06-27 19:31:45,580 - INFO - Starting script with output file: /scratch-shared/mschaffelder/data/exp_3/pairwise/small/outputs/llama_8b_multi_source.jsonl
2025-06-27 19:31:45,581 - INFO - Starting to load tokenizer from: meta-llama/Llama-3.1-8B-Instruct with padding_side='left'
2025-06-27 19:31:46,084 - INFO - Tokenizer loaded.
2025-06-27 19:31:46,084 - WARNING - Tokenizer.pad_token_id (None) is not eos_token_id (128009). Forcing pad_token to eos_token for Llama consistency.
2025-06-27 19:31:46,084 - INFO - Tokenizer configured: pad_token_id=128009, eos_token_id=128009, padding_side='left'
2025-06-27 19:31:46,084 - INFO - Starting to load base model from: meta-llama/Llama-3.1-8B-Instruct
2025-06-27 19:31:50,507 - INFO - We will use 90% of the memory on device 0 for storing the model, and 10% for the buffer to avoid OOM. You can set `max_memory` in to a higher value to use more memory (at your own risk).
Loading model and tokenizer...
Loading checkpoint shards:   0%|          | 0/4 [00:00<?, ?it/s]Loading checkpoint shards:  25%|██▌       | 1/4 [00:02<00:08,  2.87s/it]Loading checkpoint shards:  50%|█████     | 2/4 [00:07<00:07,  3.63s/it]Loading checkpoint shards:  75%|███████▌  | 3/4 [00:08<00:02,  2.67s/it]Loading checkpoint shards: 100%|██████████| 4/4 [00:08<00:00,  1.76s/it]Loading checkpoint shards: 100%|██████████| 4/4 [00:08<00:00,  2.23s/it]
2025-06-27 19:31:59,782 - INFO - Base model loaded. Original vocab size: 128256
2025-06-27 19:31:59,783 - INFO - Resizing token embeddings from 128256 to 128257...
The new embeddings will be initialized from a multivariate normal distribution that has old embeddings' mean and covariance. As described in this article: https://nlp.stanford.edu/~johnhew/vocab-expansion.html. To disable this, use `mean_resizing=False`
The new lm_head weights will be initialized from a multivariate normal distribution that has old embeddings' mean and covariance. As described in this article: https://nlp.stanford.edu/~johnhew/vocab-expansion.html. To disable this, use `mean_resizing=False`
2025-06-27 19:32:01,606 - INFO - Token embeddings resized. New vocab size: 128257
2025-06-27 19:32:01,606 - INFO - Starting to load LoRA weights from: /scratch-shared/mschaffelder/data/ft_models/small/lora_llama_8b_multi
2025-06-27 19:32:03,253 - INFO - LoRA weights loaded and merged with the base model.
2025-06-27 19:32:03,253 - INFO - Aligning model.config.pad_token_id (None) to tokenizer.pad_token_id (128009).
2025-06-27 19:32:03,737 - INFO - Output file /scratch-shared/mschaffelder/data/exp_3/pairwise/small/outputs/llama_8b_multi_source.jsonl created/cleared.
2025-06-27 19:32:03,737 - INFO - Starting to process data...
2025-06-27 19:32:03,738 - INFO - Opened input file: /scratch-shared/mschaffelder/data/exp_3/pairwise/small/inputs/pairwise_ranking_input_a_b.jsonl
2025-06-27 19:32:03,740 - INFO - Reading line 1 from input file...
2025-06-27 19:32:03,740 - INFO - Added prompt from line 1 to batch.
2025-06-27 19:32:03,740 - INFO - Reading line 2 from input file...
2025-06-27 19:32:03,740 - INFO - Added prompt from line 2 to batch.
2025-06-27 19:32:03,740 - INFO - Reading line 3 from input file...
2025-06-27 19:32:03,740 - INFO - Added prompt from line 3 to batch.
2025-06-27 19:32:03,740 - INFO - Reading line 4 from input file...
2025-06-27 19:32:03,740 - INFO - Added prompt from line 4 to batch.
2025-06-27 19:32:03,740 - INFO - Reading line 5 from input file...
2025-06-27 19:32:03,740 - INFO - Added prompt from line 5 to batch.
2025-06-27 19:32:03,740 - INFO - Reading line 6 from input file...
2025-06-27 19:32:03,740 - INFO - Added prompt from line 6 to batch.
2025-06-27 19:32:03,740 - INFO - Reading line 7 from input file...
2025-06-27 19:32:03,740 - INFO - Added prompt from line 7 to batch.
2025-06-27 19:32:03,740 - INFO - Reading line 8 from input file...
2025-06-27 19:32:03,741 - INFO - Added prompt from line 8 to batch.
2025-06-27 19:32:03,741 - INFO - Processing batch of 8 prompts (up to line 8)...
2025-06-27 19:32:03,741 - INFO - Generating rankings for batch of 8 pairs of prompts. System prompt: 'You are a helpful assistant. Your task is to rank the two provided texts. Please explicitly write which of the two texts is of higher quality by writing the corresponding letter in the output, and nothing else.'
2025-06-27 19:32:03,761 - INFO - First formatted prompt for tokenizer (first 100 chars): '<|begin_of_text|><|start_header_id|>system<|end_header_id|>

Cutting Knowledge Date: December 2023
T...'
2025-06-27 19:32:03,761 - INFO - Input device: cuda:0, preparing to move inputs to device.
2025-06-27 19:32:03,764 - INFO - Batch of inputs tokenized, padded, truncated, and moved to model device.
2025-06-27 19:32:03,765 - INFO - Starting batched model.generate()...
Setting `pad_token_id` to `eos_token_id`:128001 for open-end generation.
2025-06-27 19:32:06,220 - INFO - Batched model.generate() completed.
2025-06-27 19:32:06,220 - INFO - Decoding batch of responses and extracting token probabilities...
2025-06-27 19:32:06,224 - INFO - Input tokens stripped from responses and probabilities extracted.
2025-06-27 19:32:06,224 - INFO - Batch of responses generated.
2025-06-27 19:32:06,398 - INFO - Appended 8 results from batch to /scratch-shared/mschaffelder/data/exp_3/pairwise/small/outputs/llama_8b_multi_source.jsonl
2025-06-27 19:32:06,398 - INFO - Reading line 9 from input file...
2025-06-27 19:32:06,399 - INFO - Added prompt from line 9 to batch.
2025-06-27 19:32:06,399 - INFO - Reading line 10 from input file...
2025-06-27 19:32:06,399 - INFO - Added prompt from line 10 to batch.
2025-06-27 19:32:06,399 - INFO - Reading line 11 from input file...
2025-06-27 19:32:06,399 - INFO - Added prompt from line 11 to batch.
2025-06-27 19:32:06,399 - INFO - Reading line 12 from input file...
2025-06-27 19:32:06,399 - INFO - Added prompt from line 12 to batch.
2025-06-27 19:32:06,399 - INFO - Reading line 13 from input file...
2025-06-27 19:32:06,399 - INFO - Added prompt from line 13 to batch.
2025-06-27 19:32:06,399 - INFO - Reading line 14 from input file...
2025-06-27 19:32:06,399 - INFO - Added prompt from line 14 to batch.
2025-06-27 19:32:06,399 - INFO - Reading line 15 from input file...
2025-06-27 19:32:06,399 - INFO - Added prompt from line 15 to batch.
2025-06-27 19:32:06,399 - INFO - Reading line 16 from input file...
2025-06-27 19:32:06,399 - INFO - Added prompt from line 16 to batch.
2025-06-27 19:32:06,399 - INFO - Processing batch of 8 prompts (up to line 16)...
2025-06-27 19:32:06,399 - INFO - Generating rankings for batch of 8 pairs of prompts. System prompt: 'You are a helpful assistant. Your task is to rank the two provided texts. Please explicitly write which of the two texts is of higher quality by writing the corresponding letter in the output, and nothing else.'
2025-06-27 19:32:06,400 - INFO - First formatted prompt for tokenizer (first 100 chars): '<|begin_of_text|><|start_header_id|>system<|end_header_id|>

Cutting Knowledge Date: December 2023
T...'
2025-06-27 19:32:06,400 - INFO - Input device: cuda:0, preparing to move inputs to device.
2025-06-27 19:32:06,402 - INFO - Batch of inputs tokenized, padded, truncated, and moved to model device.
2025-06-27 19:32:06,402 - INFO - Starting batched model.generate()...
Setting `pad_token_id` to `eos_token_id`:128001 for open-end generation.
2025-06-27 19:32:06,683 - INFO - Batched model.generate() completed.
2025-06-27 19:32:06,683 - INFO - Decoding batch of responses and extracting token probabilities...
2025-06-27 19:32:06,686 - INFO - Input tokens stripped from responses and probabilities extracted.
2025-06-27 19:32:06,686 - INFO - Batch of responses generated.
2025-06-27 19:32:06,687 - INFO - Appended 8 results from batch to /scratch-shared/mschaffelder/data/exp_3/pairwise/small/outputs/llama_8b_multi_source.jsonl
2025-06-27 19:32:06,687 - INFO - Reading line 17 from input file...
2025-06-27 19:32:06,687 - INFO - Added prompt from line 17 to batch.
2025-06-27 19:32:06,687 - INFO - Reading line 18 from input file...
2025-06-27 19:32:06,687 - INFO - Added prompt from line 18 to batch.
2025-06-27 19:32:06,687 - INFO - Reading line 19 from input file...
2025-06-27 19:32:06,687 - INFO - Added prompt from line 19 to batch.
2025-06-27 19:32:06,687 - INFO - Reading line 20 from input file...
2025-06-27 19:32:06,687 - INFO - Added prompt from line 20 to batch.
2025-06-27 19:32:06,687 - INFO - Reading line 21 from input file...
2025-06-27 19:32:06,687 - INFO - Added prompt from line 21 to batch.
2025-06-27 19:32:06,687 - INFO - Reading line 22 from input file...
2025-06-27 19:32:06,687 - INFO - Added prompt from line 22 to batch.
2025-06-27 19:32:06,687 - INFO - Reading line 23 from input file...
2025-06-27 19:32:06,687 - INFO - Added prompt from line 23 to batch.
2025-06-27 19:32:06,687 - INFO - Reading line 24 from input file...
2025-06-27 19:32:06,687 - INFO - Added prompt from line 24 to batch.
2025-06-27 19:32:06,687 - INFO - Processing batch of 8 prompts (up to line 24)...
2025-06-27 19:32:06,687 - INFO - Generating rankings for batch of 8 pairs of prompts. System prompt: 'You are a helpful assistant. Your task is to rank the two provided texts. Please explicitly write which of the two texts is of higher quality by writing the corresponding letter in the output, and nothing else.'
2025-06-27 19:32:06,688 - INFO - First formatted prompt for tokenizer (first 100 chars): '<|begin_of_text|><|start_header_id|>system<|end_header_id|>

Cutting Knowledge Date: December 2023
T...'
2025-06-27 19:32:06,688 - INFO - Input device: cuda:0, preparing to move inputs to device.
2025-06-27 19:32:06,691 - INFO - Batch of inputs tokenized, padded, truncated, and moved to model device.
2025-06-27 19:32:06,691 - INFO - Starting batched model.generate()...
Setting `pad_token_id` to `eos_token_id`:128001 for open-end generation.
2025-06-27 19:32:07,021 - INFO - Batched model.generate() completed.
2025-06-27 19:32:07,021 - INFO - Decoding batch of responses and extracting token probabilities...
2025-06-27 19:32:07,024 - INFO - Input tokens stripped from responses and probabilities extracted.
2025-06-27 19:32:07,025 - INFO - Batch of responses generated.
2025-06-27 19:32:07,026 - INFO - Appended 8 results from batch to /scratch-shared/mschaffelder/data/exp_3/pairwise/small/outputs/llama_8b_multi_source.jsonl
2025-06-27 19:32:07,026 - INFO - Reading line 25 from input file...
2025-06-27 19:32:07,026 - INFO - Added prompt from line 25 to batch.
2025-06-27 19:32:07,026 - INFO - Reading line 26 from input file...
2025-06-27 19:32:07,026 - INFO - Added prompt from line 26 to batch.
2025-06-27 19:32:07,026 - INFO - Reading line 27 from input file...
2025-06-27 19:32:07,026 - INFO - Added prompt from line 27 to batch.
2025-06-27 19:32:07,026 - INFO - Reading line 28 from input file...
2025-06-27 19:32:07,026 - INFO - Added prompt from line 28 to batch.
2025-06-27 19:32:07,027 - INFO - Reading line 29 from input file...
2025-06-27 19:32:07,027 - INFO - Added prompt from line 29 to batch.
2025-06-27 19:32:07,027 - INFO - Reading line 30 from input file...
2025-06-27 19:32:07,027 - INFO - Added prompt from line 30 to batch.
2025-06-27 19:32:07,027 - INFO - Reading line 31 from input file...
2025-06-27 19:32:07,027 - INFO - Added prompt from line 31 to batch.
2025-06-27 19:32:07,027 - INFO - Reading line 32 from input file...
2025-06-27 19:32:07,027 - INFO - Added prompt from line 32 to batch.
2025-06-27 19:32:07,027 - INFO - Processing batch of 8 prompts (up to line 32)...
2025-06-27 19:32:07,027 - INFO - Generating rankings for batch of 8 pairs of prompts. System prompt: 'You are a helpful assistant. Your task is to rank the two provided texts. Please explicitly write which of the two texts is of higher quality by writing the corresponding letter in the output, and nothing else.'
2025-06-27 19:32:07,027 - INFO - First formatted prompt for tokenizer (first 100 chars): '<|begin_of_text|><|start_header_id|>system<|end_header_id|>

Cutting Knowledge Date: December 2023
T...'
2025-06-27 19:32:07,027 - INFO - Input device: cuda:0, preparing to move inputs to device.
2025-06-27 19:32:07,030 - INFO - Batch of inputs tokenized, padded, truncated, and moved to model device.
2025-06-27 19:32:07,030 - INFO - Starting batched model.generate()...
Setting `pad_token_id` to `eos_token_id`:128001 for open-end generation.
2025-06-27 19:32:07,357 - INFO - Batched model.generate() completed.
2025-06-27 19:32:07,358 - INFO - Decoding batch of responses and extracting token probabilities...
2025-06-27 19:32:07,361 - INFO - Input tokens stripped from responses and probabilities extracted.
2025-06-27 19:32:07,361 - INFO - Batch of responses generated.
2025-06-27 19:32:07,363 - INFO - Appended 8 results from batch to /scratch-shared/mschaffelder/data/exp_3/pairwise/small/outputs/llama_8b_multi_source.jsonl
2025-06-27 19:32:07,363 - INFO - Reading line 33 from input file...
2025-06-27 19:32:07,363 - INFO - Added prompt from line 33 to batch.
2025-06-27 19:32:07,363 - INFO - Reading line 34 from input file...
2025-06-27 19:32:07,363 - INFO - Added prompt from line 34 to batch.
2025-06-27 19:32:07,363 - INFO - Reading line 35 from input file...
2025-06-27 19:32:07,363 - INFO - Added prompt from line 35 to batch.
2025-06-27 19:32:07,363 - INFO - Reading line 36 from input file...
2025-06-27 19:32:07,363 - INFO - Added prompt from line 36 to batch.
2025-06-27 19:32:07,363 - INFO - Reading line 37 from input file...
2025-06-27 19:32:07,363 - INFO - Added prompt from line 37 to batch.
2025-06-27 19:32:07,363 - INFO - Reading line 38 from input file...
2025-06-27 19:32:07,363 - INFO - Added prompt from line 38 to batch.
2025-06-27 19:32:07,363 - INFO - Reading line 39 from input file...
2025-06-27 19:32:07,363 - INFO - Added prompt from line 39 to batch.
2025-06-27 19:32:07,363 - INFO - Reading line 40 from input file...
2025-06-27 19:32:07,363 - INFO - Added prompt from line 40 to batch.
2025-06-27 19:32:07,363 - INFO - Processing batch of 8 prompts (up to line 40)...
2025-06-27 19:32:07,363 - INFO - Generating rankings for batch of 8 pairs of prompts. System prompt: 'You are a helpful assistant. Your task is to rank the two provided texts. Please explicitly write which of the two texts is of higher quality by writing the corresponding letter in the output, and nothing else.'
2025-06-27 19:32:07,364 - INFO - First formatted prompt for tokenizer (first 100 chars): '<|begin_of_text|><|start_header_id|>system<|end_header_id|>

Cutting Knowledge Date: December 2023
T...'
2025-06-27 19:32:07,364 - INFO - Input device: cuda:0, preparing to move inputs to device.
2025-06-27 19:32:07,366 - INFO - Batch of inputs tokenized, padded, truncated, and moved to model device.
2025-06-27 19:32:07,366 - INFO - Starting batched model.generate()...
Setting `pad_token_id` to `eos_token_id`:128001 for open-end generation.
2025-06-27 19:32:07,695 - INFO - Batched model.generate() completed.
2025-06-27 19:32:07,695 - INFO - Decoding batch of responses and extracting token probabilities...
2025-06-27 19:32:07,699 - INFO - Input tokens stripped from responses and probabilities extracted.
2025-06-27 19:32:07,699 - INFO - Batch of responses generated.
2025-06-27 19:32:08,739 - INFO - Appended 8 results from batch to /scratch-shared/mschaffelder/data/exp_3/pairwise/small/outputs/llama_8b_multi_source.jsonl
2025-06-27 19:32:08,739 - INFO - Reading line 41 from input file...
2025-06-27 19:32:08,739 - INFO - Added prompt from line 41 to batch.
2025-06-27 19:32:08,739 - INFO - Reading line 42 from input file...
2025-06-27 19:32:08,739 - INFO - Added prompt from line 42 to batch.
2025-06-27 19:32:08,739 - INFO - Reading line 43 from input file...
2025-06-27 19:32:08,739 - INFO - Added prompt from line 43 to batch.
2025-06-27 19:32:08,739 - INFO - Reading line 44 from input file...
2025-06-27 19:32:08,739 - INFO - Added prompt from line 44 to batch.
2025-06-27 19:32:08,739 - INFO - Reading line 45 from input file...
2025-06-27 19:32:08,739 - INFO - Added prompt from line 45 to batch.
2025-06-27 19:32:08,739 - INFO - Reading line 46 from input file...
2025-06-27 19:32:08,739 - INFO - Added prompt from line 46 to batch.
2025-06-27 19:32:08,739 - INFO - Reading line 47 from input file...
2025-06-27 19:32:08,739 - INFO - Added prompt from line 47 to batch.
2025-06-27 19:32:08,739 - INFO - Reading line 48 from input file...
2025-06-27 19:32:08,739 - INFO - Added prompt from line 48 to batch.
2025-06-27 19:32:08,739 - INFO - Processing batch of 8 prompts (up to line 48)...
2025-06-27 19:32:08,739 - INFO - Generating rankings for batch of 8 pairs of prompts. System prompt: 'You are a helpful assistant. Your task is to rank the two provided texts. Please explicitly write which of the two texts is of higher quality by writing the corresponding letter in the output, and nothing else.'
2025-06-27 19:32:08,740 - INFO - First formatted prompt for tokenizer (first 100 chars): '<|begin_of_text|><|start_header_id|>system<|end_header_id|>

Cutting Knowledge Date: December 2023
T...'
2025-06-27 19:32:08,740 - INFO - Input device: cuda:0, preparing to move inputs to device.
2025-06-27 19:32:08,743 - INFO - Batch of inputs tokenized, padded, truncated, and moved to model device.
2025-06-27 19:32:08,743 - INFO - Starting batched model.generate()...
Setting `pad_token_id` to `eos_token_id`:128001 for open-end generation.
2025-06-27 19:32:09,021 - INFO - Batched model.generate() completed.
2025-06-27 19:32:09,021 - INFO - Decoding batch of responses and extracting token probabilities...
2025-06-27 19:32:09,024 - INFO - Input tokens stripped from responses and probabilities extracted.
2025-06-27 19:32:09,025 - INFO - Batch of responses generated.
2025-06-27 19:32:09,027 - INFO - Appended 8 results from batch to /scratch-shared/mschaffelder/data/exp_3/pairwise/small/outputs/llama_8b_multi_source.jsonl
2025-06-27 19:32:09,027 - INFO - Reading line 49 from input file...
2025-06-27 19:32:09,027 - INFO - Added prompt from line 49 to batch.
2025-06-27 19:32:09,027 - INFO - Reading line 50 from input file...
2025-06-27 19:32:09,027 - INFO - Added prompt from line 50 to batch.
2025-06-27 19:32:09,027 - INFO - Reading line 51 from input file...
2025-06-27 19:32:09,027 - INFO - Added prompt from line 51 to batch.
2025-06-27 19:32:09,027 - INFO - Reading line 52 from input file...
2025-06-27 19:32:09,027 - INFO - Added prompt from line 52 to batch.
2025-06-27 19:32:09,027 - INFO - Reading line 53 from input file...
2025-06-27 19:32:09,027 - INFO - Added prompt from line 53 to batch.
2025-06-27 19:32:09,027 - INFO - Reading line 54 from input file...
2025-06-27 19:32:09,027 - INFO - Added prompt from line 54 to batch.
2025-06-27 19:32:09,027 - INFO - Reading line 55 from input file...
2025-06-27 19:32:09,027 - INFO - Added prompt from line 55 to batch.
2025-06-27 19:32:09,027 - INFO - Reading line 56 from input file...
2025-06-27 19:32:09,027 - INFO - Added prompt from line 56 to batch.
2025-06-27 19:32:09,027 - INFO - Processing batch of 8 prompts (up to line 56)...
2025-06-27 19:32:09,027 - INFO - Generating rankings for batch of 8 pairs of prompts. System prompt: 'You are a helpful assistant. Your task is to rank the two provided texts. Please explicitly write which of the two texts is of higher quality by writing the corresponding letter in the output, and nothing else.'
2025-06-27 19:32:09,028 - INFO - First formatted prompt for tokenizer (first 100 chars): '<|begin_of_text|><|start_header_id|>system<|end_header_id|>

Cutting Knowledge Date: December 2023
T...'
2025-06-27 19:32:09,028 - INFO - Input device: cuda:0, preparing to move inputs to device.
2025-06-27 19:32:09,030 - INFO - Batch of inputs tokenized, padded, truncated, and moved to model device.
2025-06-27 19:32:09,030 - INFO - Starting batched model.generate()...
Setting `pad_token_id` to `eos_token_id`:128001 for open-end generation.
2025-06-27 19:32:09,325 - INFO - Batched model.generate() completed.
2025-06-27 19:32:09,325 - INFO - Decoding batch of responses and extracting token probabilities...
2025-06-27 19:32:09,329 - INFO - Input tokens stripped from responses and probabilities extracted.
2025-06-27 19:32:09,329 - INFO - Batch of responses generated.
2025-06-27 19:32:09,331 - INFO - Appended 8 results from batch to /scratch-shared/mschaffelder/data/exp_3/pairwise/small/outputs/llama_8b_multi_source.jsonl
2025-06-27 19:32:09,331 - INFO - Reading line 57 from input file...
2025-06-27 19:32:09,331 - INFO - Added prompt from line 57 to batch.
2025-06-27 19:32:09,331 - INFO - Reading line 58 from input file...
2025-06-27 19:32:09,331 - INFO - Added prompt from line 58 to batch.
2025-06-27 19:32:09,331 - INFO - Reading line 59 from input file...
2025-06-27 19:32:09,331 - INFO - Added prompt from line 59 to batch.
2025-06-27 19:32:09,331 - INFO - Reading line 60 from input file...
2025-06-27 19:32:09,331 - INFO - Added prompt from line 60 to batch.
2025-06-27 19:32:09,331 - INFO - Reading line 61 from input file...
2025-06-27 19:32:09,331 - INFO - Added prompt from line 61 to batch.
2025-06-27 19:32:09,331 - INFO - Reading line 62 from input file...
2025-06-27 19:32:09,331 - INFO - Added prompt from line 62 to batch.
2025-06-27 19:32:09,331 - INFO - Reading line 63 from input file...
2025-06-27 19:32:09,331 - INFO - Added prompt from line 63 to batch.
2025-06-27 19:32:09,331 - INFO - Reading line 64 from input file...
2025-06-27 19:32:09,331 - INFO - Added prompt from line 64 to batch.
2025-06-27 19:32:09,331 - INFO - Processing batch of 8 prompts (up to line 64)...
2025-06-27 19:32:09,331 - INFO - Generating rankings for batch of 8 pairs of prompts. System prompt: 'You are a helpful assistant. Your task is to rank the two provided texts. Please explicitly write which of the two texts is of higher quality by writing the corresponding letter in the output, and nothing else.'
2025-06-27 19:32:09,332 - INFO - First formatted prompt for tokenizer (first 100 chars): '<|begin_of_text|><|start_header_id|>system<|end_header_id|>

Cutting Knowledge Date: December 2023
T...'
2025-06-27 19:32:09,332 - INFO - Input device: cuda:0, preparing to move inputs to device.
2025-06-27 19:32:09,335 - INFO - Batch of inputs tokenized, padded, truncated, and moved to model device.
2025-06-27 19:32:09,335 - INFO - Starting batched model.generate()...
Setting `pad_token_id` to `eos_token_id`:128001 for open-end generation.
2025-06-27 19:32:09,757 - INFO - Batched model.generate() completed.
2025-06-27 19:32:09,757 - INFO - Decoding batch of responses and extracting token probabilities...
2025-06-27 19:32:09,761 - INFO - Input tokens stripped from responses and probabilities extracted.
2025-06-27 19:32:09,761 - INFO - Batch of responses generated.
2025-06-27 19:32:09,763 - INFO - Appended 8 results from batch to /scratch-shared/mschaffelder/data/exp_3/pairwise/small/outputs/llama_8b_multi_source.jsonl
2025-06-27 19:32:09,763 - INFO - Reading line 65 from input file...
2025-06-27 19:32:09,764 - INFO - Added prompt from line 65 to batch.
2025-06-27 19:32:09,764 - INFO - Reading line 66 from input file...
2025-06-27 19:32:09,764 - INFO - Added prompt from line 66 to batch.
2025-06-27 19:32:09,764 - INFO - Reading line 67 from input file...
2025-06-27 19:32:09,764 - INFO - Added prompt from line 67 to batch.
2025-06-27 19:32:09,764 - INFO - Reading line 68 from input file...
2025-06-27 19:32:09,764 - INFO - Added prompt from line 68 to batch.
2025-06-27 19:32:09,764 - INFO - Reading line 69 from input file...
2025-06-27 19:32:09,764 - INFO - Added prompt from line 69 to batch.
2025-06-27 19:32:09,764 - INFO - Reading line 70 from input file...
2025-06-27 19:32:09,764 - INFO - Added prompt from line 70 to batch.
2025-06-27 19:32:09,764 - INFO - Reading line 71 from input file...
2025-06-27 19:32:09,764 - INFO - Added prompt from line 71 to batch.
2025-06-27 19:32:09,764 - INFO - Reading line 72 from input file...
2025-06-27 19:32:09,764 - INFO - Added prompt from line 72 to batch.
2025-06-27 19:32:09,764 - INFO - Processing batch of 8 prompts (up to line 72)...
2025-06-27 19:32:09,764 - INFO - Generating rankings for batch of 8 pairs of prompts. System prompt: 'You are a helpful assistant. Your task is to rank the two provided texts. Please explicitly write which of the two texts is of higher quality by writing the corresponding letter in the output, and nothing else.'
2025-06-27 19:32:09,765 - INFO - First formatted prompt for tokenizer (first 100 chars): '<|begin_of_text|><|start_header_id|>system<|end_header_id|>

Cutting Knowledge Date: December 2023
T...'
2025-06-27 19:32:09,765 - INFO - Input device: cuda:0, preparing to move inputs to device.
2025-06-27 19:32:09,768 - INFO - Batch of inputs tokenized, padded, truncated, and moved to model device.
2025-06-27 19:32:09,768 - INFO - Starting batched model.generate()...
Setting `pad_token_id` to `eos_token_id`:128001 for open-end generation.
2025-06-27 19:32:10,140 - INFO - Batched model.generate() completed.
2025-06-27 19:32:10,744 - INFO - Decoding batch of responses and extracting token probabilities...
2025-06-27 19:32:10,747 - INFO - Input tokens stripped from responses and probabilities extracted.
2025-06-27 19:32:10,747 - INFO - Batch of responses generated.
2025-06-27 19:32:11,463 - INFO - Appended 8 results from batch to /scratch-shared/mschaffelder/data/exp_3/pairwise/small/outputs/llama_8b_multi_source.jsonl
2025-06-27 19:32:11,463 - INFO - Reading line 73 from input file...
2025-06-27 19:32:11,463 - INFO - Added prompt from line 73 to batch.
2025-06-27 19:32:11,463 - INFO - Reading line 74 from input file...
2025-06-27 19:32:11,463 - INFO - Added prompt from line 74 to batch.
2025-06-27 19:32:11,463 - INFO - Reading line 75 from input file...
2025-06-27 19:32:11,463 - INFO - Added prompt from line 75 to batch.
2025-06-27 19:32:11,463 - INFO - Reading line 76 from input file...
2025-06-27 19:32:11,464 - INFO - Added prompt from line 76 to batch.
2025-06-27 19:32:11,464 - INFO - Reading line 77 from input file...
2025-06-27 19:32:11,464 - INFO - Added prompt from line 77 to batch.
2025-06-27 19:32:11,464 - INFO - Reading line 78 from input file...
2025-06-27 19:32:11,464 - INFO - Added prompt from line 78 to batch.
2025-06-27 19:32:11,464 - INFO - Reading line 79 from input file...
2025-06-27 19:32:11,464 - INFO - Added prompt from line 79 to batch.
2025-06-27 19:32:11,464 - INFO - Reading line 80 from input file...
2025-06-27 19:32:11,464 - INFO - Added prompt from line 80 to batch.
2025-06-27 19:32:11,464 - INFO - Processing batch of 8 prompts (up to line 80)...
2025-06-27 19:32:11,464 - INFO - Generating rankings for batch of 8 pairs of prompts. System prompt: 'You are a helpful assistant. Your task is to rank the two provided texts. Please explicitly write which of the two texts is of higher quality by writing the corresponding letter in the output, and nothing else.'
2025-06-27 19:32:11,464 - INFO - First formatted prompt for tokenizer (first 100 chars): '<|begin_of_text|><|start_header_id|>system<|end_header_id|>

Cutting Knowledge Date: December 2023
T...'
2025-06-27 19:32:11,465 - INFO - Input device: cuda:0, preparing to move inputs to device.
2025-06-27 19:32:11,467 - INFO - Batch of inputs tokenized, padded, truncated, and moved to model device.
2025-06-27 19:32:11,467 - INFO - Starting batched model.generate()...
Setting `pad_token_id` to `eos_token_id`:128001 for open-end generation.
2025-06-27 19:32:11,732 - INFO - Batched model.generate() completed.
2025-06-27 19:32:11,732 - INFO - Decoding batch of responses and extracting token probabilities...
2025-06-27 19:32:11,735 - INFO - Input tokens stripped from responses and probabilities extracted.
2025-06-27 19:32:11,735 - INFO - Batch of responses generated.
2025-06-27 19:32:11,736 - INFO - Appended 8 results from batch to /scratch-shared/mschaffelder/data/exp_3/pairwise/small/outputs/llama_8b_multi_source.jsonl
2025-06-27 19:32:11,736 - INFO - Reading line 81 from input file...
2025-06-27 19:32:11,736 - INFO - Added prompt from line 81 to batch.
2025-06-27 19:32:11,736 - INFO - Reading line 82 from input file...
2025-06-27 19:32:11,736 - INFO - Added prompt from line 82 to batch.
2025-06-27 19:32:11,736 - INFO - Reading line 83 from input file...
2025-06-27 19:32:11,736 - INFO - Added prompt from line 83 to batch.
2025-06-27 19:32:11,736 - INFO - Reading line 84 from input file...
2025-06-27 19:32:11,736 - INFO - Added prompt from line 84 to batch.
2025-06-27 19:32:11,736 - INFO - Reading line 85 from input file...
2025-06-27 19:32:11,736 - INFO - Added prompt from line 85 to batch.
2025-06-27 19:32:11,736 - INFO - Reading line 86 from input file...
2025-06-27 19:32:11,736 - INFO - Added prompt from line 86 to batch.
2025-06-27 19:32:11,736 - INFO - Reading line 87 from input file...
2025-06-27 19:32:11,736 - INFO - Added prompt from line 87 to batch.
2025-06-27 19:32:11,736 - INFO - Reading line 88 from input file...
2025-06-27 19:32:11,736 - INFO - Added prompt from line 88 to batch.
2025-06-27 19:32:11,736 - INFO - Processing batch of 8 prompts (up to line 88)...
2025-06-27 19:32:11,736 - INFO - Generating rankings for batch of 8 pairs of prompts. System prompt: 'You are a helpful assistant. Your task is to rank the two provided texts. Please explicitly write which of the two texts is of higher quality by writing the corresponding letter in the output, and nothing else.'
2025-06-27 19:32:11,737 - INFO - First formatted prompt for tokenizer (first 100 chars): '<|begin_of_text|><|start_header_id|>system<|end_header_id|>

Cutting Knowledge Date: December 2023
T...'
2025-06-27 19:32:11,737 - INFO - Input device: cuda:0, preparing to move inputs to device.
2025-06-27 19:32:11,740 - INFO - Batch of inputs tokenized, padded, truncated, and moved to model device.
2025-06-27 19:32:11,740 - INFO - Starting batched model.generate()...
Setting `pad_token_id` to `eos_token_id`:128001 for open-end generation.
2025-06-27 19:32:12,145 - INFO - Batched model.generate() completed.
2025-06-27 19:32:12,145 - INFO - Decoding batch of responses and extracting token probabilities...
2025-06-27 19:32:12,149 - INFO - Input tokens stripped from responses and probabilities extracted.
2025-06-27 19:32:12,149 - INFO - Batch of responses generated.
2025-06-27 19:32:16,051 - INFO - Appended 8 results from batch to /scratch-shared/mschaffelder/data/exp_3/pairwise/small/outputs/llama_8b_multi_source.jsonl
2025-06-27 19:32:16,051 - INFO - Reading line 89 from input file...
2025-06-27 19:32:16,051 - INFO - Added prompt from line 89 to batch.
2025-06-27 19:32:16,051 - INFO - Reading line 90 from input file...
2025-06-27 19:32:16,051 - INFO - Added prompt from line 90 to batch.
2025-06-27 19:32:16,051 - INFO - Reading line 91 from input file...
2025-06-27 19:32:16,051 - INFO - Added prompt from line 91 to batch.
2025-06-27 19:32:16,051 - INFO - Reading line 92 from input file...
2025-06-27 19:32:16,051 - INFO - Added prompt from line 92 to batch.
2025-06-27 19:32:16,051 - INFO - Reading line 93 from input file...
2025-06-27 19:32:16,051 - INFO - Added prompt from line 93 to batch.
2025-06-27 19:32:16,051 - INFO - Reading line 94 from input file...
2025-06-27 19:32:16,051 - INFO - Added prompt from line 94 to batch.
2025-06-27 19:32:16,051 - INFO - Reading line 95 from input file...
2025-06-27 19:32:16,051 - INFO - Added prompt from line 95 to batch.
2025-06-27 19:32:16,051 - INFO - Reading line 96 from input file...
2025-06-27 19:32:16,051 - INFO - Added prompt from line 96 to batch.
2025-06-27 19:32:16,051 - INFO - Processing batch of 8 prompts (up to line 96)...
2025-06-27 19:32:16,051 - INFO - Generating rankings for batch of 8 pairs of prompts. System prompt: 'You are a helpful assistant. Your task is to rank the two provided texts. Please explicitly write which of the two texts is of higher quality by writing the corresponding letter in the output, and nothing else.'
2025-06-27 19:32:16,052 - INFO - First formatted prompt for tokenizer (first 100 chars): '<|begin_of_text|><|start_header_id|>system<|end_header_id|>

Cutting Knowledge Date: December 2023
T...'
2025-06-27 19:32:16,052 - INFO - Input device: cuda:0, preparing to move inputs to device.
2025-06-27 19:32:16,055 - INFO - Batch of inputs tokenized, padded, truncated, and moved to model device.
2025-06-27 19:32:16,055 - INFO - Starting batched model.generate()...
Setting `pad_token_id` to `eos_token_id`:128001 for open-end generation.
2025-06-27 19:32:16,318 - INFO - Batched model.generate() completed.
2025-06-27 19:32:16,319 - INFO - Decoding batch of responses and extracting token probabilities...
2025-06-27 19:32:16,322 - INFO - Input tokens stripped from responses and probabilities extracted.
2025-06-27 19:32:16,322 - INFO - Batch of responses generated.
2025-06-27 19:32:16,323 - INFO - Appended 8 results from batch to /scratch-shared/mschaffelder/data/exp_3/pairwise/small/outputs/llama_8b_multi_source.jsonl
2025-06-27 19:32:16,323 - INFO - Reading line 97 from input file...
2025-06-27 19:32:16,323 - INFO - Added prompt from line 97 to batch.
2025-06-27 19:32:16,324 - INFO - Reading line 98 from input file...
2025-06-27 19:32:16,324 - INFO - Added prompt from line 98 to batch.
2025-06-27 19:32:16,324 - INFO - Reading line 99 from input file...
2025-06-27 19:32:16,324 - INFO - Added prompt from line 99 to batch.
2025-06-27 19:32:16,324 - INFO - Reading line 100 from input file...
2025-06-27 19:32:16,324 - INFO - Added prompt from line 100 to batch.
2025-06-27 19:32:16,324 - INFO - Reading line 101 from input file...
2025-06-27 19:32:16,324 - INFO - Added prompt from line 101 to batch.
2025-06-27 19:32:16,324 - INFO - Reading line 102 from input file...
2025-06-27 19:32:16,324 - INFO - Added prompt from line 102 to batch.
2025-06-27 19:32:16,324 - INFO - Reading line 103 from input file...
2025-06-27 19:32:16,324 - INFO - Added prompt from line 103 to batch.
2025-06-27 19:32:16,324 - INFO - Reading line 104 from input file...
2025-06-27 19:32:16,324 - INFO - Added prompt from line 104 to batch.
2025-06-27 19:32:16,324 - INFO - Processing batch of 8 prompts (up to line 104)...
2025-06-27 19:32:16,324 - INFO - Generating rankings for batch of 8 pairs of prompts. System prompt: 'You are a helpful assistant. Your task is to rank the two provided texts. Please explicitly write which of the two texts is of higher quality by writing the corresponding letter in the output, and nothing else.'
2025-06-27 19:32:16,325 - INFO - First formatted prompt for tokenizer (first 100 chars): '<|begin_of_text|><|start_header_id|>system<|end_header_id|>

Cutting Knowledge Date: December 2023
T...'
2025-06-27 19:32:16,325 - INFO - Input device: cuda:0, preparing to move inputs to device.
2025-06-27 19:32:16,327 - INFO - Batch of inputs tokenized, padded, truncated, and moved to model device.
2025-06-27 19:32:16,327 - INFO - Starting batched model.generate()...
Setting `pad_token_id` to `eos_token_id`:128001 for open-end generation.
2025-06-27 19:32:16,592 - INFO - Batched model.generate() completed.
2025-06-27 19:32:16,592 - INFO - Decoding batch of responses and extracting token probabilities...
2025-06-27 19:32:16,595 - INFO - Input tokens stripped from responses and probabilities extracted.
2025-06-27 19:32:16,596 - INFO - Batch of responses generated.
2025-06-27 19:32:16,596 - INFO - Appended 8 results from batch to /scratch-shared/mschaffelder/data/exp_3/pairwise/small/outputs/llama_8b_multi_source.jsonl
2025-06-27 19:32:16,596 - INFO - Reading line 105 from input file...
2025-06-27 19:32:16,596 - INFO - Added prompt from line 105 to batch.
2025-06-27 19:32:16,596 - INFO - Reading line 106 from input file...
2025-06-27 19:32:16,596 - INFO - Added prompt from line 106 to batch.
2025-06-27 19:32:16,596 - INFO - Reading line 107 from input file...
2025-06-27 19:32:16,596 - INFO - Added prompt from line 107 to batch.
2025-06-27 19:32:16,596 - INFO - Reading line 108 from input file...
2025-06-27 19:32:16,596 - INFO - Added prompt from line 108 to batch.
2025-06-27 19:32:16,596 - INFO - Reading line 109 from input file...
2025-06-27 19:32:16,596 - INFO - Added prompt from line 109 to batch.
2025-06-27 19:32:16,596 - INFO - Reading line 110 from input file...
2025-06-27 19:32:16,596 - INFO - Added prompt from line 110 to batch.
2025-06-27 19:32:16,596 - INFO - Reading line 111 from input file...
2025-06-27 19:32:16,596 - INFO - Added prompt from line 111 to batch.
2025-06-27 19:32:16,597 - INFO - Reading line 112 from input file...
2025-06-27 19:32:16,597 - INFO - Added prompt from line 112 to batch.
2025-06-27 19:32:16,597 - INFO - Processing batch of 8 prompts (up to line 112)...
2025-06-27 19:32:16,597 - INFO - Generating rankings for batch of 8 pairs of prompts. System prompt: 'You are a helpful assistant. Your task is to rank the two provided texts. Please explicitly write which of the two texts is of higher quality by writing the corresponding letter in the output, and nothing else.'
2025-06-27 19:32:16,597 - INFO - First formatted prompt for tokenizer (first 100 chars): '<|begin_of_text|><|start_header_id|>system<|end_header_id|>

Cutting Knowledge Date: December 2023
T...'
2025-06-27 19:32:16,597 - INFO - Input device: cuda:0, preparing to move inputs to device.
2025-06-27 19:32:16,599 - INFO - Batch of inputs tokenized, padded, truncated, and moved to model device.
2025-06-27 19:32:16,600 - INFO - Starting batched model.generate()...
Setting `pad_token_id` to `eos_token_id`:128001 for open-end generation.
2025-06-27 19:32:16,933 - INFO - Batched model.generate() completed.
2025-06-27 19:32:16,933 - INFO - Decoding batch of responses and extracting token probabilities...
2025-06-27 19:32:16,937 - INFO - Input tokens stripped from responses and probabilities extracted.
2025-06-27 19:32:16,937 - INFO - Batch of responses generated.
2025-06-27 19:32:16,938 - INFO - Appended 8 results from batch to /scratch-shared/mschaffelder/data/exp_3/pairwise/small/outputs/llama_8b_multi_source.jsonl
2025-06-27 19:32:16,938 - INFO - Reading line 113 from input file...
2025-06-27 19:32:16,938 - INFO - Added prompt from line 113 to batch.
2025-06-27 19:32:16,938 - INFO - Reading line 114 from input file...
2025-06-27 19:32:16,938 - INFO - Added prompt from line 114 to batch.
2025-06-27 19:32:16,938 - INFO - Reading line 115 from input file...
2025-06-27 19:32:16,939 - INFO - Added prompt from line 115 to batch.
2025-06-27 19:32:16,939 - INFO - Reading line 116 from input file...
2025-06-27 19:32:16,939 - INFO - Added prompt from line 116 to batch.
2025-06-27 19:32:16,939 - INFO - Reading line 117 from input file...
2025-06-27 19:32:16,939 - INFO - Added prompt from line 117 to batch.
2025-06-27 19:32:16,939 - INFO - Reading line 118 from input file...
2025-06-27 19:32:16,939 - INFO - Added prompt from line 118 to batch.
2025-06-27 19:32:16,939 - INFO - Reading line 119 from input file...
2025-06-27 19:32:16,939 - INFO - Added prompt from line 119 to batch.
2025-06-27 19:32:16,939 - INFO - Reading line 120 from input file...
2025-06-27 19:32:16,939 - INFO - Added prompt from line 120 to batch.
2025-06-27 19:32:16,939 - INFO - Processing batch of 8 prompts (up to line 120)...
2025-06-27 19:32:16,939 - INFO - Generating rankings for batch of 8 pairs of prompts. System prompt: 'You are a helpful assistant. Your task is to rank the two provided texts. Please explicitly write which of the two texts is of higher quality by writing the corresponding letter in the output, and nothing else.'
2025-06-27 19:32:16,939 - INFO - First formatted prompt for tokenizer (first 100 chars): '<|begin_of_text|><|start_header_id|>system<|end_header_id|>

Cutting Knowledge Date: December 2023
T...'
2025-06-27 19:32:16,940 - INFO - Input device: cuda:0, preparing to move inputs to device.
2025-06-27 19:32:16,941 - INFO - Batch of inputs tokenized, padded, truncated, and moved to model device.
2025-06-27 19:32:16,942 - INFO - Starting batched model.generate()...
Setting `pad_token_id` to `eos_token_id`:128001 for open-end generation.
2025-06-27 19:32:17,177 - INFO - Batched model.generate() completed.
2025-06-27 19:32:17,177 - INFO - Decoding batch of responses and extracting token probabilities...
2025-06-27 19:32:17,180 - INFO - Input tokens stripped from responses and probabilities extracted.
2025-06-27 19:32:17,180 - INFO - Batch of responses generated.
2025-06-27 19:32:17,181 - INFO - Appended 8 results from batch to /scratch-shared/mschaffelder/data/exp_3/pairwise/small/outputs/llama_8b_multi_source.jsonl
2025-06-27 19:32:17,182 - INFO - Reading line 121 from input file...
2025-06-27 19:32:17,182 - INFO - Added prompt from line 121 to batch.
2025-06-27 19:32:17,182 - INFO - Reading line 122 from input file...
2025-06-27 19:32:17,182 - INFO - Added prompt from line 122 to batch.
2025-06-27 19:32:17,182 - INFO - Reading line 123 from input file...
2025-06-27 19:32:17,182 - INFO - Added prompt from line 123 to batch.
2025-06-27 19:32:17,182 - INFO - Reading line 124 from input file...
2025-06-27 19:32:17,182 - INFO - Added prompt from line 124 to batch.
2025-06-27 19:32:17,182 - INFO - Reading line 125 from input file...
2025-06-27 19:32:17,182 - INFO - Added prompt from line 125 to batch.
2025-06-27 19:32:17,182 - INFO - Reading line 126 from input file...
2025-06-27 19:32:17,182 - INFO - Added prompt from line 126 to batch.
2025-06-27 19:32:17,182 - INFO - Reading line 127 from input file...
2025-06-27 19:32:17,182 - INFO - Added prompt from line 127 to batch.
2025-06-27 19:32:17,182 - INFO - Reading line 128 from input file...
2025-06-27 19:32:17,182 - INFO - Added prompt from line 128 to batch.
2025-06-27 19:32:17,182 - INFO - Processing batch of 8 prompts (up to line 128)...
2025-06-27 19:32:17,182 - INFO - Generating rankings for batch of 8 pairs of prompts. System prompt: 'You are a helpful assistant. Your task is to rank the two provided texts. Please explicitly write which of the two texts is of higher quality by writing the corresponding letter in the output, and nothing else.'
2025-06-27 19:32:17,183 - INFO - First formatted prompt for tokenizer (first 100 chars): '<|begin_of_text|><|start_header_id|>system<|end_header_id|>

Cutting Knowledge Date: December 2023
T...'
2025-06-27 19:32:17,183 - INFO - Input device: cuda:0, preparing to move inputs to device.
2025-06-27 19:32:17,185 - INFO - Batch of inputs tokenized, padded, truncated, and moved to model device.
2025-06-27 19:32:17,185 - INFO - Starting batched model.generate()...
Setting `pad_token_id` to `eos_token_id`:128001 for open-end generation.
2025-06-27 19:32:17,492 - INFO - Batched model.generate() completed.
2025-06-27 19:32:17,493 - INFO - Decoding batch of responses and extracting token probabilities...
2025-06-27 19:32:17,496 - INFO - Input tokens stripped from responses and probabilities extracted.
2025-06-27 19:32:17,496 - INFO - Batch of responses generated.
2025-06-27 19:32:21,515 - INFO - Appended 8 results from batch to /scratch-shared/mschaffelder/data/exp_3/pairwise/small/outputs/llama_8b_multi_source.jsonl
2025-06-27 19:32:21,515 - INFO - Reading line 129 from input file...
2025-06-27 19:32:21,516 - INFO - Added prompt from line 129 to batch.
2025-06-27 19:32:21,516 - INFO - Reading line 130 from input file...
2025-06-27 19:32:21,516 - INFO - Added prompt from line 130 to batch.
2025-06-27 19:32:21,516 - INFO - Reading line 131 from input file...
2025-06-27 19:32:21,516 - INFO - Added prompt from line 131 to batch.
2025-06-27 19:32:21,516 - INFO - Reading line 132 from input file...
2025-06-27 19:32:21,516 - INFO - Added prompt from line 132 to batch.
2025-06-27 19:32:21,516 - INFO - Reading line 133 from input file...
2025-06-27 19:32:21,516 - INFO - Added prompt from line 133 to batch.
2025-06-27 19:32:21,516 - INFO - Reading line 134 from input file...
2025-06-27 19:32:21,516 - INFO - Added prompt from line 134 to batch.
2025-06-27 19:32:21,516 - INFO - Reading line 135 from input file...
2025-06-27 19:32:21,516 - INFO - Added prompt from line 135 to batch.
2025-06-27 19:32:21,516 - INFO - Reading line 136 from input file...
2025-06-27 19:32:21,516 - INFO - Added prompt from line 136 to batch.
2025-06-27 19:32:21,516 - INFO - Processing batch of 8 prompts (up to line 136)...
2025-06-27 19:32:21,516 - INFO - Generating rankings for batch of 8 pairs of prompts. System prompt: 'You are a helpful assistant. Your task is to rank the two provided texts. Please explicitly write which of the two texts is of higher quality by writing the corresponding letter in the output, and nothing else.'
2025-06-27 19:32:21,517 - INFO - First formatted prompt for tokenizer (first 100 chars): '<|begin_of_text|><|start_header_id|>system<|end_header_id|>

Cutting Knowledge Date: December 2023
T...'
2025-06-27 19:32:21,517 - INFO - Input device: cuda:0, preparing to move inputs to device.
2025-06-27 19:32:21,519 - INFO - Batch of inputs tokenized, padded, truncated, and moved to model device.
2025-06-27 19:32:21,519 - INFO - Starting batched model.generate()...
Setting `pad_token_id` to `eos_token_id`:128001 for open-end generation.
2025-06-27 19:32:21,798 - INFO - Batched model.generate() completed.
2025-06-27 19:32:21,798 - INFO - Decoding batch of responses and extracting token probabilities...
2025-06-27 19:32:21,801 - INFO - Input tokens stripped from responses and probabilities extracted.
2025-06-27 19:32:21,801 - INFO - Batch of responses generated.
2025-06-27 19:32:21,803 - INFO - Appended 8 results from batch to /scratch-shared/mschaffelder/data/exp_3/pairwise/small/outputs/llama_8b_multi_source.jsonl
2025-06-27 19:32:21,803 - INFO - Reading line 137 from input file...
2025-06-27 19:32:21,803 - INFO - Added prompt from line 137 to batch.
2025-06-27 19:32:21,803 - INFO - Reading line 138 from input file...
2025-06-27 19:32:21,803 - INFO - Added prompt from line 138 to batch.
2025-06-27 19:32:21,803 - INFO - Reading line 139 from input file...
2025-06-27 19:32:21,803 - INFO - Added prompt from line 139 to batch.
2025-06-27 19:32:21,803 - INFO - Reading line 140 from input file...
2025-06-27 19:32:21,803 - INFO - Added prompt from line 140 to batch.
2025-06-27 19:32:21,803 - INFO - Reading line 141 from input file...
2025-06-27 19:32:21,803 - INFO - Added prompt from line 141 to batch.
2025-06-27 19:32:21,803 - INFO - Reading line 142 from input file...
2025-06-27 19:32:21,803 - INFO - Added prompt from line 142 to batch.
2025-06-27 19:32:21,803 - INFO - Reading line 143 from input file...
2025-06-27 19:32:21,803 - INFO - Added prompt from line 143 to batch.
2025-06-27 19:32:21,803 - INFO - Reading line 144 from input file...
2025-06-27 19:32:21,803 - INFO - Added prompt from line 144 to batch.
2025-06-27 19:32:21,803 - INFO - Processing batch of 8 prompts (up to line 144)...
2025-06-27 19:32:21,803 - INFO - Generating rankings for batch of 8 pairs of prompts. System prompt: 'You are a helpful assistant. Your task is to rank the two provided texts. Please explicitly write which of the two texts is of higher quality by writing the corresponding letter in the output, and nothing else.'
2025-06-27 19:32:21,804 - INFO - First formatted prompt for tokenizer (first 100 chars): '<|begin_of_text|><|start_header_id|>system<|end_header_id|>

Cutting Knowledge Date: December 2023
T...'
2025-06-27 19:32:21,804 - INFO - Input device: cuda:0, preparing to move inputs to device.
2025-06-27 19:32:21,807 - INFO - Batch of inputs tokenized, padded, truncated, and moved to model device.
2025-06-27 19:32:21,807 - INFO - Starting batched model.generate()...
Setting `pad_token_id` to `eos_token_id`:128001 for open-end generation.
2025-06-27 19:32:22,124 - INFO - Batched model.generate() completed.
2025-06-27 19:32:22,124 - INFO - Decoding batch of responses and extracting token probabilities...
2025-06-27 19:32:22,127 - INFO - Input tokens stripped from responses and probabilities extracted.
2025-06-27 19:32:22,128 - INFO - Batch of responses generated.
2025-06-27 19:32:22,129 - INFO - Appended 8 results from batch to /scratch-shared/mschaffelder/data/exp_3/pairwise/small/outputs/llama_8b_multi_source.jsonl
2025-06-27 19:32:22,129 - INFO - Reading line 145 from input file...
2025-06-27 19:32:22,129 - INFO - Added prompt from line 145 to batch.
2025-06-27 19:32:22,129 - INFO - Reading line 146 from input file...
2025-06-27 19:32:22,129 - INFO - Added prompt from line 146 to batch.
2025-06-27 19:32:22,129 - INFO - Reading line 147 from input file...
2025-06-27 19:32:22,129 - INFO - Added prompt from line 147 to batch.
2025-06-27 19:32:22,129 - INFO - Reading line 148 from input file...
2025-06-27 19:32:22,129 - INFO - Added prompt from line 148 to batch.
2025-06-27 19:32:22,129 - INFO - Reading line 149 from input file...
2025-06-27 19:32:22,129 - INFO - Added prompt from line 149 to batch.
2025-06-27 19:32:22,129 - INFO - Reading line 150 from input file...
2025-06-27 19:32:22,129 - INFO - Added prompt from line 150 to batch.
2025-06-27 19:32:22,129 - INFO - Reading line 151 from input file...
2025-06-27 19:32:22,129 - INFO - Added prompt from line 151 to batch.
2025-06-27 19:32:22,129 - INFO - Reading line 152 from input file...
2025-06-27 19:32:22,129 - INFO - Added prompt from line 152 to batch.
2025-06-27 19:32:22,129 - INFO - Processing batch of 8 prompts (up to line 152)...
2025-06-27 19:32:22,130 - INFO - Generating rankings for batch of 8 pairs of prompts. System prompt: 'You are a helpful assistant. Your task is to rank the two provided texts. Please explicitly write which of the two texts is of higher quality by writing the corresponding letter in the output, and nothing else.'
2025-06-27 19:32:22,130 - INFO - First formatted prompt for tokenizer (first 100 chars): '<|begin_of_text|><|start_header_id|>system<|end_header_id|>

Cutting Knowledge Date: December 2023
T...'
2025-06-27 19:32:22,130 - INFO - Input device: cuda:0, preparing to move inputs to device.
2025-06-27 19:32:22,133 - INFO - Batch of inputs tokenized, padded, truncated, and moved to model device.
2025-06-27 19:32:22,133 - INFO - Starting batched model.generate()...
Setting `pad_token_id` to `eos_token_id`:128001 for open-end generation.
2025-06-27 19:32:22,449 - INFO - Batched model.generate() completed.
2025-06-27 19:32:22,449 - INFO - Decoding batch of responses and extracting token probabilities...
2025-06-27 19:32:22,452 - INFO - Input tokens stripped from responses and probabilities extracted.
2025-06-27 19:32:22,453 - INFO - Batch of responses generated.
2025-06-27 19:32:22,454 - INFO - Appended 8 results from batch to /scratch-shared/mschaffelder/data/exp_3/pairwise/small/outputs/llama_8b_multi_source.jsonl
2025-06-27 19:32:22,454 - INFO - Reading line 153 from input file...
2025-06-27 19:32:22,454 - INFO - Added prompt from line 153 to batch.
2025-06-27 19:32:22,454 - INFO - Reading line 154 from input file...
2025-06-27 19:32:22,454 - INFO - Added prompt from line 154 to batch.
2025-06-27 19:32:22,454 - INFO - Reading line 155 from input file...
2025-06-27 19:32:22,454 - INFO - Added prompt from line 155 to batch.
2025-06-27 19:32:22,454 - INFO - Reading line 156 from input file...
2025-06-27 19:32:22,454 - INFO - Added prompt from line 156 to batch.
2025-06-27 19:32:22,454 - INFO - Reading line 157 from input file...
2025-06-27 19:32:22,454 - INFO - Added prompt from line 157 to batch.
2025-06-27 19:32:22,454 - INFO - Reading line 158 from input file...
2025-06-27 19:32:22,454 - INFO - Added prompt from line 158 to batch.
2025-06-27 19:32:22,454 - INFO - Reading line 159 from input file...
2025-06-27 19:32:22,454 - INFO - Added prompt from line 159 to batch.
2025-06-27 19:32:22,454 - INFO - Reading line 160 from input file...
2025-06-27 19:32:22,454 - INFO - Added prompt from line 160 to batch.
2025-06-27 19:32:22,454 - INFO - Processing batch of 8 prompts (up to line 160)...
2025-06-27 19:32:22,454 - INFO - Generating rankings for batch of 8 pairs of prompts. System prompt: 'You are a helpful assistant. Your task is to rank the two provided texts. Please explicitly write which of the two texts is of higher quality by writing the corresponding letter in the output, and nothing else.'
2025-06-27 19:32:22,455 - INFO - First formatted prompt for tokenizer (first 100 chars): '<|begin_of_text|><|start_header_id|>system<|end_header_id|>

Cutting Knowledge Date: December 2023
T...'
2025-06-27 19:32:22,455 - INFO - Input device: cuda:0, preparing to move inputs to device.
2025-06-27 19:32:22,457 - INFO - Batch of inputs tokenized, padded, truncated, and moved to model device.
2025-06-27 19:32:22,457 - INFO - Starting batched model.generate()...
Setting `pad_token_id` to `eos_token_id`:128001 for open-end generation.
2025-06-27 19:32:22,813 - INFO - Batched model.generate() completed.
2025-06-27 19:32:22,814 - INFO - Decoding batch of responses and extracting token probabilities...
2025-06-27 19:32:22,818 - INFO - Input tokens stripped from responses and probabilities extracted.
2025-06-27 19:32:22,818 - INFO - Batch of responses generated.
2025-06-27 19:32:22,819 - INFO - Appended 8 results from batch to /scratch-shared/mschaffelder/data/exp_3/pairwise/small/outputs/llama_8b_multi_source.jsonl
2025-06-27 19:32:22,819 - INFO - Reading line 161 from input file...
2025-06-27 19:32:22,819 - INFO - Added prompt from line 161 to batch.
2025-06-27 19:32:22,819 - INFO - Reading line 162 from input file...
2025-06-27 19:32:22,820 - INFO - Added prompt from line 162 to batch.
2025-06-27 19:32:22,820 - INFO - Reading line 163 from input file...
2025-06-27 19:32:22,820 - INFO - Added prompt from line 163 to batch.
2025-06-27 19:32:22,820 - INFO - Reading line 164 from input file...
2025-06-27 19:32:22,820 - INFO - Added prompt from line 164 to batch.
2025-06-27 19:32:22,820 - INFO - Reading line 165 from input file...
2025-06-27 19:32:22,820 - INFO - Added prompt from line 165 to batch.
2025-06-27 19:32:22,820 - INFO - Reading line 166 from input file...
2025-06-27 19:32:22,820 - INFO - Added prompt from line 166 to batch.
2025-06-27 19:32:22,820 - INFO - Reading line 167 from input file...
2025-06-27 19:32:22,820 - INFO - Added prompt from line 167 to batch.
2025-06-27 19:32:22,820 - INFO - Reading line 168 from input file...
2025-06-27 19:32:22,820 - INFO - Added prompt from line 168 to batch.
2025-06-27 19:32:22,820 - INFO - Processing batch of 8 prompts (up to line 168)...
2025-06-27 19:32:22,820 - INFO - Generating rankings for batch of 8 pairs of prompts. System prompt: 'You are a helpful assistant. Your task is to rank the two provided texts. Please explicitly write which of the two texts is of higher quality by writing the corresponding letter in the output, and nothing else.'
2025-06-27 19:32:22,821 - INFO - First formatted prompt for tokenizer (first 100 chars): '<|begin_of_text|><|start_header_id|>system<|end_header_id|>

Cutting Knowledge Date: December 2023
T...'
2025-06-27 19:32:22,821 - INFO - Input device: cuda:0, preparing to move inputs to device.
2025-06-27 19:32:22,823 - INFO - Batch of inputs tokenized, padded, truncated, and moved to model device.
2025-06-27 19:32:22,823 - INFO - Starting batched model.generate()...
Setting `pad_token_id` to `eos_token_id`:128001 for open-end generation.
2025-06-27 19:32:23,074 - INFO - Batched model.generate() completed.
2025-06-27 19:32:23,075 - INFO - Decoding batch of responses and extracting token probabilities...
2025-06-27 19:32:23,078 - INFO - Input tokens stripped from responses and probabilities extracted.
2025-06-27 19:32:23,078 - INFO - Batch of responses generated.
2025-06-27 19:32:23,078 - INFO - Appended 8 results from batch to /scratch-shared/mschaffelder/data/exp_3/pairwise/small/outputs/llama_8b_multi_source.jsonl
2025-06-27 19:32:23,078 - INFO - Reading line 169 from input file...
2025-06-27 19:32:23,078 - INFO - Added prompt from line 169 to batch.
2025-06-27 19:32:23,078 - INFO - Reading line 170 from input file...
2025-06-27 19:32:23,078 - INFO - Added prompt from line 170 to batch.
2025-06-27 19:32:23,078 - INFO - Reading line 171 from input file...
2025-06-27 19:32:23,078 - INFO - Added prompt from line 171 to batch.
2025-06-27 19:32:23,079 - INFO - Reading line 172 from input file...
2025-06-27 19:32:23,079 - INFO - Added prompt from line 172 to batch.
2025-06-27 19:32:23,079 - INFO - Reading line 173 from input file...
2025-06-27 19:32:23,079 - INFO - Added prompt from line 173 to batch.
2025-06-27 19:32:23,079 - INFO - Reading line 174 from input file...
2025-06-27 19:32:23,079 - INFO - Added prompt from line 174 to batch.
2025-06-27 19:32:23,079 - INFO - Reading line 175 from input file...
2025-06-27 19:32:23,079 - INFO - Added prompt from line 175 to batch.
2025-06-27 19:32:23,079 - INFO - Reading line 176 from input file...
2025-06-27 19:32:23,079 - INFO - Added prompt from line 176 to batch.
2025-06-27 19:32:23,079 - INFO - Processing batch of 8 prompts (up to line 176)...
2025-06-27 19:32:23,079 - INFO - Generating rankings for batch of 8 pairs of prompts. System prompt: 'You are a helpful assistant. Your task is to rank the two provided texts. Please explicitly write which of the two texts is of higher quality by writing the corresponding letter in the output, and nothing else.'
2025-06-27 19:32:23,079 - INFO - First formatted prompt for tokenizer (first 100 chars): '<|begin_of_text|><|start_header_id|>system<|end_header_id|>

Cutting Knowledge Date: December 2023
T...'
2025-06-27 19:32:23,079 - INFO - Input device: cuda:0, preparing to move inputs to device.
2025-06-27 19:32:23,081 - INFO - Batch of inputs tokenized, padded, truncated, and moved to model device.
2025-06-27 19:32:23,081 - INFO - Starting batched model.generate()...
Setting `pad_token_id` to `eos_token_id`:128001 for open-end generation.
2025-06-27 19:32:23,315 - INFO - Batched model.generate() completed.
2025-06-27 19:32:23,315 - INFO - Decoding batch of responses and extracting token probabilities...
2025-06-27 19:32:23,318 - INFO - Input tokens stripped from responses and probabilities extracted.
2025-06-27 19:32:23,318 - INFO - Batch of responses generated.
2025-06-27 19:32:24,053 - INFO - Appended 8 results from batch to /scratch-shared/mschaffelder/data/exp_3/pairwise/small/outputs/llama_8b_multi_source.jsonl
2025-06-27 19:32:24,053 - INFO - Reading line 177 from input file...
2025-06-27 19:32:24,053 - INFO - Added prompt from line 177 to batch.
2025-06-27 19:32:24,053 - INFO - Reading line 178 from input file...
2025-06-27 19:32:24,053 - INFO - Added prompt from line 178 to batch.
2025-06-27 19:32:24,053 - INFO - Reading line 179 from input file...
2025-06-27 19:32:24,053 - INFO - Added prompt from line 179 to batch.
2025-06-27 19:32:24,053 - INFO - Reading line 180 from input file...
2025-06-27 19:32:24,053 - INFO - Added prompt from line 180 to batch.
2025-06-27 19:32:24,053 - INFO - Reading line 181 from input file...
2025-06-27 19:32:24,053 - INFO - Added prompt from line 181 to batch.
2025-06-27 19:32:24,053 - INFO - Reading line 182 from input file...
2025-06-27 19:32:24,053 - INFO - Added prompt from line 182 to batch.
2025-06-27 19:32:24,053 - INFO - Reading line 183 from input file...
2025-06-27 19:32:24,053 - INFO - Added prompt from line 183 to batch.
2025-06-27 19:32:24,053 - INFO - Reading line 184 from input file...
2025-06-27 19:32:24,053 - INFO - Added prompt from line 184 to batch.
2025-06-27 19:32:24,053 - INFO - Processing batch of 8 prompts (up to line 184)...
2025-06-27 19:32:24,053 - INFO - Generating rankings for batch of 8 pairs of prompts. System prompt: 'You are a helpful assistant. Your task is to rank the two provided texts. Please explicitly write which of the two texts is of higher quality by writing the corresponding letter in the output, and nothing else.'
2025-06-27 19:32:24,054 - INFO - First formatted prompt for tokenizer (first 100 chars): '<|begin_of_text|><|start_header_id|>system<|end_header_id|>

Cutting Knowledge Date: December 2023
T...'
2025-06-27 19:32:24,054 - INFO - Input device: cuda:0, preparing to move inputs to device.
2025-06-27 19:32:24,057 - INFO - Batch of inputs tokenized, padded, truncated, and moved to model device.
2025-06-27 19:32:24,057 - INFO - Starting batched model.generate()...
Setting `pad_token_id` to `eos_token_id`:128001 for open-end generation.
2025-06-27 19:32:24,382 - INFO - Batched model.generate() completed.
2025-06-27 19:32:24,383 - INFO - Decoding batch of responses and extracting token probabilities...
2025-06-27 19:32:24,386 - INFO - Input tokens stripped from responses and probabilities extracted.
2025-06-27 19:32:24,386 - INFO - Batch of responses generated.
2025-06-27 19:32:24,387 - INFO - Appended 8 results from batch to /scratch-shared/mschaffelder/data/exp_3/pairwise/small/outputs/llama_8b_multi_source.jsonl
2025-06-27 19:32:24,387 - INFO - Reading line 185 from input file...
2025-06-27 19:32:24,387 - INFO - Added prompt from line 185 to batch.
2025-06-27 19:32:24,387 - INFO - Reading line 186 from input file...
2025-06-27 19:32:24,387 - INFO - Added prompt from line 186 to batch.
2025-06-27 19:32:24,387 - INFO - Reading line 187 from input file...
2025-06-27 19:32:24,387 - INFO - Added prompt from line 187 to batch.
2025-06-27 19:32:24,387 - INFO - Reading line 188 from input file...
2025-06-27 19:32:24,387 - INFO - Added prompt from line 188 to batch.
2025-06-27 19:32:24,387 - INFO - Reading line 189 from input file...
2025-06-27 19:32:24,388 - INFO - Added prompt from line 189 to batch.
2025-06-27 19:32:24,388 - INFO - Reading line 190 from input file...
2025-06-27 19:32:24,388 - INFO - Added prompt from line 190 to batch.
2025-06-27 19:32:24,388 - INFO - Reading line 191 from input file...
2025-06-27 19:32:24,388 - INFO - Added prompt from line 191 to batch.
2025-06-27 19:32:24,388 - INFO - Reading line 192 from input file...
2025-06-27 19:32:24,388 - INFO - Added prompt from line 192 to batch.
2025-06-27 19:32:24,388 - INFO - Processing batch of 8 prompts (up to line 192)...
2025-06-27 19:32:24,388 - INFO - Generating rankings for batch of 8 pairs of prompts. System prompt: 'You are a helpful assistant. Your task is to rank the two provided texts. Please explicitly write which of the two texts is of higher quality by writing the corresponding letter in the output, and nothing else.'
2025-06-27 19:32:24,388 - INFO - First formatted prompt for tokenizer (first 100 chars): '<|begin_of_text|><|start_header_id|>system<|end_header_id|>

Cutting Knowledge Date: December 2023
T...'
2025-06-27 19:32:24,388 - INFO - Input device: cuda:0, preparing to move inputs to device.
2025-06-27 19:32:24,391 - INFO - Batch of inputs tokenized, padded, truncated, and moved to model device.
2025-06-27 19:32:24,391 - INFO - Starting batched model.generate()...
Setting `pad_token_id` to `eos_token_id`:128001 for open-end generation.
2025-06-27 19:32:24,788 - INFO - Batched model.generate() completed.
2025-06-27 19:32:24,788 - INFO - Decoding batch of responses and extracting token probabilities...
2025-06-27 19:32:24,792 - INFO - Input tokens stripped from responses and probabilities extracted.
2025-06-27 19:32:24,792 - INFO - Batch of responses generated.
2025-06-27 19:32:25,569 - INFO - Appended 8 results from batch to /scratch-shared/mschaffelder/data/exp_3/pairwise/small/outputs/llama_8b_multi_source.jsonl
2025-06-27 19:32:25,569 - INFO - Reading line 193 from input file...
2025-06-27 19:32:25,569 - INFO - Added prompt from line 193 to batch.
2025-06-27 19:32:25,569 - INFO - Reading line 194 from input file...
2025-06-27 19:32:25,570 - INFO - Added prompt from line 194 to batch.
2025-06-27 19:32:25,570 - INFO - Reading line 195 from input file...
2025-06-27 19:32:25,570 - INFO - Added prompt from line 195 to batch.
2025-06-27 19:32:25,570 - INFO - Reading line 196 from input file...
2025-06-27 19:32:25,570 - INFO - Added prompt from line 196 to batch.
2025-06-27 19:32:25,570 - INFO - Reading line 197 from input file...
2025-06-27 19:32:25,570 - INFO - Added prompt from line 197 to batch.
2025-06-27 19:32:25,570 - INFO - Reading line 198 from input file...
2025-06-27 19:32:25,570 - INFO - Added prompt from line 198 to batch.
2025-06-27 19:32:25,570 - INFO - Reading line 199 from input file...
2025-06-27 19:32:25,570 - INFO - Added prompt from line 199 to batch.
2025-06-27 19:32:25,570 - INFO - Reading line 200 from input file...
2025-06-27 19:32:25,570 - INFO - Added prompt from line 200 to batch.
2025-06-27 19:32:25,570 - INFO - Processing batch of 8 prompts (up to line 200)...
2025-06-27 19:32:25,570 - INFO - Generating rankings for batch of 8 pairs of prompts. System prompt: 'You are a helpful assistant. Your task is to rank the two provided texts. Please explicitly write which of the two texts is of higher quality by writing the corresponding letter in the output, and nothing else.'
2025-06-27 19:32:25,571 - INFO - First formatted prompt for tokenizer (first 100 chars): '<|begin_of_text|><|start_header_id|>system<|end_header_id|>

Cutting Knowledge Date: December 2023
T...'
2025-06-27 19:32:25,571 - INFO - Input device: cuda:0, preparing to move inputs to device.
2025-06-27 19:32:25,573 - INFO - Batch of inputs tokenized, padded, truncated, and moved to model device.
2025-06-27 19:32:25,573 - INFO - Starting batched model.generate()...
Setting `pad_token_id` to `eos_token_id`:128001 for open-end generation.
2025-06-27 19:32:25,834 - INFO - Batched model.generate() completed.
2025-06-27 19:32:25,834 - INFO - Decoding batch of responses and extracting token probabilities...
2025-06-27 19:32:25,837 - INFO - Input tokens stripped from responses and probabilities extracted.
2025-06-27 19:32:25,837 - INFO - Batch of responses generated.
2025-06-27 19:32:25,838 - INFO - Appended 8 results from batch to /scratch-shared/mschaffelder/data/exp_3/pairwise/small/outputs/llama_8b_multi_source.jsonl
2025-06-27 19:32:25,838 - INFO - Reading line 201 from input file...
2025-06-27 19:32:25,838 - INFO - Added prompt from line 201 to batch.
2025-06-27 19:32:25,838 - INFO - Reading line 202 from input file...
2025-06-27 19:32:25,839 - INFO - Added prompt from line 202 to batch.
2025-06-27 19:32:25,839 - INFO - Reading line 203 from input file...
2025-06-27 19:32:25,839 - INFO - Added prompt from line 203 to batch.
2025-06-27 19:32:25,839 - INFO - Reading line 204 from input file...
2025-06-27 19:32:25,839 - INFO - Added prompt from line 204 to batch.
2025-06-27 19:32:25,839 - INFO - Reading line 205 from input file...
2025-06-27 19:32:25,839 - INFO - Added prompt from line 205 to batch.
2025-06-27 19:32:25,839 - INFO - Reading line 206 from input file...
2025-06-27 19:32:25,839 - INFO - Added prompt from line 206 to batch.
2025-06-27 19:32:25,839 - INFO - Reading line 207 from input file...
2025-06-27 19:32:25,839 - INFO - Added prompt from line 207 to batch.
2025-06-27 19:32:25,839 - INFO - Reading line 208 from input file...
2025-06-27 19:32:25,839 - INFO - Added prompt from line 208 to batch.
2025-06-27 19:32:25,839 - INFO - Processing batch of 8 prompts (up to line 208)...
2025-06-27 19:32:25,839 - INFO - Generating rankings for batch of 8 pairs of prompts. System prompt: 'You are a helpful assistant. Your task is to rank the two provided texts. Please explicitly write which of the two texts is of higher quality by writing the corresponding letter in the output, and nothing else.'
2025-06-27 19:32:25,839 - INFO - First formatted prompt for tokenizer (first 100 chars): '<|begin_of_text|><|start_header_id|>system<|end_header_id|>

Cutting Knowledge Date: December 2023
T...'
2025-06-27 19:32:25,840 - INFO - Input device: cuda:0, preparing to move inputs to device.
2025-06-27 19:32:25,842 - INFO - Batch of inputs tokenized, padded, truncated, and moved to model device.
2025-06-27 19:32:25,842 - INFO - Starting batched model.generate()...
Setting `pad_token_id` to `eos_token_id`:128001 for open-end generation.
2025-06-27 19:32:26,156 - INFO - Batched model.generate() completed.
2025-06-27 19:32:26,157 - INFO - Decoding batch of responses and extracting token probabilities...
2025-06-27 19:32:26,160 - INFO - Input tokens stripped from responses and probabilities extracted.
2025-06-27 19:32:26,160 - INFO - Batch of responses generated.
2025-06-27 19:32:26,200 - INFO - Appended 8 results from batch to /scratch-shared/mschaffelder/data/exp_3/pairwise/small/outputs/llama_8b_multi_source.jsonl
2025-06-27 19:32:26,200 - INFO - Reading line 209 from input file...
2025-06-27 19:32:26,200 - INFO - Added prompt from line 209 to batch.
2025-06-27 19:32:26,200 - INFO - Reading line 210 from input file...
2025-06-27 19:32:26,200 - INFO - Added prompt from line 210 to batch.
2025-06-27 19:32:26,200 - INFO - Reading line 211 from input file...
2025-06-27 19:32:26,200 - INFO - Added prompt from line 211 to batch.
2025-06-27 19:32:26,200 - INFO - Reading line 212 from input file...
2025-06-27 19:32:26,200 - INFO - Added prompt from line 212 to batch.
2025-06-27 19:32:26,200 - INFO - Reading line 213 from input file...
2025-06-27 19:32:26,200 - INFO - Added prompt from line 213 to batch.
2025-06-27 19:32:26,200 - INFO - Reading line 214 from input file...
2025-06-27 19:32:26,200 - INFO - Added prompt from line 214 to batch.
2025-06-27 19:32:26,200 - INFO - Reading line 215 from input file...
2025-06-27 19:32:26,200 - INFO - Added prompt from line 215 to batch.
2025-06-27 19:32:26,200 - INFO - Reading line 216 from input file...
2025-06-27 19:32:26,200 - INFO - Added prompt from line 216 to batch.
2025-06-27 19:32:26,200 - INFO - Processing batch of 8 prompts (up to line 216)...
2025-06-27 19:32:26,200 - INFO - Generating rankings for batch of 8 pairs of prompts. System prompt: 'You are a helpful assistant. Your task is to rank the two provided texts. Please explicitly write which of the two texts is of higher quality by writing the corresponding letter in the output, and nothing else.'
2025-06-27 19:32:26,201 - INFO - First formatted prompt for tokenizer (first 100 chars): '<|begin_of_text|><|start_header_id|>system<|end_header_id|>

Cutting Knowledge Date: December 2023
T...'
2025-06-27 19:32:26,201 - INFO - Input device: cuda:0, preparing to move inputs to device.
2025-06-27 19:32:26,203 - INFO - Batch of inputs tokenized, padded, truncated, and moved to model device.
2025-06-27 19:32:26,203 - INFO - Starting batched model.generate()...
Setting `pad_token_id` to `eos_token_id`:128001 for open-end generation.
2025-06-27 19:32:26,469 - INFO - Batched model.generate() completed.
2025-06-27 19:32:26,469 - INFO - Decoding batch of responses and extracting token probabilities...
2025-06-27 19:32:26,472 - INFO - Input tokens stripped from responses and probabilities extracted.
2025-06-27 19:32:26,473 - INFO - Batch of responses generated.
2025-06-27 19:32:26,473 - INFO - Appended 8 results from batch to /scratch-shared/mschaffelder/data/exp_3/pairwise/small/outputs/llama_8b_multi_source.jsonl
2025-06-27 19:32:26,473 - INFO - Reading line 217 from input file...
2025-06-27 19:32:26,473 - INFO - Added prompt from line 217 to batch.
2025-06-27 19:32:26,473 - INFO - Reading line 218 from input file...
2025-06-27 19:32:26,473 - INFO - Added prompt from line 218 to batch.
2025-06-27 19:32:26,473 - INFO - Reading line 219 from input file...
2025-06-27 19:32:26,473 - INFO - Added prompt from line 219 to batch.
2025-06-27 19:32:26,473 - INFO - Reading line 220 from input file...
2025-06-27 19:32:26,474 - INFO - Added prompt from line 220 to batch.
2025-06-27 19:32:26,474 - INFO - Reading line 221 from input file...
2025-06-27 19:32:26,474 - INFO - Added prompt from line 221 to batch.
2025-06-27 19:32:26,474 - INFO - Reading line 222 from input file...
2025-06-27 19:32:26,474 - INFO - Added prompt from line 222 to batch.
2025-06-27 19:32:26,474 - INFO - Reading line 223 from input file...
2025-06-27 19:32:26,474 - INFO - Added prompt from line 223 to batch.
2025-06-27 19:32:26,474 - INFO - Reading line 224 from input file...
2025-06-27 19:32:26,474 - INFO - Added prompt from line 224 to batch.
2025-06-27 19:32:26,474 - INFO - Processing batch of 8 prompts (up to line 224)...
2025-06-27 19:32:26,474 - INFO - Generating rankings for batch of 8 pairs of prompts. System prompt: 'You are a helpful assistant. Your task is to rank the two provided texts. Please explicitly write which of the two texts is of higher quality by writing the corresponding letter in the output, and nothing else.'
2025-06-27 19:32:26,474 - INFO - First formatted prompt for tokenizer (first 100 chars): '<|begin_of_text|><|start_header_id|>system<|end_header_id|>

Cutting Knowledge Date: December 2023
T...'
2025-06-27 19:32:26,474 - INFO - Input device: cuda:0, preparing to move inputs to device.
2025-06-27 19:32:26,477 - INFO - Batch of inputs tokenized, padded, truncated, and moved to model device.
2025-06-27 19:32:26,477 - INFO - Starting batched model.generate()...
Setting `pad_token_id` to `eos_token_id`:128001 for open-end generation.
2025-06-27 19:32:26,784 - INFO - Batched model.generate() completed.
2025-06-27 19:32:26,784 - INFO - Decoding batch of responses and extracting token probabilities...
2025-06-27 19:32:26,787 - INFO - Input tokens stripped from responses and probabilities extracted.
2025-06-27 19:32:26,787 - INFO - Batch of responses generated.
2025-06-27 19:32:30,242 - INFO - Appended 8 results from batch to /scratch-shared/mschaffelder/data/exp_3/pairwise/small/outputs/llama_8b_multi_source.jsonl
2025-06-27 19:32:30,242 - INFO - Reading line 225 from input file...
2025-06-27 19:32:30,242 - INFO - Added prompt from line 225 to batch.
2025-06-27 19:32:30,242 - INFO - Reading line 226 from input file...
2025-06-27 19:32:30,242 - INFO - Added prompt from line 226 to batch.
2025-06-27 19:32:30,242 - INFO - Reading line 227 from input file...
2025-06-27 19:32:30,242 - INFO - Added prompt from line 227 to batch.
2025-06-27 19:32:30,242 - INFO - Reading line 228 from input file...
2025-06-27 19:32:30,242 - INFO - Added prompt from line 228 to batch.
2025-06-27 19:32:30,242 - INFO - Reading line 229 from input file...
2025-06-27 19:32:30,242 - INFO - Added prompt from line 229 to batch.
2025-06-27 19:32:30,242 - INFO - Reading line 230 from input file...
2025-06-27 19:32:30,243 - INFO - Added prompt from line 230 to batch.
2025-06-27 19:32:30,243 - INFO - Reading line 231 from input file...
2025-06-27 19:32:30,243 - INFO - Added prompt from line 231 to batch.
2025-06-27 19:32:30,243 - INFO - Reading line 232 from input file...
2025-06-27 19:32:30,243 - INFO - Added prompt from line 232 to batch.
2025-06-27 19:32:30,243 - INFO - Processing batch of 8 prompts (up to line 232)...
2025-06-27 19:32:30,243 - INFO - Generating rankings for batch of 8 pairs of prompts. System prompt: 'You are a helpful assistant. Your task is to rank the two provided texts. Please explicitly write which of the two texts is of higher quality by writing the corresponding letter in the output, and nothing else.'
2025-06-27 19:32:30,243 - INFO - First formatted prompt for tokenizer (first 100 chars): '<|begin_of_text|><|start_header_id|>system<|end_header_id|>

Cutting Knowledge Date: December 2023
T...'
2025-06-27 19:32:30,243 - INFO - Input device: cuda:0, preparing to move inputs to device.
2025-06-27 19:32:30,246 - INFO - Batch of inputs tokenized, padded, truncated, and moved to model device.
2025-06-27 19:32:30,246 - INFO - Starting batched model.generate()...
Setting `pad_token_id` to `eos_token_id`:128001 for open-end generation.
2025-06-27 19:32:30,571 - INFO - Batched model.generate() completed.
2025-06-27 19:32:30,571 - INFO - Decoding batch of responses and extracting token probabilities...
2025-06-27 19:32:30,574 - INFO - Input tokens stripped from responses and probabilities extracted.
2025-06-27 19:32:30,575 - INFO - Batch of responses generated.
2025-06-27 19:32:30,576 - INFO - Appended 8 results from batch to /scratch-shared/mschaffelder/data/exp_3/pairwise/small/outputs/llama_8b_multi_source.jsonl
2025-06-27 19:32:30,576 - INFO - Reading line 233 from input file...
2025-06-27 19:32:30,576 - INFO - Added prompt from line 233 to batch.
2025-06-27 19:32:30,576 - INFO - Reading line 234 from input file...
2025-06-27 19:32:30,576 - INFO - Added prompt from line 234 to batch.
2025-06-27 19:32:30,577 - INFO - Reading line 235 from input file...
2025-06-27 19:32:30,577 - INFO - Added prompt from line 235 to batch.
2025-06-27 19:32:30,577 - INFO - Reading line 236 from input file...
2025-06-27 19:32:30,577 - INFO - Added prompt from line 236 to batch.
2025-06-27 19:32:30,577 - INFO - Reading line 237 from input file...
2025-06-27 19:32:30,577 - INFO - Added prompt from line 237 to batch.
2025-06-27 19:32:30,577 - INFO - Reading line 238 from input file...
2025-06-27 19:32:30,577 - INFO - Added prompt from line 238 to batch.
2025-06-27 19:32:30,577 - INFO - Reading line 239 from input file...
2025-06-27 19:32:30,577 - INFO - Added prompt from line 239 to batch.
2025-06-27 19:32:30,577 - INFO - Reading line 240 from input file...
2025-06-27 19:32:30,577 - INFO - Added prompt from line 240 to batch.
2025-06-27 19:32:30,577 - INFO - Processing batch of 8 prompts (up to line 240)...
2025-06-27 19:32:30,577 - INFO - Generating rankings for batch of 8 pairs of prompts. System prompt: 'You are a helpful assistant. Your task is to rank the two provided texts. Please explicitly write which of the two texts is of higher quality by writing the corresponding letter in the output, and nothing else.'
2025-06-27 19:32:30,577 - INFO - First formatted prompt for tokenizer (first 100 chars): '<|begin_of_text|><|start_header_id|>system<|end_header_id|>

Cutting Knowledge Date: December 2023
T...'
2025-06-27 19:32:30,578 - INFO - Input device: cuda:0, preparing to move inputs to device.
2025-06-27 19:32:30,580 - INFO - Batch of inputs tokenized, padded, truncated, and moved to model device.
2025-06-27 19:32:30,580 - INFO - Starting batched model.generate()...
Setting `pad_token_id` to `eos_token_id`:128001 for open-end generation.
2025-06-27 19:32:30,824 - INFO - Batched model.generate() completed.
2025-06-27 19:32:30,825 - INFO - Decoding batch of responses and extracting token probabilities...
2025-06-27 19:32:30,828 - INFO - Input tokens stripped from responses and probabilities extracted.
2025-06-27 19:32:30,828 - INFO - Batch of responses generated.
2025-06-27 19:32:30,829 - INFO - Appended 8 results from batch to /scratch-shared/mschaffelder/data/exp_3/pairwise/small/outputs/llama_8b_multi_source.jsonl
2025-06-27 19:32:30,830 - INFO - Reading line 241 from input file...
2025-06-27 19:32:30,830 - INFO - Added prompt from line 241 to batch.
2025-06-27 19:32:30,830 - INFO - Reading line 242 from input file...
2025-06-27 19:32:30,830 - INFO - Added prompt from line 242 to batch.
2025-06-27 19:32:30,830 - INFO - Reading line 243 from input file...
2025-06-27 19:32:30,830 - INFO - Added prompt from line 243 to batch.
2025-06-27 19:32:30,830 - INFO - Reading line 244 from input file...
2025-06-27 19:32:30,830 - INFO - Added prompt from line 244 to batch.
2025-06-27 19:32:30,830 - INFO - Reading line 245 from input file...
2025-06-27 19:32:30,830 - INFO - Added prompt from line 245 to batch.
2025-06-27 19:32:30,830 - INFO - Reading line 246 from input file...
2025-06-27 19:32:30,830 - INFO - Added prompt from line 246 to batch.
2025-06-27 19:32:30,830 - INFO - Reading line 247 from input file...
2025-06-27 19:32:30,830 - INFO - Added prompt from line 247 to batch.
2025-06-27 19:32:30,830 - INFO - Reading line 248 from input file...
2025-06-27 19:32:30,830 - INFO - Added prompt from line 248 to batch.
2025-06-27 19:32:30,830 - INFO - Processing batch of 8 prompts (up to line 248)...
2025-06-27 19:32:30,830 - INFO - Generating rankings for batch of 8 pairs of prompts. System prompt: 'You are a helpful assistant. Your task is to rank the two provided texts. Please explicitly write which of the two texts is of higher quality by writing the corresponding letter in the output, and nothing else.'
2025-06-27 19:32:30,831 - INFO - First formatted prompt for tokenizer (first 100 chars): '<|begin_of_text|><|start_header_id|>system<|end_header_id|>

Cutting Knowledge Date: December 2023
T...'
2025-06-27 19:32:30,831 - INFO - Input device: cuda:0, preparing to move inputs to device.
2025-06-27 19:32:30,834 - INFO - Batch of inputs tokenized, padded, truncated, and moved to model device.
2025-06-27 19:32:30,834 - INFO - Starting batched model.generate()...
Setting `pad_token_id` to `eos_token_id`:128001 for open-end generation.
2025-06-27 19:32:31,279 - INFO - Batched model.generate() completed.
2025-06-27 19:32:31,279 - INFO - Decoding batch of responses and extracting token probabilities...
2025-06-27 19:32:31,283 - INFO - Input tokens stripped from responses and probabilities extracted.
2025-06-27 19:32:31,283 - INFO - Batch of responses generated.
2025-06-27 19:32:31,285 - INFO - Appended 8 results from batch to /scratch-shared/mschaffelder/data/exp_3/pairwise/small/outputs/llama_8b_multi_source.jsonl
2025-06-27 19:32:31,285 - INFO - Reading line 249 from input file...
2025-06-27 19:32:31,285 - INFO - Added prompt from line 249 to batch.
2025-06-27 19:32:31,285 - INFO - Reading line 250 from input file...
2025-06-27 19:32:31,285 - INFO - Added prompt from line 250 to batch.
2025-06-27 19:32:31,285 - INFO - Reading line 251 from input file...
2025-06-27 19:32:31,285 - INFO - Added prompt from line 251 to batch.
2025-06-27 19:32:31,285 - INFO - Reading line 252 from input file...
2025-06-27 19:32:31,285 - INFO - Added prompt from line 252 to batch.
2025-06-27 19:32:31,285 - INFO - Reading line 253 from input file...
2025-06-27 19:32:31,285 - INFO - Added prompt from line 253 to batch.
2025-06-27 19:32:31,285 - INFO - Reading line 254 from input file...
2025-06-27 19:32:31,285 - INFO - Added prompt from line 254 to batch.
2025-06-27 19:32:31,285 - INFO - Reading line 255 from input file...
2025-06-27 19:32:31,285 - INFO - Added prompt from line 255 to batch.
2025-06-27 19:32:31,285 - INFO - Reading line 256 from input file...
2025-06-27 19:32:31,285 - INFO - Added prompt from line 256 to batch.
2025-06-27 19:32:31,285 - INFO - Processing batch of 8 prompts (up to line 256)...
2025-06-27 19:32:31,285 - INFO - Generating rankings for batch of 8 pairs of prompts. System prompt: 'You are a helpful assistant. Your task is to rank the two provided texts. Please explicitly write which of the two texts is of higher quality by writing the corresponding letter in the output, and nothing else.'
2025-06-27 19:32:31,286 - INFO - First formatted prompt for tokenizer (first 100 chars): '<|begin_of_text|><|start_header_id|>system<|end_header_id|>

Cutting Knowledge Date: December 2023
T...'
2025-06-27 19:32:31,286 - INFO - Input device: cuda:0, preparing to move inputs to device.
2025-06-27 19:32:31,289 - INFO - Batch of inputs tokenized, padded, truncated, and moved to model device.
2025-06-27 19:32:31,289 - INFO - Starting batched model.generate()...
Setting `pad_token_id` to `eos_token_id`:128001 for open-end generation.
2025-06-27 19:32:31,597 - INFO - Batched model.generate() completed.
2025-06-27 19:32:31,597 - INFO - Decoding batch of responses and extracting token probabilities...
2025-06-27 19:32:31,600 - INFO - Input tokens stripped from responses and probabilities extracted.
2025-06-27 19:32:31,600 - INFO - Batch of responses generated.
2025-06-27 19:32:31,602 - INFO - Appended 8 results from batch to /scratch-shared/mschaffelder/data/exp_3/pairwise/small/outputs/llama_8b_multi_source.jsonl
2025-06-27 19:32:31,602 - INFO - Reading line 257 from input file...
2025-06-27 19:32:31,602 - INFO - Added prompt from line 257 to batch.
2025-06-27 19:32:31,602 - INFO - Reading line 258 from input file...
2025-06-27 19:32:31,602 - INFO - Added prompt from line 258 to batch.
2025-06-27 19:32:31,603 - INFO - Reading line 259 from input file...
2025-06-27 19:32:31,603 - INFO - Added prompt from line 259 to batch.
2025-06-27 19:32:31,603 - INFO - Reading line 260 from input file...
2025-06-27 19:32:31,603 - INFO - Added prompt from line 260 to batch.
2025-06-27 19:32:31,603 - INFO - Reading line 261 from input file...
2025-06-27 19:32:31,603 - INFO - Added prompt from line 261 to batch.
2025-06-27 19:32:31,603 - INFO - Reading line 262 from input file...
2025-06-27 19:32:31,603 - INFO - Added prompt from line 262 to batch.
2025-06-27 19:32:31,603 - INFO - Reading line 263 from input file...
2025-06-27 19:32:31,603 - INFO - Added prompt from line 263 to batch.
2025-06-27 19:32:31,603 - INFO - Reading line 264 from input file...
2025-06-27 19:32:31,603 - INFO - Added prompt from line 264 to batch.
2025-06-27 19:32:31,603 - INFO - Processing batch of 8 prompts (up to line 264)...
2025-06-27 19:32:31,603 - INFO - Generating rankings for batch of 8 pairs of prompts. System prompt: 'You are a helpful assistant. Your task is to rank the two provided texts. Please explicitly write which of the two texts is of higher quality by writing the corresponding letter in the output, and nothing else.'
2025-06-27 19:32:31,603 - INFO - First formatted prompt for tokenizer (first 100 chars): '<|begin_of_text|><|start_header_id|>system<|end_header_id|>

Cutting Knowledge Date: December 2023
T...'
2025-06-27 19:32:31,604 - INFO - Input device: cuda:0, preparing to move inputs to device.
2025-06-27 19:32:31,606 - INFO - Batch of inputs tokenized, padded, truncated, and moved to model device.
2025-06-27 19:32:31,606 - INFO - Starting batched model.generate()...
Setting `pad_token_id` to `eos_token_id`:128001 for open-end generation.
2025-06-27 19:32:32,255 - INFO - Batched model.generate() completed.
2025-06-27 19:32:32,255 - INFO - Decoding batch of responses and extracting token probabilities...
2025-06-27 19:32:32,263 - INFO - Input tokens stripped from responses and probabilities extracted.
2025-06-27 19:32:32,263 - INFO - Batch of responses generated.
2025-06-27 19:32:32,265 - INFO - Appended 8 results from batch to /scratch-shared/mschaffelder/data/exp_3/pairwise/small/outputs/llama_8b_multi_source.jsonl
2025-06-27 19:32:32,265 - INFO - Reading line 265 from input file...
2025-06-27 19:32:32,265 - INFO - Added prompt from line 265 to batch.
2025-06-27 19:32:32,265 - INFO - Reading line 266 from input file...
2025-06-27 19:32:32,266 - INFO - Added prompt from line 266 to batch.
2025-06-27 19:32:32,266 - INFO - Reading line 267 from input file...
2025-06-27 19:32:32,266 - INFO - Added prompt from line 267 to batch.
2025-06-27 19:32:32,266 - INFO - Reading line 268 from input file...
2025-06-27 19:32:32,266 - INFO - Added prompt from line 268 to batch.
2025-06-27 19:32:32,266 - INFO - Reading line 269 from input file...
2025-06-27 19:32:32,266 - INFO - Added prompt from line 269 to batch.
2025-06-27 19:32:32,266 - INFO - Reading line 270 from input file...
2025-06-27 19:32:32,266 - INFO - Added prompt from line 270 to batch.
2025-06-27 19:32:32,266 - INFO - Reading line 271 from input file...
2025-06-27 19:32:32,266 - INFO - Added prompt from line 271 to batch.
2025-06-27 19:32:32,266 - INFO - Reading line 272 from input file...
2025-06-27 19:32:32,266 - INFO - Added prompt from line 272 to batch.
2025-06-27 19:32:32,266 - INFO - Processing batch of 8 prompts (up to line 272)...
2025-06-27 19:32:32,266 - INFO - Generating rankings for batch of 8 pairs of prompts. System prompt: 'You are a helpful assistant. Your task is to rank the two provided texts. Please explicitly write which of the two texts is of higher quality by writing the corresponding letter in the output, and nothing else.'
2025-06-27 19:32:32,266 - INFO - First formatted prompt for tokenizer (first 100 chars): '<|begin_of_text|><|start_header_id|>system<|end_header_id|>

Cutting Knowledge Date: December 2023
T...'
2025-06-27 19:32:32,267 - INFO - Input device: cuda:0, preparing to move inputs to device.
2025-06-27 19:32:32,269 - INFO - Batch of inputs tokenized, padded, truncated, and moved to model device.
2025-06-27 19:32:32,269 - INFO - Starting batched model.generate()...
Setting `pad_token_id` to `eos_token_id`:128001 for open-end generation.
2025-06-27 19:32:32,600 - INFO - Batched model.generate() completed.
2025-06-27 19:32:32,600 - INFO - Decoding batch of responses and extracting token probabilities...
2025-06-27 19:32:32,603 - INFO - Input tokens stripped from responses and probabilities extracted.
2025-06-27 19:32:32,603 - INFO - Batch of responses generated.
2025-06-27 19:32:32,605 - INFO - Appended 8 results from batch to /scratch-shared/mschaffelder/data/exp_3/pairwise/small/outputs/llama_8b_multi_source.jsonl
2025-06-27 19:32:32,605 - INFO - Reading line 273 from input file...
2025-06-27 19:32:32,605 - INFO - Added prompt from line 273 to batch.
2025-06-27 19:32:32,605 - INFO - Reading line 274 from input file...
2025-06-27 19:32:32,605 - INFO - Added prompt from line 274 to batch.
2025-06-27 19:32:32,605 - INFO - Reading line 275 from input file...
2025-06-27 19:32:32,605 - INFO - Added prompt from line 275 to batch.
2025-06-27 19:32:32,605 - INFO - Reading line 276 from input file...
2025-06-27 19:32:32,605 - INFO - Added prompt from line 276 to batch.
2025-06-27 19:32:32,605 - INFO - Reading line 277 from input file...
2025-06-27 19:32:32,605 - INFO - Added prompt from line 277 to batch.
2025-06-27 19:32:32,605 - INFO - Reading line 278 from input file...
2025-06-27 19:32:32,605 - INFO - Added prompt from line 278 to batch.
2025-06-27 19:32:32,605 - INFO - Reading line 279 from input file...
2025-06-27 19:32:32,605 - INFO - Added prompt from line 279 to batch.
2025-06-27 19:32:32,605 - INFO - Reading line 280 from input file...
2025-06-27 19:32:32,605 - INFO - Added prompt from line 280 to batch.
2025-06-27 19:32:32,605 - INFO - Processing batch of 8 prompts (up to line 280)...
2025-06-27 19:32:32,605 - INFO - Generating rankings for batch of 8 pairs of prompts. System prompt: 'You are a helpful assistant. Your task is to rank the two provided texts. Please explicitly write which of the two texts is of higher quality by writing the corresponding letter in the output, and nothing else.'
2025-06-27 19:32:32,606 - INFO - First formatted prompt for tokenizer (first 100 chars): '<|begin_of_text|><|start_header_id|>system<|end_header_id|>

Cutting Knowledge Date: December 2023
T...'
2025-06-27 19:32:32,606 - INFO - Input device: cuda:0, preparing to move inputs to device.
2025-06-27 19:32:32,608 - INFO - Batch of inputs tokenized, padded, truncated, and moved to model device.
2025-06-27 19:32:32,608 - INFO - Starting batched model.generate()...
Setting `pad_token_id` to `eos_token_id`:128001 for open-end generation.
2025-06-27 19:32:32,903 - INFO - Batched model.generate() completed.
2025-06-27 19:32:32,903 - INFO - Decoding batch of responses and extracting token probabilities...
2025-06-27 19:32:32,907 - INFO - Input tokens stripped from responses and probabilities extracted.
2025-06-27 19:32:32,907 - INFO - Batch of responses generated.
2025-06-27 19:32:35,623 - INFO - Appended 8 results from batch to /scratch-shared/mschaffelder/data/exp_3/pairwise/small/outputs/llama_8b_multi_source.jsonl
2025-06-27 19:32:35,623 - INFO - Reading line 281 from input file...
2025-06-27 19:32:35,623 - INFO - Added prompt from line 281 to batch.
2025-06-27 19:32:35,623 - INFO - Reading line 282 from input file...
2025-06-27 19:32:35,623 - INFO - Added prompt from line 282 to batch.
2025-06-27 19:32:35,623 - INFO - Reading line 283 from input file...
2025-06-27 19:32:35,623 - INFO - Added prompt from line 283 to batch.
2025-06-27 19:32:35,623 - INFO - Reading line 284 from input file...
2025-06-27 19:32:35,623 - INFO - Added prompt from line 284 to batch.
2025-06-27 19:32:35,623 - INFO - Reading line 285 from input file...
2025-06-27 19:32:35,623 - INFO - Added prompt from line 285 to batch.
2025-06-27 19:32:35,623 - INFO - Reading line 286 from input file...
2025-06-27 19:32:35,623 - INFO - Added prompt from line 286 to batch.
2025-06-27 19:32:35,623 - INFO - Reading line 287 from input file...
2025-06-27 19:32:35,623 - INFO - Added prompt from line 287 to batch.
2025-06-27 19:32:35,624 - INFO - Reading line 288 from input file...
2025-06-27 19:32:35,624 - INFO - Added prompt from line 288 to batch.
2025-06-27 19:32:35,624 - INFO - Processing batch of 8 prompts (up to line 288)...
2025-06-27 19:32:35,624 - INFO - Generating rankings for batch of 8 pairs of prompts. System prompt: 'You are a helpful assistant. Your task is to rank the two provided texts. Please explicitly write which of the two texts is of higher quality by writing the corresponding letter in the output, and nothing else.'
2025-06-27 19:32:35,624 - INFO - First formatted prompt for tokenizer (first 100 chars): '<|begin_of_text|><|start_header_id|>system<|end_header_id|>

Cutting Knowledge Date: December 2023
T...'
2025-06-27 19:32:35,624 - INFO - Input device: cuda:0, preparing to move inputs to device.
2025-06-27 19:32:35,628 - INFO - Batch of inputs tokenized, padded, truncated, and moved to model device.
2025-06-27 19:32:35,628 - INFO - Starting batched model.generate()...
Setting `pad_token_id` to `eos_token_id`:128001 for open-end generation.
2025-06-27 19:32:36,070 - INFO - Batched model.generate() completed.
2025-06-27 19:32:36,071 - INFO - Decoding batch of responses and extracting token probabilities...
2025-06-27 19:32:36,074 - INFO - Input tokens stripped from responses and probabilities extracted.
2025-06-27 19:32:36,075 - INFO - Batch of responses generated.
2025-06-27 19:32:36,076 - INFO - Appended 8 results from batch to /scratch-shared/mschaffelder/data/exp_3/pairwise/small/outputs/llama_8b_multi_source.jsonl
2025-06-27 19:32:36,076 - INFO - Reading line 289 from input file...
2025-06-27 19:32:36,076 - INFO - Added prompt from line 289 to batch.
2025-06-27 19:32:36,076 - INFO - Reading line 290 from input file...
2025-06-27 19:32:36,076 - INFO - Added prompt from line 290 to batch.
2025-06-27 19:32:36,076 - INFO - Reading line 291 from input file...
2025-06-27 19:32:36,077 - INFO - Added prompt from line 291 to batch.
2025-06-27 19:32:36,077 - INFO - Reading line 292 from input file...
2025-06-27 19:32:36,077 - INFO - Added prompt from line 292 to batch.
2025-06-27 19:32:36,077 - INFO - Reading line 293 from input file...
2025-06-27 19:32:36,077 - INFO - Added prompt from line 293 to batch.
2025-06-27 19:32:36,077 - INFO - Reading line 294 from input file...
2025-06-27 19:32:36,077 - INFO - Added prompt from line 294 to batch.
2025-06-27 19:32:36,077 - INFO - Reading line 295 from input file...
2025-06-27 19:32:36,077 - INFO - Added prompt from line 295 to batch.
2025-06-27 19:32:36,077 - INFO - Reading line 296 from input file...
2025-06-27 19:32:36,077 - INFO - Added prompt from line 296 to batch.
2025-06-27 19:32:36,077 - INFO - Processing batch of 8 prompts (up to line 296)...
2025-06-27 19:32:36,077 - INFO - Generating rankings for batch of 8 pairs of prompts. System prompt: 'You are a helpful assistant. Your task is to rank the two provided texts. Please explicitly write which of the two texts is of higher quality by writing the corresponding letter in the output, and nothing else.'
2025-06-27 19:32:36,077 - INFO - First formatted prompt for tokenizer (first 100 chars): '<|begin_of_text|><|start_header_id|>system<|end_header_id|>

Cutting Knowledge Date: December 2023
T...'
2025-06-27 19:32:36,078 - INFO - Input device: cuda:0, preparing to move inputs to device.
2025-06-27 19:32:36,080 - INFO - Batch of inputs tokenized, padded, truncated, and moved to model device.
2025-06-27 19:32:36,080 - INFO - Starting batched model.generate()...
Setting `pad_token_id` to `eos_token_id`:128001 for open-end generation.
2025-06-27 19:32:36,399 - INFO - Batched model.generate() completed.
2025-06-27 19:32:36,399 - INFO - Decoding batch of responses and extracting token probabilities...
2025-06-27 19:32:36,402 - INFO - Input tokens stripped from responses and probabilities extracted.
2025-06-27 19:32:36,403 - INFO - Batch of responses generated.
2025-06-27 19:32:36,404 - INFO - Appended 8 results from batch to /scratch-shared/mschaffelder/data/exp_3/pairwise/small/outputs/llama_8b_multi_source.jsonl
2025-06-27 19:32:36,404 - INFO - Reading line 297 from input file...
2025-06-27 19:32:36,404 - INFO - Added prompt from line 297 to batch.
2025-06-27 19:32:36,404 - INFO - Reading line 298 from input file...
2025-06-27 19:32:36,404 - INFO - Added prompt from line 298 to batch.
2025-06-27 19:32:36,404 - INFO - Reading line 299 from input file...
2025-06-27 19:32:36,404 - INFO - Added prompt from line 299 to batch.
2025-06-27 19:32:36,404 - INFO - Reading line 300 from input file...
2025-06-27 19:32:36,404 - INFO - Added prompt from line 300 to batch.
2025-06-27 19:32:36,404 - INFO - Reading line 301 from input file...
2025-06-27 19:32:36,404 - INFO - Added prompt from line 301 to batch.
2025-06-27 19:32:36,404 - INFO - Reading line 302 from input file...
2025-06-27 19:32:36,405 - INFO - Added prompt from line 302 to batch.
2025-06-27 19:32:36,405 - INFO - Reading line 303 from input file...
2025-06-27 19:32:36,405 - INFO - Added prompt from line 303 to batch.
2025-06-27 19:32:36,405 - INFO - Reading line 304 from input file...
2025-06-27 19:32:36,405 - INFO - Added prompt from line 304 to batch.
2025-06-27 19:32:36,405 - INFO - Processing batch of 8 prompts (up to line 304)...
2025-06-27 19:32:36,405 - INFO - Generating rankings for batch of 8 pairs of prompts. System prompt: 'You are a helpful assistant. Your task is to rank the two provided texts. Please explicitly write which of the two texts is of higher quality by writing the corresponding letter in the output, and nothing else.'
2025-06-27 19:32:36,405 - INFO - First formatted prompt for tokenizer (first 100 chars): '<|begin_of_text|><|start_header_id|>system<|end_header_id|>

Cutting Knowledge Date: December 2023
T...'
2025-06-27 19:32:36,405 - INFO - Input device: cuda:0, preparing to move inputs to device.
2025-06-27 19:32:36,408 - INFO - Batch of inputs tokenized, padded, truncated, and moved to model device.
2025-06-27 19:32:36,408 - INFO - Starting batched model.generate()...
Setting `pad_token_id` to `eos_token_id`:128001 for open-end generation.
2025-06-27 19:32:36,724 - INFO - Batched model.generate() completed.
2025-06-27 19:32:36,724 - INFO - Decoding batch of responses and extracting token probabilities...
2025-06-27 19:32:36,727 - INFO - Input tokens stripped from responses and probabilities extracted.
2025-06-27 19:32:36,727 - INFO - Batch of responses generated.
2025-06-27 19:32:36,729 - INFO - Appended 8 results from batch to /scratch-shared/mschaffelder/data/exp_3/pairwise/small/outputs/llama_8b_multi_source.jsonl
2025-06-27 19:32:36,729 - INFO - Reading line 305 from input file...
2025-06-27 19:32:36,729 - INFO - Added prompt from line 305 to batch.
2025-06-27 19:32:36,729 - INFO - Reading line 306 from input file...
2025-06-27 19:32:36,729 - INFO - Added prompt from line 306 to batch.
2025-06-27 19:32:36,729 - INFO - Reading line 307 from input file...
2025-06-27 19:32:36,729 - INFO - Added prompt from line 307 to batch.
2025-06-27 19:32:36,729 - INFO - Reading line 308 from input file...
2025-06-27 19:32:36,729 - INFO - Added prompt from line 308 to batch.
2025-06-27 19:32:36,729 - INFO - Reading line 309 from input file...
2025-06-27 19:32:36,729 - INFO - Added prompt from line 309 to batch.
2025-06-27 19:32:36,729 - INFO - Reading line 310 from input file...
2025-06-27 19:32:36,729 - INFO - Added prompt from line 310 to batch.
2025-06-27 19:32:36,729 - INFO - Reading line 311 from input file...
2025-06-27 19:32:36,729 - INFO - Added prompt from line 311 to batch.
2025-06-27 19:32:36,729 - INFO - Reading line 312 from input file...
2025-06-27 19:32:36,729 - INFO - Added prompt from line 312 to batch.
2025-06-27 19:32:36,729 - INFO - Processing batch of 8 prompts (up to line 312)...
2025-06-27 19:32:36,729 - INFO - Generating rankings for batch of 8 pairs of prompts. System prompt: 'You are a helpful assistant. Your task is to rank the two provided texts. Please explicitly write which of the two texts is of higher quality by writing the corresponding letter in the output, and nothing else.'
2025-06-27 19:32:36,730 - INFO - First formatted prompt for tokenizer (first 100 chars): '<|begin_of_text|><|start_header_id|>system<|end_header_id|>

Cutting Knowledge Date: December 2023
T...'
2025-06-27 19:32:36,730 - INFO - Input device: cuda:0, preparing to move inputs to device.
2025-06-27 19:32:36,733 - INFO - Batch of inputs tokenized, padded, truncated, and moved to model device.
2025-06-27 19:32:36,733 - INFO - Starting batched model.generate()...
Setting `pad_token_id` to `eos_token_id`:128001 for open-end generation.
2025-06-27 19:32:37,113 - INFO - Batched model.generate() completed.
2025-06-27 19:32:37,113 - INFO - Decoding batch of responses and extracting token probabilities...
2025-06-27 19:32:37,117 - INFO - Input tokens stripped from responses and probabilities extracted.
2025-06-27 19:32:37,117 - INFO - Batch of responses generated.
2025-06-27 19:32:37,119 - INFO - Appended 8 results from batch to /scratch-shared/mschaffelder/data/exp_3/pairwise/small/outputs/llama_8b_multi_source.jsonl
2025-06-27 19:32:37,119 - INFO - Reading line 313 from input file...
2025-06-27 19:32:37,119 - INFO - Added prompt from line 313 to batch.
2025-06-27 19:32:37,119 - INFO - Reading line 314 from input file...
2025-06-27 19:32:37,119 - INFO - Added prompt from line 314 to batch.
2025-06-27 19:32:37,119 - INFO - Reading line 315 from input file...
2025-06-27 19:32:37,119 - INFO - Added prompt from line 315 to batch.
2025-06-27 19:32:37,119 - INFO - Reading line 316 from input file...
2025-06-27 19:32:37,119 - INFO - Added prompt from line 316 to batch.
2025-06-27 19:32:37,119 - INFO - Reading line 317 from input file...
2025-06-27 19:32:37,119 - INFO - Added prompt from line 317 to batch.
2025-06-27 19:32:37,119 - INFO - Reading line 318 from input file...
2025-06-27 19:32:37,119 - INFO - Added prompt from line 318 to batch.
2025-06-27 19:32:37,119 - INFO - Reading line 319 from input file...
2025-06-27 19:32:37,119 - INFO - Added prompt from line 319 to batch.
2025-06-27 19:32:37,119 - INFO - Reading line 320 from input file...
2025-06-27 19:32:37,119 - INFO - Added prompt from line 320 to batch.
2025-06-27 19:32:37,119 - INFO - Processing batch of 8 prompts (up to line 320)...
2025-06-27 19:32:37,119 - INFO - Generating rankings for batch of 8 pairs of prompts. System prompt: 'You are a helpful assistant. Your task is to rank the two provided texts. Please explicitly write which of the two texts is of higher quality by writing the corresponding letter in the output, and nothing else.'
2025-06-27 19:32:37,120 - INFO - First formatted prompt for tokenizer (first 100 chars): '<|begin_of_text|><|start_header_id|>system<|end_header_id|>

Cutting Knowledge Date: December 2023
T...'
2025-06-27 19:32:37,120 - INFO - Input device: cuda:0, preparing to move inputs to device.
2025-06-27 19:32:37,122 - INFO - Batch of inputs tokenized, padded, truncated, and moved to model device.
2025-06-27 19:32:37,122 - INFO - Starting batched model.generate()...
Setting `pad_token_id` to `eos_token_id`:128001 for open-end generation.
2025-06-27 19:32:37,436 - INFO - Batched model.generate() completed.
2025-06-27 19:32:37,436 - INFO - Decoding batch of responses and extracting token probabilities...
2025-06-27 19:32:37,440 - INFO - Input tokens stripped from responses and probabilities extracted.
2025-06-27 19:32:37,440 - INFO - Batch of responses generated.
2025-06-27 19:32:37,442 - INFO - Appended 8 results from batch to /scratch-shared/mschaffelder/data/exp_3/pairwise/small/outputs/llama_8b_multi_source.jsonl
2025-06-27 19:32:37,442 - INFO - Reading line 321 from input file...
2025-06-27 19:32:37,442 - INFO - Added prompt from line 321 to batch.
2025-06-27 19:32:37,442 - INFO - Reading line 322 from input file...
2025-06-27 19:32:37,442 - INFO - Added prompt from line 322 to batch.
2025-06-27 19:32:37,442 - INFO - Reading line 323 from input file...
2025-06-27 19:32:37,442 - INFO - Added prompt from line 323 to batch.
2025-06-27 19:32:37,442 - INFO - Reading line 324 from input file...
2025-06-27 19:32:37,443 - INFO - Added prompt from line 324 to batch.
2025-06-27 19:32:37,443 - INFO - Reading line 325 from input file...
2025-06-27 19:32:37,443 - INFO - Added prompt from line 325 to batch.
2025-06-27 19:32:37,443 - INFO - Reading line 326 from input file...
2025-06-27 19:32:37,443 - INFO - Added prompt from line 326 to batch.
2025-06-27 19:32:37,443 - INFO - Reading line 327 from input file...
2025-06-27 19:32:37,443 - INFO - Added prompt from line 327 to batch.
2025-06-27 19:32:37,443 - INFO - Reading line 328 from input file...
2025-06-27 19:32:37,443 - INFO - Added prompt from line 328 to batch.
2025-06-27 19:32:37,443 - INFO - Processing batch of 8 prompts (up to line 328)...
2025-06-27 19:32:37,443 - INFO - Generating rankings for batch of 8 pairs of prompts. System prompt: 'You are a helpful assistant. Your task is to rank the two provided texts. Please explicitly write which of the two texts is of higher quality by writing the corresponding letter in the output, and nothing else.'
2025-06-27 19:32:37,443 - INFO - First formatted prompt for tokenizer (first 100 chars): '<|begin_of_text|><|start_header_id|>system<|end_header_id|>

Cutting Knowledge Date: December 2023
T...'
2025-06-27 19:32:37,443 - INFO - Input device: cuda:0, preparing to move inputs to device.
2025-06-27 19:32:37,446 - INFO - Batch of inputs tokenized, padded, truncated, and moved to model device.
2025-06-27 19:32:37,447 - INFO - Starting batched model.generate()...
Setting `pad_token_id` to `eos_token_id`:128001 for open-end generation.
2025-06-27 19:32:38,163 - INFO - Batched model.generate() completed.
2025-06-27 19:32:38,164 - INFO - Decoding batch of responses and extracting token probabilities...
2025-06-27 19:32:38,172 - INFO - Input tokens stripped from responses and probabilities extracted.
2025-06-27 19:32:38,172 - INFO - Batch of responses generated.
2025-06-27 19:32:38,174 - INFO - Appended 8 results from batch to /scratch-shared/mschaffelder/data/exp_3/pairwise/small/outputs/llama_8b_multi_source.jsonl
2025-06-27 19:32:38,174 - INFO - Reading line 329 from input file...
2025-06-27 19:32:38,174 - INFO - Added prompt from line 329 to batch.
2025-06-27 19:32:38,174 - INFO - Reading line 330 from input file...
2025-06-27 19:32:38,174 - INFO - Added prompt from line 330 to batch.
2025-06-27 19:32:38,174 - INFO - Reading line 331 from input file...
2025-06-27 19:32:38,174 - INFO - Added prompt from line 331 to batch.
2025-06-27 19:32:38,174 - INFO - Reading line 332 from input file...
2025-06-27 19:32:38,174 - INFO - Added prompt from line 332 to batch.
2025-06-27 19:32:38,174 - INFO - Reading line 333 from input file...
2025-06-27 19:32:38,174 - INFO - Added prompt from line 333 to batch.
2025-06-27 19:32:38,174 - INFO - Reading line 334 from input file...
2025-06-27 19:32:38,174 - INFO - Added prompt from line 334 to batch.
2025-06-27 19:32:38,174 - INFO - Reading line 335 from input file...
2025-06-27 19:32:38,174 - INFO - Added prompt from line 335 to batch.
2025-06-27 19:32:38,174 - INFO - Reading line 336 from input file...
2025-06-27 19:32:38,174 - INFO - Added prompt from line 336 to batch.
2025-06-27 19:32:38,174 - INFO - Processing batch of 8 prompts (up to line 336)...
2025-06-27 19:32:38,174 - INFO - Generating rankings for batch of 8 pairs of prompts. System prompt: 'You are a helpful assistant. Your task is to rank the two provided texts. Please explicitly write which of the two texts is of higher quality by writing the corresponding letter in the output, and nothing else.'
2025-06-27 19:32:38,175 - INFO - First formatted prompt for tokenizer (first 100 chars): '<|begin_of_text|><|start_header_id|>system<|end_header_id|>

Cutting Knowledge Date: December 2023
T...'
2025-06-27 19:32:38,175 - INFO - Input device: cuda:0, preparing to move inputs to device.
2025-06-27 19:32:38,177 - INFO - Batch of inputs tokenized, padded, truncated, and moved to model device.
2025-06-27 19:32:38,177 - INFO - Starting batched model.generate()...
Setting `pad_token_id` to `eos_token_id`:128001 for open-end generation.
2025-06-27 19:32:38,523 - INFO - Batched model.generate() completed.
2025-06-27 19:32:38,523 - INFO - Decoding batch of responses and extracting token probabilities...
2025-06-27 19:32:38,527 - INFO - Input tokens stripped from responses and probabilities extracted.
2025-06-27 19:32:38,527 - INFO - Batch of responses generated.
2025-06-27 19:32:38,607 - INFO - Appended 8 results from batch to /scratch-shared/mschaffelder/data/exp_3/pairwise/small/outputs/llama_8b_multi_source.jsonl
2025-06-27 19:32:38,607 - INFO - Reading line 337 from input file...
2025-06-27 19:32:38,607 - INFO - Added prompt from line 337 to batch.
2025-06-27 19:32:38,607 - INFO - Reading line 338 from input file...
2025-06-27 19:32:38,607 - INFO - Added prompt from line 338 to batch.
2025-06-27 19:32:38,607 - INFO - Reading line 339 from input file...
2025-06-27 19:32:38,607 - INFO - Added prompt from line 339 to batch.
2025-06-27 19:32:38,608 - INFO - Reading line 340 from input file...
2025-06-27 19:32:38,608 - INFO - Added prompt from line 340 to batch.
2025-06-27 19:32:38,608 - INFO - Reading line 341 from input file...
2025-06-27 19:32:38,608 - INFO - Added prompt from line 341 to batch.
2025-06-27 19:32:38,608 - INFO - Reading line 342 from input file...
2025-06-27 19:32:38,608 - INFO - Added prompt from line 342 to batch.
2025-06-27 19:32:38,608 - INFO - Reading line 343 from input file...
2025-06-27 19:32:38,608 - INFO - Added prompt from line 343 to batch.
2025-06-27 19:32:38,608 - INFO - Reading line 344 from input file...
2025-06-27 19:32:38,608 - INFO - Added prompt from line 344 to batch.
2025-06-27 19:32:38,608 - INFO - Processing batch of 8 prompts (up to line 344)...
2025-06-27 19:32:38,608 - INFO - Generating rankings for batch of 8 pairs of prompts. System prompt: 'You are a helpful assistant. Your task is to rank the two provided texts. Please explicitly write which of the two texts is of higher quality by writing the corresponding letter in the output, and nothing else.'
2025-06-27 19:32:38,608 - INFO - First formatted prompt for tokenizer (first 100 chars): '<|begin_of_text|><|start_header_id|>system<|end_header_id|>

Cutting Knowledge Date: December 2023
T...'
2025-06-27 19:32:38,609 - INFO - Input device: cuda:0, preparing to move inputs to device.
2025-06-27 19:32:38,611 - INFO - Batch of inputs tokenized, padded, truncated, and moved to model device.
2025-06-27 19:32:38,611 - INFO - Starting batched model.generate()...
Setting `pad_token_id` to `eos_token_id`:128001 for open-end generation.
2025-06-27 19:32:38,981 - INFO - Batched model.generate() completed.
2025-06-27 19:32:38,981 - INFO - Decoding batch of responses and extracting token probabilities...
2025-06-27 19:32:38,985 - INFO - Input tokens stripped from responses and probabilities extracted.
2025-06-27 19:32:38,985 - INFO - Batch of responses generated.
2025-06-27 19:32:39,463 - INFO - Appended 8 results from batch to /scratch-shared/mschaffelder/data/exp_3/pairwise/small/outputs/llama_8b_multi_source.jsonl
2025-06-27 19:32:39,463 - INFO - Reading line 345 from input file...
2025-06-27 19:32:39,463 - INFO - Added prompt from line 345 to batch.
2025-06-27 19:32:39,463 - INFO - Reading line 346 from input file...
2025-06-27 19:32:39,463 - INFO - Added prompt from line 346 to batch.
2025-06-27 19:32:39,463 - INFO - Reading line 347 from input file...
2025-06-27 19:32:39,463 - INFO - Added prompt from line 347 to batch.
2025-06-27 19:32:39,463 - INFO - Reading line 348 from input file...
2025-06-27 19:32:39,463 - INFO - Added prompt from line 348 to batch.
2025-06-27 19:32:39,463 - INFO - Reading line 349 from input file...
2025-06-27 19:32:39,463 - INFO - Added prompt from line 349 to batch.
2025-06-27 19:32:39,463 - INFO - Reading line 350 from input file...
2025-06-27 19:32:39,464 - INFO - Added prompt from line 350 to batch.
2025-06-27 19:32:39,464 - INFO - Reading line 351 from input file...
2025-06-27 19:32:39,464 - INFO - Added prompt from line 351 to batch.
2025-06-27 19:32:39,464 - INFO - Reading line 352 from input file...
2025-06-27 19:32:39,464 - INFO - Added prompt from line 352 to batch.
2025-06-27 19:32:39,464 - INFO - Processing batch of 8 prompts (up to line 352)...
2025-06-27 19:32:39,464 - INFO - Generating rankings for batch of 8 pairs of prompts. System prompt: 'You are a helpful assistant. Your task is to rank the two provided texts. Please explicitly write which of the two texts is of higher quality by writing the corresponding letter in the output, and nothing else.'
2025-06-27 19:32:39,464 - INFO - First formatted prompt for tokenizer (first 100 chars): '<|begin_of_text|><|start_header_id|>system<|end_header_id|>

Cutting Knowledge Date: December 2023
T...'
2025-06-27 19:32:39,464 - INFO - Input device: cuda:0, preparing to move inputs to device.
2025-06-27 19:32:39,467 - INFO - Batch of inputs tokenized, padded, truncated, and moved to model device.
2025-06-27 19:32:39,467 - INFO - Starting batched model.generate()...
Setting `pad_token_id` to `eos_token_id`:128001 for open-end generation.
2025-06-27 19:32:39,793 - INFO - Batched model.generate() completed.
2025-06-27 19:32:39,793 - INFO - Decoding batch of responses and extracting token probabilities...
2025-06-27 19:32:39,796 - INFO - Input tokens stripped from responses and probabilities extracted.
2025-06-27 19:32:39,796 - INFO - Batch of responses generated.
2025-06-27 19:32:39,850 - INFO - Appended 8 results from batch to /scratch-shared/mschaffelder/data/exp_3/pairwise/small/outputs/llama_8b_multi_source.jsonl
2025-06-27 19:32:39,850 - INFO - Reading line 353 from input file...
2025-06-27 19:32:39,850 - INFO - Added prompt from line 353 to batch.
2025-06-27 19:32:39,850 - INFO - Reading line 354 from input file...
2025-06-27 19:32:39,850 - INFO - Added prompt from line 354 to batch.
2025-06-27 19:32:39,850 - INFO - Reading line 355 from input file...
2025-06-27 19:32:39,850 - INFO - Added prompt from line 355 to batch.
2025-06-27 19:32:39,851 - INFO - Reading line 356 from input file...
2025-06-27 19:32:39,851 - INFO - Added prompt from line 356 to batch.
2025-06-27 19:32:39,851 - INFO - Reading line 357 from input file...
2025-06-27 19:32:39,851 - INFO - Added prompt from line 357 to batch.
2025-06-27 19:32:39,851 - INFO - Reading line 358 from input file...
2025-06-27 19:32:39,851 - INFO - Added prompt from line 358 to batch.
2025-06-27 19:32:39,851 - INFO - Reading line 359 from input file...
2025-06-27 19:32:39,851 - INFO - Added prompt from line 359 to batch.
2025-06-27 19:32:39,851 - INFO - Reading line 360 from input file...
2025-06-27 19:32:39,851 - INFO - Added prompt from line 360 to batch.
2025-06-27 19:32:39,851 - INFO - Processing batch of 8 prompts (up to line 360)...
2025-06-27 19:32:39,851 - INFO - Generating rankings for batch of 8 pairs of prompts. System prompt: 'You are a helpful assistant. Your task is to rank the two provided texts. Please explicitly write which of the two texts is of higher quality by writing the corresponding letter in the output, and nothing else.'
2025-06-27 19:32:39,851 - INFO - First formatted prompt for tokenizer (first 100 chars): '<|begin_of_text|><|start_header_id|>system<|end_header_id|>

Cutting Knowledge Date: December 2023
T...'
2025-06-27 19:32:39,852 - INFO - Input device: cuda:0, preparing to move inputs to device.
2025-06-27 19:32:39,854 - INFO - Batch of inputs tokenized, padded, truncated, and moved to model device.
2025-06-27 19:32:39,854 - INFO - Starting batched model.generate()...
Setting `pad_token_id` to `eos_token_id`:128001 for open-end generation.
2025-06-27 19:32:40,141 - INFO - Batched model.generate() completed.
2025-06-27 19:32:40,141 - INFO - Decoding batch of responses and extracting token probabilities...
2025-06-27 19:32:40,145 - INFO - Input tokens stripped from responses and probabilities extracted.
2025-06-27 19:32:40,145 - INFO - Batch of responses generated.
2025-06-27 19:32:42,567 - INFO - Appended 8 results from batch to /scratch-shared/mschaffelder/data/exp_3/pairwise/small/outputs/llama_8b_multi_source.jsonl
2025-06-27 19:32:42,567 - INFO - Reading line 361 from input file...
2025-06-27 19:32:42,567 - INFO - Added prompt from line 361 to batch.
2025-06-27 19:32:42,567 - INFO - Reading line 362 from input file...
2025-06-27 19:32:42,567 - INFO - Added prompt from line 362 to batch.
2025-06-27 19:32:42,567 - INFO - Reading line 363 from input file...
2025-06-27 19:32:42,567 - INFO - Added prompt from line 363 to batch.
2025-06-27 19:32:42,567 - INFO - Reading line 364 from input file...
2025-06-27 19:32:42,567 - INFO - Added prompt from line 364 to batch.
2025-06-27 19:32:42,567 - INFO - Reading line 365 from input file...
2025-06-27 19:32:42,567 - INFO - Added prompt from line 365 to batch.
2025-06-27 19:32:42,567 - INFO - Reading line 366 from input file...
2025-06-27 19:32:42,567 - INFO - Added prompt from line 366 to batch.
2025-06-27 19:32:42,567 - INFO - Reading line 367 from input file...
2025-06-27 19:32:42,567 - INFO - Added prompt from line 367 to batch.
2025-06-27 19:32:42,567 - INFO - Reading line 368 from input file...
2025-06-27 19:32:42,567 - INFO - Added prompt from line 368 to batch.
2025-06-27 19:32:42,567 - INFO - Processing batch of 8 prompts (up to line 368)...
2025-06-27 19:32:42,567 - INFO - Generating rankings for batch of 8 pairs of prompts. System prompt: 'You are a helpful assistant. Your task is to rank the two provided texts. Please explicitly write which of the two texts is of higher quality by writing the corresponding letter in the output, and nothing else.'
2025-06-27 19:32:42,568 - INFO - First formatted prompt for tokenizer (first 100 chars): '<|begin_of_text|><|start_header_id|>system<|end_header_id|>

Cutting Knowledge Date: December 2023
T...'
2025-06-27 19:32:42,568 - INFO - Input device: cuda:0, preparing to move inputs to device.
2025-06-27 19:32:42,571 - INFO - Batch of inputs tokenized, padded, truncated, and moved to model device.
2025-06-27 19:32:42,571 - INFO - Starting batched model.generate()...
Setting `pad_token_id` to `eos_token_id`:128001 for open-end generation.
2025-06-27 19:32:42,864 - INFO - Batched model.generate() completed.
2025-06-27 19:32:42,864 - INFO - Decoding batch of responses and extracting token probabilities...
2025-06-27 19:32:42,868 - INFO - Input tokens stripped from responses and probabilities extracted.
2025-06-27 19:32:42,868 - INFO - Batch of responses generated.
2025-06-27 19:32:42,869 - INFO - Appended 8 results from batch to /scratch-shared/mschaffelder/data/exp_3/pairwise/small/outputs/llama_8b_multi_source.jsonl
2025-06-27 19:32:42,869 - INFO - Reading line 369 from input file...
2025-06-27 19:32:42,869 - INFO - Added prompt from line 369 to batch.
2025-06-27 19:32:42,869 - INFO - Reading line 370 from input file...
2025-06-27 19:32:42,869 - INFO - Added prompt from line 370 to batch.
2025-06-27 19:32:42,870 - INFO - Reading line 371 from input file...
2025-06-27 19:32:42,870 - INFO - Added prompt from line 371 to batch.
2025-06-27 19:32:42,870 - INFO - Reading line 372 from input file...
2025-06-27 19:32:42,870 - INFO - Added prompt from line 372 to batch.
2025-06-27 19:32:42,870 - INFO - Reading line 373 from input file...
2025-06-27 19:32:42,870 - INFO - Added prompt from line 373 to batch.
2025-06-27 19:32:42,870 - INFO - Reading line 374 from input file...
2025-06-27 19:32:42,870 - INFO - Added prompt from line 374 to batch.
2025-06-27 19:32:42,870 - INFO - Reading line 375 from input file...
2025-06-27 19:32:42,870 - INFO - Added prompt from line 375 to batch.
2025-06-27 19:32:42,870 - INFO - Reading line 376 from input file...
2025-06-27 19:32:42,870 - INFO - Added prompt from line 376 to batch.
2025-06-27 19:32:42,870 - INFO - Processing batch of 8 prompts (up to line 376)...
2025-06-27 19:32:42,870 - INFO - Generating rankings for batch of 8 pairs of prompts. System prompt: 'You are a helpful assistant. Your task is to rank the two provided texts. Please explicitly write which of the two texts is of higher quality by writing the corresponding letter in the output, and nothing else.'
2025-06-27 19:32:42,870 - INFO - First formatted prompt for tokenizer (first 100 chars): '<|begin_of_text|><|start_header_id|>system<|end_header_id|>

Cutting Knowledge Date: December 2023
T...'
2025-06-27 19:32:42,871 - INFO - Input device: cuda:0, preparing to move inputs to device.
2025-06-27 19:32:42,873 - INFO - Batch of inputs tokenized, padded, truncated, and moved to model device.
2025-06-27 19:32:42,873 - INFO - Starting batched model.generate()...
Setting `pad_token_id` to `eos_token_id`:128001 for open-end generation.
2025-06-27 19:32:43,195 - INFO - Batched model.generate() completed.
2025-06-27 19:32:43,196 - INFO - Decoding batch of responses and extracting token probabilities...
2025-06-27 19:32:43,199 - INFO - Input tokens stripped from responses and probabilities extracted.
2025-06-27 19:32:43,200 - INFO - Batch of responses generated.
2025-06-27 19:32:43,451 - INFO - Appended 8 results from batch to /scratch-shared/mschaffelder/data/exp_3/pairwise/small/outputs/llama_8b_multi_source.jsonl
2025-06-27 19:32:43,451 - INFO - Reading line 377 from input file...
2025-06-27 19:32:43,451 - INFO - Added prompt from line 377 to batch.
2025-06-27 19:32:43,451 - INFO - Reading line 378 from input file...
2025-06-27 19:32:43,451 - INFO - Added prompt from line 378 to batch.
2025-06-27 19:32:43,451 - INFO - Reading line 379 from input file...
2025-06-27 19:32:43,451 - INFO - Added prompt from line 379 to batch.
2025-06-27 19:32:43,451 - INFO - Reading line 380 from input file...
2025-06-27 19:32:43,451 - INFO - Added prompt from line 380 to batch.
2025-06-27 19:32:43,451 - INFO - Reading line 381 from input file...
2025-06-27 19:32:43,451 - INFO - Added prompt from line 381 to batch.
2025-06-27 19:32:43,451 - INFO - Reading line 382 from input file...
2025-06-27 19:32:43,451 - INFO - Added prompt from line 382 to batch.
2025-06-27 19:32:43,451 - INFO - Reading line 383 from input file...
2025-06-27 19:32:43,451 - INFO - Added prompt from line 383 to batch.
2025-06-27 19:32:43,451 - INFO - Reading line 384 from input file...
2025-06-27 19:32:43,451 - INFO - Added prompt from line 384 to batch.
2025-06-27 19:32:43,451 - INFO - Processing batch of 8 prompts (up to line 384)...
2025-06-27 19:32:43,451 - INFO - Generating rankings for batch of 8 pairs of prompts. System prompt: 'You are a helpful assistant. Your task is to rank the two provided texts. Please explicitly write which of the two texts is of higher quality by writing the corresponding letter in the output, and nothing else.'
2025-06-27 19:32:43,452 - INFO - First formatted prompt for tokenizer (first 100 chars): '<|begin_of_text|><|start_header_id|>system<|end_header_id|>

Cutting Knowledge Date: December 2023
T...'
2025-06-27 19:32:43,452 - INFO - Input device: cuda:0, preparing to move inputs to device.
2025-06-27 19:32:43,455 - INFO - Batch of inputs tokenized, padded, truncated, and moved to model device.
2025-06-27 19:32:43,455 - INFO - Starting batched model.generate()...
Setting `pad_token_id` to `eos_token_id`:128001 for open-end generation.
2025-06-27 19:32:43,796 - INFO - Batched model.generate() completed.
2025-06-27 19:32:43,796 - INFO - Decoding batch of responses and extracting token probabilities...
2025-06-27 19:32:43,800 - INFO - Input tokens stripped from responses and probabilities extracted.
2025-06-27 19:32:43,800 - INFO - Batch of responses generated.
2025-06-27 19:32:43,801 - INFO - Appended 8 results from batch to /scratch-shared/mschaffelder/data/exp_3/pairwise/small/outputs/llama_8b_multi_source.jsonl
2025-06-27 19:32:43,801 - INFO - Reading line 385 from input file...
2025-06-27 19:32:43,801 - INFO - Added prompt from line 385 to batch.
2025-06-27 19:32:43,801 - INFO - Reading line 386 from input file...
2025-06-27 19:32:43,801 - INFO - Added prompt from line 386 to batch.
2025-06-27 19:32:43,801 - INFO - Reading line 387 from input file...
2025-06-27 19:32:43,801 - INFO - Added prompt from line 387 to batch.
2025-06-27 19:32:43,801 - INFO - Reading line 388 from input file...
2025-06-27 19:32:43,801 - INFO - Added prompt from line 388 to batch.
2025-06-27 19:32:43,801 - INFO - Reading line 389 from input file...
2025-06-27 19:32:43,801 - INFO - Added prompt from line 389 to batch.
2025-06-27 19:32:43,801 - INFO - Reading line 390 from input file...
2025-06-27 19:32:43,801 - INFO - Added prompt from line 390 to batch.
2025-06-27 19:32:43,801 - INFO - Reading line 391 from input file...
2025-06-27 19:32:43,801 - INFO - Added prompt from line 391 to batch.
2025-06-27 19:32:43,801 - INFO - Reading line 392 from input file...
2025-06-27 19:32:43,801 - INFO - Added prompt from line 392 to batch.
2025-06-27 19:32:43,801 - INFO - Processing batch of 8 prompts (up to line 392)...
2025-06-27 19:32:43,801 - INFO - Generating rankings for batch of 8 pairs of prompts. System prompt: 'You are a helpful assistant. Your task is to rank the two provided texts. Please explicitly write which of the two texts is of higher quality by writing the corresponding letter in the output, and nothing else.'
2025-06-27 19:32:43,802 - INFO - First formatted prompt for tokenizer (first 100 chars): '<|begin_of_text|><|start_header_id|>system<|end_header_id|>

Cutting Knowledge Date: December 2023
T...'
2025-06-27 19:32:43,802 - INFO - Input device: cuda:0, preparing to move inputs to device.
2025-06-27 19:32:43,804 - INFO - Batch of inputs tokenized, padded, truncated, and moved to model device.
2025-06-27 19:32:43,804 - INFO - Starting batched model.generate()...
Setting `pad_token_id` to `eos_token_id`:128001 for open-end generation.
2025-06-27 19:32:44,137 - INFO - Batched model.generate() completed.
2025-06-27 19:32:44,137 - INFO - Decoding batch of responses and extracting token probabilities...
2025-06-27 19:32:44,141 - INFO - Input tokens stripped from responses and probabilities extracted.
2025-06-27 19:32:44,141 - INFO - Batch of responses generated.
2025-06-27 19:32:44,142 - INFO - Appended 8 results from batch to /scratch-shared/mschaffelder/data/exp_3/pairwise/small/outputs/llama_8b_multi_source.jsonl
2025-06-27 19:32:44,142 - INFO - Reading line 393 from input file...
2025-06-27 19:32:44,142 - INFO - Added prompt from line 393 to batch.
2025-06-27 19:32:44,142 - INFO - Reading line 394 from input file...
2025-06-27 19:32:44,142 - INFO - Added prompt from line 394 to batch.
2025-06-27 19:32:44,142 - INFO - Reading line 395 from input file...
2025-06-27 19:32:44,142 - INFO - Added prompt from line 395 to batch.
2025-06-27 19:32:44,142 - INFO - Reading line 396 from input file...
2025-06-27 19:32:44,142 - INFO - Added prompt from line 396 to batch.
2025-06-27 19:32:44,142 - INFO - Reading line 397 from input file...
2025-06-27 19:32:44,142 - INFO - Added prompt from line 397 to batch.
2025-06-27 19:32:44,142 - INFO - Reading line 398 from input file...
2025-06-27 19:32:44,143 - INFO - Added prompt from line 398 to batch.
2025-06-27 19:32:44,143 - INFO - Reading line 399 from input file...
2025-06-27 19:32:44,143 - INFO - Added prompt from line 399 to batch.
2025-06-27 19:32:44,143 - INFO - Reading line 400 from input file...
2025-06-27 19:32:44,143 - INFO - Added prompt from line 400 to batch.
2025-06-27 19:32:44,143 - INFO - Processing batch of 8 prompts (up to line 400)...
2025-06-27 19:32:44,143 - INFO - Generating rankings for batch of 8 pairs of prompts. System prompt: 'You are a helpful assistant. Your task is to rank the two provided texts. Please explicitly write which of the two texts is of higher quality by writing the corresponding letter in the output, and nothing else.'
2025-06-27 19:32:44,143 - INFO - First formatted prompt for tokenizer (first 100 chars): '<|begin_of_text|><|start_header_id|>system<|end_header_id|>

Cutting Knowledge Date: December 2023
T...'
2025-06-27 19:32:44,143 - INFO - Input device: cuda:0, preparing to move inputs to device.
2025-06-27 19:32:44,145 - INFO - Batch of inputs tokenized, padded, truncated, and moved to model device.
2025-06-27 19:32:44,145 - INFO - Starting batched model.generate()...
Setting `pad_token_id` to `eos_token_id`:128001 for open-end generation.
2025-06-27 19:32:44,372 - INFO - Batched model.generate() completed.
2025-06-27 19:32:44,372 - INFO - Decoding batch of responses and extracting token probabilities...
2025-06-27 19:32:44,376 - INFO - Input tokens stripped from responses and probabilities extracted.
2025-06-27 19:32:44,376 - INFO - Batch of responses generated.
2025-06-27 19:32:44,703 - INFO - Appended 8 results from batch to /scratch-shared/mschaffelder/data/exp_3/pairwise/small/outputs/llama_8b_multi_source.jsonl
2025-06-27 19:32:44,703 - INFO - Reading line 401 from input file...
2025-06-27 19:32:44,703 - INFO - Added prompt from line 401 to batch.
2025-06-27 19:32:44,703 - INFO - Reading line 402 from input file...
2025-06-27 19:32:44,703 - INFO - Added prompt from line 402 to batch.
2025-06-27 19:32:44,703 - INFO - Reading line 403 from input file...
2025-06-27 19:32:44,703 - INFO - Added prompt from line 403 to batch.
2025-06-27 19:32:44,704 - INFO - Reading line 404 from input file...
2025-06-27 19:32:44,704 - INFO - Added prompt from line 404 to batch.
2025-06-27 19:32:44,704 - INFO - Reading line 405 from input file...
2025-06-27 19:32:44,704 - INFO - Added prompt from line 405 to batch.
2025-06-27 19:32:44,704 - INFO - Reading line 406 from input file...
2025-06-27 19:32:44,704 - INFO - Added prompt from line 406 to batch.
2025-06-27 19:32:44,704 - INFO - Reading line 407 from input file...
2025-06-27 19:32:44,704 - INFO - Added prompt from line 407 to batch.
2025-06-27 19:32:44,704 - INFO - Reading line 408 from input file...
2025-06-27 19:32:44,704 - INFO - Added prompt from line 408 to batch.
2025-06-27 19:32:44,704 - INFO - Processing batch of 8 prompts (up to line 408)...
2025-06-27 19:32:44,704 - INFO - Generating rankings for batch of 8 pairs of prompts. System prompt: 'You are a helpful assistant. Your task is to rank the two provided texts. Please explicitly write which of the two texts is of higher quality by writing the corresponding letter in the output, and nothing else.'
2025-06-27 19:32:44,704 - INFO - First formatted prompt for tokenizer (first 100 chars): '<|begin_of_text|><|start_header_id|>system<|end_header_id|>

Cutting Knowledge Date: December 2023
T...'
2025-06-27 19:32:44,705 - INFO - Input device: cuda:0, preparing to move inputs to device.
2025-06-27 19:32:44,707 - INFO - Batch of inputs tokenized, padded, truncated, and moved to model device.
2025-06-27 19:32:44,707 - INFO - Starting batched model.generate()...
Setting `pad_token_id` to `eos_token_id`:128001 for open-end generation.
2025-06-27 19:32:45,037 - INFO - Batched model.generate() completed.
2025-06-27 19:32:45,038 - INFO - Decoding batch of responses and extracting token probabilities...
2025-06-27 19:32:45,041 - INFO - Input tokens stripped from responses and probabilities extracted.
2025-06-27 19:32:45,041 - INFO - Batch of responses generated.
2025-06-27 19:32:45,043 - INFO - Appended 8 results from batch to /scratch-shared/mschaffelder/data/exp_3/pairwise/small/outputs/llama_8b_multi_source.jsonl
2025-06-27 19:32:45,043 - INFO - Reading line 409 from input file...
2025-06-27 19:32:45,043 - INFO - Added prompt from line 409 to batch.
2025-06-27 19:32:45,043 - INFO - Reading line 410 from input file...
2025-06-27 19:32:45,043 - INFO - Added prompt from line 410 to batch.
2025-06-27 19:32:45,043 - INFO - Reading line 411 from input file...
2025-06-27 19:32:45,043 - INFO - Added prompt from line 411 to batch.
2025-06-27 19:32:45,043 - INFO - Reading line 412 from input file...
2025-06-27 19:32:45,043 - INFO - Added prompt from line 412 to batch.
2025-06-27 19:32:45,043 - INFO - Reading line 413 from input file...
2025-06-27 19:32:45,043 - INFO - Added prompt from line 413 to batch.
2025-06-27 19:32:45,043 - INFO - Reading line 414 from input file...
2025-06-27 19:32:45,043 - INFO - Added prompt from line 414 to batch.
2025-06-27 19:32:45,043 - INFO - Reading line 415 from input file...
2025-06-27 19:32:45,043 - INFO - Added prompt from line 415 to batch.
2025-06-27 19:32:45,043 - INFO - Reading line 416 from input file...
2025-06-27 19:32:45,043 - INFO - Added prompt from line 416 to batch.
2025-06-27 19:32:45,043 - INFO - Processing batch of 8 prompts (up to line 416)...
2025-06-27 19:32:45,043 - INFO - Generating rankings for batch of 8 pairs of prompts. System prompt: 'You are a helpful assistant. Your task is to rank the two provided texts. Please explicitly write which of the two texts is of higher quality by writing the corresponding letter in the output, and nothing else.'
2025-06-27 19:32:45,044 - INFO - First formatted prompt for tokenizer (first 100 chars): '<|begin_of_text|><|start_header_id|>system<|end_header_id|>

Cutting Knowledge Date: December 2023
T...'
2025-06-27 19:32:45,044 - INFO - Input device: cuda:0, preparing to move inputs to device.
2025-06-27 19:32:45,046 - INFO - Batch of inputs tokenized, padded, truncated, and moved to model device.
2025-06-27 19:32:45,046 - INFO - Starting batched model.generate()...
Setting `pad_token_id` to `eos_token_id`:128001 for open-end generation.
2025-06-27 19:32:45,322 - INFO - Batched model.generate() completed.
2025-06-27 19:32:45,322 - INFO - Decoding batch of responses and extracting token probabilities...
2025-06-27 19:32:45,325 - INFO - Input tokens stripped from responses and probabilities extracted.
2025-06-27 19:32:45,326 - INFO - Batch of responses generated.
2025-06-27 19:32:45,327 - INFO - Appended 8 results from batch to /scratch-shared/mschaffelder/data/exp_3/pairwise/small/outputs/llama_8b_multi_source.jsonl
2025-06-27 19:32:45,327 - INFO - Reading line 417 from input file...
2025-06-27 19:32:45,327 - INFO - Added prompt from line 417 to batch.
2025-06-27 19:32:45,327 - INFO - Reading line 418 from input file...
2025-06-27 19:32:45,327 - INFO - Added prompt from line 418 to batch.
2025-06-27 19:32:45,327 - INFO - Reading line 419 from input file...
2025-06-27 19:32:45,327 - INFO - Added prompt from line 419 to batch.
2025-06-27 19:32:45,327 - INFO - Reading line 420 from input file...
2025-06-27 19:32:45,327 - INFO - Added prompt from line 420 to batch.
2025-06-27 19:32:45,327 - INFO - Reading line 421 from input file...
2025-06-27 19:32:45,327 - INFO - Added prompt from line 421 to batch.
2025-06-27 19:32:45,327 - INFO - Reading line 422 from input file...
2025-06-27 19:32:45,327 - INFO - Added prompt from line 422 to batch.
2025-06-27 19:32:45,327 - INFO - Reading line 423 from input file...
2025-06-27 19:32:45,327 - INFO - Added prompt from line 423 to batch.
2025-06-27 19:32:45,327 - INFO - Reading line 424 from input file...
2025-06-27 19:32:45,327 - INFO - Added prompt from line 424 to batch.
2025-06-27 19:32:45,327 - INFO - Processing batch of 8 prompts (up to line 424)...
2025-06-27 19:32:45,327 - INFO - Generating rankings for batch of 8 pairs of prompts. System prompt: 'You are a helpful assistant. Your task is to rank the two provided texts. Please explicitly write which of the two texts is of higher quality by writing the corresponding letter in the output, and nothing else.'
2025-06-27 19:32:45,328 - INFO - First formatted prompt for tokenizer (first 100 chars): '<|begin_of_text|><|start_header_id|>system<|end_header_id|>

Cutting Knowledge Date: December 2023
T...'
2025-06-27 19:32:45,328 - INFO - Input device: cuda:0, preparing to move inputs to device.
2025-06-27 19:32:45,331 - INFO - Batch of inputs tokenized, padded, truncated, and moved to model device.
2025-06-27 19:32:45,331 - INFO - Starting batched model.generate()...
Setting `pad_token_id` to `eos_token_id`:128001 for open-end generation.
2025-06-27 19:32:45,713 - INFO - Batched model.generate() completed.
2025-06-27 19:32:45,713 - INFO - Decoding batch of responses and extracting token probabilities...
2025-06-27 19:32:45,717 - INFO - Input tokens stripped from responses and probabilities extracted.
2025-06-27 19:32:45,717 - INFO - Batch of responses generated.
2025-06-27 19:32:45,718 - INFO - Appended 8 results from batch to /scratch-shared/mschaffelder/data/exp_3/pairwise/small/outputs/llama_8b_multi_source.jsonl
2025-06-27 19:32:45,718 - INFO - Reading line 425 from input file...
2025-06-27 19:32:45,718 - INFO - Added prompt from line 425 to batch.
2025-06-27 19:32:45,718 - INFO - Reading line 426 from input file...
2025-06-27 19:32:45,718 - INFO - Added prompt from line 426 to batch.
2025-06-27 19:32:45,718 - INFO - Reading line 427 from input file...
2025-06-27 19:32:45,718 - INFO - Added prompt from line 427 to batch.
2025-06-27 19:32:45,718 - INFO - Reading line 428 from input file...
2025-06-27 19:32:45,718 - INFO - Added prompt from line 428 to batch.
2025-06-27 19:32:45,718 - INFO - Reading line 429 from input file...
2025-06-27 19:32:45,718 - INFO - Added prompt from line 429 to batch.
2025-06-27 19:32:45,718 - INFO - Reading line 430 from input file...
2025-06-27 19:32:45,718 - INFO - Added prompt from line 430 to batch.
2025-06-27 19:32:45,718 - INFO - Reading line 431 from input file...
2025-06-27 19:32:45,718 - INFO - Added prompt from line 431 to batch.
2025-06-27 19:32:45,718 - INFO - Reading line 432 from input file...
2025-06-27 19:32:45,718 - INFO - Added prompt from line 432 to batch.
2025-06-27 19:32:45,718 - INFO - Processing batch of 8 prompts (up to line 432)...
2025-06-27 19:32:45,718 - INFO - Generating rankings for batch of 8 pairs of prompts. System prompt: 'You are a helpful assistant. Your task is to rank the two provided texts. Please explicitly write which of the two texts is of higher quality by writing the corresponding letter in the output, and nothing else.'
2025-06-27 19:32:45,719 - INFO - First formatted prompt for tokenizer (first 100 chars): '<|begin_of_text|><|start_header_id|>system<|end_header_id|>

Cutting Knowledge Date: December 2023
T...'
2025-06-27 19:32:45,719 - INFO - Input device: cuda:0, preparing to move inputs to device.
2025-06-27 19:32:45,722 - INFO - Batch of inputs tokenized, padded, truncated, and moved to model device.
2025-06-27 19:32:45,722 - INFO - Starting batched model.generate()...
Setting `pad_token_id` to `eos_token_id`:128001 for open-end generation.
2025-06-27 19:32:46,087 - INFO - Batched model.generate() completed.
2025-06-27 19:32:46,087 - INFO - Decoding batch of responses and extracting token probabilities...
2025-06-27 19:32:46,091 - INFO - Input tokens stripped from responses and probabilities extracted.
2025-06-27 19:32:46,092 - INFO - Batch of responses generated.
2025-06-27 19:32:46,849 - INFO - Appended 8 results from batch to /scratch-shared/mschaffelder/data/exp_3/pairwise/small/outputs/llama_8b_multi_source.jsonl
2025-06-27 19:32:46,849 - INFO - Reading line 433 from input file...
2025-06-27 19:32:46,849 - INFO - Added prompt from line 433 to batch.
2025-06-27 19:32:46,849 - INFO - Reading line 434 from input file...
2025-06-27 19:32:46,849 - INFO - Added prompt from line 434 to batch.
2025-06-27 19:32:46,849 - INFO - Reading line 435 from input file...
2025-06-27 19:32:46,849 - INFO - Added prompt from line 435 to batch.
2025-06-27 19:32:46,849 - INFO - Reading line 436 from input file...
2025-06-27 19:32:46,849 - INFO - Added prompt from line 436 to batch.
2025-06-27 19:32:46,849 - INFO - Reading line 437 from input file...
2025-06-27 19:32:46,849 - INFO - Added prompt from line 437 to batch.
2025-06-27 19:32:46,849 - INFO - Reading line 438 from input file...
2025-06-27 19:32:46,849 - INFO - Added prompt from line 438 to batch.
2025-06-27 19:32:46,849 - INFO - Reading line 439 from input file...
2025-06-27 19:32:46,849 - INFO - Added prompt from line 439 to batch.
2025-06-27 19:32:46,849 - INFO - Reading line 440 from input file...
2025-06-27 19:32:46,849 - INFO - Added prompt from line 440 to batch.
2025-06-27 19:32:46,849 - INFO - Processing batch of 8 prompts (up to line 440)...
2025-06-27 19:32:46,849 - INFO - Generating rankings for batch of 8 pairs of prompts. System prompt: 'You are a helpful assistant. Your task is to rank the two provided texts. Please explicitly write which of the two texts is of higher quality by writing the corresponding letter in the output, and nothing else.'
2025-06-27 19:32:46,850 - INFO - First formatted prompt for tokenizer (first 100 chars): '<|begin_of_text|><|start_header_id|>system<|end_header_id|>

Cutting Knowledge Date: December 2023
T...'
2025-06-27 19:32:46,850 - INFO - Input device: cuda:0, preparing to move inputs to device.
2025-06-27 19:32:46,852 - INFO - Batch of inputs tokenized, padded, truncated, and moved to model device.
2025-06-27 19:32:46,853 - INFO - Starting batched model.generate()...
Setting `pad_token_id` to `eos_token_id`:128001 for open-end generation.
2025-06-27 19:32:47,119 - INFO - Batched model.generate() completed.
2025-06-27 19:32:47,119 - INFO - Decoding batch of responses and extracting token probabilities...
2025-06-27 19:32:47,122 - INFO - Input tokens stripped from responses and probabilities extracted.
2025-06-27 19:32:47,122 - INFO - Batch of responses generated.
2025-06-27 19:32:47,124 - INFO - Appended 8 results from batch to /scratch-shared/mschaffelder/data/exp_3/pairwise/small/outputs/llama_8b_multi_source.jsonl
2025-06-27 19:32:47,124 - INFO - Reading line 441 from input file...
2025-06-27 19:32:47,124 - INFO - Added prompt from line 441 to batch.
2025-06-27 19:32:47,124 - INFO - Reading line 442 from input file...
2025-06-27 19:32:47,125 - INFO - Added prompt from line 442 to batch.
2025-06-27 19:32:47,125 - INFO - Reading line 443 from input file...
2025-06-27 19:32:47,125 - INFO - Added prompt from line 443 to batch.
2025-06-27 19:32:47,125 - INFO - Reading line 444 from input file...
2025-06-27 19:32:47,125 - INFO - Added prompt from line 444 to batch.
2025-06-27 19:32:47,125 - INFO - Reading line 445 from input file...
2025-06-27 19:32:47,125 - INFO - Added prompt from line 445 to batch.
2025-06-27 19:32:47,125 - INFO - Reading line 446 from input file...
2025-06-27 19:32:47,125 - INFO - Added prompt from line 446 to batch.
2025-06-27 19:32:47,125 - INFO - Reading line 447 from input file...
2025-06-27 19:32:47,125 - INFO - Added prompt from line 447 to batch.
2025-06-27 19:32:47,125 - INFO - Reading line 448 from input file...
2025-06-27 19:32:47,125 - INFO - Added prompt from line 448 to batch.
2025-06-27 19:32:47,125 - INFO - Processing batch of 8 prompts (up to line 448)...
2025-06-27 19:32:47,125 - INFO - Generating rankings for batch of 8 pairs of prompts. System prompt: 'You are a helpful assistant. Your task is to rank the two provided texts. Please explicitly write which of the two texts is of higher quality by writing the corresponding letter in the output, and nothing else.'
2025-06-27 19:32:47,126 - INFO - First formatted prompt for tokenizer (first 100 chars): '<|begin_of_text|><|start_header_id|>system<|end_header_id|>

Cutting Knowledge Date: December 2023
T...'
2025-06-27 19:32:47,126 - INFO - Input device: cuda:0, preparing to move inputs to device.
2025-06-27 19:32:47,129 - INFO - Batch of inputs tokenized, padded, truncated, and moved to model device.
2025-06-27 19:32:47,129 - INFO - Starting batched model.generate()...
Setting `pad_token_id` to `eos_token_id`:128001 for open-end generation.
2025-06-27 19:32:47,553 - INFO - Batched model.generate() completed.
2025-06-27 19:32:47,553 - INFO - Decoding batch of responses and extracting token probabilities...
2025-06-27 19:32:47,556 - INFO - Input tokens stripped from responses and probabilities extracted.
2025-06-27 19:32:47,556 - INFO - Batch of responses generated.
2025-06-27 19:32:47,559 - INFO - Appended 8 results from batch to /scratch-shared/mschaffelder/data/exp_3/pairwise/small/outputs/llama_8b_multi_source.jsonl
2025-06-27 19:32:47,559 - INFO - Reading line 449 from input file...
2025-06-27 19:32:47,559 - INFO - Added prompt from line 449 to batch.
2025-06-27 19:32:47,559 - INFO - Reading line 450 from input file...
2025-06-27 19:32:47,559 - INFO - Added prompt from line 450 to batch.
2025-06-27 19:32:47,559 - INFO - Reading line 451 from input file...
2025-06-27 19:32:47,560 - INFO - Added prompt from line 451 to batch.
2025-06-27 19:32:47,560 - INFO - Reading line 452 from input file...
2025-06-27 19:32:47,560 - INFO - Added prompt from line 452 to batch.
2025-06-27 19:32:47,560 - INFO - Reading line 453 from input file...
2025-06-27 19:32:47,560 - INFO - Added prompt from line 453 to batch.
2025-06-27 19:32:47,560 - INFO - Reading line 454 from input file...
2025-06-27 19:32:47,560 - INFO - Added prompt from line 454 to batch.
2025-06-27 19:32:47,560 - INFO - Reading line 455 from input file...
2025-06-27 19:32:47,560 - INFO - Added prompt from line 455 to batch.
2025-06-27 19:32:47,560 - INFO - Reading line 456 from input file...
2025-06-27 19:32:47,560 - INFO - Added prompt from line 456 to batch.
2025-06-27 19:32:47,560 - INFO - Processing batch of 8 prompts (up to line 456)...
2025-06-27 19:32:47,560 - INFO - Generating rankings for batch of 8 pairs of prompts. System prompt: 'You are a helpful assistant. Your task is to rank the two provided texts. Please explicitly write which of the two texts is of higher quality by writing the corresponding letter in the output, and nothing else.'
2025-06-27 19:32:47,560 - INFO - First formatted prompt for tokenizer (first 100 chars): '<|begin_of_text|><|start_header_id|>system<|end_header_id|>

Cutting Knowledge Date: December 2023
T...'
2025-06-27 19:32:47,561 - INFO - Input device: cuda:0, preparing to move inputs to device.
2025-06-27 19:32:47,564 - INFO - Batch of inputs tokenized, padded, truncated, and moved to model device.
2025-06-27 19:32:47,564 - INFO - Starting batched model.generate()...
Setting `pad_token_id` to `eos_token_id`:128001 for open-end generation.
2025-06-27 19:32:47,941 - INFO - Batched model.generate() completed.
2025-06-27 19:32:47,942 - INFO - Decoding batch of responses and extracting token probabilities...
2025-06-27 19:32:47,945 - INFO - Input tokens stripped from responses and probabilities extracted.
2025-06-27 19:32:47,945 - INFO - Batch of responses generated.
2025-06-27 19:32:47,946 - INFO - Appended 8 results from batch to /scratch-shared/mschaffelder/data/exp_3/pairwise/small/outputs/llama_8b_multi_source.jsonl
2025-06-27 19:32:47,946 - INFO - Reading line 457 from input file...
2025-06-27 19:32:47,946 - INFO - Added prompt from line 457 to batch.
2025-06-27 19:32:47,946 - INFO - Reading line 458 from input file...
2025-06-27 19:32:47,946 - INFO - Added prompt from line 458 to batch.
2025-06-27 19:32:47,946 - INFO - Reading line 459 from input file...
2025-06-27 19:32:47,947 - INFO - Added prompt from line 459 to batch.
2025-06-27 19:32:47,947 - INFO - Reading line 460 from input file...
2025-06-27 19:32:47,947 - INFO - Added prompt from line 460 to batch.
2025-06-27 19:32:47,947 - INFO - Reading line 461 from input file...
2025-06-27 19:32:47,947 - INFO - Added prompt from line 461 to batch.
2025-06-27 19:32:47,947 - INFO - Reading line 462 from input file...
2025-06-27 19:32:47,947 - INFO - Added prompt from line 462 to batch.
2025-06-27 19:32:47,947 - INFO - Reading line 463 from input file...
2025-06-27 19:32:47,947 - INFO - Added prompt from line 463 to batch.
2025-06-27 19:32:47,947 - INFO - Reading line 464 from input file...
2025-06-27 19:32:47,947 - INFO - Added prompt from line 464 to batch.
2025-06-27 19:32:47,947 - INFO - Processing batch of 8 prompts (up to line 464)...
2025-06-27 19:32:47,947 - INFO - Generating rankings for batch of 8 pairs of prompts. System prompt: 'You are a helpful assistant. Your task is to rank the two provided texts. Please explicitly write which of the two texts is of higher quality by writing the corresponding letter in the output, and nothing else.'
2025-06-27 19:32:47,947 - INFO - First formatted prompt for tokenizer (first 100 chars): '<|begin_of_text|><|start_header_id|>system<|end_header_id|>

Cutting Knowledge Date: December 2023
T...'
2025-06-27 19:32:47,947 - INFO - Input device: cuda:0, preparing to move inputs to device.
2025-06-27 19:32:47,950 - INFO - Batch of inputs tokenized, padded, truncated, and moved to model device.
2025-06-27 19:32:47,950 - INFO - Starting batched model.generate()...
Setting `pad_token_id` to `eos_token_id`:128001 for open-end generation.
2025-06-27 19:32:48,230 - INFO - Batched model.generate() completed.
2025-06-27 19:32:48,230 - INFO - Decoding batch of responses and extracting token probabilities...
2025-06-27 19:32:48,233 - INFO - Input tokens stripped from responses and probabilities extracted.
2025-06-27 19:32:48,233 - INFO - Batch of responses generated.
2025-06-27 19:32:48,235 - INFO - Appended 8 results from batch to /scratch-shared/mschaffelder/data/exp_3/pairwise/small/outputs/llama_8b_multi_source.jsonl
2025-06-27 19:32:48,235 - INFO - Reading line 465 from input file...
2025-06-27 19:32:48,235 - INFO - Added prompt from line 465 to batch.
2025-06-27 19:32:48,235 - INFO - Reading line 466 from input file...
2025-06-27 19:32:48,235 - INFO - Added prompt from line 466 to batch.
2025-06-27 19:32:48,235 - INFO - Reading line 467 from input file...
2025-06-27 19:32:48,235 - INFO - Added prompt from line 467 to batch.
2025-06-27 19:32:48,235 - INFO - Reading line 468 from input file...
2025-06-27 19:32:48,235 - INFO - Added prompt from line 468 to batch.
2025-06-27 19:32:48,235 - INFO - Reading line 469 from input file...
2025-06-27 19:32:48,235 - INFO - Added prompt from line 469 to batch.
2025-06-27 19:32:48,235 - INFO - Reading line 470 from input file...
2025-06-27 19:32:48,235 - INFO - Added prompt from line 470 to batch.
2025-06-27 19:32:48,235 - INFO - Reading line 471 from input file...
2025-06-27 19:32:48,235 - INFO - Added prompt from line 471 to batch.
2025-06-27 19:32:48,235 - INFO - Reading line 472 from input file...
2025-06-27 19:32:48,235 - INFO - Added prompt from line 472 to batch.
2025-06-27 19:32:48,235 - INFO - Processing batch of 8 prompts (up to line 472)...
2025-06-27 19:32:48,235 - INFO - Generating rankings for batch of 8 pairs of prompts. System prompt: 'You are a helpful assistant. Your task is to rank the two provided texts. Please explicitly write which of the two texts is of higher quality by writing the corresponding letter in the output, and nothing else.'
2025-06-27 19:32:48,236 - INFO - First formatted prompt for tokenizer (first 100 chars): '<|begin_of_text|><|start_header_id|>system<|end_header_id|>

Cutting Knowledge Date: December 2023
T...'
2025-06-27 19:32:48,236 - INFO - Input device: cuda:0, preparing to move inputs to device.
2025-06-27 19:32:48,238 - INFO - Batch of inputs tokenized, padded, truncated, and moved to model device.
2025-06-27 19:32:48,238 - INFO - Starting batched model.generate()...
Setting `pad_token_id` to `eos_token_id`:128001 for open-end generation.
2025-06-27 19:32:48,568 - INFO - Batched model.generate() completed.
2025-06-27 19:32:48,568 - INFO - Decoding batch of responses and extracting token probabilities...
2025-06-27 19:32:48,572 - INFO - Input tokens stripped from responses and probabilities extracted.
2025-06-27 19:32:48,572 - INFO - Batch of responses generated.
2025-06-27 19:32:48,574 - INFO - Appended 8 results from batch to /scratch-shared/mschaffelder/data/exp_3/pairwise/small/outputs/llama_8b_multi_source.jsonl
2025-06-27 19:32:48,574 - INFO - Reading line 473 from input file...
2025-06-27 19:32:48,574 - INFO - Added prompt from line 473 to batch.
2025-06-27 19:32:48,574 - INFO - Reading line 474 from input file...
2025-06-27 19:32:48,574 - INFO - Added prompt from line 474 to batch.
2025-06-27 19:32:48,574 - INFO - Reading line 475 from input file...
2025-06-27 19:32:48,575 - INFO - Added prompt from line 475 to batch.
2025-06-27 19:32:48,575 - INFO - Reading line 476 from input file...
2025-06-27 19:32:48,575 - INFO - Added prompt from line 476 to batch.
2025-06-27 19:32:48,575 - INFO - Reading line 477 from input file...
2025-06-27 19:32:48,575 - INFO - Added prompt from line 477 to batch.
2025-06-27 19:32:48,575 - INFO - Reading line 478 from input file...
2025-06-27 19:32:48,575 - INFO - Added prompt from line 478 to batch.
2025-06-27 19:32:48,575 - INFO - Reading line 479 from input file...
2025-06-27 19:32:48,575 - INFO - Added prompt from line 479 to batch.
2025-06-27 19:32:48,575 - INFO - Reading line 480 from input file...
2025-06-27 19:32:48,575 - INFO - Added prompt from line 480 to batch.
2025-06-27 19:32:48,575 - INFO - Processing batch of 8 prompts (up to line 480)...
2025-06-27 19:32:48,575 - INFO - Generating rankings for batch of 8 pairs of prompts. System prompt: 'You are a helpful assistant. Your task is to rank the two provided texts. Please explicitly write which of the two texts is of higher quality by writing the corresponding letter in the output, and nothing else.'
2025-06-27 19:32:48,575 - INFO - First formatted prompt for tokenizer (first 100 chars): '<|begin_of_text|><|start_header_id|>system<|end_header_id|>

Cutting Knowledge Date: December 2023
T...'
2025-06-27 19:32:48,576 - INFO - Input device: cuda:0, preparing to move inputs to device.
2025-06-27 19:32:48,578 - INFO - Batch of inputs tokenized, padded, truncated, and moved to model device.
2025-06-27 19:32:48,578 - INFO - Starting batched model.generate()...
Setting `pad_token_id` to `eos_token_id`:128001 for open-end generation.
2025-06-27 19:32:48,825 - INFO - Batched model.generate() completed.
2025-06-27 19:32:48,825 - INFO - Decoding batch of responses and extracting token probabilities...
2025-06-27 19:32:48,828 - INFO - Input tokens stripped from responses and probabilities extracted.
2025-06-27 19:32:48,828 - INFO - Batch of responses generated.
2025-06-27 19:32:48,829 - INFO - Appended 8 results from batch to /scratch-shared/mschaffelder/data/exp_3/pairwise/small/outputs/llama_8b_multi_source.jsonl
2025-06-27 19:32:48,829 - INFO - Reading line 481 from input file...
2025-06-27 19:32:48,829 - INFO - Added prompt from line 481 to batch.
2025-06-27 19:32:48,829 - INFO - Reading line 482 from input file...
2025-06-27 19:32:48,829 - INFO - Added prompt from line 482 to batch.
2025-06-27 19:32:48,829 - INFO - Reading line 483 from input file...
2025-06-27 19:32:48,829 - INFO - Added prompt from line 483 to batch.
2025-06-27 19:32:48,829 - INFO - Reading line 484 from input file...
2025-06-27 19:32:48,829 - INFO - Added prompt from line 484 to batch.
2025-06-27 19:32:48,829 - INFO - Reading line 485 from input file...
2025-06-27 19:32:48,829 - INFO - Added prompt from line 485 to batch.
2025-06-27 19:32:48,829 - INFO - Reading line 486 from input file...
2025-06-27 19:32:48,829 - INFO - Added prompt from line 486 to batch.
2025-06-27 19:32:48,829 - INFO - Reading line 487 from input file...
2025-06-27 19:32:48,829 - INFO - Added prompt from line 487 to batch.
2025-06-27 19:32:48,829 - INFO - Reading line 488 from input file...
2025-06-27 19:32:48,829 - INFO - Added prompt from line 488 to batch.
2025-06-27 19:32:48,829 - INFO - Processing batch of 8 prompts (up to line 488)...
2025-06-27 19:32:48,829 - INFO - Generating rankings for batch of 8 pairs of prompts. System prompt: 'You are a helpful assistant. Your task is to rank the two provided texts. Please explicitly write which of the two texts is of higher quality by writing the corresponding letter in the output, and nothing else.'
2025-06-27 19:32:48,830 - INFO - First formatted prompt for tokenizer (first 100 chars): '<|begin_of_text|><|start_header_id|>system<|end_header_id|>

Cutting Knowledge Date: December 2023
T...'
2025-06-27 19:32:48,830 - INFO - Input device: cuda:0, preparing to move inputs to device.
2025-06-27 19:32:48,832 - INFO - Batch of inputs tokenized, padded, truncated, and moved to model device.
2025-06-27 19:32:48,832 - INFO - Starting batched model.generate()...
Setting `pad_token_id` to `eos_token_id`:128001 for open-end generation.
2025-06-27 19:32:49,154 - INFO - Batched model.generate() completed.
2025-06-27 19:32:49,154 - INFO - Decoding batch of responses and extracting token probabilities...
2025-06-27 19:32:49,158 - INFO - Input tokens stripped from responses and probabilities extracted.
2025-06-27 19:32:49,158 - INFO - Batch of responses generated.
2025-06-27 19:32:49,159 - INFO - Appended 8 results from batch to /scratch-shared/mschaffelder/data/exp_3/pairwise/small/outputs/llama_8b_multi_source.jsonl
2025-06-27 19:32:49,159 - INFO - Reading line 489 from input file...
2025-06-27 19:32:49,160 - INFO - Added prompt from line 489 to batch.
2025-06-27 19:32:49,160 - INFO - Reading line 490 from input file...
2025-06-27 19:32:49,160 - INFO - Added prompt from line 490 to batch.
2025-06-27 19:32:49,160 - INFO - Reading line 491 from input file...
2025-06-27 19:32:49,160 - INFO - Added prompt from line 491 to batch.
2025-06-27 19:32:49,160 - INFO - Reading line 492 from input file...
2025-06-27 19:32:49,160 - INFO - Added prompt from line 492 to batch.
2025-06-27 19:32:49,160 - INFO - Reading line 493 from input file...
2025-06-27 19:32:49,160 - INFO - Added prompt from line 493 to batch.
2025-06-27 19:32:49,160 - INFO - Reading line 494 from input file...
2025-06-27 19:32:49,160 - INFO - Added prompt from line 494 to batch.
2025-06-27 19:32:49,160 - INFO - Reading line 495 from input file...
2025-06-27 19:32:49,160 - INFO - Added prompt from line 495 to batch.
2025-06-27 19:32:49,160 - INFO - Reading line 496 from input file...
2025-06-27 19:32:49,160 - INFO - Added prompt from line 496 to batch.
2025-06-27 19:32:49,160 - INFO - Processing batch of 8 prompts (up to line 496)...
2025-06-27 19:32:49,160 - INFO - Generating rankings for batch of 8 pairs of prompts. System prompt: 'You are a helpful assistant. Your task is to rank the two provided texts. Please explicitly write which of the two texts is of higher quality by writing the corresponding letter in the output, and nothing else.'
2025-06-27 19:32:49,161 - INFO - First formatted prompt for tokenizer (first 100 chars): '<|begin_of_text|><|start_header_id|>system<|end_header_id|>

Cutting Knowledge Date: December 2023
T...'
2025-06-27 19:32:49,161 - INFO - Input device: cuda:0, preparing to move inputs to device.
2025-06-27 19:32:49,163 - INFO - Batch of inputs tokenized, padded, truncated, and moved to model device.
2025-06-27 19:32:49,163 - INFO - Starting batched model.generate()...
Setting `pad_token_id` to `eos_token_id`:128001 for open-end generation.
2025-06-27 19:32:49,423 - INFO - Batched model.generate() completed.
2025-06-27 19:32:49,424 - INFO - Decoding batch of responses and extracting token probabilities...
2025-06-27 19:32:49,427 - INFO - Input tokens stripped from responses and probabilities extracted.
2025-06-27 19:32:49,427 - INFO - Batch of responses generated.
2025-06-27 19:32:49,429 - INFO - Appended 8 results from batch to /scratch-shared/mschaffelder/data/exp_3/pairwise/small/outputs/llama_8b_multi_source.jsonl
2025-06-27 19:32:49,429 - INFO - Reading line 497 from input file...
2025-06-27 19:32:49,429 - INFO - Added prompt from line 497 to batch.
2025-06-27 19:32:49,429 - INFO - Reading line 498 from input file...
2025-06-27 19:32:49,429 - INFO - Added prompt from line 498 to batch.
2025-06-27 19:32:49,429 - INFO - Reading line 499 from input file...
2025-06-27 19:32:49,429 - INFO - Added prompt from line 499 to batch.
2025-06-27 19:32:49,429 - INFO - Reading line 500 from input file...
2025-06-27 19:32:49,429 - INFO - Added prompt from line 500 to batch.
2025-06-27 19:32:49,429 - INFO - Reading line 501 from input file...
2025-06-27 19:32:49,429 - INFO - Added prompt from line 501 to batch.
2025-06-27 19:32:49,429 - INFO - Reading line 502 from input file...
2025-06-27 19:32:49,429 - INFO - Added prompt from line 502 to batch.
2025-06-27 19:32:49,429 - INFO - Reading line 503 from input file...
2025-06-27 19:32:49,429 - INFO - Added prompt from line 503 to batch.
2025-06-27 19:32:49,429 - INFO - Reading line 504 from input file...
2025-06-27 19:32:49,429 - INFO - Added prompt from line 504 to batch.
2025-06-27 19:32:49,429 - INFO - Processing batch of 8 prompts (up to line 504)...
2025-06-27 19:32:49,429 - INFO - Generating rankings for batch of 8 pairs of prompts. System prompt: 'You are a helpful assistant. Your task is to rank the two provided texts. Please explicitly write which of the two texts is of higher quality by writing the corresponding letter in the output, and nothing else.'
2025-06-27 19:32:49,430 - INFO - First formatted prompt for tokenizer (first 100 chars): '<|begin_of_text|><|start_header_id|>system<|end_header_id|>

Cutting Knowledge Date: December 2023
T...'
2025-06-27 19:32:49,430 - INFO - Input device: cuda:0, preparing to move inputs to device.
2025-06-27 19:32:49,433 - INFO - Batch of inputs tokenized, padded, truncated, and moved to model device.
2025-06-27 19:32:49,433 - INFO - Starting batched model.generate()...
Setting `pad_token_id` to `eos_token_id`:128001 for open-end generation.
2025-06-27 19:32:49,755 - INFO - Batched model.generate() completed.
2025-06-27 19:32:49,755 - INFO - Decoding batch of responses and extracting token probabilities...
2025-06-27 19:32:49,758 - INFO - Input tokens stripped from responses and probabilities extracted.
2025-06-27 19:32:49,759 - INFO - Batch of responses generated.
2025-06-27 19:32:49,760 - INFO - Appended 8 results from batch to /scratch-shared/mschaffelder/data/exp_3/pairwise/small/outputs/llama_8b_multi_source.jsonl
2025-06-27 19:32:49,760 - INFO - Reading line 505 from input file...
2025-06-27 19:32:49,760 - INFO - Added prompt from line 505 to batch.
2025-06-27 19:32:49,760 - INFO - Reading line 506 from input file...
2025-06-27 19:32:49,761 - INFO - Added prompt from line 506 to batch.
2025-06-27 19:32:49,761 - INFO - Reading line 507 from input file...
2025-06-27 19:32:49,761 - INFO - Added prompt from line 507 to batch.
2025-06-27 19:32:49,761 - INFO - Reading line 508 from input file...
2025-06-27 19:32:49,761 - INFO - Added prompt from line 508 to batch.
2025-06-27 19:32:49,761 - INFO - Reading line 509 from input file...
2025-06-27 19:32:49,761 - INFO - Added prompt from line 509 to batch.
2025-06-27 19:32:49,761 - INFO - Reading line 510 from input file...
2025-06-27 19:32:49,761 - INFO - Added prompt from line 510 to batch.
2025-06-27 19:32:49,761 - INFO - Reading line 511 from input file...
2025-06-27 19:32:49,761 - INFO - Added prompt from line 511 to batch.
2025-06-27 19:32:49,761 - INFO - Reading line 512 from input file...
2025-06-27 19:32:49,761 - INFO - Added prompt from line 512 to batch.
2025-06-27 19:32:49,761 - INFO - Processing batch of 8 prompts (up to line 512)...
2025-06-27 19:32:49,761 - INFO - Generating rankings for batch of 8 pairs of prompts. System prompt: 'You are a helpful assistant. Your task is to rank the two provided texts. Please explicitly write which of the two texts is of higher quality by writing the corresponding letter in the output, and nothing else.'
2025-06-27 19:32:49,761 - INFO - First formatted prompt for tokenizer (first 100 chars): '<|begin_of_text|><|start_header_id|>system<|end_header_id|>

Cutting Knowledge Date: December 2023
T...'
2025-06-27 19:32:49,762 - INFO - Input device: cuda:0, preparing to move inputs to device.
2025-06-27 19:32:49,764 - INFO - Batch of inputs tokenized, padded, truncated, and moved to model device.
2025-06-27 19:32:49,764 - INFO - Starting batched model.generate()...
Setting `pad_token_id` to `eos_token_id`:128001 for open-end generation.
2025-06-27 19:32:50,109 - INFO - Batched model.generate() completed.
2025-06-27 19:32:50,110 - INFO - Decoding batch of responses and extracting token probabilities...
2025-06-27 19:32:50,113 - INFO - Input tokens stripped from responses and probabilities extracted.
2025-06-27 19:32:50,113 - INFO - Batch of responses generated.
2025-06-27 19:32:50,115 - INFO - Appended 8 results from batch to /scratch-shared/mschaffelder/data/exp_3/pairwise/small/outputs/llama_8b_multi_source.jsonl
2025-06-27 19:32:50,115 - INFO - Reading line 513 from input file...
2025-06-27 19:32:50,115 - INFO - Added prompt from line 513 to batch.
2025-06-27 19:32:50,115 - INFO - Reading line 514 from input file...
2025-06-27 19:32:50,115 - INFO - Added prompt from line 514 to batch.
2025-06-27 19:32:50,115 - INFO - Reading line 515 from input file...
2025-06-27 19:32:50,115 - INFO - Added prompt from line 515 to batch.
2025-06-27 19:32:50,115 - INFO - Reading line 516 from input file...
2025-06-27 19:32:50,115 - INFO - Added prompt from line 516 to batch.
2025-06-27 19:32:50,115 - INFO - Reading line 517 from input file...
2025-06-27 19:32:50,115 - INFO - Added prompt from line 517 to batch.
2025-06-27 19:32:50,115 - INFO - Reading line 518 from input file...
2025-06-27 19:32:50,115 - INFO - Added prompt from line 518 to batch.
2025-06-27 19:32:50,115 - INFO - Reading line 519 from input file...
2025-06-27 19:32:50,115 - INFO - Added prompt from line 519 to batch.
2025-06-27 19:32:50,115 - INFO - Reading line 520 from input file...
2025-06-27 19:32:50,115 - INFO - Added prompt from line 520 to batch.
2025-06-27 19:32:50,115 - INFO - Processing batch of 8 prompts (up to line 520)...
2025-06-27 19:32:50,115 - INFO - Generating rankings for batch of 8 pairs of prompts. System prompt: 'You are a helpful assistant. Your task is to rank the two provided texts. Please explicitly write which of the two texts is of higher quality by writing the corresponding letter in the output, and nothing else.'
2025-06-27 19:32:50,116 - INFO - First formatted prompt for tokenizer (first 100 chars): '<|begin_of_text|><|start_header_id|>system<|end_header_id|>

Cutting Knowledge Date: December 2023
T...'
2025-06-27 19:32:50,116 - INFO - Input device: cuda:0, preparing to move inputs to device.
2025-06-27 19:32:50,118 - INFO - Batch of inputs tokenized, padded, truncated, and moved to model device.
2025-06-27 19:32:50,118 - INFO - Starting batched model.generate()...
Setting `pad_token_id` to `eos_token_id`:128001 for open-end generation.
2025-06-27 19:32:50,364 - INFO - Batched model.generate() completed.
2025-06-27 19:32:50,364 - INFO - Decoding batch of responses and extracting token probabilities...
2025-06-27 19:32:50,367 - INFO - Input tokens stripped from responses and probabilities extracted.
2025-06-27 19:32:50,367 - INFO - Batch of responses generated.
2025-06-27 19:32:50,368 - INFO - Appended 8 results from batch to /scratch-shared/mschaffelder/data/exp_3/pairwise/small/outputs/llama_8b_multi_source.jsonl
2025-06-27 19:32:50,368 - INFO - Reading line 521 from input file...
2025-06-27 19:32:50,368 - INFO - Added prompt from line 521 to batch.
2025-06-27 19:32:50,368 - INFO - Reading line 522 from input file...
2025-06-27 19:32:50,368 - INFO - Added prompt from line 522 to batch.
2025-06-27 19:32:50,368 - INFO - Reading line 523 from input file...
2025-06-27 19:32:50,368 - INFO - Added prompt from line 523 to batch.
2025-06-27 19:32:50,368 - INFO - Reading line 524 from input file...
2025-06-27 19:32:50,368 - INFO - Added prompt from line 524 to batch.
2025-06-27 19:32:50,368 - INFO - Reading line 525 from input file...
2025-06-27 19:32:50,368 - INFO - Added prompt from line 525 to batch.
2025-06-27 19:32:50,368 - INFO - Reading line 526 from input file...
2025-06-27 19:32:50,368 - INFO - Added prompt from line 526 to batch.
2025-06-27 19:32:50,368 - INFO - Reading line 527 from input file...
2025-06-27 19:32:50,368 - INFO - Added prompt from line 527 to batch.
2025-06-27 19:32:50,368 - INFO - Reading line 528 from input file...
2025-06-27 19:32:50,368 - INFO - Added prompt from line 528 to batch.
2025-06-27 19:32:50,368 - INFO - Processing batch of 8 prompts (up to line 528)...
2025-06-27 19:32:50,368 - INFO - Generating rankings for batch of 8 pairs of prompts. System prompt: 'You are a helpful assistant. Your task is to rank the two provided texts. Please explicitly write which of the two texts is of higher quality by writing the corresponding letter in the output, and nothing else.'
2025-06-27 19:32:50,369 - INFO - First formatted prompt for tokenizer (first 100 chars): '<|begin_of_text|><|start_header_id|>system<|end_header_id|>

Cutting Knowledge Date: December 2023
T...'
2025-06-27 19:32:50,369 - INFO - Input device: cuda:0, preparing to move inputs to device.
2025-06-27 19:32:50,372 - INFO - Batch of inputs tokenized, padded, truncated, and moved to model device.
2025-06-27 19:32:50,372 - INFO - Starting batched model.generate()...
Setting `pad_token_id` to `eos_token_id`:128001 for open-end generation.
2025-06-27 19:32:50,721 - INFO - Batched model.generate() completed.
2025-06-27 19:32:50,721 - INFO - Decoding batch of responses and extracting token probabilities...
2025-06-27 19:32:50,724 - INFO - Input tokens stripped from responses and probabilities extracted.
2025-06-27 19:32:50,725 - INFO - Batch of responses generated.
2025-06-27 19:32:50,727 - INFO - Appended 8 results from batch to /scratch-shared/mschaffelder/data/exp_3/pairwise/small/outputs/llama_8b_multi_source.jsonl
2025-06-27 19:32:50,727 - INFO - Reading line 529 from input file...
2025-06-27 19:32:50,727 - INFO - Added prompt from line 529 to batch.
2025-06-27 19:32:50,727 - INFO - Reading line 530 from input file...
2025-06-27 19:32:50,727 - INFO - Added prompt from line 530 to batch.
2025-06-27 19:32:50,727 - INFO - Reading line 531 from input file...
2025-06-27 19:32:50,727 - INFO - Added prompt from line 531 to batch.
2025-06-27 19:32:50,727 - INFO - Reading line 532 from input file...
2025-06-27 19:32:50,727 - INFO - Added prompt from line 532 to batch.
2025-06-27 19:32:50,727 - INFO - Reading line 533 from input file...
2025-06-27 19:32:50,727 - INFO - Added prompt from line 533 to batch.
2025-06-27 19:32:50,727 - INFO - Reading line 534 from input file...
2025-06-27 19:32:50,727 - INFO - Added prompt from line 534 to batch.
2025-06-27 19:32:50,727 - INFO - Reading line 535 from input file...
2025-06-27 19:32:50,727 - INFO - Added prompt from line 535 to batch.
2025-06-27 19:32:50,727 - INFO - Reading line 536 from input file...
2025-06-27 19:32:50,727 - INFO - Added prompt from line 536 to batch.
2025-06-27 19:32:50,727 - INFO - Processing batch of 8 prompts (up to line 536)...
2025-06-27 19:32:50,727 - INFO - Generating rankings for batch of 8 pairs of prompts. System prompt: 'You are a helpful assistant. Your task is to rank the two provided texts. Please explicitly write which of the two texts is of higher quality by writing the corresponding letter in the output, and nothing else.'
2025-06-27 19:32:50,728 - INFO - First formatted prompt for tokenizer (first 100 chars): '<|begin_of_text|><|start_header_id|>system<|end_header_id|>

Cutting Knowledge Date: December 2023
T...'
2025-06-27 19:32:50,728 - INFO - Input device: cuda:0, preparing to move inputs to device.
2025-06-27 19:32:50,730 - INFO - Batch of inputs tokenized, padded, truncated, and moved to model device.
2025-06-27 19:32:50,730 - INFO - Starting batched model.generate()...
Setting `pad_token_id` to `eos_token_id`:128001 for open-end generation.
2025-06-27 19:32:51,003 - INFO - Batched model.generate() completed.
2025-06-27 19:32:51,003 - INFO - Decoding batch of responses and extracting token probabilities...
2025-06-27 19:32:51,006 - INFO - Input tokens stripped from responses and probabilities extracted.
2025-06-27 19:32:51,006 - INFO - Batch of responses generated.
2025-06-27 19:32:51,008 - INFO - Appended 8 results from batch to /scratch-shared/mschaffelder/data/exp_3/pairwise/small/outputs/llama_8b_multi_source.jsonl
2025-06-27 19:32:51,008 - INFO - Reading line 537 from input file...
2025-06-27 19:32:51,008 - INFO - Added prompt from line 537 to batch.
2025-06-27 19:32:51,008 - INFO - Reading line 538 from input file...
2025-06-27 19:32:51,008 - INFO - Added prompt from line 538 to batch.
2025-06-27 19:32:51,008 - INFO - Reading line 539 from input file...
2025-06-27 19:32:51,008 - INFO - Added prompt from line 539 to batch.
2025-06-27 19:32:51,008 - INFO - Reading line 540 from input file...
2025-06-27 19:32:51,009 - INFO - Added prompt from line 540 to batch.
2025-06-27 19:32:51,009 - INFO - Reading line 541 from input file...
2025-06-27 19:32:51,009 - INFO - Added prompt from line 541 to batch.
2025-06-27 19:32:51,009 - INFO - Reading line 542 from input file...
2025-06-27 19:32:51,009 - INFO - Added prompt from line 542 to batch.
2025-06-27 19:32:51,009 - INFO - Reading line 543 from input file...
2025-06-27 19:32:51,009 - INFO - Added prompt from line 543 to batch.
2025-06-27 19:32:51,009 - INFO - Reading line 544 from input file...
2025-06-27 19:32:51,009 - INFO - Added prompt from line 544 to batch.
2025-06-27 19:32:51,009 - INFO - Processing batch of 8 prompts (up to line 544)...
2025-06-27 19:32:51,009 - INFO - Generating rankings for batch of 8 pairs of prompts. System prompt: 'You are a helpful assistant. Your task is to rank the two provided texts. Please explicitly write which of the two texts is of higher quality by writing the corresponding letter in the output, and nothing else.'
2025-06-27 19:32:51,009 - INFO - First formatted prompt for tokenizer (first 100 chars): '<|begin_of_text|><|start_header_id|>system<|end_header_id|>

Cutting Knowledge Date: December 2023
T...'
2025-06-27 19:32:51,009 - INFO - Input device: cuda:0, preparing to move inputs to device.
2025-06-27 19:32:51,012 - INFO - Batch of inputs tokenized, padded, truncated, and moved to model device.
2025-06-27 19:32:51,012 - INFO - Starting batched model.generate()...
Setting `pad_token_id` to `eos_token_id`:128001 for open-end generation.
2025-06-27 19:32:51,316 - INFO - Batched model.generate() completed.
2025-06-27 19:32:51,316 - INFO - Decoding batch of responses and extracting token probabilities...
2025-06-27 19:32:51,319 - INFO - Input tokens stripped from responses and probabilities extracted.
2025-06-27 19:32:51,319 - INFO - Batch of responses generated.
2025-06-27 19:32:51,320 - INFO - Appended 8 results from batch to /scratch-shared/mschaffelder/data/exp_3/pairwise/small/outputs/llama_8b_multi_source.jsonl
2025-06-27 19:32:51,320 - INFO - Reading line 545 from input file...
2025-06-27 19:32:51,320 - INFO - Added prompt from line 545 to batch.
2025-06-27 19:32:51,320 - INFO - Reading line 546 from input file...
2025-06-27 19:32:51,320 - INFO - Added prompt from line 546 to batch.
2025-06-27 19:32:51,320 - INFO - Reading line 547 from input file...
2025-06-27 19:32:51,320 - INFO - Added prompt from line 547 to batch.
2025-06-27 19:32:51,320 - INFO - Reading line 548 from input file...
2025-06-27 19:32:51,320 - INFO - Added prompt from line 548 to batch.
2025-06-27 19:32:51,320 - INFO - Reading line 549 from input file...
2025-06-27 19:32:51,320 - INFO - Added prompt from line 549 to batch.
2025-06-27 19:32:51,320 - INFO - Reading line 550 from input file...
2025-06-27 19:32:51,320 - INFO - Added prompt from line 550 to batch.
2025-06-27 19:32:51,320 - INFO - Reading line 551 from input file...
2025-06-27 19:32:51,320 - INFO - Added prompt from line 551 to batch.
2025-06-27 19:32:51,320 - INFO - Reading line 552 from input file...
2025-06-27 19:32:51,320 - INFO - Added prompt from line 552 to batch.
2025-06-27 19:32:51,320 - INFO - Processing batch of 8 prompts (up to line 552)...
2025-06-27 19:32:51,320 - INFO - Generating rankings for batch of 8 pairs of prompts. System prompt: 'You are a helpful assistant. Your task is to rank the two provided texts. Please explicitly write which of the two texts is of higher quality by writing the corresponding letter in the output, and nothing else.'
2025-06-27 19:32:51,321 - INFO - First formatted prompt for tokenizer (first 100 chars): '<|begin_of_text|><|start_header_id|>system<|end_header_id|>

Cutting Knowledge Date: December 2023
T...'
2025-06-27 19:32:51,321 - INFO - Input device: cuda:0, preparing to move inputs to device.
2025-06-27 19:32:51,323 - INFO - Batch of inputs tokenized, padded, truncated, and moved to model device.
2025-06-27 19:32:51,323 - INFO - Starting batched model.generate()...
Setting `pad_token_id` to `eos_token_id`:128001 for open-end generation.
2025-06-27 19:32:51,597 - INFO - Batched model.generate() completed.
2025-06-27 19:32:51,597 - INFO - Decoding batch of responses and extracting token probabilities...
2025-06-27 19:32:51,600 - INFO - Input tokens stripped from responses and probabilities extracted.
2025-06-27 19:32:51,601 - INFO - Batch of responses generated.
2025-06-27 19:32:54,321 - INFO - Appended 8 results from batch to /scratch-shared/mschaffelder/data/exp_3/pairwise/small/outputs/llama_8b_multi_source.jsonl
2025-06-27 19:32:54,321 - INFO - Reading line 553 from input file...
2025-06-27 19:32:54,321 - INFO - Added prompt from line 553 to batch.
2025-06-27 19:32:54,321 - INFO - Reading line 554 from input file...
2025-06-27 19:32:54,321 - INFO - Added prompt from line 554 to batch.
2025-06-27 19:32:54,321 - INFO - Reading line 555 from input file...
2025-06-27 19:32:54,321 - INFO - Added prompt from line 555 to batch.
2025-06-27 19:32:54,321 - INFO - Reading line 556 from input file...
2025-06-27 19:32:54,321 - INFO - Added prompt from line 556 to batch.
2025-06-27 19:32:54,321 - INFO - Reading line 557 from input file...
2025-06-27 19:32:54,321 - INFO - Added prompt from line 557 to batch.
2025-06-27 19:32:54,321 - INFO - Reading line 558 from input file...
2025-06-27 19:32:54,321 - INFO - Added prompt from line 558 to batch.
2025-06-27 19:32:54,321 - INFO - Reading line 559 from input file...
2025-06-27 19:32:54,321 - INFO - Added prompt from line 559 to batch.
2025-06-27 19:32:54,322 - INFO - Reading line 560 from input file...
2025-06-27 19:32:54,322 - INFO - Added prompt from line 560 to batch.
2025-06-27 19:32:54,322 - INFO - Processing batch of 8 prompts (up to line 560)...
2025-06-27 19:32:54,322 - INFO - Generating rankings for batch of 8 pairs of prompts. System prompt: 'You are a helpful assistant. Your task is to rank the two provided texts. Please explicitly write which of the two texts is of higher quality by writing the corresponding letter in the output, and nothing else.'
2025-06-27 19:32:54,322 - INFO - First formatted prompt for tokenizer (first 100 chars): '<|begin_of_text|><|start_header_id|>system<|end_header_id|>

Cutting Knowledge Date: December 2023
T...'
2025-06-27 19:32:54,322 - INFO - Input device: cuda:0, preparing to move inputs to device.
2025-06-27 19:32:54,325 - INFO - Batch of inputs tokenized, padded, truncated, and moved to model device.
2025-06-27 19:32:54,325 - INFO - Starting batched model.generate()...
Setting `pad_token_id` to `eos_token_id`:128001 for open-end generation.
2025-06-27 19:32:54,592 - INFO - Batched model.generate() completed.
2025-06-27 19:32:54,592 - INFO - Decoding batch of responses and extracting token probabilities...
2025-06-27 19:32:54,595 - INFO - Input tokens stripped from responses and probabilities extracted.
2025-06-27 19:32:54,596 - INFO - Batch of responses generated.
2025-06-27 19:32:54,597 - INFO - Appended 8 results from batch to /scratch-shared/mschaffelder/data/exp_3/pairwise/small/outputs/llama_8b_multi_source.jsonl
2025-06-27 19:32:54,597 - INFO - Reading line 561 from input file...
2025-06-27 19:32:54,597 - INFO - Added prompt from line 561 to batch.
2025-06-27 19:32:54,597 - INFO - Reading line 562 from input file...
2025-06-27 19:32:54,597 - INFO - Added prompt from line 562 to batch.
2025-06-27 19:32:54,597 - INFO - Reading line 563 from input file...
2025-06-27 19:32:54,597 - INFO - Added prompt from line 563 to batch.
2025-06-27 19:32:54,597 - INFO - Reading line 564 from input file...
2025-06-27 19:32:54,597 - INFO - Added prompt from line 564 to batch.
2025-06-27 19:32:54,597 - INFO - Reading line 565 from input file...
2025-06-27 19:32:54,597 - INFO - Added prompt from line 565 to batch.
2025-06-27 19:32:54,598 - INFO - Reading line 566 from input file...
2025-06-27 19:32:54,598 - INFO - Added prompt from line 566 to batch.
2025-06-27 19:32:54,598 - INFO - Reading line 567 from input file...
2025-06-27 19:32:54,598 - INFO - Added prompt from line 567 to batch.
2025-06-27 19:32:54,598 - INFO - Reading line 568 from input file...
2025-06-27 19:32:54,598 - INFO - Added prompt from line 568 to batch.
2025-06-27 19:32:54,598 - INFO - Processing batch of 8 prompts (up to line 568)...
2025-06-27 19:32:54,598 - INFO - Generating rankings for batch of 8 pairs of prompts. System prompt: 'You are a helpful assistant. Your task is to rank the two provided texts. Please explicitly write which of the two texts is of higher quality by writing the corresponding letter in the output, and nothing else.'
2025-06-27 19:32:54,598 - INFO - First formatted prompt for tokenizer (first 100 chars): '<|begin_of_text|><|start_header_id|>system<|end_header_id|>

Cutting Knowledge Date: December 2023
T...'
2025-06-27 19:32:54,598 - INFO - Input device: cuda:0, preparing to move inputs to device.
2025-06-27 19:32:54,602 - INFO - Batch of inputs tokenized, padded, truncated, and moved to model device.
2025-06-27 19:32:54,602 - INFO - Starting batched model.generate()...
Setting `pad_token_id` to `eos_token_id`:128001 for open-end generation.
2025-06-27 19:32:55,053 - INFO - Batched model.generate() completed.
2025-06-27 19:32:55,053 - INFO - Decoding batch of responses and extracting token probabilities...
2025-06-27 19:32:55,057 - INFO - Input tokens stripped from responses and probabilities extracted.
2025-06-27 19:32:55,058 - INFO - Batch of responses generated.
2025-06-27 19:32:55,059 - INFO - Appended 8 results from batch to /scratch-shared/mschaffelder/data/exp_3/pairwise/small/outputs/llama_8b_multi_source.jsonl
2025-06-27 19:32:55,059 - INFO - Reading line 569 from input file...
2025-06-27 19:32:55,059 - INFO - Added prompt from line 569 to batch.
2025-06-27 19:32:55,059 - INFO - Reading line 570 from input file...
2025-06-27 19:32:55,059 - INFO - Added prompt from line 570 to batch.
2025-06-27 19:32:55,059 - INFO - Reading line 571 from input file...
2025-06-27 19:32:55,059 - INFO - Added prompt from line 571 to batch.
2025-06-27 19:32:55,059 - INFO - Reading line 572 from input file...
2025-06-27 19:32:55,059 - INFO - Added prompt from line 572 to batch.
2025-06-27 19:32:55,059 - INFO - Reading line 573 from input file...
2025-06-27 19:32:55,059 - INFO - Added prompt from line 573 to batch.
2025-06-27 19:32:55,059 - INFO - Reading line 574 from input file...
2025-06-27 19:32:55,059 - INFO - Added prompt from line 574 to batch.
2025-06-27 19:32:55,059 - INFO - Reading line 575 from input file...
2025-06-27 19:32:55,059 - INFO - Added prompt from line 575 to batch.
2025-06-27 19:32:55,059 - INFO - Reading line 576 from input file...
2025-06-27 19:32:55,060 - INFO - Added prompt from line 576 to batch.
2025-06-27 19:32:55,060 - INFO - Processing batch of 8 prompts (up to line 576)...
2025-06-27 19:32:55,060 - INFO - Generating rankings for batch of 8 pairs of prompts. System prompt: 'You are a helpful assistant. Your task is to rank the two provided texts. Please explicitly write which of the two texts is of higher quality by writing the corresponding letter in the output, and nothing else.'
2025-06-27 19:32:55,060 - INFO - First formatted prompt for tokenizer (first 100 chars): '<|begin_of_text|><|start_header_id|>system<|end_header_id|>

Cutting Knowledge Date: December 2023
T...'
2025-06-27 19:32:55,060 - INFO - Input device: cuda:0, preparing to move inputs to device.
2025-06-27 19:32:55,063 - INFO - Batch of inputs tokenized, padded, truncated, and moved to model device.
2025-06-27 19:32:55,063 - INFO - Starting batched model.generate()...
Setting `pad_token_id` to `eos_token_id`:128001 for open-end generation.
2025-06-27 19:32:55,429 - INFO - Batched model.generate() completed.
2025-06-27 19:32:55,429 - INFO - Decoding batch of responses and extracting token probabilities...
2025-06-27 19:32:55,433 - INFO - Input tokens stripped from responses and probabilities extracted.
2025-06-27 19:32:55,433 - INFO - Batch of responses generated.
2025-06-27 19:32:56,073 - INFO - Appended 8 results from batch to /scratch-shared/mschaffelder/data/exp_3/pairwise/small/outputs/llama_8b_multi_source.jsonl
2025-06-27 19:32:56,073 - INFO - Reading line 577 from input file...
2025-06-27 19:32:56,073 - INFO - Added prompt from line 577 to batch.
2025-06-27 19:32:56,073 - INFO - Reading line 578 from input file...
2025-06-27 19:32:56,073 - INFO - Added prompt from line 578 to batch.
2025-06-27 19:32:56,073 - INFO - Reading line 579 from input file...
2025-06-27 19:32:56,073 - INFO - Added prompt from line 579 to batch.
2025-06-27 19:32:56,073 - INFO - Reading line 580 from input file...
2025-06-27 19:32:56,073 - INFO - Added prompt from line 580 to batch.
2025-06-27 19:32:56,073 - INFO - Reading line 581 from input file...
2025-06-27 19:32:56,073 - INFO - Added prompt from line 581 to batch.
2025-06-27 19:32:56,074 - INFO - Reading line 582 from input file...
2025-06-27 19:32:56,074 - INFO - Added prompt from line 582 to batch.
2025-06-27 19:32:56,074 - INFO - Reading line 583 from input file...
2025-06-27 19:32:56,074 - INFO - Added prompt from line 583 to batch.
2025-06-27 19:32:56,074 - INFO - Reading line 584 from input file...
2025-06-27 19:32:56,074 - INFO - Added prompt from line 584 to batch.
2025-06-27 19:32:56,074 - INFO - Processing batch of 8 prompts (up to line 584)...
2025-06-27 19:32:56,074 - INFO - Generating rankings for batch of 8 pairs of prompts. System prompt: 'You are a helpful assistant. Your task is to rank the two provided texts. Please explicitly write which of the two texts is of higher quality by writing the corresponding letter in the output, and nothing else.'
2025-06-27 19:32:56,074 - INFO - First formatted prompt for tokenizer (first 100 chars): '<|begin_of_text|><|start_header_id|>system<|end_header_id|>

Cutting Knowledge Date: December 2023
T...'
2025-06-27 19:32:56,074 - INFO - Input device: cuda:0, preparing to move inputs to device.
2025-06-27 19:32:56,078 - INFO - Batch of inputs tokenized, padded, truncated, and moved to model device.
2025-06-27 19:32:56,078 - INFO - Starting batched model.generate()...
Setting `pad_token_id` to `eos_token_id`:128001 for open-end generation.
2025-06-27 19:32:56,413 - INFO - Batched model.generate() completed.
2025-06-27 19:32:56,413 - INFO - Decoding batch of responses and extracting token probabilities...
2025-06-27 19:32:56,416 - INFO - Input tokens stripped from responses and probabilities extracted.
2025-06-27 19:32:56,417 - INFO - Batch of responses generated.
2025-06-27 19:32:56,418 - INFO - Appended 8 results from batch to /scratch-shared/mschaffelder/data/exp_3/pairwise/small/outputs/llama_8b_multi_source.jsonl
2025-06-27 19:32:56,418 - INFO - Reading line 585 from input file...
2025-06-27 19:32:56,418 - INFO - Added prompt from line 585 to batch.
2025-06-27 19:32:56,418 - INFO - Reading line 586 from input file...
2025-06-27 19:32:56,418 - INFO - Added prompt from line 586 to batch.
2025-06-27 19:32:56,418 - INFO - Reading line 587 from input file...
2025-06-27 19:32:56,418 - INFO - Added prompt from line 587 to batch.
2025-06-27 19:32:56,418 - INFO - Reading line 588 from input file...
2025-06-27 19:32:56,418 - INFO - Added prompt from line 588 to batch.
2025-06-27 19:32:56,419 - INFO - Reading line 589 from input file...
2025-06-27 19:32:56,419 - INFO - Added prompt from line 589 to batch.
2025-06-27 19:32:56,419 - INFO - Reading line 590 from input file...
2025-06-27 19:32:56,419 - INFO - Added prompt from line 590 to batch.
2025-06-27 19:32:56,419 - INFO - Reading line 591 from input file...
2025-06-27 19:32:56,419 - INFO - Added prompt from line 591 to batch.
2025-06-27 19:32:56,419 - INFO - Reading line 592 from input file...
2025-06-27 19:32:56,419 - INFO - Added prompt from line 592 to batch.
2025-06-27 19:32:56,419 - INFO - Processing batch of 8 prompts (up to line 592)...
2025-06-27 19:32:56,419 - INFO - Generating rankings for batch of 8 pairs of prompts. System prompt: 'You are a helpful assistant. Your task is to rank the two provided texts. Please explicitly write which of the two texts is of higher quality by writing the corresponding letter in the output, and nothing else.'
2025-06-27 19:32:56,419 - INFO - First formatted prompt for tokenizer (first 100 chars): '<|begin_of_text|><|start_header_id|>system<|end_header_id|>

Cutting Knowledge Date: December 2023
T...'
2025-06-27 19:32:56,419 - INFO - Input device: cuda:0, preparing to move inputs to device.
2025-06-27 19:32:56,422 - INFO - Batch of inputs tokenized, padded, truncated, and moved to model device.
2025-06-27 19:32:56,422 - INFO - Starting batched model.generate()...
Setting `pad_token_id` to `eos_token_id`:128001 for open-end generation.
2025-06-27 19:32:57,104 - INFO - Batched model.generate() completed.
2025-06-27 19:32:57,104 - INFO - Decoding batch of responses and extracting token probabilities...
2025-06-27 19:32:57,112 - INFO - Input tokens stripped from responses and probabilities extracted.
2025-06-27 19:32:57,113 - INFO - Batch of responses generated.
2025-06-27 19:32:57,196 - INFO - Appended 8 results from batch to /scratch-shared/mschaffelder/data/exp_3/pairwise/small/outputs/llama_8b_multi_source.jsonl
2025-06-27 19:32:57,196 - INFO - Reading line 593 from input file...
2025-06-27 19:32:57,196 - INFO - Added prompt from line 593 to batch.
2025-06-27 19:32:57,196 - INFO - Reading line 594 from input file...
2025-06-27 19:32:57,196 - INFO - Added prompt from line 594 to batch.
2025-06-27 19:32:57,196 - INFO - Reading line 595 from input file...
2025-06-27 19:32:57,196 - INFO - Added prompt from line 595 to batch.
2025-06-27 19:32:57,196 - INFO - Reading line 596 from input file...
2025-06-27 19:32:57,196 - INFO - Added prompt from line 596 to batch.
2025-06-27 19:32:57,196 - INFO - Reading line 597 from input file...
2025-06-27 19:32:57,197 - INFO - Added prompt from line 597 to batch.
2025-06-27 19:32:57,197 - INFO - Reading line 598 from input file...
2025-06-27 19:32:57,197 - INFO - Added prompt from line 598 to batch.
2025-06-27 19:32:57,197 - INFO - Reading line 599 from input file...
2025-06-27 19:32:57,197 - INFO - Added prompt from line 599 to batch.
2025-06-27 19:32:57,197 - INFO - Reading line 600 from input file...
2025-06-27 19:32:57,197 - INFO - Added prompt from line 600 to batch.
2025-06-27 19:32:57,197 - INFO - Processing batch of 8 prompts (up to line 600)...
2025-06-27 19:32:57,197 - INFO - Generating rankings for batch of 8 pairs of prompts. System prompt: 'You are a helpful assistant. Your task is to rank the two provided texts. Please explicitly write which of the two texts is of higher quality by writing the corresponding letter in the output, and nothing else.'
2025-06-27 19:32:57,197 - INFO - First formatted prompt for tokenizer (first 100 chars): '<|begin_of_text|><|start_header_id|>system<|end_header_id|>

Cutting Knowledge Date: December 2023
T...'
2025-06-27 19:32:57,198 - INFO - Input device: cuda:0, preparing to move inputs to device.
2025-06-27 19:32:57,200 - INFO - Batch of inputs tokenized, padded, truncated, and moved to model device.
2025-06-27 19:32:57,200 - INFO - Starting batched model.generate()...
Setting `pad_token_id` to `eos_token_id`:128001 for open-end generation.
2025-06-27 19:32:57,571 - INFO - Batched model.generate() completed.
2025-06-27 19:32:57,572 - INFO - Decoding batch of responses and extracting token probabilities...
2025-06-27 19:32:57,576 - INFO - Input tokens stripped from responses and probabilities extracted.
2025-06-27 19:32:57,576 - INFO - Batch of responses generated.
2025-06-27 19:32:57,577 - INFO - Appended 8 results from batch to /scratch-shared/mschaffelder/data/exp_3/pairwise/small/outputs/llama_8b_multi_source.jsonl
2025-06-27 19:32:57,577 - INFO - Reading line 601 from input file...
2025-06-27 19:32:57,577 - INFO - Added prompt from line 601 to batch.
2025-06-27 19:32:57,577 - INFO - Reading line 602 from input file...
2025-06-27 19:32:57,577 - INFO - Added prompt from line 602 to batch.
2025-06-27 19:32:57,577 - INFO - Reading line 603 from input file...
2025-06-27 19:32:57,577 - INFO - Added prompt from line 603 to batch.
2025-06-27 19:32:57,577 - INFO - Reading line 604 from input file...
2025-06-27 19:32:57,577 - INFO - Added prompt from line 604 to batch.
2025-06-27 19:32:57,578 - INFO - Reading line 605 from input file...
2025-06-27 19:32:57,578 - INFO - Added prompt from line 605 to batch.
2025-06-27 19:32:57,578 - INFO - Reading line 606 from input file...
2025-06-27 19:32:57,578 - INFO - Added prompt from line 606 to batch.
2025-06-27 19:32:57,578 - INFO - Reading line 607 from input file...
2025-06-27 19:32:57,578 - INFO - Added prompt from line 607 to batch.
2025-06-27 19:32:57,578 - INFO - Reading line 608 from input file...
2025-06-27 19:32:57,578 - INFO - Added prompt from line 608 to batch.
2025-06-27 19:32:57,578 - INFO - Processing batch of 8 prompts (up to line 608)...
2025-06-27 19:32:57,578 - INFO - Generating rankings for batch of 8 pairs of prompts. System prompt: 'You are a helpful assistant. Your task is to rank the two provided texts. Please explicitly write which of the two texts is of higher quality by writing the corresponding letter in the output, and nothing else.'
2025-06-27 19:32:57,578 - INFO - First formatted prompt for tokenizer (first 100 chars): '<|begin_of_text|><|start_header_id|>system<|end_header_id|>

Cutting Knowledge Date: December 2023
T...'
2025-06-27 19:32:57,578 - INFO - Input device: cuda:0, preparing to move inputs to device.
2025-06-27 19:32:57,581 - INFO - Batch of inputs tokenized, padded, truncated, and moved to model device.
2025-06-27 19:32:57,581 - INFO - Starting batched model.generate()...
Setting `pad_token_id` to `eos_token_id`:128001 for open-end generation.
2025-06-27 19:32:57,874 - INFO - Batched model.generate() completed.
2025-06-27 19:32:57,874 - INFO - Decoding batch of responses and extracting token probabilities...
2025-06-27 19:32:57,877 - INFO - Input tokens stripped from responses and probabilities extracted.
2025-06-27 19:32:57,877 - INFO - Batch of responses generated.
2025-06-27 19:32:58,664 - INFO - Appended 8 results from batch to /scratch-shared/mschaffelder/data/exp_3/pairwise/small/outputs/llama_8b_multi_source.jsonl
2025-06-27 19:32:58,664 - INFO - Reading line 609 from input file...
2025-06-27 19:32:58,664 - INFO - Added prompt from line 609 to batch.
2025-06-27 19:32:58,664 - INFO - Reading line 610 from input file...
2025-06-27 19:32:58,664 - INFO - Added prompt from line 610 to batch.
2025-06-27 19:32:58,664 - INFO - Reading line 611 from input file...
2025-06-27 19:32:58,664 - INFO - Added prompt from line 611 to batch.
2025-06-27 19:32:58,664 - INFO - Reading line 612 from input file...
2025-06-27 19:32:58,664 - INFO - Added prompt from line 612 to batch.
2025-06-27 19:32:58,664 - INFO - Reading line 613 from input file...
2025-06-27 19:32:58,664 - INFO - Added prompt from line 613 to batch.
2025-06-27 19:32:58,664 - INFO - Reading line 614 from input file...
2025-06-27 19:32:58,664 - INFO - Added prompt from line 614 to batch.
2025-06-27 19:32:58,664 - INFO - Reading line 615 from input file...
2025-06-27 19:32:58,664 - INFO - Added prompt from line 615 to batch.
2025-06-27 19:32:58,664 - INFO - Reading line 616 from input file...
2025-06-27 19:32:58,664 - INFO - Added prompt from line 616 to batch.
2025-06-27 19:32:58,664 - INFO - Processing batch of 8 prompts (up to line 616)...
2025-06-27 19:32:58,664 - INFO - Generating rankings for batch of 8 pairs of prompts. System prompt: 'You are a helpful assistant. Your task is to rank the two provided texts. Please explicitly write which of the two texts is of higher quality by writing the corresponding letter in the output, and nothing else.'
2025-06-27 19:32:58,665 - INFO - First formatted prompt for tokenizer (first 100 chars): '<|begin_of_text|><|start_header_id|>system<|end_header_id|>

Cutting Knowledge Date: December 2023
T...'
2025-06-27 19:32:58,665 - INFO - Input device: cuda:0, preparing to move inputs to device.
2025-06-27 19:32:58,667 - INFO - Batch of inputs tokenized, padded, truncated, and moved to model device.
2025-06-27 19:32:58,668 - INFO - Starting batched model.generate()...
Setting `pad_token_id` to `eos_token_id`:128001 for open-end generation.
2025-06-27 19:32:58,973 - INFO - Batched model.generate() completed.
2025-06-27 19:32:58,973 - INFO - Decoding batch of responses and extracting token probabilities...
2025-06-27 19:32:58,977 - INFO - Input tokens stripped from responses and probabilities extracted.
2025-06-27 19:32:58,977 - INFO - Batch of responses generated.
2025-06-27 19:32:59,138 - INFO - Appended 8 results from batch to /scratch-shared/mschaffelder/data/exp_3/pairwise/small/outputs/llama_8b_multi_source.jsonl
2025-06-27 19:32:59,138 - INFO - Reading line 617 from input file...
2025-06-27 19:32:59,138 - INFO - Added prompt from line 617 to batch.
2025-06-27 19:32:59,138 - INFO - Reading line 618 from input file...
2025-06-27 19:32:59,138 - INFO - Added prompt from line 618 to batch.
2025-06-27 19:32:59,138 - INFO - Reading line 619 from input file...
2025-06-27 19:32:59,138 - INFO - Added prompt from line 619 to batch.
2025-06-27 19:32:59,138 - INFO - Reading line 620 from input file...
2025-06-27 19:32:59,138 - INFO - Added prompt from line 620 to batch.
2025-06-27 19:32:59,138 - INFO - Reading line 621 from input file...
2025-06-27 19:32:59,138 - INFO - Added prompt from line 621 to batch.
2025-06-27 19:32:59,138 - INFO - Reading line 622 from input file...
2025-06-27 19:32:59,138 - INFO - Added prompt from line 622 to batch.
2025-06-27 19:32:59,138 - INFO - Reading line 623 from input file...
2025-06-27 19:32:59,138 - INFO - Added prompt from line 623 to batch.
2025-06-27 19:32:59,138 - INFO - Reading line 624 from input file...
2025-06-27 19:32:59,138 - INFO - Added prompt from line 624 to batch.
2025-06-27 19:32:59,138 - INFO - Processing batch of 8 prompts (up to line 624)...
2025-06-27 19:32:59,138 - INFO - Generating rankings for batch of 8 pairs of prompts. System prompt: 'You are a helpful assistant. Your task is to rank the two provided texts. Please explicitly write which of the two texts is of higher quality by writing the corresponding letter in the output, and nothing else.'
2025-06-27 19:32:59,139 - INFO - First formatted prompt for tokenizer (first 100 chars): '<|begin_of_text|><|start_header_id|>system<|end_header_id|>

Cutting Knowledge Date: December 2023
T...'
2025-06-27 19:32:59,139 - INFO - Input device: cuda:0, preparing to move inputs to device.
2025-06-27 19:32:59,142 - INFO - Batch of inputs tokenized, padded, truncated, and moved to model device.
2025-06-27 19:32:59,142 - INFO - Starting batched model.generate()...
Setting `pad_token_id` to `eos_token_id`:128001 for open-end generation.
2025-06-27 19:32:59,505 - INFO - Batched model.generate() completed.
2025-06-27 19:32:59,505 - INFO - Decoding batch of responses and extracting token probabilities...
2025-06-27 19:32:59,509 - INFO - Input tokens stripped from responses and probabilities extracted.
2025-06-27 19:32:59,509 - INFO - Batch of responses generated.
2025-06-27 19:33:01,724 - INFO - Appended 8 results from batch to /scratch-shared/mschaffelder/data/exp_3/pairwise/small/outputs/llama_8b_multi_source.jsonl
2025-06-27 19:33:01,724 - INFO - Reading line 625 from input file...
2025-06-27 19:33:01,724 - INFO - Added prompt from line 625 to batch.
2025-06-27 19:33:01,724 - INFO - Reading line 626 from input file...
2025-06-27 19:33:01,724 - INFO - Added prompt from line 626 to batch.
2025-06-27 19:33:01,724 - INFO - Reading line 627 from input file...
2025-06-27 19:33:01,724 - INFO - Added prompt from line 627 to batch.
2025-06-27 19:33:01,724 - INFO - Reading line 628 from input file...
2025-06-27 19:33:01,724 - INFO - Added prompt from line 628 to batch.
2025-06-27 19:33:01,724 - INFO - Reading line 629 from input file...
2025-06-27 19:33:01,724 - INFO - Added prompt from line 629 to batch.
2025-06-27 19:33:01,724 - INFO - Reading line 630 from input file...
2025-06-27 19:33:01,725 - INFO - Added prompt from line 630 to batch.
2025-06-27 19:33:01,725 - INFO - Reading line 631 from input file...
2025-06-27 19:33:01,725 - INFO - Added prompt from line 631 to batch.
2025-06-27 19:33:01,725 - INFO - Reading line 632 from input file...
2025-06-27 19:33:01,725 - INFO - Added prompt from line 632 to batch.
2025-06-27 19:33:01,725 - INFO - Processing batch of 8 prompts (up to line 632)...
2025-06-27 19:33:01,725 - INFO - Generating rankings for batch of 8 pairs of prompts. System prompt: 'You are a helpful assistant. Your task is to rank the two provided texts. Please explicitly write which of the two texts is of higher quality by writing the corresponding letter in the output, and nothing else.'
2025-06-27 19:33:01,725 - INFO - First formatted prompt for tokenizer (first 100 chars): '<|begin_of_text|><|start_header_id|>system<|end_header_id|>

Cutting Knowledge Date: December 2023
T...'
2025-06-27 19:33:01,725 - INFO - Input device: cuda:0, preparing to move inputs to device.
2025-06-27 19:33:01,729 - INFO - Batch of inputs tokenized, padded, truncated, and moved to model device.
2025-06-27 19:33:01,729 - INFO - Starting batched model.generate()...
Setting `pad_token_id` to `eos_token_id`:128001 for open-end generation.
2025-06-27 19:33:02,107 - INFO - Batched model.generate() completed.
2025-06-27 19:33:02,107 - INFO - Decoding batch of responses and extracting token probabilities...
2025-06-27 19:33:02,110 - INFO - Input tokens stripped from responses and probabilities extracted.
2025-06-27 19:33:02,110 - INFO - Batch of responses generated.
2025-06-27 19:33:02,112 - INFO - Appended 8 results from batch to /scratch-shared/mschaffelder/data/exp_3/pairwise/small/outputs/llama_8b_multi_source.jsonl
2025-06-27 19:33:02,112 - INFO - Reading line 633 from input file...
2025-06-27 19:33:02,112 - INFO - Added prompt from line 633 to batch.
2025-06-27 19:33:02,112 - INFO - Reading line 634 from input file...
2025-06-27 19:33:02,112 - INFO - Added prompt from line 634 to batch.
2025-06-27 19:33:02,112 - INFO - Reading line 635 from input file...
2025-06-27 19:33:02,112 - INFO - Added prompt from line 635 to batch.
2025-06-27 19:33:02,112 - INFO - Reading line 636 from input file...
2025-06-27 19:33:02,112 - INFO - Added prompt from line 636 to batch.
2025-06-27 19:33:02,112 - INFO - Reading line 637 from input file...
2025-06-27 19:33:02,112 - INFO - Added prompt from line 637 to batch.
2025-06-27 19:33:02,112 - INFO - Reading line 638 from input file...
2025-06-27 19:33:02,112 - INFO - Added prompt from line 638 to batch.
2025-06-27 19:33:02,112 - INFO - Reading line 639 from input file...
2025-06-27 19:33:02,112 - INFO - Added prompt from line 639 to batch.
2025-06-27 19:33:02,112 - INFO - Reading line 640 from input file...
2025-06-27 19:33:02,112 - INFO - Added prompt from line 640 to batch.
2025-06-27 19:33:02,112 - INFO - Processing batch of 8 prompts (up to line 640)...
2025-06-27 19:33:02,112 - INFO - Generating rankings for batch of 8 pairs of prompts. System prompt: 'You are a helpful assistant. Your task is to rank the two provided texts. Please explicitly write which of the two texts is of higher quality by writing the corresponding letter in the output, and nothing else.'
2025-06-27 19:33:02,113 - INFO - First formatted prompt for tokenizer (first 100 chars): '<|begin_of_text|><|start_header_id|>system<|end_header_id|>

Cutting Knowledge Date: December 2023
T...'
2025-06-27 19:33:02,113 - INFO - Input device: cuda:0, preparing to move inputs to device.
2025-06-27 19:33:02,115 - INFO - Batch of inputs tokenized, padded, truncated, and moved to model device.
2025-06-27 19:33:02,115 - INFO - Starting batched model.generate()...
Setting `pad_token_id` to `eos_token_id`:128001 for open-end generation.
2025-06-27 19:33:02,460 - INFO - Batched model.generate() completed.
2025-06-27 19:33:02,460 - INFO - Decoding batch of responses and extracting token probabilities...
2025-06-27 19:33:02,464 - INFO - Input tokens stripped from responses and probabilities extracted.
2025-06-27 19:33:02,465 - INFO - Batch of responses generated.
2025-06-27 19:33:02,466 - INFO - Appended 8 results from batch to /scratch-shared/mschaffelder/data/exp_3/pairwise/small/outputs/llama_8b_multi_source.jsonl
2025-06-27 19:33:02,466 - INFO - Reading line 641 from input file...
2025-06-27 19:33:02,467 - INFO - Added prompt from line 641 to batch.
2025-06-27 19:33:02,467 - INFO - Reading line 642 from input file...
2025-06-27 19:33:02,467 - INFO - Added prompt from line 642 to batch.
2025-06-27 19:33:02,467 - INFO - Reading line 643 from input file...
2025-06-27 19:33:02,467 - INFO - Added prompt from line 643 to batch.
2025-06-27 19:33:02,467 - INFO - Reading line 644 from input file...
2025-06-27 19:33:02,467 - INFO - Added prompt from line 644 to batch.
2025-06-27 19:33:02,467 - INFO - Reading line 645 from input file...
2025-06-27 19:33:02,467 - INFO - Added prompt from line 645 to batch.
2025-06-27 19:33:02,467 - INFO - Reading line 646 from input file...
2025-06-27 19:33:02,467 - INFO - Added prompt from line 646 to batch.
2025-06-27 19:33:02,467 - INFO - Reading line 647 from input file...
2025-06-27 19:33:02,467 - INFO - Added prompt from line 647 to batch.
2025-06-27 19:33:02,467 - INFO - Reading line 648 from input file...
2025-06-27 19:33:02,467 - INFO - Added prompt from line 648 to batch.
2025-06-27 19:33:02,467 - INFO - Processing batch of 8 prompts (up to line 648)...
2025-06-27 19:33:02,467 - INFO - Generating rankings for batch of 8 pairs of prompts. System prompt: 'You are a helpful assistant. Your task is to rank the two provided texts. Please explicitly write which of the two texts is of higher quality by writing the corresponding letter in the output, and nothing else.'
2025-06-27 19:33:02,468 - INFO - First formatted prompt for tokenizer (first 100 chars): '<|begin_of_text|><|start_header_id|>system<|end_header_id|>

Cutting Knowledge Date: December 2023
T...'
2025-06-27 19:33:02,468 - INFO - Input device: cuda:0, preparing to move inputs to device.
2025-06-27 19:33:02,471 - INFO - Batch of inputs tokenized, padded, truncated, and moved to model device.
2025-06-27 19:33:02,471 - INFO - Starting batched model.generate()...
Setting `pad_token_id` to `eos_token_id`:128001 for open-end generation.
2025-06-27 19:33:02,812 - INFO - Batched model.generate() completed.
2025-06-27 19:33:02,812 - INFO - Decoding batch of responses and extracting token probabilities...
2025-06-27 19:33:02,815 - INFO - Input tokens stripped from responses and probabilities extracted.
2025-06-27 19:33:02,815 - INFO - Batch of responses generated.
2025-06-27 19:33:02,816 - INFO - Appended 8 results from batch to /scratch-shared/mschaffelder/data/exp_3/pairwise/small/outputs/llama_8b_multi_source.jsonl
2025-06-27 19:33:02,816 - INFO - Reading line 649 from input file...
2025-06-27 19:33:02,817 - INFO - Added prompt from line 649 to batch.
2025-06-27 19:33:02,817 - INFO - Reading line 650 from input file...
2025-06-27 19:33:02,817 - INFO - Added prompt from line 650 to batch.
2025-06-27 19:33:02,817 - INFO - Reading line 651 from input file...
2025-06-27 19:33:02,817 - INFO - Added prompt from line 651 to batch.
2025-06-27 19:33:02,817 - INFO - Reading line 652 from input file...
2025-06-27 19:33:02,817 - INFO - Added prompt from line 652 to batch.
2025-06-27 19:33:02,817 - INFO - Reading line 653 from input file...
2025-06-27 19:33:02,817 - INFO - Added prompt from line 653 to batch.
2025-06-27 19:33:02,817 - INFO - Reading line 654 from input file...
2025-06-27 19:33:02,817 - INFO - Added prompt from line 654 to batch.
2025-06-27 19:33:02,817 - INFO - Reading line 655 from input file...
2025-06-27 19:33:02,817 - INFO - Added prompt from line 655 to batch.
2025-06-27 19:33:02,817 - INFO - Reading line 656 from input file...
2025-06-27 19:33:02,817 - INFO - Added prompt from line 656 to batch.
2025-06-27 19:33:02,817 - INFO - Processing batch of 8 prompts (up to line 656)...
2025-06-27 19:33:02,817 - INFO - Generating rankings for batch of 8 pairs of prompts. System prompt: 'You are a helpful assistant. Your task is to rank the two provided texts. Please explicitly write which of the two texts is of higher quality by writing the corresponding letter in the output, and nothing else.'
2025-06-27 19:33:02,818 - INFO - First formatted prompt for tokenizer (first 100 chars): '<|begin_of_text|><|start_header_id|>system<|end_header_id|>

Cutting Knowledge Date: December 2023
T...'
2025-06-27 19:33:02,818 - INFO - Input device: cuda:0, preparing to move inputs to device.
2025-06-27 19:33:02,820 - INFO - Batch of inputs tokenized, padded, truncated, and moved to model device.
2025-06-27 19:33:02,820 - INFO - Starting batched model.generate()...
Setting `pad_token_id` to `eos_token_id`:128001 for open-end generation.
2025-06-27 19:33:03,059 - INFO - Batched model.generate() completed.
2025-06-27 19:33:03,059 - INFO - Decoding batch of responses and extracting token probabilities...
2025-06-27 19:33:03,062 - INFO - Input tokens stripped from responses and probabilities extracted.
2025-06-27 19:33:03,062 - INFO - Batch of responses generated.
2025-06-27 19:33:03,064 - INFO - Appended 8 results from batch to /scratch-shared/mschaffelder/data/exp_3/pairwise/small/outputs/llama_8b_multi_source.jsonl
2025-06-27 19:33:03,064 - INFO - Reading line 657 from input file...
2025-06-27 19:33:03,064 - INFO - Added prompt from line 657 to batch.
2025-06-27 19:33:03,064 - INFO - Reading line 658 from input file...
2025-06-27 19:33:03,064 - INFO - Added prompt from line 658 to batch.
2025-06-27 19:33:03,064 - INFO - Reading line 659 from input file...
2025-06-27 19:33:03,064 - INFO - Added prompt from line 659 to batch.
2025-06-27 19:33:03,064 - INFO - Reading line 660 from input file...
2025-06-27 19:33:03,064 - INFO - Added prompt from line 660 to batch.
2025-06-27 19:33:03,064 - INFO - Reading line 661 from input file...
2025-06-27 19:33:03,065 - INFO - Added prompt from line 661 to batch.
2025-06-27 19:33:03,065 - INFO - Reading line 662 from input file...
2025-06-27 19:33:03,065 - INFO - Added prompt from line 662 to batch.
2025-06-27 19:33:03,065 - INFO - Reading line 663 from input file...
2025-06-27 19:33:03,065 - INFO - Added prompt from line 663 to batch.
2025-06-27 19:33:03,065 - INFO - Reading line 664 from input file...
2025-06-27 19:33:03,065 - INFO - Added prompt from line 664 to batch.
2025-06-27 19:33:03,065 - INFO - Processing batch of 8 prompts (up to line 664)...
2025-06-27 19:33:03,065 - INFO - Generating rankings for batch of 8 pairs of prompts. System prompt: 'You are a helpful assistant. Your task is to rank the two provided texts. Please explicitly write which of the two texts is of higher quality by writing the corresponding letter in the output, and nothing else.'
2025-06-27 19:33:03,065 - INFO - First formatted prompt for tokenizer (first 100 chars): '<|begin_of_text|><|start_header_id|>system<|end_header_id|>

Cutting Knowledge Date: December 2023
T...'
2025-06-27 19:33:03,065 - INFO - Input device: cuda:0, preparing to move inputs to device.
2025-06-27 19:33:03,068 - INFO - Batch of inputs tokenized, padded, truncated, and moved to model device.
2025-06-27 19:33:03,068 - INFO - Starting batched model.generate()...
Setting `pad_token_id` to `eos_token_id`:128001 for open-end generation.
2025-06-27 19:33:03,396 - INFO - Batched model.generate() completed.
2025-06-27 19:33:03,396 - INFO - Decoding batch of responses and extracting token probabilities...
2025-06-27 19:33:03,399 - INFO - Input tokens stripped from responses and probabilities extracted.
2025-06-27 19:33:03,400 - INFO - Batch of responses generated.
2025-06-27 19:33:03,401 - INFO - Appended 8 results from batch to /scratch-shared/mschaffelder/data/exp_3/pairwise/small/outputs/llama_8b_multi_source.jsonl
2025-06-27 19:33:03,401 - INFO - Reading line 665 from input file...
2025-06-27 19:33:03,402 - INFO - Added prompt from line 665 to batch.
2025-06-27 19:33:03,402 - INFO - Reading line 666 from input file...
2025-06-27 19:33:03,402 - INFO - Added prompt from line 666 to batch.
2025-06-27 19:33:03,402 - INFO - Reading line 667 from input file...
2025-06-27 19:33:03,402 - INFO - Added prompt from line 667 to batch.
2025-06-27 19:33:03,402 - INFO - Reading line 668 from input file...
2025-06-27 19:33:03,402 - INFO - Added prompt from line 668 to batch.
2025-06-27 19:33:03,402 - INFO - Reading line 669 from input file...
2025-06-27 19:33:03,402 - INFO - Added prompt from line 669 to batch.
2025-06-27 19:33:03,402 - INFO - Reading line 670 from input file...
2025-06-27 19:33:03,402 - INFO - Added prompt from line 670 to batch.
2025-06-27 19:33:03,402 - INFO - Reading line 671 from input file...
2025-06-27 19:33:03,402 - INFO - Added prompt from line 671 to batch.
2025-06-27 19:33:03,402 - INFO - Reading line 672 from input file...
2025-06-27 19:33:03,402 - INFO - Added prompt from line 672 to batch.
2025-06-27 19:33:03,402 - INFO - Processing batch of 8 prompts (up to line 672)...
2025-06-27 19:33:03,402 - INFO - Generating rankings for batch of 8 pairs of prompts. System prompt: 'You are a helpful assistant. Your task is to rank the two provided texts. Please explicitly write which of the two texts is of higher quality by writing the corresponding letter in the output, and nothing else.'
2025-06-27 19:33:03,403 - INFO - First formatted prompt for tokenizer (first 100 chars): '<|begin_of_text|><|start_header_id|>system<|end_header_id|>

Cutting Knowledge Date: December 2023
T...'
2025-06-27 19:33:03,403 - INFO - Input device: cuda:0, preparing to move inputs to device.
2025-06-27 19:33:03,405 - INFO - Batch of inputs tokenized, padded, truncated, and moved to model device.
2025-06-27 19:33:03,405 - INFO - Starting batched model.generate()...
Setting `pad_token_id` to `eos_token_id`:128001 for open-end generation.
2025-06-27 19:33:03,749 - INFO - Batched model.generate() completed.
2025-06-27 19:33:03,749 - INFO - Decoding batch of responses and extracting token probabilities...
2025-06-27 19:33:03,752 - INFO - Input tokens stripped from responses and probabilities extracted.
2025-06-27 19:33:03,753 - INFO - Batch of responses generated.
2025-06-27 19:33:03,754 - INFO - Appended 8 results from batch to /scratch-shared/mschaffelder/data/exp_3/pairwise/small/outputs/llama_8b_multi_source.jsonl
2025-06-27 19:33:03,754 - INFO - Reading line 673 from input file...
2025-06-27 19:33:03,754 - INFO - Added prompt from line 673 to batch.
2025-06-27 19:33:03,754 - INFO - Reading line 674 from input file...
2025-06-27 19:33:03,754 - INFO - Added prompt from line 674 to batch.
2025-06-27 19:33:03,754 - INFO - Reading line 675 from input file...
2025-06-27 19:33:03,754 - INFO - Added prompt from line 675 to batch.
2025-06-27 19:33:03,755 - INFO - Reading line 676 from input file...
2025-06-27 19:33:03,755 - INFO - Added prompt from line 676 to batch.
2025-06-27 19:33:03,755 - INFO - Reading line 677 from input file...
2025-06-27 19:33:03,755 - INFO - Added prompt from line 677 to batch.
2025-06-27 19:33:03,755 - INFO - Reading line 678 from input file...
2025-06-27 19:33:03,755 - INFO - Added prompt from line 678 to batch.
2025-06-27 19:33:03,755 - INFO - Reading line 679 from input file...
2025-06-27 19:33:03,755 - INFO - Added prompt from line 679 to batch.
2025-06-27 19:33:03,755 - INFO - Reading line 680 from input file...
2025-06-27 19:33:03,755 - INFO - Added prompt from line 680 to batch.
2025-06-27 19:33:03,755 - INFO - Processing batch of 8 prompts (up to line 680)...
2025-06-27 19:33:03,755 - INFO - Generating rankings for batch of 8 pairs of prompts. System prompt: 'You are a helpful assistant. Your task is to rank the two provided texts. Please explicitly write which of the two texts is of higher quality by writing the corresponding letter in the output, and nothing else.'
2025-06-27 19:33:03,755 - INFO - First formatted prompt for tokenizer (first 100 chars): '<|begin_of_text|><|start_header_id|>system<|end_header_id|>

Cutting Knowledge Date: December 2023
T...'
2025-06-27 19:33:03,755 - INFO - Input device: cuda:0, preparing to move inputs to device.
2025-06-27 19:33:03,758 - INFO - Batch of inputs tokenized, padded, truncated, and moved to model device.
2025-06-27 19:33:03,758 - INFO - Starting batched model.generate()...
Setting `pad_token_id` to `eos_token_id`:128001 for open-end generation.
2025-06-27 19:33:04,043 - INFO - Batched model.generate() completed.
2025-06-27 19:33:04,043 - INFO - Decoding batch of responses and extracting token probabilities...
2025-06-27 19:33:04,046 - INFO - Input tokens stripped from responses and probabilities extracted.
2025-06-27 19:33:04,047 - INFO - Batch of responses generated.
2025-06-27 19:33:04,048 - INFO - Appended 8 results from batch to /scratch-shared/mschaffelder/data/exp_3/pairwise/small/outputs/llama_8b_multi_source.jsonl
2025-06-27 19:33:04,048 - INFO - Reading line 681 from input file...
2025-06-27 19:33:04,048 - INFO - Added prompt from line 681 to batch.
2025-06-27 19:33:04,048 - INFO - Reading line 682 from input file...
2025-06-27 19:33:04,048 - INFO - Added prompt from line 682 to batch.
2025-06-27 19:33:04,048 - INFO - Reading line 683 from input file...
2025-06-27 19:33:04,048 - INFO - Added prompt from line 683 to batch.
2025-06-27 19:33:04,048 - INFO - Reading line 684 from input file...
2025-06-27 19:33:04,048 - INFO - Added prompt from line 684 to batch.
2025-06-27 19:33:04,048 - INFO - Reading line 685 from input file...
2025-06-27 19:33:04,048 - INFO - Added prompt from line 685 to batch.
2025-06-27 19:33:04,048 - INFO - Reading line 686 from input file...
2025-06-27 19:33:04,048 - INFO - Added prompt from line 686 to batch.
2025-06-27 19:33:04,048 - INFO - Reading line 687 from input file...
2025-06-27 19:33:04,048 - INFO - Added prompt from line 687 to batch.
2025-06-27 19:33:04,048 - INFO - Reading line 688 from input file...
2025-06-27 19:33:04,049 - INFO - Added prompt from line 688 to batch.
2025-06-27 19:33:04,049 - INFO - Processing batch of 8 prompts (up to line 688)...
2025-06-27 19:33:04,049 - INFO - Generating rankings for batch of 8 pairs of prompts. System prompt: 'You are a helpful assistant. Your task is to rank the two provided texts. Please explicitly write which of the two texts is of higher quality by writing the corresponding letter in the output, and nothing else.'
2025-06-27 19:33:04,049 - INFO - First formatted prompt for tokenizer (first 100 chars): '<|begin_of_text|><|start_header_id|>system<|end_header_id|>

Cutting Knowledge Date: December 2023
T...'
2025-06-27 19:33:04,049 - INFO - Input device: cuda:0, preparing to move inputs to device.
2025-06-27 19:33:04,052 - INFO - Batch of inputs tokenized, padded, truncated, and moved to model device.
2025-06-27 19:33:04,052 - INFO - Starting batched model.generate()...
Setting `pad_token_id` to `eos_token_id`:128001 for open-end generation.
2025-06-27 19:33:04,379 - INFO - Batched model.generate() completed.
2025-06-27 19:33:04,379 - INFO - Decoding batch of responses and extracting token probabilities...
2025-06-27 19:33:04,382 - INFO - Input tokens stripped from responses and probabilities extracted.
2025-06-27 19:33:04,382 - INFO - Batch of responses generated.
2025-06-27 19:33:04,384 - INFO - Appended 8 results from batch to /scratch-shared/mschaffelder/data/exp_3/pairwise/small/outputs/llama_8b_multi_source.jsonl
2025-06-27 19:33:04,384 - INFO - Reading line 689 from input file...
2025-06-27 19:33:04,384 - INFO - Added prompt from line 689 to batch.
2025-06-27 19:33:04,384 - INFO - Reading line 690 from input file...
2025-06-27 19:33:04,384 - INFO - Added prompt from line 690 to batch.
2025-06-27 19:33:04,384 - INFO - Reading line 691 from input file...
2025-06-27 19:33:04,384 - INFO - Added prompt from line 691 to batch.
2025-06-27 19:33:04,384 - INFO - Reading line 692 from input file...
2025-06-27 19:33:04,384 - INFO - Added prompt from line 692 to batch.
2025-06-27 19:33:04,385 - INFO - Reading line 693 from input file...
2025-06-27 19:33:04,385 - INFO - Added prompt from line 693 to batch.
2025-06-27 19:33:04,385 - INFO - Reading line 694 from input file...
2025-06-27 19:33:04,385 - INFO - Added prompt from line 694 to batch.
2025-06-27 19:33:04,385 - INFO - Reading line 695 from input file...
2025-06-27 19:33:04,385 - INFO - Added prompt from line 695 to batch.
2025-06-27 19:33:04,385 - INFO - Reading line 696 from input file...
2025-06-27 19:33:04,385 - INFO - Added prompt from line 696 to batch.
2025-06-27 19:33:04,385 - INFO - Processing batch of 8 prompts (up to line 696)...
2025-06-27 19:33:04,385 - INFO - Generating rankings for batch of 8 pairs of prompts. System prompt: 'You are a helpful assistant. Your task is to rank the two provided texts. Please explicitly write which of the two texts is of higher quality by writing the corresponding letter in the output, and nothing else.'
2025-06-27 19:33:04,385 - INFO - First formatted prompt for tokenizer (first 100 chars): '<|begin_of_text|><|start_header_id|>system<|end_header_id|>

Cutting Knowledge Date: December 2023
T...'
2025-06-27 19:33:04,385 - INFO - Input device: cuda:0, preparing to move inputs to device.
2025-06-27 19:33:04,388 - INFO - Batch of inputs tokenized, padded, truncated, and moved to model device.
2025-06-27 19:33:04,388 - INFO - Starting batched model.generate()...
Setting `pad_token_id` to `eos_token_id`:128001 for open-end generation.
2025-06-27 19:33:04,697 - INFO - Batched model.generate() completed.
2025-06-27 19:33:04,697 - INFO - Decoding batch of responses and extracting token probabilities...
2025-06-27 19:33:04,700 - INFO - Input tokens stripped from responses and probabilities extracted.
2025-06-27 19:33:04,701 - INFO - Batch of responses generated.
2025-06-27 19:33:10,351 - INFO - Appended 8 results from batch to /scratch-shared/mschaffelder/data/exp_3/pairwise/small/outputs/llama_8b_multi_source.jsonl
2025-06-27 19:33:10,351 - INFO - Reading line 697 from input file...
2025-06-27 19:33:10,351 - INFO - Added prompt from line 697 to batch.
2025-06-27 19:33:10,351 - INFO - Reading line 698 from input file...
2025-06-27 19:33:10,351 - INFO - Added prompt from line 698 to batch.
2025-06-27 19:33:10,351 - INFO - Reading line 699 from input file...
2025-06-27 19:33:10,351 - INFO - Added prompt from line 699 to batch.
2025-06-27 19:33:10,351 - INFO - Reading line 700 from input file...
2025-06-27 19:33:10,351 - INFO - Added prompt from line 700 to batch.
2025-06-27 19:33:10,351 - INFO - Reading line 701 from input file...
2025-06-27 19:33:10,351 - INFO - Added prompt from line 701 to batch.
2025-06-27 19:33:10,351 - INFO - Reading line 702 from input file...
2025-06-27 19:33:10,351 - INFO - Added prompt from line 702 to batch.
2025-06-27 19:33:10,351 - INFO - Reading line 703 from input file...
2025-06-27 19:33:10,351 - INFO - Added prompt from line 703 to batch.
2025-06-27 19:33:10,351 - INFO - Reading line 704 from input file...
2025-06-27 19:33:10,351 - INFO - Added prompt from line 704 to batch.
2025-06-27 19:33:10,351 - INFO - Processing batch of 8 prompts (up to line 704)...
2025-06-27 19:33:10,351 - INFO - Generating rankings for batch of 8 pairs of prompts. System prompt: 'You are a helpful assistant. Your task is to rank the two provided texts. Please explicitly write which of the two texts is of higher quality by writing the corresponding letter in the output, and nothing else.'
2025-06-27 19:33:10,352 - INFO - First formatted prompt for tokenizer (first 100 chars): '<|begin_of_text|><|start_header_id|>system<|end_header_id|>

Cutting Knowledge Date: December 2023
T...'
2025-06-27 19:33:10,352 - INFO - Input device: cuda:0, preparing to move inputs to device.
2025-06-27 19:33:10,355 - INFO - Batch of inputs tokenized, padded, truncated, and moved to model device.
2025-06-27 19:33:10,355 - INFO - Starting batched model.generate()...
Setting `pad_token_id` to `eos_token_id`:128001 for open-end generation.
2025-06-27 19:33:10,665 - INFO - Batched model.generate() completed.
2025-06-27 19:33:10,665 - INFO - Decoding batch of responses and extracting token probabilities...
2025-06-27 19:33:10,668 - INFO - Input tokens stripped from responses and probabilities extracted.
2025-06-27 19:33:10,668 - INFO - Batch of responses generated.
2025-06-27 19:33:10,669 - INFO - Appended 8 results from batch to /scratch-shared/mschaffelder/data/exp_3/pairwise/small/outputs/llama_8b_multi_source.jsonl
2025-06-27 19:33:10,670 - INFO - Reading line 705 from input file...
2025-06-27 19:33:10,670 - INFO - Added prompt from line 705 to batch.
2025-06-27 19:33:10,670 - INFO - Reading line 706 from input file...
2025-06-27 19:33:10,670 - INFO - Added prompt from line 706 to batch.
2025-06-27 19:33:10,670 - INFO - Reading line 707 from input file...
2025-06-27 19:33:10,670 - INFO - Added prompt from line 707 to batch.
2025-06-27 19:33:10,670 - INFO - Reading line 708 from input file...
2025-06-27 19:33:10,670 - INFO - Added prompt from line 708 to batch.
2025-06-27 19:33:10,670 - INFO - Reading line 709 from input file...
2025-06-27 19:33:10,670 - INFO - Added prompt from line 709 to batch.
2025-06-27 19:33:10,670 - INFO - Reading line 710 from input file...
2025-06-27 19:33:10,670 - INFO - Added prompt from line 710 to batch.
2025-06-27 19:33:10,670 - INFO - Reading line 711 from input file...
2025-06-27 19:33:10,670 - INFO - Added prompt from line 711 to batch.
2025-06-27 19:33:10,670 - INFO - Reading line 712 from input file...
2025-06-27 19:33:10,670 - INFO - Added prompt from line 712 to batch.
2025-06-27 19:33:10,670 - INFO - Processing batch of 8 prompts (up to line 712)...
2025-06-27 19:33:10,670 - INFO - Generating rankings for batch of 8 pairs of prompts. System prompt: 'You are a helpful assistant. Your task is to rank the two provided texts. Please explicitly write which of the two texts is of higher quality by writing the corresponding letter in the output, and nothing else.'
2025-06-27 19:33:10,671 - INFO - First formatted prompt for tokenizer (first 100 chars): '<|begin_of_text|><|start_header_id|>system<|end_header_id|>

Cutting Knowledge Date: December 2023
T...'
2025-06-27 19:33:10,671 - INFO - Input device: cuda:0, preparing to move inputs to device.
2025-06-27 19:33:10,673 - INFO - Batch of inputs tokenized, padded, truncated, and moved to model device.
2025-06-27 19:33:10,673 - INFO - Starting batched model.generate()...
Setting `pad_token_id` to `eos_token_id`:128001 for open-end generation.
2025-06-27 19:33:10,986 - INFO - Batched model.generate() completed.
2025-06-27 19:33:10,986 - INFO - Decoding batch of responses and extracting token probabilities...
2025-06-27 19:33:10,989 - INFO - Input tokens stripped from responses and probabilities extracted.
2025-06-27 19:33:10,989 - INFO - Batch of responses generated.
2025-06-27 19:33:12,373 - INFO - Appended 8 results from batch to /scratch-shared/mschaffelder/data/exp_3/pairwise/small/outputs/llama_8b_multi_source.jsonl
2025-06-27 19:33:12,373 - INFO - Reading line 713 from input file...
2025-06-27 19:33:12,373 - INFO - Added prompt from line 713 to batch.
2025-06-27 19:33:12,373 - INFO - Reading line 714 from input file...
2025-06-27 19:33:12,373 - INFO - Added prompt from line 714 to batch.
2025-06-27 19:33:12,373 - INFO - Reading line 715 from input file...
2025-06-27 19:33:12,373 - INFO - Added prompt from line 715 to batch.
2025-06-27 19:33:12,373 - INFO - Reading line 716 from input file...
2025-06-27 19:33:12,373 - INFO - Added prompt from line 716 to batch.
2025-06-27 19:33:12,373 - INFO - Reading line 717 from input file...
2025-06-27 19:33:12,373 - INFO - Added prompt from line 717 to batch.
2025-06-27 19:33:12,373 - INFO - Reading line 718 from input file...
2025-06-27 19:33:12,373 - INFO - Added prompt from line 718 to batch.
2025-06-27 19:33:12,373 - INFO - Reading line 719 from input file...
2025-06-27 19:33:12,373 - INFO - Added prompt from line 719 to batch.
2025-06-27 19:33:12,373 - INFO - Reading line 720 from input file...
2025-06-27 19:33:12,373 - INFO - Added prompt from line 720 to batch.
2025-06-27 19:33:12,373 - INFO - Processing batch of 8 prompts (up to line 720)...
2025-06-27 19:33:12,373 - INFO - Generating rankings for batch of 8 pairs of prompts. System prompt: 'You are a helpful assistant. Your task is to rank the two provided texts. Please explicitly write which of the two texts is of higher quality by writing the corresponding letter in the output, and nothing else.'
2025-06-27 19:33:12,374 - INFO - First formatted prompt for tokenizer (first 100 chars): '<|begin_of_text|><|start_header_id|>system<|end_header_id|>

Cutting Knowledge Date: December 2023
T...'
2025-06-27 19:33:12,374 - INFO - Input device: cuda:0, preparing to move inputs to device.
2025-06-27 19:33:12,376 - INFO - Batch of inputs tokenized, padded, truncated, and moved to model device.
2025-06-27 19:33:12,376 - INFO - Starting batched model.generate()...
Setting `pad_token_id` to `eos_token_id`:128001 for open-end generation.
2025-06-27 19:33:12,650 - INFO - Batched model.generate() completed.
2025-06-27 19:33:12,650 - INFO - Decoding batch of responses and extracting token probabilities...
2025-06-27 19:33:12,653 - INFO - Input tokens stripped from responses and probabilities extracted.
2025-06-27 19:33:12,654 - INFO - Batch of responses generated.
2025-06-27 19:33:12,655 - INFO - Appended 8 results from batch to /scratch-shared/mschaffelder/data/exp_3/pairwise/small/outputs/llama_8b_multi_source.jsonl
2025-06-27 19:33:12,655 - INFO - Reading line 721 from input file...
2025-06-27 19:33:12,655 - INFO - Added prompt from line 721 to batch.
2025-06-27 19:33:12,655 - INFO - Reading line 722 from input file...
2025-06-27 19:33:12,655 - INFO - Added prompt from line 722 to batch.
2025-06-27 19:33:12,655 - INFO - Reading line 723 from input file...
2025-06-27 19:33:12,655 - INFO - Added prompt from line 723 to batch.
2025-06-27 19:33:12,655 - INFO - Reading line 724 from input file...
2025-06-27 19:33:12,655 - INFO - Added prompt from line 724 to batch.
2025-06-27 19:33:12,655 - INFO - Reading line 725 from input file...
2025-06-27 19:33:12,655 - INFO - Added prompt from line 725 to batch.
2025-06-27 19:33:12,655 - INFO - Reading line 726 from input file...
2025-06-27 19:33:12,655 - INFO - Added prompt from line 726 to batch.
2025-06-27 19:33:12,655 - INFO - Reading line 727 from input file...
2025-06-27 19:33:12,655 - INFO - Added prompt from line 727 to batch.
2025-06-27 19:33:12,655 - INFO - Reading line 728 from input file...
2025-06-27 19:33:12,655 - INFO - Added prompt from line 728 to batch.
2025-06-27 19:33:12,655 - INFO - Processing batch of 8 prompts (up to line 728)...
2025-06-27 19:33:12,655 - INFO - Generating rankings for batch of 8 pairs of prompts. System prompt: 'You are a helpful assistant. Your task is to rank the two provided texts. Please explicitly write which of the two texts is of higher quality by writing the corresponding letter in the output, and nothing else.'
2025-06-27 19:33:12,656 - INFO - First formatted prompt for tokenizer (first 100 chars): '<|begin_of_text|><|start_header_id|>system<|end_header_id|>

Cutting Knowledge Date: December 2023
T...'
2025-06-27 19:33:12,656 - INFO - Input device: cuda:0, preparing to move inputs to device.
2025-06-27 19:33:12,659 - INFO - Batch of inputs tokenized, padded, truncated, and moved to model device.
2025-06-27 19:33:12,659 - INFO - Starting batched model.generate()...
Setting `pad_token_id` to `eos_token_id`:128001 for open-end generation.
2025-06-27 19:33:12,963 - INFO - Batched model.generate() completed.
2025-06-27 19:33:12,963 - INFO - Decoding batch of responses and extracting token probabilities...
2025-06-27 19:33:12,966 - INFO - Input tokens stripped from responses and probabilities extracted.
2025-06-27 19:33:12,967 - INFO - Batch of responses generated.
2025-06-27 19:33:13,133 - INFO - Appended 8 results from batch to /scratch-shared/mschaffelder/data/exp_3/pairwise/small/outputs/llama_8b_multi_source.jsonl
2025-06-27 19:33:13,133 - INFO - Reading line 729 from input file...
2025-06-27 19:33:13,133 - INFO - Added prompt from line 729 to batch.
2025-06-27 19:33:13,133 - INFO - Reading line 730 from input file...
2025-06-27 19:33:13,133 - INFO - Added prompt from line 730 to batch.
2025-06-27 19:33:13,133 - INFO - Reading line 731 from input file...
2025-06-27 19:33:13,133 - INFO - Added prompt from line 731 to batch.
2025-06-27 19:33:13,133 - INFO - Reading line 732 from input file...
2025-06-27 19:33:13,133 - INFO - Added prompt from line 732 to batch.
2025-06-27 19:33:13,133 - INFO - Reading line 733 from input file...
2025-06-27 19:33:13,133 - INFO - Added prompt from line 733 to batch.
2025-06-27 19:33:13,133 - INFO - Reading line 734 from input file...
2025-06-27 19:33:13,133 - INFO - Added prompt from line 734 to batch.
2025-06-27 19:33:13,133 - INFO - Reading line 735 from input file...
2025-06-27 19:33:13,133 - INFO - Added prompt from line 735 to batch.
2025-06-27 19:33:13,133 - INFO - Reading line 736 from input file...
2025-06-27 19:33:13,133 - INFO - Added prompt from line 736 to batch.
2025-06-27 19:33:13,133 - INFO - Processing batch of 8 prompts (up to line 736)...
2025-06-27 19:33:13,133 - INFO - Generating rankings for batch of 8 pairs of prompts. System prompt: 'You are a helpful assistant. Your task is to rank the two provided texts. Please explicitly write which of the two texts is of higher quality by writing the corresponding letter in the output, and nothing else.'
2025-06-27 19:33:13,134 - INFO - First formatted prompt for tokenizer (first 100 chars): '<|begin_of_text|><|start_header_id|>system<|end_header_id|>

Cutting Knowledge Date: December 2023
T...'
2025-06-27 19:33:13,134 - INFO - Input device: cuda:0, preparing to move inputs to device.
2025-06-27 19:33:13,137 - INFO - Batch of inputs tokenized, padded, truncated, and moved to model device.
2025-06-27 19:33:13,137 - INFO - Starting batched model.generate()...
Setting `pad_token_id` to `eos_token_id`:128001 for open-end generation.
2025-06-27 19:33:13,410 - INFO - Batched model.generate() completed.
2025-06-27 19:33:13,410 - INFO - Decoding batch of responses and extracting token probabilities...
2025-06-27 19:33:13,413 - INFO - Input tokens stripped from responses and probabilities extracted.
2025-06-27 19:33:13,414 - INFO - Batch of responses generated.
2025-06-27 19:33:13,946 - INFO - Appended 8 results from batch to /scratch-shared/mschaffelder/data/exp_3/pairwise/small/outputs/llama_8b_multi_source.jsonl
2025-06-27 19:33:13,946 - INFO - Reading line 737 from input file...
2025-06-27 19:33:13,947 - INFO - Added prompt from line 737 to batch.
2025-06-27 19:33:13,947 - INFO - Reading line 738 from input file...
2025-06-27 19:33:13,947 - INFO - Added prompt from line 738 to batch.
2025-06-27 19:33:13,947 - INFO - Reading line 739 from input file...
2025-06-27 19:33:13,947 - INFO - Added prompt from line 739 to batch.
2025-06-27 19:33:13,947 - INFO - Reading line 740 from input file...
2025-06-27 19:33:13,947 - INFO - Added prompt from line 740 to batch.
2025-06-27 19:33:13,947 - INFO - Reading line 741 from input file...
2025-06-27 19:33:13,947 - INFO - Added prompt from line 741 to batch.
2025-06-27 19:33:13,947 - INFO - Reading line 742 from input file...
2025-06-27 19:33:13,947 - INFO - Added prompt from line 742 to batch.
2025-06-27 19:33:13,947 - INFO - Reading line 743 from input file...
2025-06-27 19:33:13,947 - INFO - Added prompt from line 743 to batch.
2025-06-27 19:33:13,947 - INFO - Reading line 744 from input file...
2025-06-27 19:33:13,947 - INFO - Added prompt from line 744 to batch.
2025-06-27 19:33:13,947 - INFO - Processing batch of 8 prompts (up to line 744)...
2025-06-27 19:33:13,947 - INFO - Generating rankings for batch of 8 pairs of prompts. System prompt: 'You are a helpful assistant. Your task is to rank the two provided texts. Please explicitly write which of the two texts is of higher quality by writing the corresponding letter in the output, and nothing else.'
2025-06-27 19:33:13,948 - INFO - First formatted prompt for tokenizer (first 100 chars): '<|begin_of_text|><|start_header_id|>system<|end_header_id|>

Cutting Knowledge Date: December 2023
T...'
2025-06-27 19:33:13,948 - INFO - Input device: cuda:0, preparing to move inputs to device.
2025-06-27 19:33:13,951 - INFO - Batch of inputs tokenized, padded, truncated, and moved to model device.
2025-06-27 19:33:13,951 - INFO - Starting batched model.generate()...
Setting `pad_token_id` to `eos_token_id`:128001 for open-end generation.
2025-06-27 19:33:14,346 - INFO - Batched model.generate() completed.
2025-06-27 19:33:14,346 - INFO - Decoding batch of responses and extracting token probabilities...
2025-06-27 19:33:14,350 - INFO - Input tokens stripped from responses and probabilities extracted.
2025-06-27 19:33:14,350 - INFO - Batch of responses generated.
2025-06-27 19:33:14,352 - INFO - Appended 8 results from batch to /scratch-shared/mschaffelder/data/exp_3/pairwise/small/outputs/llama_8b_multi_source.jsonl
2025-06-27 19:33:14,352 - INFO - Reading line 745 from input file...
2025-06-27 19:33:14,352 - INFO - Added prompt from line 745 to batch.
2025-06-27 19:33:14,352 - INFO - Reading line 746 from input file...
2025-06-27 19:33:14,352 - INFO - Added prompt from line 746 to batch.
2025-06-27 19:33:14,352 - INFO - Reading line 747 from input file...
2025-06-27 19:33:14,352 - INFO - Added prompt from line 747 to batch.
2025-06-27 19:33:14,352 - INFO - Reading line 748 from input file...
2025-06-27 19:33:14,352 - INFO - Added prompt from line 748 to batch.
2025-06-27 19:33:14,352 - INFO - Reading line 749 from input file...
2025-06-27 19:33:14,352 - INFO - Added prompt from line 749 to batch.
2025-06-27 19:33:14,352 - INFO - Reading line 750 from input file...
2025-06-27 19:33:14,352 - INFO - Added prompt from line 750 to batch.
2025-06-27 19:33:14,352 - INFO - Reading line 751 from input file...
2025-06-27 19:33:14,352 - INFO - Added prompt from line 751 to batch.
2025-06-27 19:33:14,352 - INFO - Reading line 752 from input file...
2025-06-27 19:33:14,352 - INFO - Added prompt from line 752 to batch.
2025-06-27 19:33:14,352 - INFO - Processing batch of 8 prompts (up to line 752)...
2025-06-27 19:33:14,352 - INFO - Generating rankings for batch of 8 pairs of prompts. System prompt: 'You are a helpful assistant. Your task is to rank the two provided texts. Please explicitly write which of the two texts is of higher quality by writing the corresponding letter in the output, and nothing else.'
2025-06-27 19:33:14,353 - INFO - First formatted prompt for tokenizer (first 100 chars): '<|begin_of_text|><|start_header_id|>system<|end_header_id|>

Cutting Knowledge Date: December 2023
T...'
2025-06-27 19:33:14,353 - INFO - Input device: cuda:0, preparing to move inputs to device.
2025-06-27 19:33:14,356 - INFO - Batch of inputs tokenized, padded, truncated, and moved to model device.
2025-06-27 19:33:14,356 - INFO - Starting batched model.generate()...
Setting `pad_token_id` to `eos_token_id`:128001 for open-end generation.
2025-06-27 19:33:14,700 - INFO - Batched model.generate() completed.
2025-06-27 19:33:14,700 - INFO - Decoding batch of responses and extracting token probabilities...
2025-06-27 19:33:14,703 - INFO - Input tokens stripped from responses and probabilities extracted.
2025-06-27 19:33:14,703 - INFO - Batch of responses generated.
2025-06-27 19:33:14,994 - INFO - Appended 8 results from batch to /scratch-shared/mschaffelder/data/exp_3/pairwise/small/outputs/llama_8b_multi_source.jsonl
2025-06-27 19:33:14,994 - INFO - Reading line 753 from input file...
2025-06-27 19:33:14,994 - INFO - Added prompt from line 753 to batch.
2025-06-27 19:33:14,994 - INFO - Reading line 754 from input file...
2025-06-27 19:33:14,994 - INFO - Added prompt from line 754 to batch.
2025-06-27 19:33:14,994 - INFO - Reading line 755 from input file...
2025-06-27 19:33:14,994 - INFO - Added prompt from line 755 to batch.
2025-06-27 19:33:14,994 - INFO - Reading line 756 from input file...
2025-06-27 19:33:14,995 - INFO - Added prompt from line 756 to batch.
2025-06-27 19:33:14,995 - INFO - Reading line 757 from input file...
2025-06-27 19:33:14,995 - INFO - Added prompt from line 757 to batch.
2025-06-27 19:33:14,995 - INFO - Reading line 758 from input file...
2025-06-27 19:33:14,995 - INFO - Added prompt from line 758 to batch.
2025-06-27 19:33:14,995 - INFO - Reading line 759 from input file...
2025-06-27 19:33:14,995 - INFO - Added prompt from line 759 to batch.
2025-06-27 19:33:14,995 - INFO - Reading line 760 from input file...
2025-06-27 19:33:14,995 - INFO - Added prompt from line 760 to batch.
2025-06-27 19:33:14,995 - INFO - Processing batch of 8 prompts (up to line 760)...
2025-06-27 19:33:14,995 - INFO - Generating rankings for batch of 8 pairs of prompts. System prompt: 'You are a helpful assistant. Your task is to rank the two provided texts. Please explicitly write which of the two texts is of higher quality by writing the corresponding letter in the output, and nothing else.'
2025-06-27 19:33:14,995 - INFO - First formatted prompt for tokenizer (first 100 chars): '<|begin_of_text|><|start_header_id|>system<|end_header_id|>

Cutting Knowledge Date: December 2023
T...'
2025-06-27 19:33:14,996 - INFO - Input device: cuda:0, preparing to move inputs to device.
2025-06-27 19:33:14,998 - INFO - Batch of inputs tokenized, padded, truncated, and moved to model device.
2025-06-27 19:33:14,998 - INFO - Starting batched model.generate()...
Setting `pad_token_id` to `eos_token_id`:128001 for open-end generation.
2025-06-27 19:33:15,258 - INFO - Batched model.generate() completed.
2025-06-27 19:33:15,258 - INFO - Decoding batch of responses and extracting token probabilities...
2025-06-27 19:33:15,262 - INFO - Input tokens stripped from responses and probabilities extracted.
2025-06-27 19:33:15,262 - INFO - Batch of responses generated.
2025-06-27 19:33:15,262 - INFO - Appended 8 results from batch to /scratch-shared/mschaffelder/data/exp_3/pairwise/small/outputs/llama_8b_multi_source.jsonl
2025-06-27 19:33:15,262 - INFO - Reading line 761 from input file...
2025-06-27 19:33:15,262 - INFO - Added prompt from line 761 to batch.
2025-06-27 19:33:15,262 - INFO - Reading line 762 from input file...
2025-06-27 19:33:15,262 - INFO - Added prompt from line 762 to batch.
2025-06-27 19:33:15,262 - INFO - Reading line 763 from input file...
2025-06-27 19:33:15,263 - INFO - Added prompt from line 763 to batch.
2025-06-27 19:33:15,263 - INFO - Reading line 764 from input file...
2025-06-27 19:33:15,263 - INFO - Added prompt from line 764 to batch.
2025-06-27 19:33:15,263 - INFO - Reading line 765 from input file...
2025-06-27 19:33:15,263 - INFO - Added prompt from line 765 to batch.
2025-06-27 19:33:15,263 - INFO - Reading line 766 from input file...
2025-06-27 19:33:15,263 - INFO - Added prompt from line 766 to batch.
2025-06-27 19:33:15,263 - INFO - Reading line 767 from input file...
2025-06-27 19:33:15,263 - INFO - Added prompt from line 767 to batch.
2025-06-27 19:33:15,263 - INFO - Reading line 768 from input file...
2025-06-27 19:33:15,263 - INFO - Added prompt from line 768 to batch.
2025-06-27 19:33:15,263 - INFO - Processing batch of 8 prompts (up to line 768)...
2025-06-27 19:33:15,263 - INFO - Generating rankings for batch of 8 pairs of prompts. System prompt: 'You are a helpful assistant. Your task is to rank the two provided texts. Please explicitly write which of the two texts is of higher quality by writing the corresponding letter in the output, and nothing else.'
2025-06-27 19:33:15,263 - INFO - First formatted prompt for tokenizer (first 100 chars): '<|begin_of_text|><|start_header_id|>system<|end_header_id|>

Cutting Knowledge Date: December 2023
T...'
2025-06-27 19:33:15,264 - INFO - Input device: cuda:0, preparing to move inputs to device.
2025-06-27 19:33:15,266 - INFO - Batch of inputs tokenized, padded, truncated, and moved to model device.
2025-06-27 19:33:15,266 - INFO - Starting batched model.generate()...
Setting `pad_token_id` to `eos_token_id`:128001 for open-end generation.
2025-06-27 19:33:15,526 - INFO - Batched model.generate() completed.
2025-06-27 19:33:15,526 - INFO - Decoding batch of responses and extracting token probabilities...
2025-06-27 19:33:15,529 - INFO - Input tokens stripped from responses and probabilities extracted.
2025-06-27 19:33:15,529 - INFO - Batch of responses generated.
2025-06-27 19:33:15,531 - INFO - Appended 8 results from batch to /scratch-shared/mschaffelder/data/exp_3/pairwise/small/outputs/llama_8b_multi_source.jsonl
2025-06-27 19:33:15,531 - INFO - Reading line 769 from input file...
2025-06-27 19:33:15,531 - INFO - Added prompt from line 769 to batch.
2025-06-27 19:33:15,531 - INFO - Reading line 770 from input file...
2025-06-27 19:33:15,531 - INFO - Added prompt from line 770 to batch.
2025-06-27 19:33:15,531 - INFO - Reading line 771 from input file...
2025-06-27 19:33:15,531 - INFO - Added prompt from line 771 to batch.
2025-06-27 19:33:15,531 - INFO - Reading line 772 from input file...
2025-06-27 19:33:15,531 - INFO - Added prompt from line 772 to batch.
2025-06-27 19:33:15,531 - INFO - Reading line 773 from input file...
2025-06-27 19:33:15,531 - INFO - Added prompt from line 773 to batch.
2025-06-27 19:33:15,531 - INFO - Reading line 774 from input file...
2025-06-27 19:33:15,531 - INFO - Added prompt from line 774 to batch.
2025-06-27 19:33:15,531 - INFO - Reading line 775 from input file...
2025-06-27 19:33:15,531 - INFO - Added prompt from line 775 to batch.
2025-06-27 19:33:15,531 - INFO - Reading line 776 from input file...
2025-06-27 19:33:15,531 - INFO - Added prompt from line 776 to batch.
2025-06-27 19:33:15,531 - INFO - Processing batch of 8 prompts (up to line 776)...
2025-06-27 19:33:15,531 - INFO - Generating rankings for batch of 8 pairs of prompts. System prompt: 'You are a helpful assistant. Your task is to rank the two provided texts. Please explicitly write which of the two texts is of higher quality by writing the corresponding letter in the output, and nothing else.'
2025-06-27 19:33:15,532 - INFO - First formatted prompt for tokenizer (first 100 chars): '<|begin_of_text|><|start_header_id|>system<|end_header_id|>

Cutting Knowledge Date: December 2023
T...'
2025-06-27 19:33:15,532 - INFO - Input device: cuda:0, preparing to move inputs to device.
2025-06-27 19:33:15,534 - INFO - Batch of inputs tokenized, padded, truncated, and moved to model device.
2025-06-27 19:33:15,534 - INFO - Starting batched model.generate()...
Setting `pad_token_id` to `eos_token_id`:128001 for open-end generation.
2025-06-27 19:33:15,782 - INFO - Batched model.generate() completed.
2025-06-27 19:33:15,783 - INFO - Decoding batch of responses and extracting token probabilities...
2025-06-27 19:33:15,786 - INFO - Input tokens stripped from responses and probabilities extracted.
2025-06-27 19:33:15,786 - INFO - Batch of responses generated.
2025-06-27 19:33:16,835 - INFO - Appended 8 results from batch to /scratch-shared/mschaffelder/data/exp_3/pairwise/small/outputs/llama_8b_multi_source.jsonl
2025-06-27 19:33:16,835 - INFO - Reading line 777 from input file...
2025-06-27 19:33:16,835 - INFO - Added prompt from line 777 to batch.
2025-06-27 19:33:16,835 - INFO - Reading line 778 from input file...
2025-06-27 19:33:16,835 - INFO - Added prompt from line 778 to batch.
2025-06-27 19:33:16,835 - INFO - Reading line 779 from input file...
2025-06-27 19:33:16,835 - INFO - Added prompt from line 779 to batch.
2025-06-27 19:33:16,835 - INFO - Reading line 780 from input file...
2025-06-27 19:33:16,835 - INFO - Added prompt from line 780 to batch.
2025-06-27 19:33:16,835 - INFO - Reading line 781 from input file...
2025-06-27 19:33:16,835 - INFO - Added prompt from line 781 to batch.
2025-06-27 19:33:16,835 - INFO - Reading line 782 from input file...
2025-06-27 19:33:16,835 - INFO - Added prompt from line 782 to batch.
2025-06-27 19:33:16,835 - INFO - Reading line 783 from input file...
2025-06-27 19:33:16,835 - INFO - Added prompt from line 783 to batch.
2025-06-27 19:33:16,835 - INFO - Reading line 784 from input file...
2025-06-27 19:33:16,835 - INFO - Added prompt from line 784 to batch.
2025-06-27 19:33:16,835 - INFO - Processing batch of 8 prompts (up to line 784)...
2025-06-27 19:33:16,835 - INFO - Generating rankings for batch of 8 pairs of prompts. System prompt: 'You are a helpful assistant. Your task is to rank the two provided texts. Please explicitly write which of the two texts is of higher quality by writing the corresponding letter in the output, and nothing else.'
2025-06-27 19:33:16,836 - INFO - First formatted prompt for tokenizer (first 100 chars): '<|begin_of_text|><|start_header_id|>system<|end_header_id|>

Cutting Knowledge Date: December 2023
T...'
2025-06-27 19:33:16,836 - INFO - Input device: cuda:0, preparing to move inputs to device.
2025-06-27 19:33:16,840 - INFO - Batch of inputs tokenized, padded, truncated, and moved to model device.
2025-06-27 19:33:16,840 - INFO - Starting batched model.generate()...
Setting `pad_token_id` to `eos_token_id`:128001 for open-end generation.
2025-06-27 19:33:17,615 - INFO - Batched model.generate() completed.
2025-06-27 19:33:17,615 - INFO - Decoding batch of responses and extracting token probabilities...
2025-06-27 19:33:17,623 - INFO - Input tokens stripped from responses and probabilities extracted.
2025-06-27 19:33:17,623 - INFO - Batch of responses generated.
2025-06-27 19:33:19,947 - INFO - Appended 8 results from batch to /scratch-shared/mschaffelder/data/exp_3/pairwise/small/outputs/llama_8b_multi_source.jsonl
2025-06-27 19:33:19,947 - INFO - Reading line 785 from input file...
2025-06-27 19:33:19,947 - INFO - Added prompt from line 785 to batch.
2025-06-27 19:33:19,947 - INFO - Reading line 786 from input file...
2025-06-27 19:33:19,947 - INFO - Added prompt from line 786 to batch.
2025-06-27 19:33:19,947 - INFO - Reading line 787 from input file...
2025-06-27 19:33:19,947 - INFO - Added prompt from line 787 to batch.
2025-06-27 19:33:19,947 - INFO - Reading line 788 from input file...
2025-06-27 19:33:19,947 - INFO - Added prompt from line 788 to batch.
2025-06-27 19:33:19,947 - INFO - Reading line 789 from input file...
2025-06-27 19:33:19,947 - INFO - Added prompt from line 789 to batch.
2025-06-27 19:33:19,947 - INFO - Reading line 790 from input file...
2025-06-27 19:33:19,947 - INFO - Added prompt from line 790 to batch.
2025-06-27 19:33:19,947 - INFO - Reading line 791 from input file...
2025-06-27 19:33:19,947 - INFO - Added prompt from line 791 to batch.
2025-06-27 19:33:19,947 - INFO - Reading line 792 from input file...
2025-06-27 19:33:19,947 - INFO - Added prompt from line 792 to batch.
2025-06-27 19:33:19,947 - INFO - Processing batch of 8 prompts (up to line 792)...
2025-06-27 19:33:19,947 - INFO - Generating rankings for batch of 8 pairs of prompts. System prompt: 'You are a helpful assistant. Your task is to rank the two provided texts. Please explicitly write which of the two texts is of higher quality by writing the corresponding letter in the output, and nothing else.'
2025-06-27 19:33:19,948 - INFO - First formatted prompt for tokenizer (first 100 chars): '<|begin_of_text|><|start_header_id|>system<|end_header_id|>

Cutting Knowledge Date: December 2023
T...'
2025-06-27 19:33:19,948 - INFO - Input device: cuda:0, preparing to move inputs to device.
2025-06-27 19:33:19,951 - INFO - Batch of inputs tokenized, padded, truncated, and moved to model device.
2025-06-27 19:33:19,951 - INFO - Starting batched model.generate()...
Setting `pad_token_id` to `eos_token_id`:128001 for open-end generation.
2025-06-27 19:33:20,406 - INFO - Batched model.generate() completed.
2025-06-27 19:33:20,406 - INFO - Decoding batch of responses and extracting token probabilities...
2025-06-27 19:33:20,410 - INFO - Input tokens stripped from responses and probabilities extracted.
2025-06-27 19:33:20,410 - INFO - Batch of responses generated.
2025-06-27 19:33:20,413 - INFO - Appended 8 results from batch to /scratch-shared/mschaffelder/data/exp_3/pairwise/small/outputs/llama_8b_multi_source.jsonl
2025-06-27 19:33:20,413 - INFO - Reading line 793 from input file...
2025-06-27 19:33:20,413 - INFO - Added prompt from line 793 to batch.
2025-06-27 19:33:20,413 - INFO - Reading line 794 from input file...
2025-06-27 19:33:20,413 - INFO - Added prompt from line 794 to batch.
2025-06-27 19:33:20,413 - INFO - Reading line 795 from input file...
2025-06-27 19:33:20,413 - INFO - Added prompt from line 795 to batch.
2025-06-27 19:33:20,413 - INFO - Reading line 796 from input file...
2025-06-27 19:33:20,413 - INFO - Added prompt from line 796 to batch.
2025-06-27 19:33:20,413 - INFO - Reading line 797 from input file...
2025-06-27 19:33:20,413 - INFO - Added prompt from line 797 to batch.
2025-06-27 19:33:20,413 - INFO - Reading line 798 from input file...
2025-06-27 19:33:20,413 - INFO - Added prompt from line 798 to batch.
2025-06-27 19:33:20,413 - INFO - Reading line 799 from input file...
2025-06-27 19:33:20,413 - INFO - Added prompt from line 799 to batch.
2025-06-27 19:33:20,413 - INFO - Reading line 800 from input file...
2025-06-27 19:33:20,413 - INFO - Added prompt from line 800 to batch.
2025-06-27 19:33:20,413 - INFO - Processing batch of 8 prompts (up to line 800)...
2025-06-27 19:33:20,414 - INFO - Generating rankings for batch of 8 pairs of prompts. System prompt: 'You are a helpful assistant. Your task is to rank the two provided texts. Please explicitly write which of the two texts is of higher quality by writing the corresponding letter in the output, and nothing else.'
2025-06-27 19:33:20,414 - INFO - First formatted prompt for tokenizer (first 100 chars): '<|begin_of_text|><|start_header_id|>system<|end_header_id|>

Cutting Knowledge Date: December 2023
T...'
2025-06-27 19:33:20,414 - INFO - Input device: cuda:0, preparing to move inputs to device.
2025-06-27 19:33:20,417 - INFO - Batch of inputs tokenized, padded, truncated, and moved to model device.
2025-06-27 19:33:20,417 - INFO - Starting batched model.generate()...
Setting `pad_token_id` to `eos_token_id`:128001 for open-end generation.
2025-06-27 19:33:20,767 - INFO - Batched model.generate() completed.
2025-06-27 19:33:20,767 - INFO - Decoding batch of responses and extracting token probabilities...
2025-06-27 19:33:20,771 - INFO - Input tokens stripped from responses and probabilities extracted.
2025-06-27 19:33:20,771 - INFO - Batch of responses generated.
2025-06-27 19:33:20,772 - INFO - Appended 8 results from batch to /scratch-shared/mschaffelder/data/exp_3/pairwise/small/outputs/llama_8b_multi_source.jsonl
2025-06-27 19:33:20,772 - INFO - Reading line 801 from input file...
2025-06-27 19:33:20,772 - INFO - Added prompt from line 801 to batch.
2025-06-27 19:33:20,772 - INFO - Reading line 802 from input file...
2025-06-27 19:33:20,772 - INFO - Added prompt from line 802 to batch.
2025-06-27 19:33:20,772 - INFO - Reading line 803 from input file...
2025-06-27 19:33:20,772 - INFO - Added prompt from line 803 to batch.
2025-06-27 19:33:20,772 - INFO - Reading line 804 from input file...
2025-06-27 19:33:20,772 - INFO - Added prompt from line 804 to batch.
2025-06-27 19:33:20,772 - INFO - Reading line 805 from input file...
2025-06-27 19:33:20,772 - INFO - Added prompt from line 805 to batch.
2025-06-27 19:33:20,772 - INFO - Reading line 806 from input file...
2025-06-27 19:33:20,772 - INFO - Added prompt from line 806 to batch.
2025-06-27 19:33:20,772 - INFO - Reading line 807 from input file...
2025-06-27 19:33:20,772 - INFO - Added prompt from line 807 to batch.
2025-06-27 19:33:20,772 - INFO - Reading line 808 from input file...
2025-06-27 19:33:20,772 - INFO - Added prompt from line 808 to batch.
2025-06-27 19:33:20,772 - INFO - Processing batch of 8 prompts (up to line 808)...
2025-06-27 19:33:20,772 - INFO - Generating rankings for batch of 8 pairs of prompts. System prompt: 'You are a helpful assistant. Your task is to rank the two provided texts. Please explicitly write which of the two texts is of higher quality by writing the corresponding letter in the output, and nothing else.'
2025-06-27 19:33:20,773 - INFO - First formatted prompt for tokenizer (first 100 chars): '<|begin_of_text|><|start_header_id|>system<|end_header_id|>

Cutting Knowledge Date: December 2023
T...'
2025-06-27 19:33:20,773 - INFO - Input device: cuda:0, preparing to move inputs to device.
2025-06-27 19:33:20,776 - INFO - Batch of inputs tokenized, padded, truncated, and moved to model device.
2025-06-27 19:33:20,776 - INFO - Starting batched model.generate()...
Setting `pad_token_id` to `eos_token_id`:128001 for open-end generation.
2025-06-27 19:33:21,197 - INFO - Batched model.generate() completed.
2025-06-27 19:33:21,197 - INFO - Decoding batch of responses and extracting token probabilities...
2025-06-27 19:33:21,201 - INFO - Input tokens stripped from responses and probabilities extracted.
2025-06-27 19:33:21,201 - INFO - Batch of responses generated.
2025-06-27 19:33:21,204 - INFO - Appended 8 results from batch to /scratch-shared/mschaffelder/data/exp_3/pairwise/small/outputs/llama_8b_multi_source.jsonl
2025-06-27 19:33:21,204 - INFO - Reading line 809 from input file...
2025-06-27 19:33:21,204 - INFO - Added prompt from line 809 to batch.
2025-06-27 19:33:21,204 - INFO - Reading line 810 from input file...
2025-06-27 19:33:21,204 - INFO - Added prompt from line 810 to batch.
2025-06-27 19:33:21,204 - INFO - Reading line 811 from input file...
2025-06-27 19:33:21,204 - INFO - Added prompt from line 811 to batch.
2025-06-27 19:33:21,204 - INFO - Reading line 812 from input file...
2025-06-27 19:33:21,204 - INFO - Added prompt from line 812 to batch.
2025-06-27 19:33:21,204 - INFO - Reading line 813 from input file...
2025-06-27 19:33:21,204 - INFO - Added prompt from line 813 to batch.
2025-06-27 19:33:21,204 - INFO - Reading line 814 from input file...
2025-06-27 19:33:21,204 - INFO - Added prompt from line 814 to batch.
2025-06-27 19:33:21,204 - INFO - Reading line 815 from input file...
2025-06-27 19:33:21,204 - INFO - Added prompt from line 815 to batch.
2025-06-27 19:33:21,204 - INFO - Reading line 816 from input file...
2025-06-27 19:33:21,204 - INFO - Added prompt from line 816 to batch.
2025-06-27 19:33:21,204 - INFO - Processing batch of 8 prompts (up to line 816)...
2025-06-27 19:33:21,204 - INFO - Generating rankings for batch of 8 pairs of prompts. System prompt: 'You are a helpful assistant. Your task is to rank the two provided texts. Please explicitly write which of the two texts is of higher quality by writing the corresponding letter in the output, and nothing else.'
2025-06-27 19:33:21,205 - INFO - First formatted prompt for tokenizer (first 100 chars): '<|begin_of_text|><|start_header_id|>system<|end_header_id|>

Cutting Knowledge Date: December 2023
T...'
2025-06-27 19:33:21,205 - INFO - Input device: cuda:0, preparing to move inputs to device.
2025-06-27 19:33:21,207 - INFO - Batch of inputs tokenized, padded, truncated, and moved to model device.
2025-06-27 19:33:21,207 - INFO - Starting batched model.generate()...
Setting `pad_token_id` to `eos_token_id`:128001 for open-end generation.
2025-06-27 19:33:21,489 - INFO - Batched model.generate() completed.
2025-06-27 19:33:21,489 - INFO - Decoding batch of responses and extracting token probabilities...
2025-06-27 19:33:21,492 - INFO - Input tokens stripped from responses and probabilities extracted.
2025-06-27 19:33:21,493 - INFO - Batch of responses generated.
2025-06-27 19:33:21,544 - INFO - Appended 8 results from batch to /scratch-shared/mschaffelder/data/exp_3/pairwise/small/outputs/llama_8b_multi_source.jsonl
2025-06-27 19:33:21,545 - INFO - Reading line 817 from input file...
2025-06-27 19:33:21,545 - INFO - Added prompt from line 817 to batch.
2025-06-27 19:33:21,545 - INFO - Reading line 818 from input file...
2025-06-27 19:33:21,545 - INFO - Added prompt from line 818 to batch.
2025-06-27 19:33:21,545 - INFO - Reading line 819 from input file...
2025-06-27 19:33:21,545 - INFO - Added prompt from line 819 to batch.
2025-06-27 19:33:21,545 - INFO - Reading line 820 from input file...
2025-06-27 19:33:21,545 - INFO - Added prompt from line 820 to batch.
2025-06-27 19:33:21,545 - INFO - Reading line 821 from input file...
2025-06-27 19:33:21,545 - INFO - Added prompt from line 821 to batch.
2025-06-27 19:33:21,545 - INFO - Reading line 822 from input file...
2025-06-27 19:33:21,545 - INFO - Added prompt from line 822 to batch.
2025-06-27 19:33:21,545 - INFO - Reading line 823 from input file...
2025-06-27 19:33:21,545 - INFO - Added prompt from line 823 to batch.
2025-06-27 19:33:21,545 - INFO - Reading line 824 from input file...
2025-06-27 19:33:21,545 - INFO - Added prompt from line 824 to batch.
2025-06-27 19:33:21,545 - INFO - Processing batch of 8 prompts (up to line 824)...
2025-06-27 19:33:21,545 - INFO - Generating rankings for batch of 8 pairs of prompts. System prompt: 'You are a helpful assistant. Your task is to rank the two provided texts. Please explicitly write which of the two texts is of higher quality by writing the corresponding letter in the output, and nothing else.'
2025-06-27 19:33:21,546 - INFO - First formatted prompt for tokenizer (first 100 chars): '<|begin_of_text|><|start_header_id|>system<|end_header_id|>

Cutting Knowledge Date: December 2023
T...'
2025-06-27 19:33:21,546 - INFO - Input device: cuda:0, preparing to move inputs to device.
2025-06-27 19:33:21,548 - INFO - Batch of inputs tokenized, padded, truncated, and moved to model device.
2025-06-27 19:33:21,548 - INFO - Starting batched model.generate()...
Setting `pad_token_id` to `eos_token_id`:128001 for open-end generation.
2025-06-27 19:33:21,831 - INFO - Batched model.generate() completed.
2025-06-27 19:33:21,832 - INFO - Decoding batch of responses and extracting token probabilities...
2025-06-27 19:33:21,835 - INFO - Input tokens stripped from responses and probabilities extracted.
2025-06-27 19:33:21,835 - INFO - Batch of responses generated.
2025-06-27 19:33:21,837 - INFO - Appended 8 results from batch to /scratch-shared/mschaffelder/data/exp_3/pairwise/small/outputs/llama_8b_multi_source.jsonl
2025-06-27 19:33:21,837 - INFO - Reading line 825 from input file...
2025-06-27 19:33:21,837 - INFO - Added prompt from line 825 to batch.
2025-06-27 19:33:21,837 - INFO - Reading line 826 from input file...
2025-06-27 19:33:21,837 - INFO - Added prompt from line 826 to batch.
2025-06-27 19:33:21,837 - INFO - Reading line 827 from input file...
2025-06-27 19:33:21,837 - INFO - Added prompt from line 827 to batch.
2025-06-27 19:33:21,837 - INFO - Reading line 828 from input file...
2025-06-27 19:33:21,837 - INFO - Added prompt from line 828 to batch.
2025-06-27 19:33:21,837 - INFO - Reading line 829 from input file...
2025-06-27 19:33:21,837 - INFO - Added prompt from line 829 to batch.
2025-06-27 19:33:21,837 - INFO - Reading line 830 from input file...
2025-06-27 19:33:21,837 - INFO - Added prompt from line 830 to batch.
2025-06-27 19:33:21,837 - INFO - Reading line 831 from input file...
2025-06-27 19:33:21,837 - INFO - Added prompt from line 831 to batch.
2025-06-27 19:33:21,837 - INFO - Reading line 832 from input file...
2025-06-27 19:33:21,837 - INFO - Added prompt from line 832 to batch.
2025-06-27 19:33:21,837 - INFO - Processing batch of 8 prompts (up to line 832)...
2025-06-27 19:33:21,837 - INFO - Generating rankings for batch of 8 pairs of prompts. System prompt: 'You are a helpful assistant. Your task is to rank the two provided texts. Please explicitly write which of the two texts is of higher quality by writing the corresponding letter in the output, and nothing else.'
2025-06-27 19:33:21,838 - INFO - First formatted prompt for tokenizer (first 100 chars): '<|begin_of_text|><|start_header_id|>system<|end_header_id|>

Cutting Knowledge Date: December 2023
T...'
2025-06-27 19:33:21,838 - INFO - Input device: cuda:0, preparing to move inputs to device.
2025-06-27 19:33:21,840 - INFO - Batch of inputs tokenized, padded, truncated, and moved to model device.
2025-06-27 19:33:21,840 - INFO - Starting batched model.generate()...
Setting `pad_token_id` to `eos_token_id`:128001 for open-end generation.
2025-06-27 19:33:22,189 - INFO - Batched model.generate() completed.
2025-06-27 19:33:22,189 - INFO - Decoding batch of responses and extracting token probabilities...
2025-06-27 19:33:22,193 - INFO - Input tokens stripped from responses and probabilities extracted.
2025-06-27 19:33:22,194 - INFO - Batch of responses generated.
2025-06-27 19:33:22,196 - INFO - Appended 8 results from batch to /scratch-shared/mschaffelder/data/exp_3/pairwise/small/outputs/llama_8b_multi_source.jsonl
2025-06-27 19:33:22,196 - INFO - Reading line 833 from input file...
2025-06-27 19:33:22,196 - INFO - Added prompt from line 833 to batch.
2025-06-27 19:33:22,196 - INFO - Reading line 834 from input file...
2025-06-27 19:33:22,196 - INFO - Added prompt from line 834 to batch.
2025-06-27 19:33:22,196 - INFO - Reading line 835 from input file...
2025-06-27 19:33:22,196 - INFO - Added prompt from line 835 to batch.
2025-06-27 19:33:22,196 - INFO - Reading line 836 from input file...
2025-06-27 19:33:22,196 - INFO - Added prompt from line 836 to batch.
2025-06-27 19:33:22,196 - INFO - Reading line 837 from input file...
2025-06-27 19:33:22,196 - INFO - Added prompt from line 837 to batch.
2025-06-27 19:33:22,196 - INFO - Reading line 838 from input file...
2025-06-27 19:33:22,196 - INFO - Added prompt from line 838 to batch.
2025-06-27 19:33:22,196 - INFO - Reading line 839 from input file...
2025-06-27 19:33:22,196 - INFO - Added prompt from line 839 to batch.
2025-06-27 19:33:22,196 - INFO - Reading line 840 from input file...
2025-06-27 19:33:22,196 - INFO - Added prompt from line 840 to batch.
2025-06-27 19:33:22,196 - INFO - Processing batch of 8 prompts (up to line 840)...
2025-06-27 19:33:22,196 - INFO - Generating rankings for batch of 8 pairs of prompts. System prompt: 'You are a helpful assistant. Your task is to rank the two provided texts. Please explicitly write which of the two texts is of higher quality by writing the corresponding letter in the output, and nothing else.'
2025-06-27 19:33:22,197 - INFO - First formatted prompt for tokenizer (first 100 chars): '<|begin_of_text|><|start_header_id|>system<|end_header_id|>

Cutting Knowledge Date: December 2023
T...'
2025-06-27 19:33:22,197 - INFO - Input device: cuda:0, preparing to move inputs to device.
2025-06-27 19:33:22,199 - INFO - Batch of inputs tokenized, padded, truncated, and moved to model device.
2025-06-27 19:33:22,200 - INFO - Starting batched model.generate()...
Setting `pad_token_id` to `eos_token_id`:128001 for open-end generation.
2025-06-27 19:33:22,490 - INFO - Batched model.generate() completed.
2025-06-27 19:33:22,490 - INFO - Decoding batch of responses and extracting token probabilities...
2025-06-27 19:33:22,494 - INFO - Input tokens stripped from responses and probabilities extracted.
2025-06-27 19:33:22,494 - INFO - Batch of responses generated.
2025-06-27 19:33:22,495 - INFO - Appended 8 results from batch to /scratch-shared/mschaffelder/data/exp_3/pairwise/small/outputs/llama_8b_multi_source.jsonl
2025-06-27 19:33:22,495 - INFO - Reading line 841 from input file...
2025-06-27 19:33:22,495 - INFO - Added prompt from line 841 to batch.
2025-06-27 19:33:22,495 - INFO - Reading line 842 from input file...
2025-06-27 19:33:22,495 - INFO - Added prompt from line 842 to batch.
2025-06-27 19:33:22,495 - INFO - Reading line 843 from input file...
2025-06-27 19:33:22,495 - INFO - Added prompt from line 843 to batch.
2025-06-27 19:33:22,495 - INFO - Reading line 844 from input file...
2025-06-27 19:33:22,495 - INFO - Added prompt from line 844 to batch.
2025-06-27 19:33:22,495 - INFO - Reading line 845 from input file...
2025-06-27 19:33:22,495 - INFO - Added prompt from line 845 to batch.
2025-06-27 19:33:22,495 - INFO - Reading line 846 from input file...
2025-06-27 19:33:22,495 - INFO - Added prompt from line 846 to batch.
2025-06-27 19:33:22,495 - INFO - Reading line 847 from input file...
2025-06-27 19:33:22,495 - INFO - Added prompt from line 847 to batch.
2025-06-27 19:33:22,495 - INFO - Reading line 848 from input file...
2025-06-27 19:33:22,495 - INFO - Added prompt from line 848 to batch.
2025-06-27 19:33:22,495 - INFO - Processing batch of 8 prompts (up to line 848)...
2025-06-27 19:33:22,495 - INFO - Generating rankings for batch of 8 pairs of prompts. System prompt: 'You are a helpful assistant. Your task is to rank the two provided texts. Please explicitly write which of the two texts is of higher quality by writing the corresponding letter in the output, and nothing else.'
2025-06-27 19:33:22,496 - INFO - First formatted prompt for tokenizer (first 100 chars): '<|begin_of_text|><|start_header_id|>system<|end_header_id|>

Cutting Knowledge Date: December 2023
T...'
2025-06-27 19:33:22,496 - INFO - Input device: cuda:0, preparing to move inputs to device.
2025-06-27 19:33:22,499 - INFO - Batch of inputs tokenized, padded, truncated, and moved to model device.
2025-06-27 19:33:22,499 - INFO - Starting batched model.generate()...
Setting `pad_token_id` to `eos_token_id`:128001 for open-end generation.
2025-06-27 19:33:22,933 - INFO - Batched model.generate() completed.
2025-06-27 19:33:22,933 - INFO - Decoding batch of responses and extracting token probabilities...
2025-06-27 19:33:22,937 - INFO - Input tokens stripped from responses and probabilities extracted.
2025-06-27 19:33:22,937 - INFO - Batch of responses generated.
2025-06-27 19:33:22,939 - INFO - Appended 8 results from batch to /scratch-shared/mschaffelder/data/exp_3/pairwise/small/outputs/llama_8b_multi_source.jsonl
2025-06-27 19:33:22,939 - INFO - Reading line 849 from input file...
2025-06-27 19:33:22,939 - INFO - Added prompt from line 849 to batch.
2025-06-27 19:33:22,939 - INFO - Reading line 850 from input file...
2025-06-27 19:33:22,939 - INFO - Added prompt from line 850 to batch.
2025-06-27 19:33:22,939 - INFO - Reading line 851 from input file...
2025-06-27 19:33:22,939 - INFO - Added prompt from line 851 to batch.
2025-06-27 19:33:22,939 - INFO - Reading line 852 from input file...
2025-06-27 19:33:22,940 - INFO - Added prompt from line 852 to batch.
2025-06-27 19:33:22,940 - INFO - Reading line 853 from input file...
2025-06-27 19:33:22,940 - INFO - Added prompt from line 853 to batch.
2025-06-27 19:33:22,940 - INFO - Reading line 854 from input file...
2025-06-27 19:33:22,940 - INFO - Added prompt from line 854 to batch.
2025-06-27 19:33:22,940 - INFO - Reading line 855 from input file...
2025-06-27 19:33:22,940 - INFO - Added prompt from line 855 to batch.
2025-06-27 19:33:22,940 - INFO - Reading line 856 from input file...
2025-06-27 19:33:22,940 - INFO - Added prompt from line 856 to batch.
2025-06-27 19:33:22,940 - INFO - Processing batch of 8 prompts (up to line 856)...
2025-06-27 19:33:22,940 - INFO - Generating rankings for batch of 8 pairs of prompts. System prompt: 'You are a helpful assistant. Your task is to rank the two provided texts. Please explicitly write which of the two texts is of higher quality by writing the corresponding letter in the output, and nothing else.'
2025-06-27 19:33:22,940 - INFO - First formatted prompt for tokenizer (first 100 chars): '<|begin_of_text|><|start_header_id|>system<|end_header_id|>

Cutting Knowledge Date: December 2023
T...'
2025-06-27 19:33:22,940 - INFO - Input device: cuda:0, preparing to move inputs to device.
2025-06-27 19:33:22,943 - INFO - Batch of inputs tokenized, padded, truncated, and moved to model device.
2025-06-27 19:33:22,943 - INFO - Starting batched model.generate()...
Setting `pad_token_id` to `eos_token_id`:128001 for open-end generation.
2025-06-27 19:33:23,323 - INFO - Batched model.generate() completed.
2025-06-27 19:33:23,324 - INFO - Decoding batch of responses and extracting token probabilities...
2025-06-27 19:33:23,328 - INFO - Input tokens stripped from responses and probabilities extracted.
2025-06-27 19:33:23,328 - INFO - Batch of responses generated.
2025-06-27 19:33:27,948 - INFO - Appended 8 results from batch to /scratch-shared/mschaffelder/data/exp_3/pairwise/small/outputs/llama_8b_multi_source.jsonl
2025-06-27 19:33:27,948 - INFO - Reading line 857 from input file...
2025-06-27 19:33:27,948 - INFO - Added prompt from line 857 to batch.
2025-06-27 19:33:27,948 - INFO - Reading line 858 from input file...
2025-06-27 19:33:27,948 - INFO - Added prompt from line 858 to batch.
2025-06-27 19:33:27,948 - INFO - Reading line 859 from input file...
2025-06-27 19:33:27,948 - INFO - Added prompt from line 859 to batch.
2025-06-27 19:33:27,948 - INFO - Reading line 860 from input file...
2025-06-27 19:33:27,948 - INFO - Added prompt from line 860 to batch.
2025-06-27 19:33:27,948 - INFO - Reading line 861 from input file...
2025-06-27 19:33:27,948 - INFO - Added prompt from line 861 to batch.
2025-06-27 19:33:27,948 - INFO - Reading line 862 from input file...
2025-06-27 19:33:27,948 - INFO - Added prompt from line 862 to batch.
2025-06-27 19:33:27,948 - INFO - Reading line 863 from input file...
2025-06-27 19:33:27,948 - INFO - Added prompt from line 863 to batch.
2025-06-27 19:33:27,948 - INFO - Reading line 864 from input file...
2025-06-27 19:33:27,948 - INFO - Added prompt from line 864 to batch.
2025-06-27 19:33:27,948 - INFO - Processing batch of 8 prompts (up to line 864)...
2025-06-27 19:33:27,948 - INFO - Generating rankings for batch of 8 pairs of prompts. System prompt: 'You are a helpful assistant. Your task is to rank the two provided texts. Please explicitly write which of the two texts is of higher quality by writing the corresponding letter in the output, and nothing else.'
2025-06-27 19:33:27,949 - INFO - First formatted prompt for tokenizer (first 100 chars): '<|begin_of_text|><|start_header_id|>system<|end_header_id|>

Cutting Knowledge Date: December 2023
T...'
2025-06-27 19:33:27,949 - INFO - Input device: cuda:0, preparing to move inputs to device.
2025-06-27 19:33:27,952 - INFO - Batch of inputs tokenized, padded, truncated, and moved to model device.
2025-06-27 19:33:27,952 - INFO - Starting batched model.generate()...
Setting `pad_token_id` to `eos_token_id`:128001 for open-end generation.
2025-06-27 19:33:28,231 - INFO - Batched model.generate() completed.
2025-06-27 19:33:28,231 - INFO - Decoding batch of responses and extracting token probabilities...
2025-06-27 19:33:28,234 - INFO - Input tokens stripped from responses and probabilities extracted.
2025-06-27 19:33:28,235 - INFO - Batch of responses generated.
2025-06-27 19:33:28,236 - INFO - Appended 8 results from batch to /scratch-shared/mschaffelder/data/exp_3/pairwise/small/outputs/llama_8b_multi_source.jsonl
2025-06-27 19:33:28,236 - INFO - Reading line 865 from input file...
2025-06-27 19:33:28,236 - INFO - Added prompt from line 865 to batch.
2025-06-27 19:33:28,236 - INFO - Reading line 866 from input file...
2025-06-27 19:33:28,236 - INFO - Added prompt from line 866 to batch.
2025-06-27 19:33:28,236 - INFO - Reading line 867 from input file...
2025-06-27 19:33:28,236 - INFO - Added prompt from line 867 to batch.
2025-06-27 19:33:28,236 - INFO - Reading line 868 from input file...
2025-06-27 19:33:28,236 - INFO - Added prompt from line 868 to batch.
2025-06-27 19:33:28,236 - INFO - Reading line 869 from input file...
2025-06-27 19:33:28,236 - INFO - Added prompt from line 869 to batch.
2025-06-27 19:33:28,236 - INFO - Reading line 870 from input file...
2025-06-27 19:33:28,236 - INFO - Added prompt from line 870 to batch.
2025-06-27 19:33:28,236 - INFO - Reading line 871 from input file...
2025-06-27 19:33:28,236 - INFO - Added prompt from line 871 to batch.
2025-06-27 19:33:28,236 - INFO - Reading line 872 from input file...
2025-06-27 19:33:28,236 - INFO - Added prompt from line 872 to batch.
2025-06-27 19:33:28,236 - INFO - Processing batch of 8 prompts (up to line 872)...
2025-06-27 19:33:28,237 - INFO - Generating rankings for batch of 8 pairs of prompts. System prompt: 'You are a helpful assistant. Your task is to rank the two provided texts. Please explicitly write which of the two texts is of higher quality by writing the corresponding letter in the output, and nothing else.'
2025-06-27 19:33:28,237 - INFO - First formatted prompt for tokenizer (first 100 chars): '<|begin_of_text|><|start_header_id|>system<|end_header_id|>

Cutting Knowledge Date: December 2023
T...'
2025-06-27 19:33:28,237 - INFO - Input device: cuda:0, preparing to move inputs to device.
2025-06-27 19:33:28,240 - INFO - Batch of inputs tokenized, padded, truncated, and moved to model device.
2025-06-27 19:33:28,240 - INFO - Starting batched model.generate()...
Setting `pad_token_id` to `eos_token_id`:128001 for open-end generation.
2025-06-27 19:33:28,552 - INFO - Batched model.generate() completed.
2025-06-27 19:33:28,552 - INFO - Decoding batch of responses and extracting token probabilities...
2025-06-27 19:33:28,556 - INFO - Input tokens stripped from responses and probabilities extracted.
2025-06-27 19:33:28,556 - INFO - Batch of responses generated.
2025-06-27 19:33:29,967 - INFO - Appended 8 results from batch to /scratch-shared/mschaffelder/data/exp_3/pairwise/small/outputs/llama_8b_multi_source.jsonl
2025-06-27 19:33:29,968 - INFO - Reading line 873 from input file...
2025-06-27 19:33:29,968 - INFO - Added prompt from line 873 to batch.
2025-06-27 19:33:29,968 - INFO - Reading line 874 from input file...
2025-06-27 19:33:29,968 - INFO - Added prompt from line 874 to batch.
2025-06-27 19:33:29,968 - INFO - Reading line 875 from input file...
2025-06-27 19:33:29,968 - INFO - Added prompt from line 875 to batch.
2025-06-27 19:33:29,968 - INFO - Reading line 876 from input file...
2025-06-27 19:33:29,968 - INFO - Added prompt from line 876 to batch.
2025-06-27 19:33:29,968 - INFO - Reading line 877 from input file...
2025-06-27 19:33:29,968 - INFO - Added prompt from line 877 to batch.
2025-06-27 19:33:29,968 - INFO - Reading line 878 from input file...
2025-06-27 19:33:29,968 - INFO - Added prompt from line 878 to batch.
2025-06-27 19:33:29,968 - INFO - Reading line 879 from input file...
2025-06-27 19:33:29,968 - INFO - Added prompt from line 879 to batch.
2025-06-27 19:33:29,968 - INFO - Reading line 880 from input file...
2025-06-27 19:33:29,968 - INFO - Added prompt from line 880 to batch.
2025-06-27 19:33:29,968 - INFO - Processing batch of 8 prompts (up to line 880)...
2025-06-27 19:33:29,968 - INFO - Generating rankings for batch of 8 pairs of prompts. System prompt: 'You are a helpful assistant. Your task is to rank the two provided texts. Please explicitly write which of the two texts is of higher quality by writing the corresponding letter in the output, and nothing else.'
2025-06-27 19:33:29,969 - INFO - First formatted prompt for tokenizer (first 100 chars): '<|begin_of_text|><|start_header_id|>system<|end_header_id|>

Cutting Knowledge Date: December 2023
T...'
2025-06-27 19:33:29,969 - INFO - Input device: cuda:0, preparing to move inputs to device.
2025-06-27 19:33:29,971 - INFO - Batch of inputs tokenized, padded, truncated, and moved to model device.
2025-06-27 19:33:29,971 - INFO - Starting batched model.generate()...
Setting `pad_token_id` to `eos_token_id`:128001 for open-end generation.
2025-06-27 19:33:30,239 - INFO - Batched model.generate() completed.
2025-06-27 19:33:30,239 - INFO - Decoding batch of responses and extracting token probabilities...
2025-06-27 19:33:30,242 - INFO - Input tokens stripped from responses and probabilities extracted.
2025-06-27 19:33:30,242 - INFO - Batch of responses generated.
2025-06-27 19:33:30,243 - INFO - Appended 8 results from batch to /scratch-shared/mschaffelder/data/exp_3/pairwise/small/outputs/llama_8b_multi_source.jsonl
2025-06-27 19:33:30,243 - INFO - Reading line 881 from input file...
2025-06-27 19:33:30,243 - INFO - Added prompt from line 881 to batch.
2025-06-27 19:33:30,243 - INFO - Reading line 882 from input file...
2025-06-27 19:33:30,243 - INFO - Added prompt from line 882 to batch.
2025-06-27 19:33:30,243 - INFO - Reading line 883 from input file...
2025-06-27 19:33:30,243 - INFO - Added prompt from line 883 to batch.
2025-06-27 19:33:30,243 - INFO - Reading line 884 from input file...
2025-06-27 19:33:30,243 - INFO - Added prompt from line 884 to batch.
2025-06-27 19:33:30,243 - INFO - Reading line 885 from input file...
2025-06-27 19:33:30,243 - INFO - Added prompt from line 885 to batch.
2025-06-27 19:33:30,243 - INFO - Reading line 886 from input file...
2025-06-27 19:33:30,243 - INFO - Added prompt from line 886 to batch.
2025-06-27 19:33:30,243 - INFO - Reading line 887 from input file...
2025-06-27 19:33:30,243 - INFO - Added prompt from line 887 to batch.
2025-06-27 19:33:30,243 - INFO - Reading line 888 from input file...
2025-06-27 19:33:30,243 - INFO - Added prompt from line 888 to batch.
2025-06-27 19:33:30,243 - INFO - Processing batch of 8 prompts (up to line 888)...
2025-06-27 19:33:30,243 - INFO - Generating rankings for batch of 8 pairs of prompts. System prompt: 'You are a helpful assistant. Your task is to rank the two provided texts. Please explicitly write which of the two texts is of higher quality by writing the corresponding letter in the output, and nothing else.'
2025-06-27 19:33:30,244 - INFO - First formatted prompt for tokenizer (first 100 chars): '<|begin_of_text|><|start_header_id|>system<|end_header_id|>

Cutting Knowledge Date: December 2023
T...'
2025-06-27 19:33:30,244 - INFO - Input device: cuda:0, preparing to move inputs to device.
2025-06-27 19:33:30,248 - INFO - Batch of inputs tokenized, padded, truncated, and moved to model device.
2025-06-27 19:33:30,248 - INFO - Starting batched model.generate()...
Setting `pad_token_id` to `eos_token_id`:128001 for open-end generation.
2025-06-27 19:33:30,679 - INFO - Batched model.generate() completed.
2025-06-27 19:33:30,679 - INFO - Decoding batch of responses and extracting token probabilities...
2025-06-27 19:33:30,683 - INFO - Input tokens stripped from responses and probabilities extracted.
2025-06-27 19:33:30,683 - INFO - Batch of responses generated.
2025-06-27 19:33:30,685 - INFO - Appended 8 results from batch to /scratch-shared/mschaffelder/data/exp_3/pairwise/small/outputs/llama_8b_multi_source.jsonl
2025-06-27 19:33:30,685 - INFO - Reading line 889 from input file...
2025-06-27 19:33:30,685 - INFO - Added prompt from line 889 to batch.
2025-06-27 19:33:30,685 - INFO - Reading line 890 from input file...
2025-06-27 19:33:30,685 - INFO - Added prompt from line 890 to batch.
2025-06-27 19:33:30,685 - INFO - Reading line 891 from input file...
2025-06-27 19:33:30,685 - INFO - Added prompt from line 891 to batch.
2025-06-27 19:33:30,685 - INFO - Reading line 892 from input file...
2025-06-27 19:33:30,685 - INFO - Added prompt from line 892 to batch.
2025-06-27 19:33:30,685 - INFO - Reading line 893 from input file...
2025-06-27 19:33:30,685 - INFO - Added prompt from line 893 to batch.
2025-06-27 19:33:30,685 - INFO - Reading line 894 from input file...
2025-06-27 19:33:30,685 - INFO - Added prompt from line 894 to batch.
2025-06-27 19:33:30,685 - INFO - Reading line 895 from input file...
2025-06-27 19:33:30,685 - INFO - Added prompt from line 895 to batch.
2025-06-27 19:33:30,685 - INFO - Reading line 896 from input file...
2025-06-27 19:33:30,685 - INFO - Added prompt from line 896 to batch.
2025-06-27 19:33:30,685 - INFO - Processing batch of 8 prompts (up to line 896)...
2025-06-27 19:33:30,685 - INFO - Generating rankings for batch of 8 pairs of prompts. System prompt: 'You are a helpful assistant. Your task is to rank the two provided texts. Please explicitly write which of the two texts is of higher quality by writing the corresponding letter in the output, and nothing else.'
2025-06-27 19:33:30,686 - INFO - First formatted prompt for tokenizer (first 100 chars): '<|begin_of_text|><|start_header_id|>system<|end_header_id|>

Cutting Knowledge Date: December 2023
T...'
2025-06-27 19:33:30,686 - INFO - Input device: cuda:0, preparing to move inputs to device.
2025-06-27 19:33:30,688 - INFO - Batch of inputs tokenized, padded, truncated, and moved to model device.
2025-06-27 19:33:30,688 - INFO - Starting batched model.generate()...
Setting `pad_token_id` to `eos_token_id`:128001 for open-end generation.
2025-06-27 19:33:30,999 - INFO - Batched model.generate() completed.
2025-06-27 19:33:30,999 - INFO - Decoding batch of responses and extracting token probabilities...
2025-06-27 19:33:31,002 - INFO - Input tokens stripped from responses and probabilities extracted.
2025-06-27 19:33:31,002 - INFO - Batch of responses generated.
2025-06-27 19:33:36,369 - INFO - Appended 8 results from batch to /scratch-shared/mschaffelder/data/exp_3/pairwise/small/outputs/llama_8b_multi_source.jsonl
2025-06-27 19:33:36,369 - INFO - Reading line 897 from input file...
2025-06-27 19:33:36,369 - INFO - Added prompt from line 897 to batch.
2025-06-27 19:33:36,369 - INFO - Reading line 898 from input file...
2025-06-27 19:33:36,369 - INFO - Added prompt from line 898 to batch.
2025-06-27 19:33:36,369 - INFO - Reading line 899 from input file...
2025-06-27 19:33:36,369 - INFO - Added prompt from line 899 to batch.
2025-06-27 19:33:36,369 - INFO - Reading line 900 from input file...
2025-06-27 19:33:36,369 - INFO - Added prompt from line 900 to batch.
2025-06-27 19:33:36,369 - INFO - Reading line 901 from input file...
2025-06-27 19:33:36,369 - INFO - Added prompt from line 901 to batch.
2025-06-27 19:33:36,369 - INFO - Reading line 902 from input file...
2025-06-27 19:33:36,369 - INFO - Added prompt from line 902 to batch.
2025-06-27 19:33:36,369 - INFO - Reading line 903 from input file...
2025-06-27 19:33:36,369 - INFO - Added prompt from line 903 to batch.
2025-06-27 19:33:36,369 - INFO - Reading line 904 from input file...
2025-06-27 19:33:36,370 - INFO - Added prompt from line 904 to batch.
2025-06-27 19:33:36,370 - INFO - Processing batch of 8 prompts (up to line 904)...
2025-06-27 19:33:36,370 - INFO - Generating rankings for batch of 8 pairs of prompts. System prompt: 'You are a helpful assistant. Your task is to rank the two provided texts. Please explicitly write which of the two texts is of higher quality by writing the corresponding letter in the output, and nothing else.'
2025-06-27 19:33:36,370 - INFO - First formatted prompt for tokenizer (first 100 chars): '<|begin_of_text|><|start_header_id|>system<|end_header_id|>

Cutting Knowledge Date: December 2023
T...'
2025-06-27 19:33:36,370 - INFO - Input device: cuda:0, preparing to move inputs to device.
2025-06-27 19:33:36,373 - INFO - Batch of inputs tokenized, padded, truncated, and moved to model device.
2025-06-27 19:33:36,373 - INFO - Starting batched model.generate()...
Setting `pad_token_id` to `eos_token_id`:128001 for open-end generation.
2025-06-27 19:33:36,647 - INFO - Batched model.generate() completed.
2025-06-27 19:33:36,647 - INFO - Decoding batch of responses and extracting token probabilities...
2025-06-27 19:33:36,650 - INFO - Input tokens stripped from responses and probabilities extracted.
2025-06-27 19:33:36,650 - INFO - Batch of responses generated.
2025-06-27 19:33:36,651 - INFO - Appended 8 results from batch to /scratch-shared/mschaffelder/data/exp_3/pairwise/small/outputs/llama_8b_multi_source.jsonl
2025-06-27 19:33:36,651 - INFO - Reading line 905 from input file...
2025-06-27 19:33:36,652 - INFO - Added prompt from line 905 to batch.
2025-06-27 19:33:36,652 - INFO - Reading line 906 from input file...
2025-06-27 19:33:36,652 - INFO - Added prompt from line 906 to batch.
2025-06-27 19:33:36,652 - INFO - Reading line 907 from input file...
2025-06-27 19:33:36,652 - INFO - Added prompt from line 907 to batch.
2025-06-27 19:33:36,652 - INFO - Reading line 908 from input file...
2025-06-27 19:33:36,652 - INFO - Added prompt from line 908 to batch.
2025-06-27 19:33:36,652 - INFO - Reading line 909 from input file...
2025-06-27 19:33:36,652 - INFO - Added prompt from line 909 to batch.
2025-06-27 19:33:36,652 - INFO - Reading line 910 from input file...
2025-06-27 19:33:36,652 - INFO - Added prompt from line 910 to batch.
2025-06-27 19:33:36,652 - INFO - Reading line 911 from input file...
2025-06-27 19:33:36,652 - INFO - Added prompt from line 911 to batch.
2025-06-27 19:33:36,652 - INFO - Reading line 912 from input file...
2025-06-27 19:33:36,652 - INFO - Added prompt from line 912 to batch.
2025-06-27 19:33:36,652 - INFO - Processing batch of 8 prompts (up to line 912)...
2025-06-27 19:33:36,652 - INFO - Generating rankings for batch of 8 pairs of prompts. System prompt: 'You are a helpful assistant. Your task is to rank the two provided texts. Please explicitly write which of the two texts is of higher quality by writing the corresponding letter in the output, and nothing else.'
2025-06-27 19:33:36,653 - INFO - First formatted prompt for tokenizer (first 100 chars): '<|begin_of_text|><|start_header_id|>system<|end_header_id|>

Cutting Knowledge Date: December 2023
T...'
2025-06-27 19:33:36,653 - INFO - Input device: cuda:0, preparing to move inputs to device.
2025-06-27 19:33:36,655 - INFO - Batch of inputs tokenized, padded, truncated, and moved to model device.
2025-06-27 19:33:36,655 - INFO - Starting batched model.generate()...
Setting `pad_token_id` to `eos_token_id`:128001 for open-end generation.
2025-06-27 19:33:36,956 - INFO - Batched model.generate() completed.
2025-06-27 19:33:36,956 - INFO - Decoding batch of responses and extracting token probabilities...
2025-06-27 19:33:36,960 - INFO - Input tokens stripped from responses and probabilities extracted.
2025-06-27 19:33:36,960 - INFO - Batch of responses generated.
2025-06-27 19:33:36,962 - INFO - Appended 8 results from batch to /scratch-shared/mschaffelder/data/exp_3/pairwise/small/outputs/llama_8b_multi_source.jsonl
2025-06-27 19:33:36,962 - INFO - Reading line 913 from input file...
2025-06-27 19:33:36,962 - INFO - Added prompt from line 913 to batch.
2025-06-27 19:33:36,962 - INFO - Reading line 914 from input file...
2025-06-27 19:33:36,962 - INFO - Added prompt from line 914 to batch.
2025-06-27 19:33:36,962 - INFO - Reading line 915 from input file...
2025-06-27 19:33:36,962 - INFO - Added prompt from line 915 to batch.
2025-06-27 19:33:36,962 - INFO - Reading line 916 from input file...
2025-06-27 19:33:36,962 - INFO - Added prompt from line 916 to batch.
2025-06-27 19:33:36,962 - INFO - Reading line 917 from input file...
2025-06-27 19:33:36,962 - INFO - Added prompt from line 917 to batch.
2025-06-27 19:33:36,962 - INFO - Reading line 918 from input file...
2025-06-27 19:33:36,962 - INFO - Added prompt from line 918 to batch.
2025-06-27 19:33:36,962 - INFO - Reading line 919 from input file...
2025-06-27 19:33:36,962 - INFO - Added prompt from line 919 to batch.
2025-06-27 19:33:36,962 - INFO - Reading line 920 from input file...
2025-06-27 19:33:36,962 - INFO - Added prompt from line 920 to batch.
2025-06-27 19:33:36,962 - INFO - Processing batch of 8 prompts (up to line 920)...
2025-06-27 19:33:36,962 - INFO - Generating rankings for batch of 8 pairs of prompts. System prompt: 'You are a helpful assistant. Your task is to rank the two provided texts. Please explicitly write which of the two texts is of higher quality by writing the corresponding letter in the output, and nothing else.'
2025-06-27 19:33:36,963 - INFO - First formatted prompt for tokenizer (first 100 chars): '<|begin_of_text|><|start_header_id|>system<|end_header_id|>

Cutting Knowledge Date: December 2023
T...'
2025-06-27 19:33:36,963 - INFO - Input device: cuda:0, preparing to move inputs to device.
2025-06-27 19:33:36,965 - INFO - Batch of inputs tokenized, padded, truncated, and moved to model device.
2025-06-27 19:33:36,965 - INFO - Starting batched model.generate()...
Setting `pad_token_id` to `eos_token_id`:128001 for open-end generation.
2025-06-27 19:33:37,176 - INFO - Batched model.generate() completed.
2025-06-27 19:33:37,176 - INFO - Decoding batch of responses and extracting token probabilities...
2025-06-27 19:33:37,180 - INFO - Input tokens stripped from responses and probabilities extracted.
2025-06-27 19:33:37,180 - INFO - Batch of responses generated.
2025-06-27 19:33:37,180 - INFO - Appended 8 results from batch to /scratch-shared/mschaffelder/data/exp_3/pairwise/small/outputs/llama_8b_multi_source.jsonl
2025-06-27 19:33:37,180 - INFO - Reading line 921 from input file...
2025-06-27 19:33:37,180 - INFO - Added prompt from line 921 to batch.
2025-06-27 19:33:37,180 - INFO - Reading line 922 from input file...
2025-06-27 19:33:37,180 - INFO - Added prompt from line 922 to batch.
2025-06-27 19:33:37,180 - INFO - Reading line 923 from input file...
2025-06-27 19:33:37,181 - INFO - Added prompt from line 923 to batch.
2025-06-27 19:33:37,181 - INFO - Reading line 924 from input file...
2025-06-27 19:33:37,181 - INFO - Added prompt from line 924 to batch.
2025-06-27 19:33:37,181 - INFO - Reading line 925 from input file...
2025-06-27 19:33:37,181 - INFO - Added prompt from line 925 to batch.
2025-06-27 19:33:37,181 - INFO - Reading line 926 from input file...
2025-06-27 19:33:37,181 - INFO - Added prompt from line 926 to batch.
2025-06-27 19:33:37,181 - INFO - Reading line 927 from input file...
2025-06-27 19:33:37,181 - INFO - Added prompt from line 927 to batch.
2025-06-27 19:33:37,181 - INFO - Reading line 928 from input file...
2025-06-27 19:33:37,181 - INFO - Added prompt from line 928 to batch.
2025-06-27 19:33:37,181 - INFO - Processing batch of 8 prompts (up to line 928)...
2025-06-27 19:33:37,181 - INFO - Generating rankings for batch of 8 pairs of prompts. System prompt: 'You are a helpful assistant. Your task is to rank the two provided texts. Please explicitly write which of the two texts is of higher quality by writing the corresponding letter in the output, and nothing else.'
2025-06-27 19:33:37,181 - INFO - First formatted prompt for tokenizer (first 100 chars): '<|begin_of_text|><|start_header_id|>system<|end_header_id|>

Cutting Knowledge Date: December 2023
T...'
2025-06-27 19:33:37,182 - INFO - Input device: cuda:0, preparing to move inputs to device.
2025-06-27 19:33:37,185 - INFO - Batch of inputs tokenized, padded, truncated, and moved to model device.
2025-06-27 19:33:37,185 - INFO - Starting batched model.generate()...
Setting `pad_token_id` to `eos_token_id`:128001 for open-end generation.
2025-06-27 19:33:37,551 - INFO - Batched model.generate() completed.
2025-06-27 19:33:37,551 - INFO - Decoding batch of responses and extracting token probabilities...
2025-06-27 19:33:37,554 - INFO - Input tokens stripped from responses and probabilities extracted.
2025-06-27 19:33:37,554 - INFO - Batch of responses generated.
2025-06-27 19:33:37,556 - INFO - Appended 8 results from batch to /scratch-shared/mschaffelder/data/exp_3/pairwise/small/outputs/llama_8b_multi_source.jsonl
2025-06-27 19:33:37,556 - INFO - Reading line 929 from input file...
2025-06-27 19:33:37,556 - INFO - Added prompt from line 929 to batch.
2025-06-27 19:33:37,556 - INFO - Reading line 930 from input file...
2025-06-27 19:33:37,556 - INFO - Added prompt from line 930 to batch.
2025-06-27 19:33:37,556 - INFO - Reading line 931 from input file...
2025-06-27 19:33:37,556 - INFO - Added prompt from line 931 to batch.
2025-06-27 19:33:37,556 - INFO - Reading line 932 from input file...
2025-06-27 19:33:37,556 - INFO - Added prompt from line 932 to batch.
2025-06-27 19:33:37,556 - INFO - Reading line 933 from input file...
2025-06-27 19:33:37,556 - INFO - Added prompt from line 933 to batch.
2025-06-27 19:33:37,556 - INFO - Reading line 934 from input file...
2025-06-27 19:33:37,556 - INFO - Added prompt from line 934 to batch.
2025-06-27 19:33:37,556 - INFO - Reading line 935 from input file...
2025-06-27 19:33:37,556 - INFO - Added prompt from line 935 to batch.
2025-06-27 19:33:37,556 - INFO - Reading line 936 from input file...
2025-06-27 19:33:37,556 - INFO - Added prompt from line 936 to batch.
2025-06-27 19:33:37,556 - INFO - Processing batch of 8 prompts (up to line 936)...
2025-06-27 19:33:37,556 - INFO - Generating rankings for batch of 8 pairs of prompts. System prompt: 'You are a helpful assistant. Your task is to rank the two provided texts. Please explicitly write which of the two texts is of higher quality by writing the corresponding letter in the output, and nothing else.'
2025-06-27 19:33:37,557 - INFO - First formatted prompt for tokenizer (first 100 chars): '<|begin_of_text|><|start_header_id|>system<|end_header_id|>

Cutting Knowledge Date: December 2023
T...'
2025-06-27 19:33:37,557 - INFO - Input device: cuda:0, preparing to move inputs to device.
2025-06-27 19:33:37,560 - INFO - Batch of inputs tokenized, padded, truncated, and moved to model device.
2025-06-27 19:33:37,560 - INFO - Starting batched model.generate()...
Setting `pad_token_id` to `eos_token_id`:128001 for open-end generation.
2025-06-27 19:33:37,877 - INFO - Batched model.generate() completed.
2025-06-27 19:33:37,877 - INFO - Decoding batch of responses and extracting token probabilities...
2025-06-27 19:33:37,880 - INFO - Input tokens stripped from responses and probabilities extracted.
2025-06-27 19:33:37,880 - INFO - Batch of responses generated.
2025-06-27 19:33:37,882 - INFO - Appended 8 results from batch to /scratch-shared/mschaffelder/data/exp_3/pairwise/small/outputs/llama_8b_multi_source.jsonl
2025-06-27 19:33:37,882 - INFO - Reading line 937 from input file...
2025-06-27 19:33:37,882 - INFO - Added prompt from line 937 to batch.
2025-06-27 19:33:37,882 - INFO - Reading line 938 from input file...
2025-06-27 19:33:37,882 - INFO - Added prompt from line 938 to batch.
2025-06-27 19:33:37,882 - INFO - Reading line 939 from input file...
2025-06-27 19:33:37,882 - INFO - Added prompt from line 939 to batch.
2025-06-27 19:33:37,882 - INFO - Reading line 940 from input file...
2025-06-27 19:33:37,882 - INFO - Added prompt from line 940 to batch.
2025-06-27 19:33:37,882 - INFO - Reading line 941 from input file...
2025-06-27 19:33:37,882 - INFO - Added prompt from line 941 to batch.
2025-06-27 19:33:37,882 - INFO - Reading line 942 from input file...
2025-06-27 19:33:37,882 - INFO - Added prompt from line 942 to batch.
2025-06-27 19:33:37,882 - INFO - Reading line 943 from input file...
2025-06-27 19:33:37,882 - INFO - Added prompt from line 943 to batch.
2025-06-27 19:33:37,883 - INFO - Reading line 944 from input file...
2025-06-27 19:33:37,883 - INFO - Added prompt from line 944 to batch.
2025-06-27 19:33:37,883 - INFO - Processing batch of 8 prompts (up to line 944)...
2025-06-27 19:33:37,883 - INFO - Generating rankings for batch of 8 pairs of prompts. System prompt: 'You are a helpful assistant. Your task is to rank the two provided texts. Please explicitly write which of the two texts is of higher quality by writing the corresponding letter in the output, and nothing else.'
2025-06-27 19:33:37,883 - INFO - First formatted prompt for tokenizer (first 100 chars): '<|begin_of_text|><|start_header_id|>system<|end_header_id|>

Cutting Knowledge Date: December 2023
T...'
2025-06-27 19:33:37,883 - INFO - Input device: cuda:0, preparing to move inputs to device.
2025-06-27 19:33:37,886 - INFO - Batch of inputs tokenized, padded, truncated, and moved to model device.
2025-06-27 19:33:37,886 - INFO - Starting batched model.generate()...
Setting `pad_token_id` to `eos_token_id`:128001 for open-end generation.
2025-06-27 19:33:38,266 - INFO - Batched model.generate() completed.
2025-06-27 19:33:38,266 - INFO - Decoding batch of responses and extracting token probabilities...
2025-06-27 19:33:38,270 - INFO - Input tokens stripped from responses and probabilities extracted.
2025-06-27 19:33:38,270 - INFO - Batch of responses generated.
2025-06-27 19:33:42,335 - INFO - Appended 8 results from batch to /scratch-shared/mschaffelder/data/exp_3/pairwise/small/outputs/llama_8b_multi_source.jsonl
2025-06-27 19:33:42,335 - INFO - Reading line 945 from input file...
2025-06-27 19:33:42,335 - INFO - Added prompt from line 945 to batch.
2025-06-27 19:33:42,335 - INFO - Reading line 946 from input file...
2025-06-27 19:33:42,335 - INFO - Added prompt from line 946 to batch.
2025-06-27 19:33:42,335 - INFO - Reading line 947 from input file...
2025-06-27 19:33:42,335 - INFO - Added prompt from line 947 to batch.
2025-06-27 19:33:42,335 - INFO - Reading line 948 from input file...
2025-06-27 19:33:42,335 - INFO - Added prompt from line 948 to batch.
2025-06-27 19:33:42,335 - INFO - Reading line 949 from input file...
2025-06-27 19:33:42,335 - INFO - Added prompt from line 949 to batch.
2025-06-27 19:33:42,335 - INFO - Reading line 950 from input file...
2025-06-27 19:33:42,335 - INFO - Added prompt from line 950 to batch.
2025-06-27 19:33:42,335 - INFO - Reading line 951 from input file...
2025-06-27 19:33:42,335 - INFO - Added prompt from line 951 to batch.
2025-06-27 19:33:42,335 - INFO - Reading line 952 from input file...
2025-06-27 19:33:42,335 - INFO - Added prompt from line 952 to batch.
2025-06-27 19:33:42,335 - INFO - Processing batch of 8 prompts (up to line 952)...
2025-06-27 19:33:42,336 - INFO - Generating rankings for batch of 8 pairs of prompts. System prompt: 'You are a helpful assistant. Your task is to rank the two provided texts. Please explicitly write which of the two texts is of higher quality by writing the corresponding letter in the output, and nothing else.'
2025-06-27 19:33:42,336 - INFO - First formatted prompt for tokenizer (first 100 chars): '<|begin_of_text|><|start_header_id|>system<|end_header_id|>

Cutting Knowledge Date: December 2023
T...'
2025-06-27 19:33:42,336 - INFO - Input device: cuda:0, preparing to move inputs to device.
2025-06-27 19:33:42,339 - INFO - Batch of inputs tokenized, padded, truncated, and moved to model device.
2025-06-27 19:33:42,339 - INFO - Starting batched model.generate()...
Setting `pad_token_id` to `eos_token_id`:128001 for open-end generation.
2025-06-27 19:33:42,640 - INFO - Batched model.generate() completed.
2025-06-27 19:33:42,641 - INFO - Decoding batch of responses and extracting token probabilities...
2025-06-27 19:33:42,644 - INFO - Input tokens stripped from responses and probabilities extracted.
2025-06-27 19:33:42,644 - INFO - Batch of responses generated.
2025-06-27 19:33:42,645 - INFO - Appended 8 results from batch to /scratch-shared/mschaffelder/data/exp_3/pairwise/small/outputs/llama_8b_multi_source.jsonl
2025-06-27 19:33:42,645 - INFO - Reading line 953 from input file...
2025-06-27 19:33:42,645 - INFO - Added prompt from line 953 to batch.
2025-06-27 19:33:42,645 - INFO - Reading line 954 from input file...
2025-06-27 19:33:42,645 - INFO - Added prompt from line 954 to batch.
2025-06-27 19:33:42,645 - INFO - Reading line 955 from input file...
2025-06-27 19:33:42,645 - INFO - Added prompt from line 955 to batch.
2025-06-27 19:33:42,645 - INFO - Reading line 956 from input file...
2025-06-27 19:33:42,645 - INFO - Added prompt from line 956 to batch.
2025-06-27 19:33:42,645 - INFO - Reading line 957 from input file...
2025-06-27 19:33:42,645 - INFO - Added prompt from line 957 to batch.
2025-06-27 19:33:42,646 - INFO - Reading line 958 from input file...
2025-06-27 19:33:42,646 - INFO - Added prompt from line 958 to batch.
2025-06-27 19:33:42,646 - INFO - Reading line 959 from input file...
2025-06-27 19:33:42,646 - INFO - Added prompt from line 959 to batch.
2025-06-27 19:33:42,646 - INFO - Reading line 960 from input file...
2025-06-27 19:33:42,646 - INFO - Added prompt from line 960 to batch.
2025-06-27 19:33:42,646 - INFO - Processing batch of 8 prompts (up to line 960)...
2025-06-27 19:33:42,646 - INFO - Generating rankings for batch of 8 pairs of prompts. System prompt: 'You are a helpful assistant. Your task is to rank the two provided texts. Please explicitly write which of the two texts is of higher quality by writing the corresponding letter in the output, and nothing else.'
2025-06-27 19:33:42,646 - INFO - First formatted prompt for tokenizer (first 100 chars): '<|begin_of_text|><|start_header_id|>system<|end_header_id|>

Cutting Knowledge Date: December 2023
T...'
2025-06-27 19:33:42,646 - INFO - Input device: cuda:0, preparing to move inputs to device.
2025-06-27 19:33:42,648 - INFO - Batch of inputs tokenized, padded, truncated, and moved to model device.
2025-06-27 19:33:42,649 - INFO - Starting batched model.generate()...
Setting `pad_token_id` to `eos_token_id`:128001 for open-end generation.
2025-06-27 19:33:42,914 - INFO - Batched model.generate() completed.
2025-06-27 19:33:42,914 - INFO - Decoding batch of responses and extracting token probabilities...
2025-06-27 19:33:42,917 - INFO - Input tokens stripped from responses and probabilities extracted.
2025-06-27 19:33:42,917 - INFO - Batch of responses generated.
2025-06-27 19:33:42,918 - INFO - Appended 8 results from batch to /scratch-shared/mschaffelder/data/exp_3/pairwise/small/outputs/llama_8b_multi_source.jsonl
2025-06-27 19:33:42,918 - INFO - Reading line 961 from input file...
2025-06-27 19:33:42,918 - INFO - Added prompt from line 961 to batch.
2025-06-27 19:33:42,918 - INFO - Reading line 962 from input file...
2025-06-27 19:33:42,918 - INFO - Added prompt from line 962 to batch.
2025-06-27 19:33:42,918 - INFO - Reading line 963 from input file...
2025-06-27 19:33:42,918 - INFO - Added prompt from line 963 to batch.
2025-06-27 19:33:42,918 - INFO - Reading line 964 from input file...
2025-06-27 19:33:42,918 - INFO - Added prompt from line 964 to batch.
2025-06-27 19:33:42,918 - INFO - Reading line 965 from input file...
2025-06-27 19:33:42,918 - INFO - Added prompt from line 965 to batch.
2025-06-27 19:33:42,918 - INFO - Reading line 966 from input file...
2025-06-27 19:33:42,918 - INFO - Added prompt from line 966 to batch.
2025-06-27 19:33:42,918 - INFO - Reading line 967 from input file...
2025-06-27 19:33:42,918 - INFO - Added prompt from line 967 to batch.
2025-06-27 19:33:42,918 - INFO - Reading line 968 from input file...
2025-06-27 19:33:42,918 - INFO - Added prompt from line 968 to batch.
2025-06-27 19:33:42,918 - INFO - Processing batch of 8 prompts (up to line 968)...
2025-06-27 19:33:42,918 - INFO - Generating rankings for batch of 8 pairs of prompts. System prompt: 'You are a helpful assistant. Your task is to rank the two provided texts. Please explicitly write which of the two texts is of higher quality by writing the corresponding letter in the output, and nothing else.'
2025-06-27 19:33:42,919 - INFO - First formatted prompt for tokenizer (first 100 chars): '<|begin_of_text|><|start_header_id|>system<|end_header_id|>

Cutting Knowledge Date: December 2023
T...'
2025-06-27 19:33:42,919 - INFO - Input device: cuda:0, preparing to move inputs to device.
2025-06-27 19:33:42,921 - INFO - Batch of inputs tokenized, padded, truncated, and moved to model device.
2025-06-27 19:33:42,921 - INFO - Starting batched model.generate()...
Setting `pad_token_id` to `eos_token_id`:128001 for open-end generation.
2025-06-27 19:33:43,138 - INFO - Batched model.generate() completed.
2025-06-27 19:33:43,138 - INFO - Decoding batch of responses and extracting token probabilities...
2025-06-27 19:33:43,141 - INFO - Input tokens stripped from responses and probabilities extracted.
2025-06-27 19:33:43,141 - INFO - Batch of responses generated.
2025-06-27 19:33:43,452 - INFO - Appended 8 results from batch to /scratch-shared/mschaffelder/data/exp_3/pairwise/small/outputs/llama_8b_multi_source.jsonl
2025-06-27 19:33:43,452 - INFO - Reading line 969 from input file...
2025-06-27 19:33:43,452 - INFO - Added prompt from line 969 to batch.
2025-06-27 19:33:43,452 - INFO - Reading line 970 from input file...
2025-06-27 19:33:43,453 - INFO - Added prompt from line 970 to batch.
2025-06-27 19:33:43,453 - INFO - Reading line 971 from input file...
2025-06-27 19:33:43,453 - INFO - Added prompt from line 971 to batch.
2025-06-27 19:33:43,453 - INFO - Reading line 972 from input file...
2025-06-27 19:33:43,453 - INFO - Added prompt from line 972 to batch.
2025-06-27 19:33:43,453 - INFO - Reading line 973 from input file...
2025-06-27 19:33:43,453 - INFO - Added prompt from line 973 to batch.
2025-06-27 19:33:43,453 - INFO - Reading line 974 from input file...
2025-06-27 19:33:43,453 - INFO - Added prompt from line 974 to batch.
2025-06-27 19:33:43,453 - INFO - Reading line 975 from input file...
2025-06-27 19:33:43,453 - INFO - Added prompt from line 975 to batch.
2025-06-27 19:33:43,453 - INFO - Reading line 976 from input file...
2025-06-27 19:33:43,453 - INFO - Added prompt from line 976 to batch.
2025-06-27 19:33:43,453 - INFO - Processing batch of 8 prompts (up to line 976)...
2025-06-27 19:33:43,453 - INFO - Generating rankings for batch of 8 pairs of prompts. System prompt: 'You are a helpful assistant. Your task is to rank the two provided texts. Please explicitly write which of the two texts is of higher quality by writing the corresponding letter in the output, and nothing else.'
2025-06-27 19:33:43,454 - INFO - First formatted prompt for tokenizer (first 100 chars): '<|begin_of_text|><|start_header_id|>system<|end_header_id|>

Cutting Knowledge Date: December 2023
T...'
2025-06-27 19:33:43,454 - INFO - Input device: cuda:0, preparing to move inputs to device.
2025-06-27 19:33:43,455 - INFO - Batch of inputs tokenized, padded, truncated, and moved to model device.
2025-06-27 19:33:43,455 - INFO - Starting batched model.generate()...
Setting `pad_token_id` to `eos_token_id`:128001 for open-end generation.
2025-06-27 19:33:43,662 - INFO - Batched model.generate() completed.
2025-06-27 19:33:43,663 - INFO - Decoding batch of responses and extracting token probabilities...
2025-06-27 19:33:43,666 - INFO - Input tokens stripped from responses and probabilities extracted.
2025-06-27 19:33:43,666 - INFO - Batch of responses generated.
2025-06-27 19:33:43,666 - INFO - Appended 8 results from batch to /scratch-shared/mschaffelder/data/exp_3/pairwise/small/outputs/llama_8b_multi_source.jsonl
2025-06-27 19:33:43,666 - INFO - Reading line 977 from input file...
2025-06-27 19:33:43,667 - INFO - Added prompt from line 977 to batch.
2025-06-27 19:33:43,667 - INFO - Reading line 978 from input file...
2025-06-27 19:33:43,667 - INFO - Added prompt from line 978 to batch.
2025-06-27 19:33:43,667 - INFO - Reading line 979 from input file...
2025-06-27 19:33:43,667 - INFO - Added prompt from line 979 to batch.
2025-06-27 19:33:43,667 - INFO - Reading line 980 from input file...
2025-06-27 19:33:43,667 - INFO - Added prompt from line 980 to batch.
2025-06-27 19:33:43,667 - INFO - Reading line 981 from input file...
2025-06-27 19:33:43,667 - INFO - Added prompt from line 981 to batch.
2025-06-27 19:33:43,667 - INFO - Reading line 982 from input file...
2025-06-27 19:33:43,667 - INFO - Added prompt from line 982 to batch.
2025-06-27 19:33:43,667 - INFO - Reading line 983 from input file...
2025-06-27 19:33:43,667 - INFO - Added prompt from line 983 to batch.
2025-06-27 19:33:43,667 - INFO - Reading line 984 from input file...
2025-06-27 19:33:43,667 - INFO - Added prompt from line 984 to batch.
2025-06-27 19:33:43,667 - INFO - Processing batch of 8 prompts (up to line 984)...
2025-06-27 19:33:43,667 - INFO - Generating rankings for batch of 8 pairs of prompts. System prompt: 'You are a helpful assistant. Your task is to rank the two provided texts. Please explicitly write which of the two texts is of higher quality by writing the corresponding letter in the output, and nothing else.'
2025-06-27 19:33:43,668 - INFO - First formatted prompt for tokenizer (first 100 chars): '<|begin_of_text|><|start_header_id|>system<|end_header_id|>

Cutting Knowledge Date: December 2023
T...'
2025-06-27 19:33:43,668 - INFO - Input device: cuda:0, preparing to move inputs to device.
2025-06-27 19:33:43,671 - INFO - Batch of inputs tokenized, padded, truncated, and moved to model device.
2025-06-27 19:33:43,671 - INFO - Starting batched model.generate()...
Setting `pad_token_id` to `eos_token_id`:128001 for open-end generation.
2025-06-27 19:33:44,055 - INFO - Batched model.generate() completed.
2025-06-27 19:33:44,056 - INFO - Decoding batch of responses and extracting token probabilities...
2025-06-27 19:33:44,059 - INFO - Input tokens stripped from responses and probabilities extracted.
2025-06-27 19:33:44,059 - INFO - Batch of responses generated.
2025-06-27 19:33:44,060 - INFO - Appended 8 results from batch to /scratch-shared/mschaffelder/data/exp_3/pairwise/small/outputs/llama_8b_multi_source.jsonl
2025-06-27 19:33:44,060 - INFO - Reading line 985 from input file...
2025-06-27 19:33:44,060 - INFO - Added prompt from line 985 to batch.
2025-06-27 19:33:44,060 - INFO - Reading line 986 from input file...
2025-06-27 19:33:44,061 - INFO - Added prompt from line 986 to batch.
2025-06-27 19:33:44,061 - INFO - Reading line 987 from input file...
2025-06-27 19:33:44,061 - INFO - Added prompt from line 987 to batch.
2025-06-27 19:33:44,061 - INFO - Reading line 988 from input file...
2025-06-27 19:33:44,061 - INFO - Added prompt from line 988 to batch.
2025-06-27 19:33:44,061 - INFO - Reading line 989 from input file...
2025-06-27 19:33:44,061 - INFO - Added prompt from line 989 to batch.
2025-06-27 19:33:44,061 - INFO - Reading line 990 from input file...
2025-06-27 19:33:44,061 - INFO - Added prompt from line 990 to batch.
2025-06-27 19:33:44,061 - INFO - Reading line 991 from input file...
2025-06-27 19:33:44,061 - INFO - Added prompt from line 991 to batch.
2025-06-27 19:33:44,061 - INFO - Reading line 992 from input file...
2025-06-27 19:33:44,061 - INFO - Added prompt from line 992 to batch.
2025-06-27 19:33:44,061 - INFO - Processing batch of 8 prompts (up to line 992)...
2025-06-27 19:33:44,061 - INFO - Generating rankings for batch of 8 pairs of prompts. System prompt: 'You are a helpful assistant. Your task is to rank the two provided texts. Please explicitly write which of the two texts is of higher quality by writing the corresponding letter in the output, and nothing else.'
2025-06-27 19:33:44,061 - INFO - First formatted prompt for tokenizer (first 100 chars): '<|begin_of_text|><|start_header_id|>system<|end_header_id|>

Cutting Knowledge Date: December 2023
T...'
2025-06-27 19:33:44,062 - INFO - Input device: cuda:0, preparing to move inputs to device.
2025-06-27 19:33:44,064 - INFO - Batch of inputs tokenized, padded, truncated, and moved to model device.
2025-06-27 19:33:44,065 - INFO - Starting batched model.generate()...
Setting `pad_token_id` to `eos_token_id`:128001 for open-end generation.
2025-06-27 19:33:44,498 - INFO - Batched model.generate() completed.
2025-06-27 19:33:44,498 - INFO - Decoding batch of responses and extracting token probabilities...
2025-06-27 19:33:44,502 - INFO - Input tokens stripped from responses and probabilities extracted.
2025-06-27 19:33:44,502 - INFO - Batch of responses generated.
2025-06-27 19:33:48,183 - INFO - Appended 8 results from batch to /scratch-shared/mschaffelder/data/exp_3/pairwise/small/outputs/llama_8b_multi_source.jsonl
2025-06-27 19:33:48,183 - INFO - Reading line 993 from input file...
2025-06-27 19:33:48,183 - INFO - Added prompt from line 993 to batch.
2025-06-27 19:33:48,183 - INFO - Reading line 994 from input file...
2025-06-27 19:33:48,183 - INFO - Added prompt from line 994 to batch.
2025-06-27 19:33:48,183 - INFO - Reading line 995 from input file...
2025-06-27 19:33:48,183 - INFO - Added prompt from line 995 to batch.
2025-06-27 19:33:48,183 - INFO - Reading line 996 from input file...
2025-06-27 19:33:48,183 - INFO - Added prompt from line 996 to batch.
2025-06-27 19:33:48,183 - INFO - Reading line 997 from input file...
2025-06-27 19:33:48,183 - INFO - Added prompt from line 997 to batch.
2025-06-27 19:33:48,183 - INFO - Reading line 998 from input file...
2025-06-27 19:33:48,183 - INFO - Added prompt from line 998 to batch.
2025-06-27 19:33:48,183 - INFO - Reading line 999 from input file...
2025-06-27 19:33:48,183 - INFO - Added prompt from line 999 to batch.
2025-06-27 19:33:48,183 - INFO - Reading line 1000 from input file...
2025-06-27 19:33:48,183 - INFO - Added prompt from line 1000 to batch.
2025-06-27 19:33:48,183 - INFO - Processing batch of 8 prompts (up to line 1000)...
2025-06-27 19:33:48,183 - INFO - Generating rankings for batch of 8 pairs of prompts. System prompt: 'You are a helpful assistant. Your task is to rank the two provided texts. Please explicitly write which of the two texts is of higher quality by writing the corresponding letter in the output, and nothing else.'
2025-06-27 19:33:48,184 - INFO - First formatted prompt for tokenizer (first 100 chars): '<|begin_of_text|><|start_header_id|>system<|end_header_id|>

Cutting Knowledge Date: December 2023
T...'
2025-06-27 19:33:48,184 - INFO - Input device: cuda:0, preparing to move inputs to device.
2025-06-27 19:33:48,187 - INFO - Batch of inputs tokenized, padded, truncated, and moved to model device.
2025-06-27 19:33:48,187 - INFO - Starting batched model.generate()...
Setting `pad_token_id` to `eos_token_id`:128001 for open-end generation.
2025-06-27 19:33:48,459 - INFO - Batched model.generate() completed.
2025-06-27 19:33:48,459 - INFO - Decoding batch of responses and extracting token probabilities...
2025-06-27 19:33:48,462 - INFO - Input tokens stripped from responses and probabilities extracted.
2025-06-27 19:33:48,462 - INFO - Batch of responses generated.
2025-06-27 19:33:48,464 - INFO - Appended 8 results from batch to /scratch-shared/mschaffelder/data/exp_3/pairwise/small/outputs/llama_8b_multi_source.jsonl
2025-06-27 19:33:48,464 - INFO - Reading line 1001 from input file...
2025-06-27 19:33:48,464 - INFO - Added prompt from line 1001 to batch.
2025-06-27 19:33:48,464 - INFO - Reading line 1002 from input file...
2025-06-27 19:33:48,464 - INFO - Added prompt from line 1002 to batch.
2025-06-27 19:33:48,464 - INFO - Reading line 1003 from input file...
2025-06-27 19:33:48,464 - INFO - Added prompt from line 1003 to batch.
2025-06-27 19:33:48,464 - INFO - Reading line 1004 from input file...
2025-06-27 19:33:48,464 - INFO - Added prompt from line 1004 to batch.
2025-06-27 19:33:48,464 - INFO - Reading line 1005 from input file...
2025-06-27 19:33:48,464 - INFO - Added prompt from line 1005 to batch.
2025-06-27 19:33:48,464 - INFO - Reading line 1006 from input file...
2025-06-27 19:33:48,464 - INFO - Added prompt from line 1006 to batch.
2025-06-27 19:33:48,464 - INFO - Reading line 1007 from input file...
2025-06-27 19:33:48,464 - INFO - Added prompt from line 1007 to batch.
2025-06-27 19:33:48,464 - INFO - Reading line 1008 from input file...
2025-06-27 19:33:48,464 - INFO - Added prompt from line 1008 to batch.
2025-06-27 19:33:48,464 - INFO - Processing batch of 8 prompts (up to line 1008)...
2025-06-27 19:33:48,464 - INFO - Generating rankings for batch of 8 pairs of prompts. System prompt: 'You are a helpful assistant. Your task is to rank the two provided texts. Please explicitly write which of the two texts is of higher quality by writing the corresponding letter in the output, and nothing else.'
2025-06-27 19:33:48,465 - INFO - First formatted prompt for tokenizer (first 100 chars): '<|begin_of_text|><|start_header_id|>system<|end_header_id|>

Cutting Knowledge Date: December 2023
T...'
2025-06-27 19:33:48,465 - INFO - Input device: cuda:0, preparing to move inputs to device.
2025-06-27 19:33:48,468 - INFO - Batch of inputs tokenized, padded, truncated, and moved to model device.
2025-06-27 19:33:48,468 - INFO - Starting batched model.generate()...
Setting `pad_token_id` to `eos_token_id`:128001 for open-end generation.
2025-06-27 19:33:48,866 - INFO - Batched model.generate() completed.
2025-06-27 19:33:48,866 - INFO - Decoding batch of responses and extracting token probabilities...
2025-06-27 19:33:48,869 - INFO - Input tokens stripped from responses and probabilities extracted.
2025-06-27 19:33:48,869 - INFO - Batch of responses generated.
2025-06-27 19:33:49,280 - INFO - Appended 8 results from batch to /scratch-shared/mschaffelder/data/exp_3/pairwise/small/outputs/llama_8b_multi_source.jsonl
2025-06-27 19:33:49,280 - INFO - Reading line 1009 from input file...
2025-06-27 19:33:49,280 - INFO - Added prompt from line 1009 to batch.
2025-06-27 19:33:49,280 - INFO - Reading line 1010 from input file...
2025-06-27 19:33:49,280 - INFO - Added prompt from line 1010 to batch.
2025-06-27 19:33:49,280 - INFO - Reading line 1011 from input file...
2025-06-27 19:33:49,281 - INFO - Added prompt from line 1011 to batch.
2025-06-27 19:33:49,281 - INFO - Reading line 1012 from input file...
2025-06-27 19:33:49,281 - INFO - Added prompt from line 1012 to batch.
2025-06-27 19:33:49,281 - INFO - Reading line 1013 from input file...
2025-06-27 19:33:49,281 - INFO - Added prompt from line 1013 to batch.
2025-06-27 19:33:49,281 - INFO - Reading line 1014 from input file...
2025-06-27 19:33:49,281 - INFO - Added prompt from line 1014 to batch.
2025-06-27 19:33:49,281 - INFO - Reading line 1015 from input file...
2025-06-27 19:33:49,281 - INFO - Added prompt from line 1015 to batch.
2025-06-27 19:33:49,281 - INFO - Reading line 1016 from input file...
2025-06-27 19:33:49,281 - INFO - Added prompt from line 1016 to batch.
2025-06-27 19:33:49,281 - INFO - Processing batch of 8 prompts (up to line 1016)...
2025-06-27 19:33:49,281 - INFO - Generating rankings for batch of 8 pairs of prompts. System prompt: 'You are a helpful assistant. Your task is to rank the two provided texts. Please explicitly write which of the two texts is of higher quality by writing the corresponding letter in the output, and nothing else.'
2025-06-27 19:33:49,282 - INFO - First formatted prompt for tokenizer (first 100 chars): '<|begin_of_text|><|start_header_id|>system<|end_header_id|>

Cutting Knowledge Date: December 2023
T...'
2025-06-27 19:33:49,282 - INFO - Input device: cuda:0, preparing to move inputs to device.
2025-06-27 19:33:49,284 - INFO - Batch of inputs tokenized, padded, truncated, and moved to model device.
2025-06-27 19:33:49,284 - INFO - Starting batched model.generate()...
Setting `pad_token_id` to `eos_token_id`:128001 for open-end generation.
2025-06-27 19:33:49,608 - INFO - Batched model.generate() completed.
2025-06-27 19:33:49,608 - INFO - Decoding batch of responses and extracting token probabilities...
2025-06-27 19:33:49,611 - INFO - Input tokens stripped from responses and probabilities extracted.
2025-06-27 19:33:49,611 - INFO - Batch of responses generated.
2025-06-27 19:33:50,391 - INFO - Appended 8 results from batch to /scratch-shared/mschaffelder/data/exp_3/pairwise/small/outputs/llama_8b_multi_source.jsonl
2025-06-27 19:33:50,391 - INFO - Reading line 1017 from input file...
2025-06-27 19:33:50,391 - INFO - Added prompt from line 1017 to batch.
2025-06-27 19:33:50,391 - INFO - Reading line 1018 from input file...
2025-06-27 19:33:50,391 - INFO - Added prompt from line 1018 to batch.
2025-06-27 19:33:50,391 - INFO - Reading line 1019 from input file...
2025-06-27 19:33:50,391 - INFO - Added prompt from line 1019 to batch.
2025-06-27 19:33:50,391 - INFO - Reading line 1020 from input file...
2025-06-27 19:33:50,391 - INFO - Added prompt from line 1020 to batch.
2025-06-27 19:33:50,392 - INFO - Reading line 1021 from input file...
2025-06-27 19:33:50,392 - INFO - Added prompt from line 1021 to batch.
2025-06-27 19:33:50,392 - INFO - Reading line 1022 from input file...
2025-06-27 19:33:50,392 - INFO - Added prompt from line 1022 to batch.
2025-06-27 19:33:50,392 - INFO - Reading line 1023 from input file...
2025-06-27 19:33:50,392 - INFO - Added prompt from line 1023 to batch.
2025-06-27 19:33:50,392 - INFO - Reading line 1024 from input file...
2025-06-27 19:33:50,392 - INFO - Added prompt from line 1024 to batch.
2025-06-27 19:33:50,392 - INFO - Processing batch of 8 prompts (up to line 1024)...
2025-06-27 19:33:50,392 - INFO - Generating rankings for batch of 8 pairs of prompts. System prompt: 'You are a helpful assistant. Your task is to rank the two provided texts. Please explicitly write which of the two texts is of higher quality by writing the corresponding letter in the output, and nothing else.'
2025-06-27 19:33:50,392 - INFO - First formatted prompt for tokenizer (first 100 chars): '<|begin_of_text|><|start_header_id|>system<|end_header_id|>

Cutting Knowledge Date: December 2023
T...'
2025-06-27 19:33:50,393 - INFO - Input device: cuda:0, preparing to move inputs to device.
2025-06-27 19:33:50,396 - INFO - Batch of inputs tokenized, padded, truncated, and moved to model device.
2025-06-27 19:33:50,396 - INFO - Starting batched model.generate()...
Setting `pad_token_id` to `eos_token_id`:128001 for open-end generation.
2025-06-27 19:33:50,741 - INFO - Batched model.generate() completed.
2025-06-27 19:33:50,742 - INFO - Decoding batch of responses and extracting token probabilities...
2025-06-27 19:33:50,745 - INFO - Input tokens stripped from responses and probabilities extracted.
2025-06-27 19:33:50,745 - INFO - Batch of responses generated.
2025-06-27 19:33:50,746 - INFO - Appended 8 results from batch to /scratch-shared/mschaffelder/data/exp_3/pairwise/small/outputs/llama_8b_multi_source.jsonl
2025-06-27 19:33:50,746 - INFO - Reading line 1025 from input file...
2025-06-27 19:33:50,746 - INFO - Added prompt from line 1025 to batch.
2025-06-27 19:33:50,746 - INFO - Reading line 1026 from input file...
2025-06-27 19:33:50,747 - INFO - Added prompt from line 1026 to batch.
2025-06-27 19:33:50,747 - INFO - Reading line 1027 from input file...
2025-06-27 19:33:50,747 - INFO - Added prompt from line 1027 to batch.
2025-06-27 19:33:50,747 - INFO - Reading line 1028 from input file...
2025-06-27 19:33:50,747 - INFO - Added prompt from line 1028 to batch.
2025-06-27 19:33:50,747 - INFO - Reading line 1029 from input file...
2025-06-27 19:33:50,747 - INFO - Added prompt from line 1029 to batch.
2025-06-27 19:33:50,747 - INFO - Reading line 1030 from input file...
2025-06-27 19:33:50,747 - INFO - Added prompt from line 1030 to batch.
2025-06-27 19:33:50,747 - INFO - Reading line 1031 from input file...
2025-06-27 19:33:50,747 - INFO - Added prompt from line 1031 to batch.
2025-06-27 19:33:50,747 - INFO - Reading line 1032 from input file...
2025-06-27 19:33:50,747 - INFO - Added prompt from line 1032 to batch.
2025-06-27 19:33:50,747 - INFO - Processing batch of 8 prompts (up to line 1032)...
2025-06-27 19:33:50,747 - INFO - Generating rankings for batch of 8 pairs of prompts. System prompt: 'You are a helpful assistant. Your task is to rank the two provided texts. Please explicitly write which of the two texts is of higher quality by writing the corresponding letter in the output, and nothing else.'
2025-06-27 19:33:50,747 - INFO - First formatted prompt for tokenizer (first 100 chars): '<|begin_of_text|><|start_header_id|>system<|end_header_id|>

Cutting Knowledge Date: December 2023
T...'
2025-06-27 19:33:50,748 - INFO - Input device: cuda:0, preparing to move inputs to device.
2025-06-27 19:33:50,751 - INFO - Batch of inputs tokenized, padded, truncated, and moved to model device.
2025-06-27 19:33:50,751 - INFO - Starting batched model.generate()...
Setting `pad_token_id` to `eos_token_id`:128001 for open-end generation.
2025-06-27 19:33:51,216 - INFO - Batched model.generate() completed.
2025-06-27 19:33:51,216 - INFO - Decoding batch of responses and extracting token probabilities...
2025-06-27 19:33:51,220 - INFO - Input tokens stripped from responses and probabilities extracted.
2025-06-27 19:33:51,221 - INFO - Batch of responses generated.
2025-06-27 19:33:51,357 - INFO - Appended 8 results from batch to /scratch-shared/mschaffelder/data/exp_3/pairwise/small/outputs/llama_8b_multi_source.jsonl
2025-06-27 19:33:51,357 - INFO - Reading line 1033 from input file...
2025-06-27 19:33:51,357 - INFO - Added prompt from line 1033 to batch.
2025-06-27 19:33:51,357 - INFO - Reading line 1034 from input file...
2025-06-27 19:33:51,357 - INFO - Added prompt from line 1034 to batch.
2025-06-27 19:33:51,357 - INFO - Reading line 1035 from input file...
2025-06-27 19:33:51,357 - INFO - Added prompt from line 1035 to batch.
2025-06-27 19:33:51,357 - INFO - Reading line 1036 from input file...
2025-06-27 19:33:51,357 - INFO - Added prompt from line 1036 to batch.
2025-06-27 19:33:51,358 - INFO - Reading line 1037 from input file...
2025-06-27 19:33:51,358 - INFO - Added prompt from line 1037 to batch.
2025-06-27 19:33:51,358 - INFO - Reading line 1038 from input file...
2025-06-27 19:33:51,358 - INFO - Added prompt from line 1038 to batch.
2025-06-27 19:33:51,358 - INFO - Reading line 1039 from input file...
2025-06-27 19:33:51,358 - INFO - Added prompt from line 1039 to batch.
2025-06-27 19:33:51,358 - INFO - Reading line 1040 from input file...
2025-06-27 19:33:51,358 - INFO - Added prompt from line 1040 to batch.
2025-06-27 19:33:51,358 - INFO - Processing batch of 8 prompts (up to line 1040)...
2025-06-27 19:33:51,358 - INFO - Generating rankings for batch of 8 pairs of prompts. System prompt: 'You are a helpful assistant. Your task is to rank the two provided texts. Please explicitly write which of the two texts is of higher quality by writing the corresponding letter in the output, and nothing else.'
2025-06-27 19:33:51,358 - INFO - First formatted prompt for tokenizer (first 100 chars): '<|begin_of_text|><|start_header_id|>system<|end_header_id|>

Cutting Knowledge Date: December 2023
T...'
2025-06-27 19:33:51,359 - INFO - Input device: cuda:0, preparing to move inputs to device.
2025-06-27 19:33:51,361 - INFO - Batch of inputs tokenized, padded, truncated, and moved to model device.
2025-06-27 19:33:51,361 - INFO - Starting batched model.generate()...
Setting `pad_token_id` to `eos_token_id`:128001 for open-end generation.
2025-06-27 19:33:51,658 - INFO - Batched model.generate() completed.
2025-06-27 19:33:51,658 - INFO - Decoding batch of responses and extracting token probabilities...
2025-06-27 19:33:51,661 - INFO - Input tokens stripped from responses and probabilities extracted.
2025-06-27 19:33:51,661 - INFO - Batch of responses generated.
2025-06-27 19:33:53,149 - INFO - Appended 8 results from batch to /scratch-shared/mschaffelder/data/exp_3/pairwise/small/outputs/llama_8b_multi_source.jsonl
2025-06-27 19:33:53,149 - INFO - Reading line 1041 from input file...
2025-06-27 19:33:53,149 - INFO - Added prompt from line 1041 to batch.
2025-06-27 19:33:53,149 - INFO - Reading line 1042 from input file...
2025-06-27 19:33:53,149 - INFO - Added prompt from line 1042 to batch.
2025-06-27 19:33:53,149 - INFO - Reading line 1043 from input file...
2025-06-27 19:33:53,149 - INFO - Added prompt from line 1043 to batch.
2025-06-27 19:33:53,149 - INFO - Reading line 1044 from input file...
2025-06-27 19:33:53,149 - INFO - Added prompt from line 1044 to batch.
2025-06-27 19:33:53,149 - INFO - Reading line 1045 from input file...
2025-06-27 19:33:53,149 - INFO - Added prompt from line 1045 to batch.
2025-06-27 19:33:53,149 - INFO - Reading line 1046 from input file...
2025-06-27 19:33:53,149 - INFO - Added prompt from line 1046 to batch.
2025-06-27 19:33:53,149 - INFO - Reading line 1047 from input file...
2025-06-27 19:33:53,149 - INFO - Added prompt from line 1047 to batch.
2025-06-27 19:33:53,149 - INFO - Reading line 1048 from input file...
2025-06-27 19:33:53,149 - INFO - Added prompt from line 1048 to batch.
2025-06-27 19:33:53,149 - INFO - Processing batch of 8 prompts (up to line 1048)...
2025-06-27 19:33:53,149 - INFO - Generating rankings for batch of 8 pairs of prompts. System prompt: 'You are a helpful assistant. Your task is to rank the two provided texts. Please explicitly write which of the two texts is of higher quality by writing the corresponding letter in the output, and nothing else.'
2025-06-27 19:33:53,150 - INFO - First formatted prompt for tokenizer (first 100 chars): '<|begin_of_text|><|start_header_id|>system<|end_header_id|>

Cutting Knowledge Date: December 2023
T...'
2025-06-27 19:33:53,150 - INFO - Input device: cuda:0, preparing to move inputs to device.
2025-06-27 19:33:53,152 - INFO - Batch of inputs tokenized, padded, truncated, and moved to model device.
2025-06-27 19:33:53,153 - INFO - Starting batched model.generate()...
Setting `pad_token_id` to `eos_token_id`:128001 for open-end generation.
2025-06-27 19:33:53,388 - INFO - Batched model.generate() completed.
2025-06-27 19:33:53,388 - INFO - Decoding batch of responses and extracting token probabilities...
2025-06-27 19:33:53,391 - INFO - Input tokens stripped from responses and probabilities extracted.
2025-06-27 19:33:53,391 - INFO - Batch of responses generated.
2025-06-27 19:33:53,402 - INFO - Appended 8 results from batch to /scratch-shared/mschaffelder/data/exp_3/pairwise/small/outputs/llama_8b_multi_source.jsonl
2025-06-27 19:33:53,402 - INFO - Reading line 1049 from input file...
2025-06-27 19:33:53,402 - INFO - Added prompt from line 1049 to batch.
2025-06-27 19:33:53,402 - INFO - Reading line 1050 from input file...
2025-06-27 19:33:53,402 - INFO - Added prompt from line 1050 to batch.
2025-06-27 19:33:53,402 - INFO - Reading line 1051 from input file...
2025-06-27 19:33:53,402 - INFO - Added prompt from line 1051 to batch.
2025-06-27 19:33:53,402 - INFO - Reading line 1052 from input file...
2025-06-27 19:33:53,402 - INFO - Added prompt from line 1052 to batch.
2025-06-27 19:33:53,402 - INFO - Reading line 1053 from input file...
2025-06-27 19:33:53,402 - INFO - Added prompt from line 1053 to batch.
2025-06-27 19:33:53,402 - INFO - Reading line 1054 from input file...
2025-06-27 19:33:53,402 - INFO - Added prompt from line 1054 to batch.
2025-06-27 19:33:53,402 - INFO - Reading line 1055 from input file...
2025-06-27 19:33:53,402 - INFO - Added prompt from line 1055 to batch.
2025-06-27 19:33:53,402 - INFO - Reading line 1056 from input file...
2025-06-27 19:33:53,402 - INFO - Added prompt from line 1056 to batch.
2025-06-27 19:33:53,402 - INFO - Processing batch of 8 prompts (up to line 1056)...
2025-06-27 19:33:53,402 - INFO - Generating rankings for batch of 8 pairs of prompts. System prompt: 'You are a helpful assistant. Your task is to rank the two provided texts. Please explicitly write which of the two texts is of higher quality by writing the corresponding letter in the output, and nothing else.'
2025-06-27 19:33:53,403 - INFO - First formatted prompt for tokenizer (first 100 chars): '<|begin_of_text|><|start_header_id|>system<|end_header_id|>

Cutting Knowledge Date: December 2023
T...'
2025-06-27 19:33:53,403 - INFO - Input device: cuda:0, preparing to move inputs to device.
2025-06-27 19:33:53,405 - INFO - Batch of inputs tokenized, padded, truncated, and moved to model device.
2025-06-27 19:33:53,405 - INFO - Starting batched model.generate()...
Setting `pad_token_id` to `eos_token_id`:128001 for open-end generation.
2025-06-27 19:33:53,638 - INFO - Batched model.generate() completed.
2025-06-27 19:33:53,638 - INFO - Decoding batch of responses and extracting token probabilities...
2025-06-27 19:33:53,641 - INFO - Input tokens stripped from responses and probabilities extracted.
2025-06-27 19:33:53,642 - INFO - Batch of responses generated.
2025-06-27 19:33:53,642 - INFO - Appended 8 results from batch to /scratch-shared/mschaffelder/data/exp_3/pairwise/small/outputs/llama_8b_multi_source.jsonl
2025-06-27 19:33:53,642 - INFO - Reading line 1057 from input file...
2025-06-27 19:33:53,642 - INFO - Added prompt from line 1057 to batch.
2025-06-27 19:33:53,642 - INFO - Reading line 1058 from input file...
2025-06-27 19:33:53,642 - INFO - Added prompt from line 1058 to batch.
2025-06-27 19:33:53,642 - INFO - Reading line 1059 from input file...
2025-06-27 19:33:53,642 - INFO - Added prompt from line 1059 to batch.
2025-06-27 19:33:53,642 - INFO - Reading line 1060 from input file...
2025-06-27 19:33:53,642 - INFO - Added prompt from line 1060 to batch.
2025-06-27 19:33:53,642 - INFO - Reading line 1061 from input file...
2025-06-27 19:33:53,642 - INFO - Added prompt from line 1061 to batch.
2025-06-27 19:33:53,642 - INFO - Reading line 1062 from input file...
2025-06-27 19:33:53,642 - INFO - Added prompt from line 1062 to batch.
2025-06-27 19:33:53,642 - INFO - Reading line 1063 from input file...
2025-06-27 19:33:53,642 - INFO - Added prompt from line 1063 to batch.
2025-06-27 19:33:53,642 - INFO - Reading line 1064 from input file...
2025-06-27 19:33:53,642 - INFO - Added prompt from line 1064 to batch.
2025-06-27 19:33:53,642 - INFO - Processing batch of 8 prompts (up to line 1064)...
2025-06-27 19:33:53,642 - INFO - Generating rankings for batch of 8 pairs of prompts. System prompt: 'You are a helpful assistant. Your task is to rank the two provided texts. Please explicitly write which of the two texts is of higher quality by writing the corresponding letter in the output, and nothing else.'
2025-06-27 19:33:53,643 - INFO - First formatted prompt for tokenizer (first 100 chars): '<|begin_of_text|><|start_header_id|>system<|end_header_id|>

Cutting Knowledge Date: December 2023
T...'
2025-06-27 19:33:53,643 - INFO - Input device: cuda:0, preparing to move inputs to device.
2025-06-27 19:33:53,646 - INFO - Batch of inputs tokenized, padded, truncated, and moved to model device.
2025-06-27 19:33:53,646 - INFO - Starting batched model.generate()...
Setting `pad_token_id` to `eos_token_id`:128001 for open-end generation.
2025-06-27 19:33:53,963 - INFO - Batched model.generate() completed.
2025-06-27 19:33:53,963 - INFO - Decoding batch of responses and extracting token probabilities...
2025-06-27 19:33:53,966 - INFO - Input tokens stripped from responses and probabilities extracted.
2025-06-27 19:33:53,967 - INFO - Batch of responses generated.
2025-06-27 19:33:55,218 - INFO - Appended 8 results from batch to /scratch-shared/mschaffelder/data/exp_3/pairwise/small/outputs/llama_8b_multi_source.jsonl
2025-06-27 19:33:55,218 - INFO - Reading line 1065 from input file...
2025-06-27 19:33:55,218 - INFO - Added prompt from line 1065 to batch.
2025-06-27 19:33:55,218 - INFO - Reading line 1066 from input file...
2025-06-27 19:33:55,218 - INFO - Added prompt from line 1066 to batch.
2025-06-27 19:33:55,218 - INFO - Reading line 1067 from input file...
2025-06-27 19:33:55,218 - INFO - Added prompt from line 1067 to batch.
2025-06-27 19:33:55,218 - INFO - Reading line 1068 from input file...
2025-06-27 19:33:55,218 - INFO - Added prompt from line 1068 to batch.
2025-06-27 19:33:55,218 - INFO - Reading line 1069 from input file...
2025-06-27 19:33:55,218 - INFO - Added prompt from line 1069 to batch.
2025-06-27 19:33:55,218 - INFO - Reading line 1070 from input file...
2025-06-27 19:33:55,218 - INFO - Added prompt from line 1070 to batch.
2025-06-27 19:33:55,218 - INFO - Reading line 1071 from input file...
2025-06-27 19:33:55,218 - INFO - Added prompt from line 1071 to batch.
2025-06-27 19:33:55,218 - INFO - Reading line 1072 from input file...
2025-06-27 19:33:55,218 - INFO - Added prompt from line 1072 to batch.
2025-06-27 19:33:55,218 - INFO - Processing batch of 8 prompts (up to line 1072)...
2025-06-27 19:33:55,218 - INFO - Generating rankings for batch of 8 pairs of prompts. System prompt: 'You are a helpful assistant. Your task is to rank the two provided texts. Please explicitly write which of the two texts is of higher quality by writing the corresponding letter in the output, and nothing else.'
2025-06-27 19:33:55,219 - INFO - First formatted prompt for tokenizer (first 100 chars): '<|begin_of_text|><|start_header_id|>system<|end_header_id|>

Cutting Knowledge Date: December 2023
T...'
2025-06-27 19:33:55,219 - INFO - Input device: cuda:0, preparing to move inputs to device.
2025-06-27 19:33:55,222 - INFO - Batch of inputs tokenized, padded, truncated, and moved to model device.
2025-06-27 19:33:55,222 - INFO - Starting batched model.generate()...
Setting `pad_token_id` to `eos_token_id`:128001 for open-end generation.
2025-06-27 19:33:55,564 - INFO - Batched model.generate() completed.
2025-06-27 19:33:55,564 - INFO - Decoding batch of responses and extracting token probabilities...
2025-06-27 19:33:55,567 - INFO - Input tokens stripped from responses and probabilities extracted.
2025-06-27 19:33:55,567 - INFO - Batch of responses generated.
2025-06-27 19:33:55,898 - INFO - Appended 8 results from batch to /scratch-shared/mschaffelder/data/exp_3/pairwise/small/outputs/llama_8b_multi_source.jsonl
2025-06-27 19:33:55,898 - INFO - Reading line 1073 from input file...
2025-06-27 19:33:55,898 - INFO - Added prompt from line 1073 to batch.
2025-06-27 19:33:55,898 - INFO - Reading line 1074 from input file...
2025-06-27 19:33:55,898 - INFO - Added prompt from line 1074 to batch.
2025-06-27 19:33:55,898 - INFO - Reading line 1075 from input file...
2025-06-27 19:33:55,898 - INFO - Added prompt from line 1075 to batch.
2025-06-27 19:33:55,898 - INFO - Reading line 1076 from input file...
2025-06-27 19:33:55,898 - INFO - Added prompt from line 1076 to batch.
2025-06-27 19:33:55,898 - INFO - Reading line 1077 from input file...
2025-06-27 19:33:55,898 - INFO - Added prompt from line 1077 to batch.
2025-06-27 19:33:55,898 - INFO - Reading line 1078 from input file...
2025-06-27 19:33:55,898 - INFO - Added prompt from line 1078 to batch.
2025-06-27 19:33:55,898 - INFO - Reading line 1079 from input file...
2025-06-27 19:33:55,898 - INFO - Added prompt from line 1079 to batch.
2025-06-27 19:33:55,898 - INFO - Reading line 1080 from input file...
2025-06-27 19:33:55,898 - INFO - Added prompt from line 1080 to batch.
2025-06-27 19:33:55,898 - INFO - Processing batch of 8 prompts (up to line 1080)...
2025-06-27 19:33:55,898 - INFO - Generating rankings for batch of 8 pairs of prompts. System prompt: 'You are a helpful assistant. Your task is to rank the two provided texts. Please explicitly write which of the two texts is of higher quality by writing the corresponding letter in the output, and nothing else.'
2025-06-27 19:33:55,899 - INFO - First formatted prompt for tokenizer (first 100 chars): '<|begin_of_text|><|start_header_id|>system<|end_header_id|>

Cutting Knowledge Date: December 2023
T...'
2025-06-27 19:33:55,899 - INFO - Input device: cuda:0, preparing to move inputs to device.
2025-06-27 19:33:55,901 - INFO - Batch of inputs tokenized, padded, truncated, and moved to model device.
2025-06-27 19:33:55,901 - INFO - Starting batched model.generate()...
Setting `pad_token_id` to `eos_token_id`:128001 for open-end generation.
2025-06-27 19:33:56,202 - INFO - Batched model.generate() completed.
2025-06-27 19:33:56,202 - INFO - Decoding batch of responses and extracting token probabilities...
2025-06-27 19:33:56,206 - INFO - Input tokens stripped from responses and probabilities extracted.
2025-06-27 19:33:56,207 - INFO - Batch of responses generated.
2025-06-27 19:33:56,208 - INFO - Appended 8 results from batch to /scratch-shared/mschaffelder/data/exp_3/pairwise/small/outputs/llama_8b_multi_source.jsonl
2025-06-27 19:33:56,209 - INFO - Reading line 1081 from input file...
2025-06-27 19:33:56,209 - INFO - Added prompt from line 1081 to batch.
2025-06-27 19:33:56,209 - INFO - Reading line 1082 from input file...
2025-06-27 19:33:56,209 - INFO - Added prompt from line 1082 to batch.
2025-06-27 19:33:56,209 - INFO - Reading line 1083 from input file...
2025-06-27 19:33:56,209 - INFO - Added prompt from line 1083 to batch.
2025-06-27 19:33:56,209 - INFO - Reading line 1084 from input file...
2025-06-27 19:33:56,209 - INFO - Added prompt from line 1084 to batch.
2025-06-27 19:33:56,209 - INFO - Reading line 1085 from input file...
2025-06-27 19:33:56,209 - INFO - Added prompt from line 1085 to batch.
2025-06-27 19:33:56,209 - INFO - Reading line 1086 from input file...
2025-06-27 19:33:56,209 - INFO - Added prompt from line 1086 to batch.
2025-06-27 19:33:56,209 - INFO - Reading line 1087 from input file...
2025-06-27 19:33:56,209 - INFO - Added prompt from line 1087 to batch.
2025-06-27 19:33:56,209 - INFO - Reading line 1088 from input file...
2025-06-27 19:33:56,209 - INFO - Added prompt from line 1088 to batch.
2025-06-27 19:33:56,209 - INFO - Processing batch of 8 prompts (up to line 1088)...
2025-06-27 19:33:56,209 - INFO - Generating rankings for batch of 8 pairs of prompts. System prompt: 'You are a helpful assistant. Your task is to rank the two provided texts. Please explicitly write which of the two texts is of higher quality by writing the corresponding letter in the output, and nothing else.'
2025-06-27 19:33:56,210 - INFO - First formatted prompt for tokenizer (first 100 chars): '<|begin_of_text|><|start_header_id|>system<|end_header_id|>

Cutting Knowledge Date: December 2023
T...'
2025-06-27 19:33:56,210 - INFO - Input device: cuda:0, preparing to move inputs to device.
2025-06-27 19:33:56,212 - INFO - Batch of inputs tokenized, padded, truncated, and moved to model device.
2025-06-27 19:33:56,212 - INFO - Starting batched model.generate()...
Setting `pad_token_id` to `eos_token_id`:128001 for open-end generation.
2025-06-27 19:33:56,591 - INFO - Batched model.generate() completed.
2025-06-27 19:33:56,591 - INFO - Decoding batch of responses and extracting token probabilities...
2025-06-27 19:33:56,595 - INFO - Input tokens stripped from responses and probabilities extracted.
2025-06-27 19:33:56,595 - INFO - Batch of responses generated.
2025-06-27 19:33:56,597 - INFO - Appended 8 results from batch to /scratch-shared/mschaffelder/data/exp_3/pairwise/small/outputs/llama_8b_multi_source.jsonl
2025-06-27 19:33:56,597 - INFO - Reading line 1089 from input file...
2025-06-27 19:33:56,597 - INFO - Added prompt from line 1089 to batch.
2025-06-27 19:33:56,597 - INFO - Reading line 1090 from input file...
2025-06-27 19:33:56,597 - INFO - Added prompt from line 1090 to batch.
2025-06-27 19:33:56,597 - INFO - Reading line 1091 from input file...
2025-06-27 19:33:56,597 - INFO - Added prompt from line 1091 to batch.
2025-06-27 19:33:56,597 - INFO - Reading line 1092 from input file...
2025-06-27 19:33:56,597 - INFO - Added prompt from line 1092 to batch.
2025-06-27 19:33:56,597 - INFO - Reading line 1093 from input file...
2025-06-27 19:33:56,597 - INFO - Added prompt from line 1093 to batch.
2025-06-27 19:33:56,597 - INFO - Reading line 1094 from input file...
2025-06-27 19:33:56,597 - INFO - Added prompt from line 1094 to batch.
2025-06-27 19:33:56,597 - INFO - Reading line 1095 from input file...
2025-06-27 19:33:56,597 - INFO - Added prompt from line 1095 to batch.
2025-06-27 19:33:56,597 - INFO - Reading line 1096 from input file...
2025-06-27 19:33:56,597 - INFO - Added prompt from line 1096 to batch.
2025-06-27 19:33:56,597 - INFO - Processing batch of 8 prompts (up to line 1096)...
2025-06-27 19:33:56,597 - INFO - Generating rankings for batch of 8 pairs of prompts. System prompt: 'You are a helpful assistant. Your task is to rank the two provided texts. Please explicitly write which of the two texts is of higher quality by writing the corresponding letter in the output, and nothing else.'
2025-06-27 19:33:56,598 - INFO - First formatted prompt for tokenizer (first 100 chars): '<|begin_of_text|><|start_header_id|>system<|end_header_id|>

Cutting Knowledge Date: December 2023
T...'
2025-06-27 19:33:56,598 - INFO - Input device: cuda:0, preparing to move inputs to device.
2025-06-27 19:33:56,600 - INFO - Batch of inputs tokenized, padded, truncated, and moved to model device.
2025-06-27 19:33:56,600 - INFO - Starting batched model.generate()...
Setting `pad_token_id` to `eos_token_id`:128001 for open-end generation.
2025-06-27 19:33:56,871 - INFO - Batched model.generate() completed.
2025-06-27 19:33:56,871 - INFO - Decoding batch of responses and extracting token probabilities...
2025-06-27 19:33:56,874 - INFO - Input tokens stripped from responses and probabilities extracted.
2025-06-27 19:33:56,874 - INFO - Batch of responses generated.
2025-06-27 19:33:56,876 - INFO - Appended 8 results from batch to /scratch-shared/mschaffelder/data/exp_3/pairwise/small/outputs/llama_8b_multi_source.jsonl
2025-06-27 19:33:56,876 - INFO - Reading line 1097 from input file...
2025-06-27 19:33:56,876 - INFO - Added prompt from line 1097 to batch.
2025-06-27 19:33:56,876 - INFO - Reading line 1098 from input file...
2025-06-27 19:33:56,876 - INFO - Added prompt from line 1098 to batch.
2025-06-27 19:33:56,876 - INFO - Reading line 1099 from input file...
2025-06-27 19:33:56,876 - INFO - Added prompt from line 1099 to batch.
2025-06-27 19:33:56,876 - INFO - Reading line 1100 from input file...
2025-06-27 19:33:56,876 - INFO - Added prompt from line 1100 to batch.
2025-06-27 19:33:56,876 - INFO - Reading line 1101 from input file...
2025-06-27 19:33:56,876 - INFO - Added prompt from line 1101 to batch.
2025-06-27 19:33:56,876 - INFO - Reading line 1102 from input file...
2025-06-27 19:33:56,876 - INFO - Added prompt from line 1102 to batch.
2025-06-27 19:33:56,877 - INFO - Reading line 1103 from input file...
2025-06-27 19:33:56,877 - INFO - Added prompt from line 1103 to batch.
2025-06-27 19:33:56,877 - INFO - Reading line 1104 from input file...
2025-06-27 19:33:56,877 - INFO - Added prompt from line 1104 to batch.
2025-06-27 19:33:56,877 - INFO - Processing batch of 8 prompts (up to line 1104)...
2025-06-27 19:33:56,877 - INFO - Generating rankings for batch of 8 pairs of prompts. System prompt: 'You are a helpful assistant. Your task is to rank the two provided texts. Please explicitly write which of the two texts is of higher quality by writing the corresponding letter in the output, and nothing else.'
2025-06-27 19:33:56,877 - INFO - First formatted prompt for tokenizer (first 100 chars): '<|begin_of_text|><|start_header_id|>system<|end_header_id|>

Cutting Knowledge Date: December 2023
T...'
2025-06-27 19:33:56,877 - INFO - Input device: cuda:0, preparing to move inputs to device.
2025-06-27 19:33:56,880 - INFO - Batch of inputs tokenized, padded, truncated, and moved to model device.
2025-06-27 19:33:56,880 - INFO - Starting batched model.generate()...
Setting `pad_token_id` to `eos_token_id`:128001 for open-end generation.
2025-06-27 19:33:57,144 - INFO - Batched model.generate() completed.
2025-06-27 19:33:57,144 - INFO - Decoding batch of responses and extracting token probabilities...
2025-06-27 19:33:57,147 - INFO - Input tokens stripped from responses and probabilities extracted.
2025-06-27 19:33:57,147 - INFO - Batch of responses generated.
2025-06-27 19:33:57,149 - INFO - Appended 8 results from batch to /scratch-shared/mschaffelder/data/exp_3/pairwise/small/outputs/llama_8b_multi_source.jsonl
2025-06-27 19:33:57,149 - INFO - Reading line 1105 from input file...
2025-06-27 19:33:57,149 - INFO - Added prompt from line 1105 to batch.
2025-06-27 19:33:57,149 - INFO - Reading line 1106 from input file...
2025-06-27 19:33:57,149 - INFO - Added prompt from line 1106 to batch.
2025-06-27 19:33:57,149 - INFO - Reading line 1107 from input file...
2025-06-27 19:33:57,149 - INFO - Added prompt from line 1107 to batch.
2025-06-27 19:33:57,149 - INFO - Reading line 1108 from input file...
2025-06-27 19:33:57,149 - INFO - Added prompt from line 1108 to batch.
2025-06-27 19:33:57,149 - INFO - Reading line 1109 from input file...
2025-06-27 19:33:57,149 - INFO - Added prompt from line 1109 to batch.
2025-06-27 19:33:57,149 - INFO - Reading line 1110 from input file...
2025-06-27 19:33:57,149 - INFO - Added prompt from line 1110 to batch.
2025-06-27 19:33:57,149 - INFO - Reading line 1111 from input file...
2025-06-27 19:33:57,150 - INFO - Added prompt from line 1111 to batch.
2025-06-27 19:33:57,150 - INFO - Reading line 1112 from input file...
2025-06-27 19:33:57,150 - INFO - Added prompt from line 1112 to batch.
2025-06-27 19:33:57,150 - INFO - Processing batch of 8 prompts (up to line 1112)...
2025-06-27 19:33:57,150 - INFO - Generating rankings for batch of 8 pairs of prompts. System prompt: 'You are a helpful assistant. Your task is to rank the two provided texts. Please explicitly write which of the two texts is of higher quality by writing the corresponding letter in the output, and nothing else.'
2025-06-27 19:33:57,150 - INFO - First formatted prompt for tokenizer (first 100 chars): '<|begin_of_text|><|start_header_id|>system<|end_header_id|>

Cutting Knowledge Date: December 2023
T...'
2025-06-27 19:33:57,150 - INFO - Input device: cuda:0, preparing to move inputs to device.
2025-06-27 19:33:57,153 - INFO - Batch of inputs tokenized, padded, truncated, and moved to model device.
2025-06-27 19:33:57,153 - INFO - Starting batched model.generate()...
Setting `pad_token_id` to `eos_token_id`:128001 for open-end generation.
2025-06-27 19:33:57,483 - INFO - Batched model.generate() completed.
2025-06-27 19:33:57,484 - INFO - Decoding batch of responses and extracting token probabilities...
2025-06-27 19:33:57,487 - INFO - Input tokens stripped from responses and probabilities extracted.
2025-06-27 19:33:57,488 - INFO - Batch of responses generated.
2025-06-27 19:33:57,488 - INFO - Appended 8 results from batch to /scratch-shared/mschaffelder/data/exp_3/pairwise/small/outputs/llama_8b_multi_source.jsonl
2025-06-27 19:33:57,488 - INFO - Reading line 1113 from input file...
2025-06-27 19:33:57,488 - INFO - Added prompt from line 1113 to batch.
2025-06-27 19:33:57,488 - INFO - Reading line 1114 from input file...
2025-06-27 19:33:57,488 - INFO - Added prompt from line 1114 to batch.
2025-06-27 19:33:57,488 - INFO - Reading line 1115 from input file...
2025-06-27 19:33:57,488 - INFO - Added prompt from line 1115 to batch.
2025-06-27 19:33:57,488 - INFO - Reading line 1116 from input file...
2025-06-27 19:33:57,488 - INFO - Added prompt from line 1116 to batch.
2025-06-27 19:33:57,488 - INFO - Reading line 1117 from input file...
2025-06-27 19:33:57,488 - INFO - Added prompt from line 1117 to batch.
2025-06-27 19:33:57,489 - INFO - Reading line 1118 from input file...
2025-06-27 19:33:57,489 - INFO - Added prompt from line 1118 to batch.
2025-06-27 19:33:57,489 - INFO - Reading line 1119 from input file...
2025-06-27 19:33:57,489 - INFO - Added prompt from line 1119 to batch.
2025-06-27 19:33:57,489 - INFO - Reading line 1120 from input file...
2025-06-27 19:33:57,489 - INFO - Added prompt from line 1120 to batch.
2025-06-27 19:33:57,489 - INFO - Processing batch of 8 prompts (up to line 1120)...
2025-06-27 19:33:57,489 - INFO - Generating rankings for batch of 8 pairs of prompts. System prompt: 'You are a helpful assistant. Your task is to rank the two provided texts. Please explicitly write which of the two texts is of higher quality by writing the corresponding letter in the output, and nothing else.'
2025-06-27 19:33:57,489 - INFO - First formatted prompt for tokenizer (first 100 chars): '<|begin_of_text|><|start_header_id|>system<|end_header_id|>

Cutting Knowledge Date: December 2023
T...'
2025-06-27 19:33:57,489 - INFO - Input device: cuda:0, preparing to move inputs to device.
2025-06-27 19:33:57,491 - INFO - Batch of inputs tokenized, padded, truncated, and moved to model device.
2025-06-27 19:33:57,491 - INFO - Starting batched model.generate()...
Setting `pad_token_id` to `eos_token_id`:128001 for open-end generation.
2025-06-27 19:33:57,751 - INFO - Batched model.generate() completed.
2025-06-27 19:33:57,751 - INFO - Decoding batch of responses and extracting token probabilities...
2025-06-27 19:33:57,755 - INFO - Input tokens stripped from responses and probabilities extracted.
2025-06-27 19:33:57,755 - INFO - Batch of responses generated.
2025-06-27 19:33:57,757 - INFO - Appended 8 results from batch to /scratch-shared/mschaffelder/data/exp_3/pairwise/small/outputs/llama_8b_multi_source.jsonl
2025-06-27 19:33:57,757 - INFO - Reading line 1121 from input file...
2025-06-27 19:33:57,757 - INFO - Added prompt from line 1121 to batch.
2025-06-27 19:33:57,757 - INFO - Reading line 1122 from input file...
2025-06-27 19:33:57,757 - INFO - Added prompt from line 1122 to batch.
2025-06-27 19:33:57,757 - INFO - Reading line 1123 from input file...
2025-06-27 19:33:57,757 - INFO - Added prompt from line 1123 to batch.
2025-06-27 19:33:57,757 - INFO - Reading line 1124 from input file...
2025-06-27 19:33:57,757 - INFO - Added prompt from line 1124 to batch.
2025-06-27 19:33:57,757 - INFO - Reading line 1125 from input file...
2025-06-27 19:33:57,757 - INFO - Added prompt from line 1125 to batch.
2025-06-27 19:33:57,757 - INFO - Reading line 1126 from input file...
2025-06-27 19:33:57,757 - INFO - Added prompt from line 1126 to batch.
2025-06-27 19:33:57,757 - INFO - Reading line 1127 from input file...
2025-06-27 19:33:57,757 - INFO - Added prompt from line 1127 to batch.
2025-06-27 19:33:57,757 - INFO - Reading line 1128 from input file...
2025-06-27 19:33:57,757 - INFO - Added prompt from line 1128 to batch.
2025-06-27 19:33:57,757 - INFO - Processing batch of 8 prompts (up to line 1128)...
2025-06-27 19:33:57,757 - INFO - Generating rankings for batch of 8 pairs of prompts. System prompt: 'You are a helpful assistant. Your task is to rank the two provided texts. Please explicitly write which of the two texts is of higher quality by writing the corresponding letter in the output, and nothing else.'
2025-06-27 19:33:57,758 - INFO - First formatted prompt for tokenizer (first 100 chars): '<|begin_of_text|><|start_header_id|>system<|end_header_id|>

Cutting Knowledge Date: December 2023
T...'
2025-06-27 19:33:57,758 - INFO - Input device: cuda:0, preparing to move inputs to device.
2025-06-27 19:33:57,761 - INFO - Batch of inputs tokenized, padded, truncated, and moved to model device.
2025-06-27 19:33:57,761 - INFO - Starting batched model.generate()...
Setting `pad_token_id` to `eos_token_id`:128001 for open-end generation.
2025-06-27 19:33:58,214 - INFO - Batched model.generate() completed.
2025-06-27 19:33:58,214 - INFO - Decoding batch of responses and extracting token probabilities...
2025-06-27 19:33:58,218 - INFO - Input tokens stripped from responses and probabilities extracted.
2025-06-27 19:33:58,218 - INFO - Batch of responses generated.
2025-06-27 19:33:58,221 - INFO - Appended 8 results from batch to /scratch-shared/mschaffelder/data/exp_3/pairwise/small/outputs/llama_8b_multi_source.jsonl
2025-06-27 19:33:58,221 - INFO - Reading line 1129 from input file...
2025-06-27 19:33:58,221 - INFO - Added prompt from line 1129 to batch.
2025-06-27 19:33:58,221 - INFO - Reading line 1130 from input file...
2025-06-27 19:33:58,221 - INFO - Added prompt from line 1130 to batch.
2025-06-27 19:33:58,221 - INFO - Reading line 1131 from input file...
2025-06-27 19:33:58,221 - INFO - Added prompt from line 1131 to batch.
2025-06-27 19:33:58,221 - INFO - Reading line 1132 from input file...
2025-06-27 19:33:58,221 - INFO - Added prompt from line 1132 to batch.
2025-06-27 19:33:58,221 - INFO - Reading line 1133 from input file...
2025-06-27 19:33:58,221 - INFO - Added prompt from line 1133 to batch.
2025-06-27 19:33:58,221 - INFO - Reading line 1134 from input file...
2025-06-27 19:33:58,221 - INFO - Added prompt from line 1134 to batch.
2025-06-27 19:33:58,221 - INFO - Reading line 1135 from input file...
2025-06-27 19:33:58,221 - INFO - Added prompt from line 1135 to batch.
2025-06-27 19:33:58,221 - INFO - Reading line 1136 from input file...
2025-06-27 19:33:58,221 - INFO - Added prompt from line 1136 to batch.
2025-06-27 19:33:58,221 - INFO - Processing batch of 8 prompts (up to line 1136)...
2025-06-27 19:33:58,221 - INFO - Generating rankings for batch of 8 pairs of prompts. System prompt: 'You are a helpful assistant. Your task is to rank the two provided texts. Please explicitly write which of the two texts is of higher quality by writing the corresponding letter in the output, and nothing else.'
2025-06-27 19:33:58,222 - INFO - First formatted prompt for tokenizer (first 100 chars): '<|begin_of_text|><|start_header_id|>system<|end_header_id|>

Cutting Knowledge Date: December 2023
T...'
2025-06-27 19:33:58,222 - INFO - Input device: cuda:0, preparing to move inputs to device.
2025-06-27 19:33:58,224 - INFO - Batch of inputs tokenized, padded, truncated, and moved to model device.
2025-06-27 19:33:58,224 - INFO - Starting batched model.generate()...
Setting `pad_token_id` to `eos_token_id`:128001 for open-end generation.
2025-06-27 19:33:58,489 - INFO - Batched model.generate() completed.
2025-06-27 19:33:58,489 - INFO - Decoding batch of responses and extracting token probabilities...
2025-06-27 19:33:58,492 - INFO - Input tokens stripped from responses and probabilities extracted.
2025-06-27 19:33:58,492 - INFO - Batch of responses generated.
2025-06-27 19:33:58,493 - INFO - Appended 8 results from batch to /scratch-shared/mschaffelder/data/exp_3/pairwise/small/outputs/llama_8b_multi_source.jsonl
2025-06-27 19:33:58,493 - INFO - Reading line 1137 from input file...
2025-06-27 19:33:58,493 - INFO - Added prompt from line 1137 to batch.
2025-06-27 19:33:58,493 - INFO - Reading line 1138 from input file...
2025-06-27 19:33:58,493 - INFO - Added prompt from line 1138 to batch.
2025-06-27 19:33:58,493 - INFO - Reading line 1139 from input file...
2025-06-27 19:33:58,493 - INFO - Added prompt from line 1139 to batch.
2025-06-27 19:33:58,493 - INFO - Reading line 1140 from input file...
2025-06-27 19:33:58,493 - INFO - Added prompt from line 1140 to batch.
2025-06-27 19:33:58,493 - INFO - Reading line 1141 from input file...
2025-06-27 19:33:58,493 - INFO - Added prompt from line 1141 to batch.
2025-06-27 19:33:58,493 - INFO - Reading line 1142 from input file...
2025-06-27 19:33:58,493 - INFO - Added prompt from line 1142 to batch.
2025-06-27 19:33:58,493 - INFO - Reading line 1143 from input file...
2025-06-27 19:33:58,493 - INFO - Added prompt from line 1143 to batch.
2025-06-27 19:33:58,493 - INFO - Reading line 1144 from input file...
2025-06-27 19:33:58,493 - INFO - Added prompt from line 1144 to batch.
2025-06-27 19:33:58,493 - INFO - Processing batch of 8 prompts (up to line 1144)...
2025-06-27 19:33:58,493 - INFO - Generating rankings for batch of 8 pairs of prompts. System prompt: 'You are a helpful assistant. Your task is to rank the two provided texts. Please explicitly write which of the two texts is of higher quality by writing the corresponding letter in the output, and nothing else.'
2025-06-27 19:33:58,494 - INFO - First formatted prompt for tokenizer (first 100 chars): '<|begin_of_text|><|start_header_id|>system<|end_header_id|>

Cutting Knowledge Date: December 2023
T...'
2025-06-27 19:33:58,494 - INFO - Input device: cuda:0, preparing to move inputs to device.
2025-06-27 19:33:58,496 - INFO - Batch of inputs tokenized, padded, truncated, and moved to model device.
2025-06-27 19:33:58,496 - INFO - Starting batched model.generate()...
Setting `pad_token_id` to `eos_token_id`:128001 for open-end generation.
2025-06-27 19:33:58,785 - INFO - Batched model.generate() completed.
2025-06-27 19:33:58,785 - INFO - Decoding batch of responses and extracting token probabilities...
2025-06-27 19:33:58,788 - INFO - Input tokens stripped from responses and probabilities extracted.
2025-06-27 19:33:58,788 - INFO - Batch of responses generated.
2025-06-27 19:33:58,790 - INFO - Appended 8 results from batch to /scratch-shared/mschaffelder/data/exp_3/pairwise/small/outputs/llama_8b_multi_source.jsonl
2025-06-27 19:33:58,790 - INFO - Reading line 1145 from input file...
2025-06-27 19:33:58,790 - INFO - Added prompt from line 1145 to batch.
2025-06-27 19:33:58,790 - INFO - Reading line 1146 from input file...
2025-06-27 19:33:58,790 - INFO - Added prompt from line 1146 to batch.
2025-06-27 19:33:58,790 - INFO - Reading line 1147 from input file...
2025-06-27 19:33:58,790 - INFO - Added prompt from line 1147 to batch.
2025-06-27 19:33:58,790 - INFO - Reading line 1148 from input file...
2025-06-27 19:33:58,790 - INFO - Added prompt from line 1148 to batch.
2025-06-27 19:33:58,790 - INFO - Reading line 1149 from input file...
2025-06-27 19:33:58,790 - INFO - Added prompt from line 1149 to batch.
2025-06-27 19:33:58,790 - INFO - Reading line 1150 from input file...
2025-06-27 19:33:58,790 - INFO - Added prompt from line 1150 to batch.
2025-06-27 19:33:58,790 - INFO - Reading line 1151 from input file...
2025-06-27 19:33:58,790 - INFO - Added prompt from line 1151 to batch.
2025-06-27 19:33:58,790 - INFO - Reading line 1152 from input file...
2025-06-27 19:33:58,790 - INFO - Added prompt from line 1152 to batch.
2025-06-27 19:33:58,790 - INFO - Processing batch of 8 prompts (up to line 1152)...
2025-06-27 19:33:58,790 - INFO - Generating rankings for batch of 8 pairs of prompts. System prompt: 'You are a helpful assistant. Your task is to rank the two provided texts. Please explicitly write which of the two texts is of higher quality by writing the corresponding letter in the output, and nothing else.'
2025-06-27 19:33:58,791 - INFO - First formatted prompt for tokenizer (first 100 chars): '<|begin_of_text|><|start_header_id|>system<|end_header_id|>

Cutting Knowledge Date: December 2023
T...'
2025-06-27 19:33:58,791 - INFO - Input device: cuda:0, preparing to move inputs to device.
2025-06-27 19:33:58,793 - INFO - Batch of inputs tokenized, padded, truncated, and moved to model device.
2025-06-27 19:33:58,793 - INFO - Starting batched model.generate()...
Setting `pad_token_id` to `eos_token_id`:128001 for open-end generation.
2025-06-27 19:33:59,083 - INFO - Batched model.generate() completed.
2025-06-27 19:33:59,083 - INFO - Decoding batch of responses and extracting token probabilities...
2025-06-27 19:33:59,087 - INFO - Input tokens stripped from responses and probabilities extracted.
2025-06-27 19:33:59,087 - INFO - Batch of responses generated.
2025-06-27 19:33:59,445 - INFO - Appended 8 results from batch to /scratch-shared/mschaffelder/data/exp_3/pairwise/small/outputs/llama_8b_multi_source.jsonl
2025-06-27 19:33:59,445 - INFO - Reading line 1153 from input file...
2025-06-27 19:33:59,445 - INFO - Added prompt from line 1153 to batch.
2025-06-27 19:33:59,445 - INFO - Reading line 1154 from input file...
2025-06-27 19:33:59,445 - INFO - Added prompt from line 1154 to batch.
2025-06-27 19:33:59,445 - INFO - Reading line 1155 from input file...
2025-06-27 19:33:59,445 - INFO - Added prompt from line 1155 to batch.
2025-06-27 19:33:59,445 - INFO - Reading line 1156 from input file...
2025-06-27 19:33:59,445 - INFO - Added prompt from line 1156 to batch.
2025-06-27 19:33:59,445 - INFO - Reading line 1157 from input file...
2025-06-27 19:33:59,445 - INFO - Added prompt from line 1157 to batch.
2025-06-27 19:33:59,445 - INFO - Reading line 1158 from input file...
2025-06-27 19:33:59,445 - INFO - Added prompt from line 1158 to batch.
2025-06-27 19:33:59,445 - INFO - Reading line 1159 from input file...
2025-06-27 19:33:59,445 - INFO - Added prompt from line 1159 to batch.
2025-06-27 19:33:59,445 - INFO - Reading line 1160 from input file...
2025-06-27 19:33:59,445 - INFO - Added prompt from line 1160 to batch.
2025-06-27 19:33:59,445 - INFO - Processing batch of 8 prompts (up to line 1160)...
2025-06-27 19:33:59,445 - INFO - Generating rankings for batch of 8 pairs of prompts. System prompt: 'You are a helpful assistant. Your task is to rank the two provided texts. Please explicitly write which of the two texts is of higher quality by writing the corresponding letter in the output, and nothing else.'
2025-06-27 19:33:59,446 - INFO - First formatted prompt for tokenizer (first 100 chars): '<|begin_of_text|><|start_header_id|>system<|end_header_id|>

Cutting Knowledge Date: December 2023
T...'
2025-06-27 19:33:59,446 - INFO - Input device: cuda:0, preparing to move inputs to device.
2025-06-27 19:33:59,448 - INFO - Batch of inputs tokenized, padded, truncated, and moved to model device.
2025-06-27 19:33:59,448 - INFO - Starting batched model.generate()...
Setting `pad_token_id` to `eos_token_id`:128001 for open-end generation.
2025-06-27 19:33:59,697 - INFO - Batched model.generate() completed.
2025-06-27 19:33:59,697 - INFO - Decoding batch of responses and extracting token probabilities...
2025-06-27 19:33:59,701 - INFO - Input tokens stripped from responses and probabilities extracted.
2025-06-27 19:33:59,701 - INFO - Batch of responses generated.
2025-06-27 19:34:00,401 - INFO - Appended 8 results from batch to /scratch-shared/mschaffelder/data/exp_3/pairwise/small/outputs/llama_8b_multi_source.jsonl
2025-06-27 19:34:00,401 - INFO - Reading line 1161 from input file...
2025-06-27 19:34:00,401 - INFO - Added prompt from line 1161 to batch.
2025-06-27 19:34:00,401 - INFO - Reading line 1162 from input file...
2025-06-27 19:34:00,401 - INFO - Added prompt from line 1162 to batch.
2025-06-27 19:34:00,401 - INFO - Reading line 1163 from input file...
2025-06-27 19:34:00,401 - INFO - Added prompt from line 1163 to batch.
2025-06-27 19:34:00,401 - INFO - Reading line 1164 from input file...
2025-06-27 19:34:00,401 - INFO - Added prompt from line 1164 to batch.
2025-06-27 19:34:00,401 - INFO - Reading line 1165 from input file...
2025-06-27 19:34:00,401 - INFO - Added prompt from line 1165 to batch.
2025-06-27 19:34:00,401 - INFO - Reading line 1166 from input file...
2025-06-27 19:34:00,401 - INFO - Added prompt from line 1166 to batch.
2025-06-27 19:34:00,401 - INFO - Reading line 1167 from input file...
2025-06-27 19:34:00,401 - INFO - Added prompt from line 1167 to batch.
2025-06-27 19:34:00,401 - INFO - Reading line 1168 from input file...
2025-06-27 19:34:00,401 - INFO - Added prompt from line 1168 to batch.
2025-06-27 19:34:00,401 - INFO - Processing batch of 8 prompts (up to line 1168)...
2025-06-27 19:34:00,401 - INFO - Generating rankings for batch of 8 pairs of prompts. System prompt: 'You are a helpful assistant. Your task is to rank the two provided texts. Please explicitly write which of the two texts is of higher quality by writing the corresponding letter in the output, and nothing else.'
2025-06-27 19:34:00,402 - INFO - First formatted prompt for tokenizer (first 100 chars): '<|begin_of_text|><|start_header_id|>system<|end_header_id|>

Cutting Knowledge Date: December 2023
T...'
2025-06-27 19:34:00,402 - INFO - Input device: cuda:0, preparing to move inputs to device.
2025-06-27 19:34:00,404 - INFO - Batch of inputs tokenized, padded, truncated, and moved to model device.
2025-06-27 19:34:00,404 - INFO - Starting batched model.generate()...
Setting `pad_token_id` to `eos_token_id`:128001 for open-end generation.
2025-06-27 19:34:00,664 - INFO - Batched model.generate() completed.
2025-06-27 19:34:00,664 - INFO - Decoding batch of responses and extracting token probabilities...
2025-06-27 19:34:00,667 - INFO - Input tokens stripped from responses and probabilities extracted.
2025-06-27 19:34:00,667 - INFO - Batch of responses generated.
2025-06-27 19:34:03,919 - INFO - Appended 8 results from batch to /scratch-shared/mschaffelder/data/exp_3/pairwise/small/outputs/llama_8b_multi_source.jsonl
2025-06-27 19:34:03,919 - INFO - Reading line 1169 from input file...
2025-06-27 19:34:03,919 - INFO - Added prompt from line 1169 to batch.
2025-06-27 19:34:03,919 - INFO - Reading line 1170 from input file...
2025-06-27 19:34:03,919 - INFO - Added prompt from line 1170 to batch.
2025-06-27 19:34:03,919 - INFO - Reading line 1171 from input file...
2025-06-27 19:34:03,919 - INFO - Added prompt from line 1171 to batch.
2025-06-27 19:34:03,919 - INFO - Reading line 1172 from input file...
2025-06-27 19:34:03,919 - INFO - Added prompt from line 1172 to batch.
2025-06-27 19:34:03,919 - INFO - Reading line 1173 from input file...
2025-06-27 19:34:03,919 - INFO - Added prompt from line 1173 to batch.
2025-06-27 19:34:03,919 - INFO - Reading line 1174 from input file...
2025-06-27 19:34:03,919 - INFO - Added prompt from line 1174 to batch.
2025-06-27 19:34:03,919 - INFO - Reading line 1175 from input file...
2025-06-27 19:34:03,919 - INFO - Added prompt from line 1175 to batch.
2025-06-27 19:34:03,919 - INFO - Reading line 1176 from input file...
2025-06-27 19:34:03,919 - INFO - Added prompt from line 1176 to batch.
2025-06-27 19:34:03,919 - INFO - Processing batch of 8 prompts (up to line 1176)...
2025-06-27 19:34:03,919 - INFO - Generating rankings for batch of 8 pairs of prompts. System prompt: 'You are a helpful assistant. Your task is to rank the two provided texts. Please explicitly write which of the two texts is of higher quality by writing the corresponding letter in the output, and nothing else.'
2025-06-27 19:34:03,920 - INFO - First formatted prompt for tokenizer (first 100 chars): '<|begin_of_text|><|start_header_id|>system<|end_header_id|>

Cutting Knowledge Date: December 2023
T...'
2025-06-27 19:34:03,920 - INFO - Input device: cuda:0, preparing to move inputs to device.
2025-06-27 19:34:03,922 - INFO - Batch of inputs tokenized, padded, truncated, and moved to model device.
2025-06-27 19:34:03,923 - INFO - Starting batched model.generate()...
Setting `pad_token_id` to `eos_token_id`:128001 for open-end generation.
2025-06-27 19:34:04,168 - INFO - Batched model.generate() completed.
2025-06-27 19:34:04,168 - INFO - Decoding batch of responses and extracting token probabilities...
2025-06-27 19:34:04,171 - INFO - Input tokens stripped from responses and probabilities extracted.
2025-06-27 19:34:04,172 - INFO - Batch of responses generated.
2025-06-27 19:34:04,173 - INFO - Appended 8 results from batch to /scratch-shared/mschaffelder/data/exp_3/pairwise/small/outputs/llama_8b_multi_source.jsonl
2025-06-27 19:34:04,173 - INFO - Reading line 1177 from input file...
2025-06-27 19:34:04,173 - INFO - Added prompt from line 1177 to batch.
2025-06-27 19:34:04,173 - INFO - Reading line 1178 from input file...
2025-06-27 19:34:04,173 - INFO - Added prompt from line 1178 to batch.
2025-06-27 19:34:04,173 - INFO - Reading line 1179 from input file...
2025-06-27 19:34:04,173 - INFO - Added prompt from line 1179 to batch.
2025-06-27 19:34:04,173 - INFO - Reading line 1180 from input file...
2025-06-27 19:34:04,173 - INFO - Added prompt from line 1180 to batch.
2025-06-27 19:34:04,173 - INFO - Reading line 1181 from input file...
2025-06-27 19:34:04,173 - INFO - Added prompt from line 1181 to batch.
2025-06-27 19:34:04,173 - INFO - Reading line 1182 from input file...
2025-06-27 19:34:04,173 - INFO - Added prompt from line 1182 to batch.
2025-06-27 19:34:04,173 - INFO - Reading line 1183 from input file...
2025-06-27 19:34:04,173 - INFO - Added prompt from line 1183 to batch.
2025-06-27 19:34:04,173 - INFO - Reading line 1184 from input file...
2025-06-27 19:34:04,173 - INFO - Added prompt from line 1184 to batch.
2025-06-27 19:34:04,173 - INFO - Processing batch of 8 prompts (up to line 1184)...
2025-06-27 19:34:04,173 - INFO - Generating rankings for batch of 8 pairs of prompts. System prompt: 'You are a helpful assistant. Your task is to rank the two provided texts. Please explicitly write which of the two texts is of higher quality by writing the corresponding letter in the output, and nothing else.'
2025-06-27 19:34:04,174 - INFO - First formatted prompt for tokenizer (first 100 chars): '<|begin_of_text|><|start_header_id|>system<|end_header_id|>

Cutting Knowledge Date: December 2023
T...'
2025-06-27 19:34:04,174 - INFO - Input device: cuda:0, preparing to move inputs to device.
2025-06-27 19:34:04,176 - INFO - Batch of inputs tokenized, padded, truncated, and moved to model device.
2025-06-27 19:34:04,176 - INFO - Starting batched model.generate()...
Setting `pad_token_id` to `eos_token_id`:128001 for open-end generation.
2025-06-27 19:34:04,431 - INFO - Batched model.generate() completed.
2025-06-27 19:34:04,431 - INFO - Decoding batch of responses and extracting token probabilities...
2025-06-27 19:34:04,434 - INFO - Input tokens stripped from responses and probabilities extracted.
2025-06-27 19:34:04,434 - INFO - Batch of responses generated.
2025-06-27 19:34:04,435 - INFO - Appended 8 results from batch to /scratch-shared/mschaffelder/data/exp_3/pairwise/small/outputs/llama_8b_multi_source.jsonl
2025-06-27 19:34:04,435 - INFO - Reading line 1185 from input file...
2025-06-27 19:34:04,435 - INFO - Added prompt from line 1185 to batch.
2025-06-27 19:34:04,435 - INFO - Reading line 1186 from input file...
2025-06-27 19:34:04,435 - INFO - Added prompt from line 1186 to batch.
2025-06-27 19:34:04,435 - INFO - Reading line 1187 from input file...
2025-06-27 19:34:04,435 - INFO - Added prompt from line 1187 to batch.
2025-06-27 19:34:04,435 - INFO - Reading line 1188 from input file...
2025-06-27 19:34:04,435 - INFO - Added prompt from line 1188 to batch.
2025-06-27 19:34:04,435 - INFO - Reading line 1189 from input file...
2025-06-27 19:34:04,435 - INFO - Added prompt from line 1189 to batch.
2025-06-27 19:34:04,435 - INFO - Reading line 1190 from input file...
2025-06-27 19:34:04,435 - INFO - Added prompt from line 1190 to batch.
2025-06-27 19:34:04,435 - INFO - Reading line 1191 from input file...
2025-06-27 19:34:04,435 - INFO - Added prompt from line 1191 to batch.
2025-06-27 19:34:04,435 - INFO - Reading line 1192 from input file...
2025-06-27 19:34:04,435 - INFO - Added prompt from line 1192 to batch.
2025-06-27 19:34:04,435 - INFO - Processing batch of 8 prompts (up to line 1192)...
2025-06-27 19:34:04,435 - INFO - Generating rankings for batch of 8 pairs of prompts. System prompt: 'You are a helpful assistant. Your task is to rank the two provided texts. Please explicitly write which of the two texts is of higher quality by writing the corresponding letter in the output, and nothing else.'
2025-06-27 19:34:04,436 - INFO - First formatted prompt for tokenizer (first 100 chars): '<|begin_of_text|><|start_header_id|>system<|end_header_id|>

Cutting Knowledge Date: December 2023
T...'
2025-06-27 19:34:04,436 - INFO - Input device: cuda:0, preparing to move inputs to device.
2025-06-27 19:34:04,438 - INFO - Batch of inputs tokenized, padded, truncated, and moved to model device.
2025-06-27 19:34:04,438 - INFO - Starting batched model.generate()...
Setting `pad_token_id` to `eos_token_id`:128001 for open-end generation.
2025-06-27 19:34:04,720 - INFO - Batched model.generate() completed.
2025-06-27 19:34:04,720 - INFO - Decoding batch of responses and extracting token probabilities...
2025-06-27 19:34:04,723 - INFO - Input tokens stripped from responses and probabilities extracted.
2025-06-27 19:34:04,723 - INFO - Batch of responses generated.
2025-06-27 19:34:04,725 - INFO - Appended 8 results from batch to /scratch-shared/mschaffelder/data/exp_3/pairwise/small/outputs/llama_8b_multi_source.jsonl
2025-06-27 19:34:04,725 - INFO - Reading line 1193 from input file...
2025-06-27 19:34:04,725 - INFO - Added prompt from line 1193 to batch.
2025-06-27 19:34:04,725 - INFO - Reading line 1194 from input file...
2025-06-27 19:34:04,725 - INFO - Added prompt from line 1194 to batch.
2025-06-27 19:34:04,725 - INFO - Reading line 1195 from input file...
2025-06-27 19:34:04,725 - INFO - Added prompt from line 1195 to batch.
2025-06-27 19:34:04,725 - INFO - Reading line 1196 from input file...
2025-06-27 19:34:04,725 - INFO - Added prompt from line 1196 to batch.
2025-06-27 19:34:04,725 - INFO - Reading line 1197 from input file...
2025-06-27 19:34:04,725 - INFO - Added prompt from line 1197 to batch.
2025-06-27 19:34:04,725 - INFO - Reading line 1198 from input file...
2025-06-27 19:34:04,725 - INFO - Added prompt from line 1198 to batch.
2025-06-27 19:34:04,725 - INFO - Reading line 1199 from input file...
2025-06-27 19:34:04,725 - INFO - Added prompt from line 1199 to batch.
2025-06-27 19:34:04,725 - INFO - Reading line 1200 from input file...
2025-06-27 19:34:04,725 - INFO - Added prompt from line 1200 to batch.
2025-06-27 19:34:04,725 - INFO - Processing batch of 8 prompts (up to line 1200)...
2025-06-27 19:34:04,725 - INFO - Generating rankings for batch of 8 pairs of prompts. System prompt: 'You are a helpful assistant. Your task is to rank the two provided texts. Please explicitly write which of the two texts is of higher quality by writing the corresponding letter in the output, and nothing else.'
2025-06-27 19:34:04,726 - INFO - First formatted prompt for tokenizer (first 100 chars): '<|begin_of_text|><|start_header_id|>system<|end_header_id|>

Cutting Knowledge Date: December 2023
T...'
2025-06-27 19:34:04,726 - INFO - Input device: cuda:0, preparing to move inputs to device.
2025-06-27 19:34:04,728 - INFO - Batch of inputs tokenized, padded, truncated, and moved to model device.
2025-06-27 19:34:04,728 - INFO - Starting batched model.generate()...
Setting `pad_token_id` to `eos_token_id`:128001 for open-end generation.
2025-06-27 19:34:04,963 - INFO - Batched model.generate() completed.
2025-06-27 19:34:04,963 - INFO - Decoding batch of responses and extracting token probabilities...
2025-06-27 19:34:04,966 - INFO - Input tokens stripped from responses and probabilities extracted.
2025-06-27 19:34:04,966 - INFO - Batch of responses generated.
2025-06-27 19:34:04,967 - INFO - Appended 8 results from batch to /scratch-shared/mschaffelder/data/exp_3/pairwise/small/outputs/llama_8b_multi_source.jsonl
2025-06-27 19:34:04,967 - INFO - Reading line 1201 from input file...
2025-06-27 19:34:04,968 - INFO - Added prompt from line 1201 to batch.
2025-06-27 19:34:04,968 - INFO - Reading line 1202 from input file...
2025-06-27 19:34:04,968 - INFO - Added prompt from line 1202 to batch.
2025-06-27 19:34:04,968 - INFO - Reading line 1203 from input file...
2025-06-27 19:34:04,968 - INFO - Added prompt from line 1203 to batch.
2025-06-27 19:34:04,968 - INFO - Reading line 1204 from input file...
2025-06-27 19:34:04,968 - INFO - Added prompt from line 1204 to batch.
2025-06-27 19:34:04,968 - INFO - Reading line 1205 from input file...
2025-06-27 19:34:04,968 - INFO - Added prompt from line 1205 to batch.
2025-06-27 19:34:04,968 - INFO - Reading line 1206 from input file...
2025-06-27 19:34:04,968 - INFO - Added prompt from line 1206 to batch.
2025-06-27 19:34:04,968 - INFO - Reading line 1207 from input file...
2025-06-27 19:34:04,968 - INFO - Added prompt from line 1207 to batch.
2025-06-27 19:34:04,968 - INFO - Reading line 1208 from input file...
2025-06-27 19:34:04,968 - INFO - Added prompt from line 1208 to batch.
2025-06-27 19:34:04,968 - INFO - Processing batch of 8 prompts (up to line 1208)...
2025-06-27 19:34:04,968 - INFO - Generating rankings for batch of 8 pairs of prompts. System prompt: 'You are a helpful assistant. Your task is to rank the two provided texts. Please explicitly write which of the two texts is of higher quality by writing the corresponding letter in the output, and nothing else.'
2025-06-27 19:34:04,969 - INFO - First formatted prompt for tokenizer (first 100 chars): '<|begin_of_text|><|start_header_id|>system<|end_header_id|>

Cutting Knowledge Date: December 2023
T...'
2025-06-27 19:34:04,969 - INFO - Input device: cuda:0, preparing to move inputs to device.
2025-06-27 19:34:04,972 - INFO - Batch of inputs tokenized, padded, truncated, and moved to model device.
2025-06-27 19:34:04,972 - INFO - Starting batched model.generate()...
Setting `pad_token_id` to `eos_token_id`:128001 for open-end generation.
2025-06-27 19:34:05,459 - INFO - Batched model.generate() completed.
2025-06-27 19:34:05,459 - INFO - Decoding batch of responses and extracting token probabilities...
2025-06-27 19:34:05,463 - INFO - Input tokens stripped from responses and probabilities extracted.
2025-06-27 19:34:05,463 - INFO - Batch of responses generated.
2025-06-27 19:34:05,466 - INFO - Appended 8 results from batch to /scratch-shared/mschaffelder/data/exp_3/pairwise/small/outputs/llama_8b_multi_source.jsonl
2025-06-27 19:34:05,466 - INFO - Reading line 1209 from input file...
2025-06-27 19:34:05,466 - INFO - Added prompt from line 1209 to batch.
2025-06-27 19:34:05,466 - INFO - Reading line 1210 from input file...
2025-06-27 19:34:05,466 - INFO - Added prompt from line 1210 to batch.
2025-06-27 19:34:05,466 - INFO - Reading line 1211 from input file...
2025-06-27 19:34:05,466 - INFO - Added prompt from line 1211 to batch.
2025-06-27 19:34:05,466 - INFO - Reading line 1212 from input file...
2025-06-27 19:34:05,466 - INFO - Added prompt from line 1212 to batch.
2025-06-27 19:34:05,466 - INFO - Reading line 1213 from input file...
2025-06-27 19:34:05,466 - INFO - Added prompt from line 1213 to batch.
2025-06-27 19:34:05,466 - INFO - Reading line 1214 from input file...
2025-06-27 19:34:05,466 - INFO - Added prompt from line 1214 to batch.
2025-06-27 19:34:05,466 - INFO - Reading line 1215 from input file...
2025-06-27 19:34:05,466 - INFO - Added prompt from line 1215 to batch.
2025-06-27 19:34:05,466 - INFO - Reading line 1216 from input file...
2025-06-27 19:34:05,466 - INFO - Added prompt from line 1216 to batch.
2025-06-27 19:34:05,466 - INFO - Processing batch of 8 prompts (up to line 1216)...
2025-06-27 19:34:05,466 - INFO - Generating rankings for batch of 8 pairs of prompts. System prompt: 'You are a helpful assistant. Your task is to rank the two provided texts. Please explicitly write which of the two texts is of higher quality by writing the corresponding letter in the output, and nothing else.'
2025-06-27 19:34:05,467 - INFO - First formatted prompt for tokenizer (first 100 chars): '<|begin_of_text|><|start_header_id|>system<|end_header_id|>

Cutting Knowledge Date: December 2023
T...'
2025-06-27 19:34:05,467 - INFO - Input device: cuda:0, preparing to move inputs to device.
2025-06-27 19:34:05,469 - INFO - Batch of inputs tokenized, padded, truncated, and moved to model device.
2025-06-27 19:34:05,469 - INFO - Starting batched model.generate()...
Setting `pad_token_id` to `eos_token_id`:128001 for open-end generation.
2025-06-27 19:34:05,783 - INFO - Batched model.generate() completed.
2025-06-27 19:34:05,783 - INFO - Decoding batch of responses and extracting token probabilities...
2025-06-27 19:34:05,786 - INFO - Input tokens stripped from responses and probabilities extracted.
2025-06-27 19:34:05,787 - INFO - Batch of responses generated.
2025-06-27 19:34:05,787 - INFO - Appended 8 results from batch to /scratch-shared/mschaffelder/data/exp_3/pairwise/small/outputs/llama_8b_multi_source.jsonl
2025-06-27 19:34:05,787 - INFO - Reading line 1217 from input file...
2025-06-27 19:34:05,787 - INFO - Added prompt from line 1217 to batch.
2025-06-27 19:34:05,787 - INFO - Reading line 1218 from input file...
2025-06-27 19:34:05,787 - INFO - Added prompt from line 1218 to batch.
2025-06-27 19:34:05,787 - INFO - Reading line 1219 from input file...
2025-06-27 19:34:05,787 - INFO - Added prompt from line 1219 to batch.
2025-06-27 19:34:05,787 - INFO - Reading line 1220 from input file...
2025-06-27 19:34:05,787 - INFO - Added prompt from line 1220 to batch.
2025-06-27 19:34:05,787 - INFO - Reading line 1221 from input file...
2025-06-27 19:34:05,788 - INFO - Added prompt from line 1221 to batch.
2025-06-27 19:34:05,788 - INFO - Reading line 1222 from input file...
2025-06-27 19:34:05,788 - INFO - Added prompt from line 1222 to batch.
2025-06-27 19:34:05,788 - INFO - Reading line 1223 from input file...
2025-06-27 19:34:05,788 - INFO - Added prompt from line 1223 to batch.
2025-06-27 19:34:05,788 - INFO - Reading line 1224 from input file...
2025-06-27 19:34:05,788 - INFO - Added prompt from line 1224 to batch.
2025-06-27 19:34:05,788 - INFO - Processing batch of 8 prompts (up to line 1224)...
2025-06-27 19:34:05,788 - INFO - Generating rankings for batch of 8 pairs of prompts. System prompt: 'You are a helpful assistant. Your task is to rank the two provided texts. Please explicitly write which of the two texts is of higher quality by writing the corresponding letter in the output, and nothing else.'
2025-06-27 19:34:05,788 - INFO - First formatted prompt for tokenizer (first 100 chars): '<|begin_of_text|><|start_header_id|>system<|end_header_id|>

Cutting Knowledge Date: December 2023
T...'
2025-06-27 19:34:05,788 - INFO - Input device: cuda:0, preparing to move inputs to device.
2025-06-27 19:34:05,791 - INFO - Batch of inputs tokenized, padded, truncated, and moved to model device.
2025-06-27 19:34:05,791 - INFO - Starting batched model.generate()...
Setting `pad_token_id` to `eos_token_id`:128001 for open-end generation.
2025-06-27 19:34:06,122 - INFO - Batched model.generate() completed.
2025-06-27 19:34:06,123 - INFO - Decoding batch of responses and extracting token probabilities...
2025-06-27 19:34:06,126 - INFO - Input tokens stripped from responses and probabilities extracted.
2025-06-27 19:34:06,127 - INFO - Batch of responses generated.
2025-06-27 19:34:06,446 - INFO - Appended 8 results from batch to /scratch-shared/mschaffelder/data/exp_3/pairwise/small/outputs/llama_8b_multi_source.jsonl
2025-06-27 19:34:06,446 - INFO - Reading line 1225 from input file...
2025-06-27 19:34:06,446 - INFO - Added prompt from line 1225 to batch.
2025-06-27 19:34:06,446 - INFO - Reading line 1226 from input file...
2025-06-27 19:34:06,446 - INFO - Added prompt from line 1226 to batch.
2025-06-27 19:34:06,446 - INFO - Reading line 1227 from input file...
2025-06-27 19:34:06,446 - INFO - Added prompt from line 1227 to batch.
2025-06-27 19:34:06,446 - INFO - Reading line 1228 from input file...
2025-06-27 19:34:06,446 - INFO - Added prompt from line 1228 to batch.
2025-06-27 19:34:06,446 - INFO - Reading line 1229 from input file...
2025-06-27 19:34:06,446 - INFO - Added prompt from line 1229 to batch.
2025-06-27 19:34:06,446 - INFO - Reading line 1230 from input file...
2025-06-27 19:34:06,446 - INFO - Added prompt from line 1230 to batch.
2025-06-27 19:34:06,446 - INFO - Reading line 1231 from input file...
2025-06-27 19:34:06,446 - INFO - Added prompt from line 1231 to batch.
2025-06-27 19:34:06,446 - INFO - Reading line 1232 from input file...
2025-06-27 19:34:06,446 - INFO - Added prompt from line 1232 to batch.
2025-06-27 19:34:06,446 - INFO - Processing batch of 8 prompts (up to line 1232)...
2025-06-27 19:34:06,446 - INFO - Generating rankings for batch of 8 pairs of prompts. System prompt: 'You are a helpful assistant. Your task is to rank the two provided texts. Please explicitly write which of the two texts is of higher quality by writing the corresponding letter in the output, and nothing else.'
2025-06-27 19:34:06,447 - INFO - First formatted prompt for tokenizer (first 100 chars): '<|begin_of_text|><|start_header_id|>system<|end_header_id|>

Cutting Knowledge Date: December 2023
T...'
2025-06-27 19:34:06,447 - INFO - Input device: cuda:0, preparing to move inputs to device.
2025-06-27 19:34:06,450 - INFO - Batch of inputs tokenized, padded, truncated, and moved to model device.
2025-06-27 19:34:06,450 - INFO - Starting batched model.generate()...
Setting `pad_token_id` to `eos_token_id`:128001 for open-end generation.
2025-06-27 19:34:06,721 - INFO - Batched model.generate() completed.
2025-06-27 19:34:06,721 - INFO - Decoding batch of responses and extracting token probabilities...
2025-06-27 19:34:06,724 - INFO - Input tokens stripped from responses and probabilities extracted.
2025-06-27 19:34:06,724 - INFO - Batch of responses generated.
2025-06-27 19:34:06,726 - INFO - Appended 8 results from batch to /scratch-shared/mschaffelder/data/exp_3/pairwise/small/outputs/llama_8b_multi_source.jsonl
2025-06-27 19:34:06,726 - INFO - Reading line 1233 from input file...
2025-06-27 19:34:06,726 - INFO - Added prompt from line 1233 to batch.
2025-06-27 19:34:06,726 - INFO - Reading line 1234 from input file...
2025-06-27 19:34:06,726 - INFO - Added prompt from line 1234 to batch.
2025-06-27 19:34:06,726 - INFO - Reading line 1235 from input file...
2025-06-27 19:34:06,726 - INFO - Added prompt from line 1235 to batch.
2025-06-27 19:34:06,726 - INFO - Reading line 1236 from input file...
2025-06-27 19:34:06,726 - INFO - Added prompt from line 1236 to batch.
2025-06-27 19:34:06,726 - INFO - Reading line 1237 from input file...
2025-06-27 19:34:06,726 - INFO - Added prompt from line 1237 to batch.
2025-06-27 19:34:06,726 - INFO - Reading line 1238 from input file...
2025-06-27 19:34:06,726 - INFO - Added prompt from line 1238 to batch.
2025-06-27 19:34:06,726 - INFO - Reading line 1239 from input file...
2025-06-27 19:34:06,726 - INFO - Added prompt from line 1239 to batch.
2025-06-27 19:34:06,726 - INFO - Reading line 1240 from input file...
2025-06-27 19:34:06,726 - INFO - Added prompt from line 1240 to batch.
2025-06-27 19:34:06,726 - INFO - Processing batch of 8 prompts (up to line 1240)...
2025-06-27 19:34:06,726 - INFO - Generating rankings for batch of 8 pairs of prompts. System prompt: 'You are a helpful assistant. Your task is to rank the two provided texts. Please explicitly write which of the two texts is of higher quality by writing the corresponding letter in the output, and nothing else.'
2025-06-27 19:34:06,727 - INFO - First formatted prompt for tokenizer (first 100 chars): '<|begin_of_text|><|start_header_id|>system<|end_header_id|>

Cutting Knowledge Date: December 2023
T...'
2025-06-27 19:34:06,727 - INFO - Input device: cuda:0, preparing to move inputs to device.
2025-06-27 19:34:06,729 - INFO - Batch of inputs tokenized, padded, truncated, and moved to model device.
2025-06-27 19:34:06,729 - INFO - Starting batched model.generate()...
Setting `pad_token_id` to `eos_token_id`:128001 for open-end generation.
2025-06-27 19:34:06,945 - INFO - Batched model.generate() completed.
2025-06-27 19:34:06,945 - INFO - Decoding batch of responses and extracting token probabilities...
2025-06-27 19:34:06,948 - INFO - Input tokens stripped from responses and probabilities extracted.
2025-06-27 19:34:06,948 - INFO - Batch of responses generated.
2025-06-27 19:34:07,492 - INFO - Appended 8 results from batch to /scratch-shared/mschaffelder/data/exp_3/pairwise/small/outputs/llama_8b_multi_source.jsonl
2025-06-27 19:34:07,493 - INFO - Reading line 1241 from input file...
2025-06-27 19:34:07,493 - INFO - Added prompt from line 1241 to batch.
2025-06-27 19:34:07,493 - INFO - Reading line 1242 from input file...
2025-06-27 19:34:07,493 - INFO - Added prompt from line 1242 to batch.
2025-06-27 19:34:07,493 - INFO - Reading line 1243 from input file...
2025-06-27 19:34:07,493 - INFO - Added prompt from line 1243 to batch.
2025-06-27 19:34:07,493 - INFO - Reading line 1244 from input file...
2025-06-27 19:34:07,493 - INFO - Added prompt from line 1244 to batch.
2025-06-27 19:34:07,493 - INFO - Reading line 1245 from input file...
2025-06-27 19:34:07,493 - INFO - Added prompt from line 1245 to batch.
2025-06-27 19:34:07,493 - INFO - Reading line 1246 from input file...
2025-06-27 19:34:07,493 - INFO - Added prompt from line 1246 to batch.
2025-06-27 19:34:07,493 - INFO - Reading line 1247 from input file...
2025-06-27 19:34:07,493 - INFO - Added prompt from line 1247 to batch.
2025-06-27 19:34:07,493 - INFO - Reading line 1248 from input file...
2025-06-27 19:34:07,493 - INFO - Added prompt from line 1248 to batch.
2025-06-27 19:34:07,493 - INFO - Processing batch of 8 prompts (up to line 1248)...
2025-06-27 19:34:07,493 - INFO - Generating rankings for batch of 8 pairs of prompts. System prompt: 'You are a helpful assistant. Your task is to rank the two provided texts. Please explicitly write which of the two texts is of higher quality by writing the corresponding letter in the output, and nothing else.'
2025-06-27 19:34:07,494 - INFO - First formatted prompt for tokenizer (first 100 chars): '<|begin_of_text|><|start_header_id|>system<|end_header_id|>

Cutting Knowledge Date: December 2023
T...'
2025-06-27 19:34:07,494 - INFO - Input device: cuda:0, preparing to move inputs to device.
2025-06-27 19:34:07,497 - INFO - Batch of inputs tokenized, padded, truncated, and moved to model device.
2025-06-27 19:34:07,497 - INFO - Starting batched model.generate()...
Setting `pad_token_id` to `eos_token_id`:128001 for open-end generation.
2025-06-27 19:34:07,932 - INFO - Batched model.generate() completed.
2025-06-27 19:34:07,932 - INFO - Decoding batch of responses and extracting token probabilities...
2025-06-27 19:34:07,936 - INFO - Input tokens stripped from responses and probabilities extracted.
2025-06-27 19:34:07,936 - INFO - Batch of responses generated.
2025-06-27 19:34:07,938 - INFO - Appended 8 results from batch to /scratch-shared/mschaffelder/data/exp_3/pairwise/small/outputs/llama_8b_multi_source.jsonl
2025-06-27 19:34:07,939 - INFO - Reading line 1249 from input file...
2025-06-27 19:34:07,939 - INFO - Added prompt from line 1249 to batch.
2025-06-27 19:34:07,939 - INFO - Reading line 1250 from input file...
2025-06-27 19:34:07,939 - INFO - Added prompt from line 1250 to batch.
2025-06-27 19:34:07,939 - INFO - Reading line 1251 from input file...
2025-06-27 19:34:07,939 - INFO - Added prompt from line 1251 to batch.
2025-06-27 19:34:07,939 - INFO - Reading line 1252 from input file...
2025-06-27 19:34:07,939 - INFO - Added prompt from line 1252 to batch.
2025-06-27 19:34:07,939 - INFO - Reading line 1253 from input file...
2025-06-27 19:34:07,939 - INFO - Added prompt from line 1253 to batch.
2025-06-27 19:34:07,939 - INFO - Reading line 1254 from input file...
2025-06-27 19:34:07,939 - INFO - Added prompt from line 1254 to batch.
2025-06-27 19:34:07,939 - INFO - Reading line 1255 from input file...
2025-06-27 19:34:07,939 - INFO - Added prompt from line 1255 to batch.
2025-06-27 19:34:07,939 - INFO - Reading line 1256 from input file...
2025-06-27 19:34:07,939 - INFO - Added prompt from line 1256 to batch.
2025-06-27 19:34:07,939 - INFO - Processing batch of 8 prompts (up to line 1256)...
2025-06-27 19:34:07,939 - INFO - Generating rankings for batch of 8 pairs of prompts. System prompt: 'You are a helpful assistant. Your task is to rank the two provided texts. Please explicitly write which of the two texts is of higher quality by writing the corresponding letter in the output, and nothing else.'
2025-06-27 19:34:07,940 - INFO - First formatted prompt for tokenizer (first 100 chars): '<|begin_of_text|><|start_header_id|>system<|end_header_id|>

Cutting Knowledge Date: December 2023
T...'
2025-06-27 19:34:07,940 - INFO - Input device: cuda:0, preparing to move inputs to device.
2025-06-27 19:34:07,942 - INFO - Batch of inputs tokenized, padded, truncated, and moved to model device.
2025-06-27 19:34:07,942 - INFO - Starting batched model.generate()...
Setting `pad_token_id` to `eos_token_id`:128001 for open-end generation.
2025-06-27 19:34:08,189 - INFO - Batched model.generate() completed.
2025-06-27 19:34:08,189 - INFO - Decoding batch of responses and extracting token probabilities...
2025-06-27 19:34:08,192 - INFO - Input tokens stripped from responses and probabilities extracted.
2025-06-27 19:34:08,193 - INFO - Batch of responses generated.
2025-06-27 19:34:08,349 - INFO - Appended 8 results from batch to /scratch-shared/mschaffelder/data/exp_3/pairwise/small/outputs/llama_8b_multi_source.jsonl
2025-06-27 19:34:08,349 - INFO - Reading line 1257 from input file...
2025-06-27 19:34:08,349 - INFO - Added prompt from line 1257 to batch.
2025-06-27 19:34:08,349 - INFO - Reading line 1258 from input file...
2025-06-27 19:34:08,349 - INFO - Added prompt from line 1258 to batch.
2025-06-27 19:34:08,349 - INFO - Reading line 1259 from input file...
2025-06-27 19:34:08,349 - INFO - Added prompt from line 1259 to batch.
2025-06-27 19:34:08,349 - INFO - Reading line 1260 from input file...
2025-06-27 19:34:08,349 - INFO - Added prompt from line 1260 to batch.
2025-06-27 19:34:08,349 - INFO - Reading line 1261 from input file...
2025-06-27 19:34:08,349 - INFO - Added prompt from line 1261 to batch.
2025-06-27 19:34:08,349 - INFO - Reading line 1262 from input file...
2025-06-27 19:34:08,349 - INFO - Added prompt from line 1262 to batch.
2025-06-27 19:34:08,350 - INFO - Reading line 1263 from input file...
2025-06-27 19:34:08,350 - INFO - Added prompt from line 1263 to batch.
2025-06-27 19:34:08,350 - INFO - Reading line 1264 from input file...
2025-06-27 19:34:08,350 - INFO - Added prompt from line 1264 to batch.
2025-06-27 19:34:08,350 - INFO - Processing batch of 8 prompts (up to line 1264)...
2025-06-27 19:34:08,350 - INFO - Generating rankings for batch of 8 pairs of prompts. System prompt: 'You are a helpful assistant. Your task is to rank the two provided texts. Please explicitly write which of the two texts is of higher quality by writing the corresponding letter in the output, and nothing else.'
2025-06-27 19:34:08,350 - INFO - First formatted prompt for tokenizer (first 100 chars): '<|begin_of_text|><|start_header_id|>system<|end_header_id|>

Cutting Knowledge Date: December 2023
T...'
2025-06-27 19:34:08,350 - INFO - Input device: cuda:0, preparing to move inputs to device.
2025-06-27 19:34:08,352 - INFO - Batch of inputs tokenized, padded, truncated, and moved to model device.
2025-06-27 19:34:08,353 - INFO - Starting batched model.generate()...
Setting `pad_token_id` to `eos_token_id`:128001 for open-end generation.
2025-06-27 19:34:08,568 - INFO - Batched model.generate() completed.
2025-06-27 19:34:08,568 - INFO - Decoding batch of responses and extracting token probabilities...
2025-06-27 19:34:08,571 - INFO - Input tokens stripped from responses and probabilities extracted.
2025-06-27 19:34:08,572 - INFO - Batch of responses generated.
2025-06-27 19:34:08,573 - INFO - Appended 8 results from batch to /scratch-shared/mschaffelder/data/exp_3/pairwise/small/outputs/llama_8b_multi_source.jsonl
2025-06-27 19:34:08,573 - INFO - Reading line 1265 from input file...
2025-06-27 19:34:08,573 - INFO - Added prompt from line 1265 to batch.
2025-06-27 19:34:08,574 - INFO - Reading line 1266 from input file...
2025-06-27 19:34:08,574 - INFO - Added prompt from line 1266 to batch.
2025-06-27 19:34:08,574 - INFO - Reading line 1267 from input file...
2025-06-27 19:34:08,574 - INFO - Added prompt from line 1267 to batch.
2025-06-27 19:34:08,574 - INFO - Reading line 1268 from input file...
2025-06-27 19:34:08,574 - INFO - Added prompt from line 1268 to batch.
2025-06-27 19:34:08,574 - INFO - Reading line 1269 from input file...
2025-06-27 19:34:08,574 - INFO - Added prompt from line 1269 to batch.
2025-06-27 19:34:08,574 - INFO - Reading line 1270 from input file...
2025-06-27 19:34:08,574 - INFO - Added prompt from line 1270 to batch.
2025-06-27 19:34:08,574 - INFO - Reading line 1271 from input file...
2025-06-27 19:34:08,574 - INFO - Added prompt from line 1271 to batch.
2025-06-27 19:34:08,574 - INFO - Reading line 1272 from input file...
2025-06-27 19:34:08,574 - INFO - Added prompt from line 1272 to batch.
2025-06-27 19:34:08,574 - INFO - Processing batch of 8 prompts (up to line 1272)...
2025-06-27 19:34:08,574 - INFO - Generating rankings for batch of 8 pairs of prompts. System prompt: 'You are a helpful assistant. Your task is to rank the two provided texts. Please explicitly write which of the two texts is of higher quality by writing the corresponding letter in the output, and nothing else.'
2025-06-27 19:34:08,574 - INFO - First formatted prompt for tokenizer (first 100 chars): '<|begin_of_text|><|start_header_id|>system<|end_header_id|>

Cutting Knowledge Date: December 2023
T...'
2025-06-27 19:34:08,575 - INFO - Input device: cuda:0, preparing to move inputs to device.
2025-06-27 19:34:08,576 - INFO - Batch of inputs tokenized, padded, truncated, and moved to model device.
2025-06-27 19:34:08,576 - INFO - Starting batched model.generate()...
Setting `pad_token_id` to `eos_token_id`:128001 for open-end generation.
2025-06-27 19:34:08,793 - INFO - Batched model.generate() completed.
2025-06-27 19:34:08,793 - INFO - Decoding batch of responses and extracting token probabilities...
2025-06-27 19:34:08,796 - INFO - Input tokens stripped from responses and probabilities extracted.
2025-06-27 19:34:08,797 - INFO - Batch of responses generated.
2025-06-27 19:34:08,797 - INFO - Appended 8 results from batch to /scratch-shared/mschaffelder/data/exp_3/pairwise/small/outputs/llama_8b_multi_source.jsonl
2025-06-27 19:34:08,797 - INFO - Reading line 1273 from input file...
2025-06-27 19:34:08,797 - INFO - Added prompt from line 1273 to batch.
2025-06-27 19:34:08,797 - INFO - Reading line 1274 from input file...
2025-06-27 19:34:08,797 - INFO - Added prompt from line 1274 to batch.
2025-06-27 19:34:08,797 - INFO - Reading line 1275 from input file...
2025-06-27 19:34:08,797 - INFO - Added prompt from line 1275 to batch.
2025-06-27 19:34:08,797 - INFO - Reading line 1276 from input file...
2025-06-27 19:34:08,797 - INFO - Added prompt from line 1276 to batch.
2025-06-27 19:34:08,797 - INFO - Reading line 1277 from input file...
2025-06-27 19:34:08,797 - INFO - Added prompt from line 1277 to batch.
2025-06-27 19:34:08,797 - INFO - Reading line 1278 from input file...
2025-06-27 19:34:08,797 - INFO - Added prompt from line 1278 to batch.
2025-06-27 19:34:08,797 - INFO - Reading line 1279 from input file...
2025-06-27 19:34:08,797 - INFO - Added prompt from line 1279 to batch.
2025-06-27 19:34:08,798 - INFO - Reading line 1280 from input file...
2025-06-27 19:34:08,798 - INFO - Added prompt from line 1280 to batch.
2025-06-27 19:34:08,798 - INFO - Processing batch of 8 prompts (up to line 1280)...
2025-06-27 19:34:08,798 - INFO - Generating rankings for batch of 8 pairs of prompts. System prompt: 'You are a helpful assistant. Your task is to rank the two provided texts. Please explicitly write which of the two texts is of higher quality by writing the corresponding letter in the output, and nothing else.'
2025-06-27 19:34:08,798 - INFO - First formatted prompt for tokenizer (first 100 chars): '<|begin_of_text|><|start_header_id|>system<|end_header_id|>

Cutting Knowledge Date: December 2023
T...'
2025-06-27 19:34:08,798 - INFO - Input device: cuda:0, preparing to move inputs to device.
2025-06-27 19:34:08,800 - INFO - Batch of inputs tokenized, padded, truncated, and moved to model device.
2025-06-27 19:34:08,800 - INFO - Starting batched model.generate()...
Setting `pad_token_id` to `eos_token_id`:128001 for open-end generation.
2025-06-27 19:34:09,004 - INFO - Batched model.generate() completed.
2025-06-27 19:34:09,004 - INFO - Decoding batch of responses and extracting token probabilities...
2025-06-27 19:34:09,007 - INFO - Input tokens stripped from responses and probabilities extracted.
2025-06-27 19:34:09,007 - INFO - Batch of responses generated.
2025-06-27 19:34:09,008 - INFO - Appended 8 results from batch to /scratch-shared/mschaffelder/data/exp_3/pairwise/small/outputs/llama_8b_multi_source.jsonl
2025-06-27 19:34:09,008 - INFO - Reading line 1281 from input file...
2025-06-27 19:34:09,008 - INFO - Added prompt from line 1281 to batch.
2025-06-27 19:34:09,009 - INFO - Reading line 1282 from input file...
2025-06-27 19:34:09,009 - INFO - Added prompt from line 1282 to batch.
2025-06-27 19:34:09,009 - INFO - Reading line 1283 from input file...
2025-06-27 19:34:09,009 - INFO - Added prompt from line 1283 to batch.
2025-06-27 19:34:09,009 - INFO - Reading line 1284 from input file...
2025-06-27 19:34:09,009 - INFO - Added prompt from line 1284 to batch.
2025-06-27 19:34:09,009 - INFO - Reading line 1285 from input file...
2025-06-27 19:34:09,009 - INFO - Added prompt from line 1285 to batch.
2025-06-27 19:34:09,009 - INFO - Reading line 1286 from input file...
2025-06-27 19:34:09,009 - INFO - Added prompt from line 1286 to batch.
2025-06-27 19:34:09,009 - INFO - Reading line 1287 from input file...
2025-06-27 19:34:09,009 - INFO - Added prompt from line 1287 to batch.
2025-06-27 19:34:09,009 - INFO - Reading line 1288 from input file...
2025-06-27 19:34:09,009 - INFO - Added prompt from line 1288 to batch.
2025-06-27 19:34:09,009 - INFO - Processing batch of 8 prompts (up to line 1288)...
2025-06-27 19:34:09,009 - INFO - Generating rankings for batch of 8 pairs of prompts. System prompt: 'You are a helpful assistant. Your task is to rank the two provided texts. Please explicitly write which of the two texts is of higher quality by writing the corresponding letter in the output, and nothing else.'
2025-06-27 19:34:09,010 - INFO - First formatted prompt for tokenizer (first 100 chars): '<|begin_of_text|><|start_header_id|>system<|end_header_id|>

Cutting Knowledge Date: December 2023
T...'
2025-06-27 19:34:09,010 - INFO - Input device: cuda:0, preparing to move inputs to device.
2025-06-27 19:34:09,012 - INFO - Batch of inputs tokenized, padded, truncated, and moved to model device.
2025-06-27 19:34:09,012 - INFO - Starting batched model.generate()...
Setting `pad_token_id` to `eos_token_id`:128001 for open-end generation.
2025-06-27 19:34:09,694 - INFO - Batched model.generate() completed.
2025-06-27 19:34:09,694 - INFO - Decoding batch of responses and extracting token probabilities...
2025-06-27 19:34:09,703 - INFO - Input tokens stripped from responses and probabilities extracted.
2025-06-27 19:34:09,703 - INFO - Batch of responses generated.
2025-06-27 19:34:09,705 - INFO - Appended 8 results from batch to /scratch-shared/mschaffelder/data/exp_3/pairwise/small/outputs/llama_8b_multi_source.jsonl
2025-06-27 19:34:09,705 - INFO - Reading line 1289 from input file...
2025-06-27 19:34:09,705 - INFO - Added prompt from line 1289 to batch.
2025-06-27 19:34:09,705 - INFO - Reading line 1290 from input file...
2025-06-27 19:34:09,705 - INFO - Added prompt from line 1290 to batch.
2025-06-27 19:34:09,705 - INFO - Reading line 1291 from input file...
2025-06-27 19:34:09,705 - INFO - Added prompt from line 1291 to batch.
2025-06-27 19:34:09,705 - INFO - Reading line 1292 from input file...
2025-06-27 19:34:09,705 - INFO - Added prompt from line 1292 to batch.
2025-06-27 19:34:09,705 - INFO - Reading line 1293 from input file...
2025-06-27 19:34:09,705 - INFO - Added prompt from line 1293 to batch.
2025-06-27 19:34:09,705 - INFO - Reading line 1294 from input file...
2025-06-27 19:34:09,705 - INFO - Added prompt from line 1294 to batch.
2025-06-27 19:34:09,705 - INFO - Reading line 1295 from input file...
2025-06-27 19:34:09,705 - INFO - Added prompt from line 1295 to batch.
2025-06-27 19:34:09,705 - INFO - Reading line 1296 from input file...
2025-06-27 19:34:09,705 - INFO - Added prompt from line 1296 to batch.
2025-06-27 19:34:09,705 - INFO - Processing batch of 8 prompts (up to line 1296)...
2025-06-27 19:34:09,705 - INFO - Generating rankings for batch of 8 pairs of prompts. System prompt: 'You are a helpful assistant. Your task is to rank the two provided texts. Please explicitly write which of the two texts is of higher quality by writing the corresponding letter in the output, and nothing else.'
2025-06-27 19:34:09,706 - INFO - First formatted prompt for tokenizer (first 100 chars): '<|begin_of_text|><|start_header_id|>system<|end_header_id|>

Cutting Knowledge Date: December 2023
T...'
2025-06-27 19:34:09,706 - INFO - Input device: cuda:0, preparing to move inputs to device.
2025-06-27 19:34:09,708 - INFO - Batch of inputs tokenized, padded, truncated, and moved to model device.
2025-06-27 19:34:09,708 - INFO - Starting batched model.generate()...
Setting `pad_token_id` to `eos_token_id`:128001 for open-end generation.
2025-06-27 19:34:10,038 - INFO - Batched model.generate() completed.
2025-06-27 19:34:10,038 - INFO - Decoding batch of responses and extracting token probabilities...
2025-06-27 19:34:10,042 - INFO - Input tokens stripped from responses and probabilities extracted.
2025-06-27 19:34:10,042 - INFO - Batch of responses generated.
2025-06-27 19:34:13,558 - INFO - Appended 8 results from batch to /scratch-shared/mschaffelder/data/exp_3/pairwise/small/outputs/llama_8b_multi_source.jsonl
2025-06-27 19:34:13,559 - INFO - Reading line 1297 from input file...
2025-06-27 19:34:13,559 - INFO - Added prompt from line 1297 to batch.
2025-06-27 19:34:13,559 - INFO - Reading line 1298 from input file...
2025-06-27 19:34:13,559 - INFO - Added prompt from line 1298 to batch.
2025-06-27 19:34:13,559 - INFO - Reading line 1299 from input file...
2025-06-27 19:34:13,559 - INFO - Added prompt from line 1299 to batch.
2025-06-27 19:34:13,559 - INFO - Reading line 1300 from input file...
2025-06-27 19:34:13,559 - INFO - Added prompt from line 1300 to batch.
2025-06-27 19:34:13,559 - INFO - Reading line 1301 from input file...
2025-06-27 19:34:13,559 - INFO - Added prompt from line 1301 to batch.
2025-06-27 19:34:13,559 - INFO - Reading line 1302 from input file...
2025-06-27 19:34:13,559 - INFO - Added prompt from line 1302 to batch.
2025-06-27 19:34:13,559 - INFO - Reading line 1303 from input file...
2025-06-27 19:34:13,559 - INFO - Added prompt from line 1303 to batch.
2025-06-27 19:34:13,559 - INFO - Reading line 1304 from input file...
2025-06-27 19:34:13,559 - INFO - Added prompt from line 1304 to batch.
2025-06-27 19:34:13,559 - INFO - Processing batch of 8 prompts (up to line 1304)...
2025-06-27 19:34:13,559 - INFO - Generating rankings for batch of 8 pairs of prompts. System prompt: 'You are a helpful assistant. Your task is to rank the two provided texts. Please explicitly write which of the two texts is of higher quality by writing the corresponding letter in the output, and nothing else.'
2025-06-27 19:34:13,560 - INFO - First formatted prompt for tokenizer (first 100 chars): '<|begin_of_text|><|start_header_id|>system<|end_header_id|>

Cutting Knowledge Date: December 2023
T...'
2025-06-27 19:34:13,560 - INFO - Input device: cuda:0, preparing to move inputs to device.
2025-06-27 19:34:13,564 - INFO - Batch of inputs tokenized, padded, truncated, and moved to model device.
2025-06-27 19:34:13,564 - INFO - Starting batched model.generate()...
Setting `pad_token_id` to `eos_token_id`:128001 for open-end generation.
2025-06-27 19:34:14,000 - INFO - Batched model.generate() completed.
2025-06-27 19:34:14,001 - INFO - Decoding batch of responses and extracting token probabilities...
2025-06-27 19:34:14,004 - INFO - Input tokens stripped from responses and probabilities extracted.
2025-06-27 19:34:14,005 - INFO - Batch of responses generated.
2025-06-27 19:34:14,006 - INFO - Appended 8 results from batch to /scratch-shared/mschaffelder/data/exp_3/pairwise/small/outputs/llama_8b_multi_source.jsonl
2025-06-27 19:34:14,006 - INFO - Reading line 1305 from input file...
2025-06-27 19:34:14,006 - INFO - Added prompt from line 1305 to batch.
2025-06-27 19:34:14,006 - INFO - Reading line 1306 from input file...
2025-06-27 19:34:14,006 - INFO - Added prompt from line 1306 to batch.
2025-06-27 19:34:14,006 - INFO - Reading line 1307 from input file...
2025-06-27 19:34:14,006 - INFO - Added prompt from line 1307 to batch.
2025-06-27 19:34:14,006 - INFO - Reading line 1308 from input file...
2025-06-27 19:34:14,006 - INFO - Added prompt from line 1308 to batch.
2025-06-27 19:34:14,006 - INFO - Reading line 1309 from input file...
2025-06-27 19:34:14,006 - INFO - Added prompt from line 1309 to batch.
2025-06-27 19:34:14,006 - INFO - Reading line 1310 from input file...
2025-06-27 19:34:14,006 - INFO - Added prompt from line 1310 to batch.
2025-06-27 19:34:14,006 - INFO - Reading line 1311 from input file...
2025-06-27 19:34:14,007 - INFO - Added prompt from line 1311 to batch.
2025-06-27 19:34:14,007 - INFO - Reading line 1312 from input file...
2025-06-27 19:34:14,007 - INFO - Added prompt from line 1312 to batch.
2025-06-27 19:34:14,007 - INFO - Processing batch of 8 prompts (up to line 1312)...
2025-06-27 19:34:14,007 - INFO - Generating rankings for batch of 8 pairs of prompts. System prompt: 'You are a helpful assistant. Your task is to rank the two provided texts. Please explicitly write which of the two texts is of higher quality by writing the corresponding letter in the output, and nothing else.'
2025-06-27 19:34:14,007 - INFO - First formatted prompt for tokenizer (first 100 chars): '<|begin_of_text|><|start_header_id|>system<|end_header_id|>

Cutting Knowledge Date: December 2023
T...'
2025-06-27 19:34:14,007 - INFO - Input device: cuda:0, preparing to move inputs to device.
2025-06-27 19:34:14,011 - INFO - Batch of inputs tokenized, padded, truncated, and moved to model device.
2025-06-27 19:34:14,011 - INFO - Starting batched model.generate()...
Setting `pad_token_id` to `eos_token_id`:128001 for open-end generation.
2025-06-27 19:34:14,422 - INFO - Batched model.generate() completed.
2025-06-27 19:34:14,422 - INFO - Decoding batch of responses and extracting token probabilities...
2025-06-27 19:34:14,425 - INFO - Input tokens stripped from responses and probabilities extracted.
2025-06-27 19:34:14,426 - INFO - Batch of responses generated.
2025-06-27 19:34:14,427 - INFO - Appended 8 results from batch to /scratch-shared/mschaffelder/data/exp_3/pairwise/small/outputs/llama_8b_multi_source.jsonl
2025-06-27 19:34:14,427 - INFO - Reading line 1313 from input file...
2025-06-27 19:34:14,427 - INFO - Added prompt from line 1313 to batch.
2025-06-27 19:34:14,427 - INFO - Reading line 1314 from input file...
2025-06-27 19:34:14,427 - INFO - Added prompt from line 1314 to batch.
2025-06-27 19:34:14,427 - INFO - Reading line 1315 from input file...
2025-06-27 19:34:14,427 - INFO - Added prompt from line 1315 to batch.
2025-06-27 19:34:14,427 - INFO - Reading line 1316 from input file...
2025-06-27 19:34:14,427 - INFO - Added prompt from line 1316 to batch.
2025-06-27 19:34:14,427 - INFO - Reading line 1317 from input file...
2025-06-27 19:34:14,427 - INFO - Added prompt from line 1317 to batch.
2025-06-27 19:34:14,427 - INFO - Reading line 1318 from input file...
2025-06-27 19:34:14,427 - INFO - Added prompt from line 1318 to batch.
2025-06-27 19:34:14,427 - INFO - Reading line 1319 from input file...
2025-06-27 19:34:14,427 - INFO - Added prompt from line 1319 to batch.
2025-06-27 19:34:14,427 - INFO - Reading line 1320 from input file...
2025-06-27 19:34:14,427 - INFO - Added prompt from line 1320 to batch.
2025-06-27 19:34:14,427 - INFO - Processing batch of 8 prompts (up to line 1320)...
2025-06-27 19:34:14,428 - INFO - Generating rankings for batch of 8 pairs of prompts. System prompt: 'You are a helpful assistant. Your task is to rank the two provided texts. Please explicitly write which of the two texts is of higher quality by writing the corresponding letter in the output, and nothing else.'
2025-06-27 19:34:14,428 - INFO - First formatted prompt for tokenizer (first 100 chars): '<|begin_of_text|><|start_header_id|>system<|end_header_id|>

Cutting Knowledge Date: December 2023
T...'
2025-06-27 19:34:14,428 - INFO - Input device: cuda:0, preparing to move inputs to device.
2025-06-27 19:34:14,431 - INFO - Batch of inputs tokenized, padded, truncated, and moved to model device.
2025-06-27 19:34:14,431 - INFO - Starting batched model.generate()...
Setting `pad_token_id` to `eos_token_id`:128001 for open-end generation.
2025-06-27 19:34:14,789 - INFO - Batched model.generate() completed.
2025-06-27 19:34:14,789 - INFO - Decoding batch of responses and extracting token probabilities...
2025-06-27 19:34:14,793 - INFO - Input tokens stripped from responses and probabilities extracted.
2025-06-27 19:34:14,793 - INFO - Batch of responses generated.
2025-06-27 19:34:14,794 - INFO - Appended 8 results from batch to /scratch-shared/mschaffelder/data/exp_3/pairwise/small/outputs/llama_8b_multi_source.jsonl
2025-06-27 19:34:14,794 - INFO - Reading line 1321 from input file...
2025-06-27 19:34:14,794 - INFO - Added prompt from line 1321 to batch.
2025-06-27 19:34:14,794 - INFO - Reading line 1322 from input file...
2025-06-27 19:34:14,794 - INFO - Added prompt from line 1322 to batch.
2025-06-27 19:34:14,794 - INFO - Reading line 1323 from input file...
2025-06-27 19:34:14,794 - INFO - Added prompt from line 1323 to batch.
2025-06-27 19:34:14,794 - INFO - Reading line 1324 from input file...
2025-06-27 19:34:14,794 - INFO - Added prompt from line 1324 to batch.
2025-06-27 19:34:14,795 - INFO - Reading line 1325 from input file...
2025-06-27 19:34:14,795 - INFO - Added prompt from line 1325 to batch.
2025-06-27 19:34:14,795 - INFO - Reading line 1326 from input file...
2025-06-27 19:34:14,795 - INFO - Added prompt from line 1326 to batch.
2025-06-27 19:34:14,795 - INFO - Reading line 1327 from input file...
2025-06-27 19:34:14,795 - INFO - Added prompt from line 1327 to batch.
2025-06-27 19:34:14,795 - INFO - Reading line 1328 from input file...
2025-06-27 19:34:14,795 - INFO - Added prompt from line 1328 to batch.
2025-06-27 19:34:14,795 - INFO - Processing batch of 8 prompts (up to line 1328)...
2025-06-27 19:34:14,795 - INFO - Generating rankings for batch of 8 pairs of prompts. System prompt: 'You are a helpful assistant. Your task is to rank the two provided texts. Please explicitly write which of the two texts is of higher quality by writing the corresponding letter in the output, and nothing else.'
2025-06-27 19:34:14,795 - INFO - First formatted prompt for tokenizer (first 100 chars): '<|begin_of_text|><|start_header_id|>system<|end_header_id|>

Cutting Knowledge Date: December 2023
T...'
2025-06-27 19:34:14,795 - INFO - Input device: cuda:0, preparing to move inputs to device.
2025-06-27 19:34:14,798 - INFO - Batch of inputs tokenized, padded, truncated, and moved to model device.
2025-06-27 19:34:14,798 - INFO - Starting batched model.generate()...
Setting `pad_token_id` to `eos_token_id`:128001 for open-end generation.
2025-06-27 19:34:15,121 - INFO - Batched model.generate() completed.
2025-06-27 19:34:15,121 - INFO - Decoding batch of responses and extracting token probabilities...
2025-06-27 19:34:15,124 - INFO - Input tokens stripped from responses and probabilities extracted.
2025-06-27 19:34:15,124 - INFO - Batch of responses generated.
2025-06-27 19:34:15,126 - INFO - Appended 8 results from batch to /scratch-shared/mschaffelder/data/exp_3/pairwise/small/outputs/llama_8b_multi_source.jsonl
2025-06-27 19:34:15,126 - INFO - Reading line 1329 from input file...
2025-06-27 19:34:15,126 - INFO - Added prompt from line 1329 to batch.
2025-06-27 19:34:15,126 - INFO - Reading line 1330 from input file...
2025-06-27 19:34:15,126 - INFO - Added prompt from line 1330 to batch.
2025-06-27 19:34:15,126 - INFO - Reading line 1331 from input file...
2025-06-27 19:34:15,126 - INFO - Added prompt from line 1331 to batch.
2025-06-27 19:34:15,126 - INFO - Reading line 1332 from input file...
2025-06-27 19:34:15,126 - INFO - Added prompt from line 1332 to batch.
2025-06-27 19:34:15,126 - INFO - Reading line 1333 from input file...
2025-06-27 19:34:15,126 - INFO - Added prompt from line 1333 to batch.
2025-06-27 19:34:15,126 - INFO - Reading line 1334 from input file...
2025-06-27 19:34:15,126 - INFO - Added prompt from line 1334 to batch.
2025-06-27 19:34:15,126 - INFO - Reading line 1335 from input file...
2025-06-27 19:34:15,126 - INFO - Added prompt from line 1335 to batch.
2025-06-27 19:34:15,126 - INFO - Reading line 1336 from input file...
2025-06-27 19:34:15,126 - INFO - Added prompt from line 1336 to batch.
2025-06-27 19:34:15,126 - INFO - Processing batch of 8 prompts (up to line 1336)...
2025-06-27 19:34:15,126 - INFO - Generating rankings for batch of 8 pairs of prompts. System prompt: 'You are a helpful assistant. Your task is to rank the two provided texts. Please explicitly write which of the two texts is of higher quality by writing the corresponding letter in the output, and nothing else.'
2025-06-27 19:34:15,127 - INFO - First formatted prompt for tokenizer (first 100 chars): '<|begin_of_text|><|start_header_id|>system<|end_header_id|>

Cutting Knowledge Date: December 2023
T...'
2025-06-27 19:34:15,127 - INFO - Input device: cuda:0, preparing to move inputs to device.
2025-06-27 19:34:15,129 - INFO - Batch of inputs tokenized, padded, truncated, and moved to model device.
2025-06-27 19:34:15,129 - INFO - Starting batched model.generate()...
Setting `pad_token_id` to `eos_token_id`:128001 for open-end generation.
2025-06-27 19:34:15,441 - INFO - Batched model.generate() completed.
2025-06-27 19:34:15,441 - INFO - Decoding batch of responses and extracting token probabilities...
2025-06-27 19:34:15,445 - INFO - Input tokens stripped from responses and probabilities extracted.
2025-06-27 19:34:15,445 - INFO - Batch of responses generated.
2025-06-27 19:34:15,760 - INFO - Appended 8 results from batch to /scratch-shared/mschaffelder/data/exp_3/pairwise/small/outputs/llama_8b_multi_source.jsonl
2025-06-27 19:34:15,760 - INFO - Reading line 1337 from input file...
2025-06-27 19:34:15,760 - INFO - Added prompt from line 1337 to batch.
2025-06-27 19:34:15,760 - INFO - Reading line 1338 from input file...
2025-06-27 19:34:15,760 - INFO - Added prompt from line 1338 to batch.
2025-06-27 19:34:15,760 - INFO - Reading line 1339 from input file...
2025-06-27 19:34:15,760 - INFO - Added prompt from line 1339 to batch.
2025-06-27 19:34:15,760 - INFO - Reading line 1340 from input file...
2025-06-27 19:34:15,760 - INFO - Added prompt from line 1340 to batch.
2025-06-27 19:34:15,760 - INFO - Reading line 1341 from input file...
2025-06-27 19:34:15,760 - INFO - Added prompt from line 1341 to batch.
2025-06-27 19:34:15,760 - INFO - Reading line 1342 from input file...
2025-06-27 19:34:15,760 - INFO - Added prompt from line 1342 to batch.
2025-06-27 19:34:15,760 - INFO - Reading line 1343 from input file...
2025-06-27 19:34:15,760 - INFO - Added prompt from line 1343 to batch.
2025-06-27 19:34:15,760 - INFO - Reading line 1344 from input file...
2025-06-27 19:34:15,760 - INFO - Added prompt from line 1344 to batch.
2025-06-27 19:34:15,760 - INFO - Processing batch of 8 prompts (up to line 1344)...
2025-06-27 19:34:15,760 - INFO - Generating rankings for batch of 8 pairs of prompts. System prompt: 'You are a helpful assistant. Your task is to rank the two provided texts. Please explicitly write which of the two texts is of higher quality by writing the corresponding letter in the output, and nothing else.'
2025-06-27 19:34:15,761 - INFO - First formatted prompt for tokenizer (first 100 chars): '<|begin_of_text|><|start_header_id|>system<|end_header_id|>

Cutting Knowledge Date: December 2023
T...'
2025-06-27 19:34:15,761 - INFO - Input device: cuda:0, preparing to move inputs to device.
2025-06-27 19:34:15,764 - INFO - Batch of inputs tokenized, padded, truncated, and moved to model device.
2025-06-27 19:34:15,764 - INFO - Starting batched model.generate()...
Setting `pad_token_id` to `eos_token_id`:128001 for open-end generation.
2025-06-27 19:34:16,163 - INFO - Batched model.generate() completed.
2025-06-27 19:34:16,164 - INFO - Decoding batch of responses and extracting token probabilities...
2025-06-27 19:34:16,167 - INFO - Input tokens stripped from responses and probabilities extracted.
2025-06-27 19:34:16,167 - INFO - Batch of responses generated.
2025-06-27 19:34:16,168 - INFO - Appended 8 results from batch to /scratch-shared/mschaffelder/data/exp_3/pairwise/small/outputs/llama_8b_multi_source.jsonl
2025-06-27 19:34:16,168 - INFO - Reading line 1345 from input file...
2025-06-27 19:34:16,168 - INFO - Added prompt from line 1345 to batch.
2025-06-27 19:34:16,169 - INFO - Reading line 1346 from input file...
2025-06-27 19:34:16,169 - INFO - Added prompt from line 1346 to batch.
2025-06-27 19:34:16,169 - INFO - Reading line 1347 from input file...
2025-06-27 19:34:16,169 - INFO - Added prompt from line 1347 to batch.
2025-06-27 19:34:16,169 - INFO - Reading line 1348 from input file...
2025-06-27 19:34:16,169 - INFO - Added prompt from line 1348 to batch.
2025-06-27 19:34:16,169 - INFO - Reading line 1349 from input file...
2025-06-27 19:34:16,169 - INFO - Added prompt from line 1349 to batch.
2025-06-27 19:34:16,169 - INFO - Reading line 1350 from input file...
2025-06-27 19:34:16,169 - INFO - Added prompt from line 1350 to batch.
2025-06-27 19:34:16,169 - INFO - Reading line 1351 from input file...
2025-06-27 19:34:16,169 - INFO - Added prompt from line 1351 to batch.
2025-06-27 19:34:16,169 - INFO - Reading line 1352 from input file...
2025-06-27 19:34:16,169 - INFO - Added prompt from line 1352 to batch.
2025-06-27 19:34:16,169 - INFO - Processing batch of 8 prompts (up to line 1352)...
2025-06-27 19:34:16,169 - INFO - Generating rankings for batch of 8 pairs of prompts. System prompt: 'You are a helpful assistant. Your task is to rank the two provided texts. Please explicitly write which of the two texts is of higher quality by writing the corresponding letter in the output, and nothing else.'
2025-06-27 19:34:16,170 - INFO - First formatted prompt for tokenizer (first 100 chars): '<|begin_of_text|><|start_header_id|>system<|end_header_id|>

Cutting Knowledge Date: December 2023
T...'
2025-06-27 19:34:16,170 - INFO - Input device: cuda:0, preparing to move inputs to device.
2025-06-27 19:34:16,173 - INFO - Batch of inputs tokenized, padded, truncated, and moved to model device.
2025-06-27 19:34:16,173 - INFO - Starting batched model.generate()...
Setting `pad_token_id` to `eos_token_id`:128001 for open-end generation.
2025-06-27 19:34:16,540 - INFO - Batched model.generate() completed.
2025-06-27 19:34:16,540 - INFO - Decoding batch of responses and extracting token probabilities...
2025-06-27 19:34:16,543 - INFO - Input tokens stripped from responses and probabilities extracted.
2025-06-27 19:34:16,543 - INFO - Batch of responses generated.
2025-06-27 19:34:17,639 - INFO - Appended 8 results from batch to /scratch-shared/mschaffelder/data/exp_3/pairwise/small/outputs/llama_8b_multi_source.jsonl
2025-06-27 19:34:17,639 - INFO - Reading line 1353 from input file...
2025-06-27 19:34:17,639 - INFO - Added prompt from line 1353 to batch.
2025-06-27 19:34:17,639 - INFO - Reading line 1354 from input file...
2025-06-27 19:34:17,639 - INFO - Added prompt from line 1354 to batch.
2025-06-27 19:34:17,639 - INFO - Reading line 1355 from input file...
2025-06-27 19:34:17,639 - INFO - Added prompt from line 1355 to batch.
2025-06-27 19:34:17,639 - INFO - Reading line 1356 from input file...
2025-06-27 19:34:17,639 - INFO - Added prompt from line 1356 to batch.
2025-06-27 19:34:17,639 - INFO - Reading line 1357 from input file...
2025-06-27 19:34:17,639 - INFO - Added prompt from line 1357 to batch.
2025-06-27 19:34:17,639 - INFO - Reading line 1358 from input file...
2025-06-27 19:34:17,639 - INFO - Added prompt from line 1358 to batch.
2025-06-27 19:34:17,639 - INFO - Reading line 1359 from input file...
2025-06-27 19:34:17,639 - INFO - Added prompt from line 1359 to batch.
2025-06-27 19:34:17,639 - INFO - Reading line 1360 from input file...
2025-06-27 19:34:17,639 - INFO - Added prompt from line 1360 to batch.
2025-06-27 19:34:17,639 - INFO - Processing batch of 8 prompts (up to line 1360)...
2025-06-27 19:34:17,639 - INFO - Generating rankings for batch of 8 pairs of prompts. System prompt: 'You are a helpful assistant. Your task is to rank the two provided texts. Please explicitly write which of the two texts is of higher quality by writing the corresponding letter in the output, and nothing else.'
2025-06-27 19:34:17,640 - INFO - First formatted prompt for tokenizer (first 100 chars): '<|begin_of_text|><|start_header_id|>system<|end_header_id|>

Cutting Knowledge Date: December 2023
T...'
2025-06-27 19:34:17,640 - INFO - Input device: cuda:0, preparing to move inputs to device.
2025-06-27 19:34:17,642 - INFO - Batch of inputs tokenized, padded, truncated, and moved to model device.
2025-06-27 19:34:17,642 - INFO - Starting batched model.generate()...
Setting `pad_token_id` to `eos_token_id`:128001 for open-end generation.
2025-06-27 19:34:17,903 - INFO - Batched model.generate() completed.
2025-06-27 19:34:17,904 - INFO - Decoding batch of responses and extracting token probabilities...
2025-06-27 19:34:17,907 - INFO - Input tokens stripped from responses and probabilities extracted.
2025-06-27 19:34:17,907 - INFO - Batch of responses generated.
2025-06-27 19:34:17,909 - INFO - Appended 8 results from batch to /scratch-shared/mschaffelder/data/exp_3/pairwise/small/outputs/llama_8b_multi_source.jsonl
2025-06-27 19:34:17,909 - INFO - Reading line 1361 from input file...
2025-06-27 19:34:17,909 - INFO - Added prompt from line 1361 to batch.
2025-06-27 19:34:17,909 - INFO - Reading line 1362 from input file...
2025-06-27 19:34:17,909 - INFO - Added prompt from line 1362 to batch.
2025-06-27 19:34:17,909 - INFO - Reading line 1363 from input file...
2025-06-27 19:34:17,909 - INFO - Added prompt from line 1363 to batch.
2025-06-27 19:34:17,909 - INFO - Reading line 1364 from input file...
2025-06-27 19:34:17,909 - INFO - Added prompt from line 1364 to batch.
2025-06-27 19:34:17,909 - INFO - Reading line 1365 from input file...
2025-06-27 19:34:17,909 - INFO - Added prompt from line 1365 to batch.
2025-06-27 19:34:17,909 - INFO - Reading line 1366 from input file...
2025-06-27 19:34:17,909 - INFO - Added prompt from line 1366 to batch.
2025-06-27 19:34:17,909 - INFO - Reading line 1367 from input file...
2025-06-27 19:34:17,909 - INFO - Added prompt from line 1367 to batch.
2025-06-27 19:34:17,909 - INFO - Reading line 1368 from input file...
2025-06-27 19:34:17,909 - INFO - Added prompt from line 1368 to batch.
2025-06-27 19:34:17,909 - INFO - Processing batch of 8 prompts (up to line 1368)...
2025-06-27 19:34:17,909 - INFO - Generating rankings for batch of 8 pairs of prompts. System prompt: 'You are a helpful assistant. Your task is to rank the two provided texts. Please explicitly write which of the two texts is of higher quality by writing the corresponding letter in the output, and nothing else.'
2025-06-27 19:34:17,910 - INFO - First formatted prompt for tokenizer (first 100 chars): '<|begin_of_text|><|start_header_id|>system<|end_header_id|>

Cutting Knowledge Date: December 2023
T...'
2025-06-27 19:34:17,910 - INFO - Input device: cuda:0, preparing to move inputs to device.
2025-06-27 19:34:17,912 - INFO - Batch of inputs tokenized, padded, truncated, and moved to model device.
2025-06-27 19:34:17,912 - INFO - Starting batched model.generate()...
Setting `pad_token_id` to `eos_token_id`:128001 for open-end generation.
2025-06-27 19:34:18,144 - INFO - Batched model.generate() completed.
2025-06-27 19:34:18,144 - INFO - Decoding batch of responses and extracting token probabilities...
2025-06-27 19:34:18,147 - INFO - Input tokens stripped from responses and probabilities extracted.
2025-06-27 19:34:18,147 - INFO - Batch of responses generated.
2025-06-27 19:34:18,149 - INFO - Appended 8 results from batch to /scratch-shared/mschaffelder/data/exp_3/pairwise/small/outputs/llama_8b_multi_source.jsonl
2025-06-27 19:34:18,149 - INFO - Reading line 1369 from input file...
2025-06-27 19:34:18,149 - INFO - Added prompt from line 1369 to batch.
2025-06-27 19:34:18,149 - INFO - Reading line 1370 from input file...
2025-06-27 19:34:18,149 - INFO - Added prompt from line 1370 to batch.
2025-06-27 19:34:18,149 - INFO - Reading line 1371 from input file...
2025-06-27 19:34:18,150 - INFO - Added prompt from line 1371 to batch.
2025-06-27 19:34:18,150 - INFO - Reading line 1372 from input file...
2025-06-27 19:34:18,150 - INFO - Added prompt from line 1372 to batch.
2025-06-27 19:34:18,150 - INFO - Reading line 1373 from input file...
2025-06-27 19:34:18,150 - INFO - Added prompt from line 1373 to batch.
2025-06-27 19:34:18,150 - INFO - Reading line 1374 from input file...
2025-06-27 19:34:18,150 - INFO - Added prompt from line 1374 to batch.
2025-06-27 19:34:18,150 - INFO - Reading line 1375 from input file...
2025-06-27 19:34:18,150 - INFO - Added prompt from line 1375 to batch.
2025-06-27 19:34:18,150 - INFO - Reading line 1376 from input file...
2025-06-27 19:34:18,150 - INFO - Added prompt from line 1376 to batch.
2025-06-27 19:34:18,150 - INFO - Processing batch of 8 prompts (up to line 1376)...
2025-06-27 19:34:18,150 - INFO - Generating rankings for batch of 8 pairs of prompts. System prompt: 'You are a helpful assistant. Your task is to rank the two provided texts. Please explicitly write which of the two texts is of higher quality by writing the corresponding letter in the output, and nothing else.'
2025-06-27 19:34:18,150 - INFO - First formatted prompt for tokenizer (first 100 chars): '<|begin_of_text|><|start_header_id|>system<|end_header_id|>

Cutting Knowledge Date: December 2023
T...'
2025-06-27 19:34:18,151 - INFO - Input device: cuda:0, preparing to move inputs to device.
2025-06-27 19:34:18,152 - INFO - Batch of inputs tokenized, padded, truncated, and moved to model device.
2025-06-27 19:34:18,152 - INFO - Starting batched model.generate()...
Setting `pad_token_id` to `eos_token_id`:128001 for open-end generation.
2025-06-27 19:34:18,382 - INFO - Batched model.generate() completed.
2025-06-27 19:34:18,383 - INFO - Decoding batch of responses and extracting token probabilities...
2025-06-27 19:34:18,386 - INFO - Input tokens stripped from responses and probabilities extracted.
2025-06-27 19:34:18,386 - INFO - Batch of responses generated.
2025-06-27 19:34:18,386 - INFO - Appended 8 results from batch to /scratch-shared/mschaffelder/data/exp_3/pairwise/small/outputs/llama_8b_multi_source.jsonl
2025-06-27 19:34:18,386 - INFO - Reading line 1377 from input file...
2025-06-27 19:34:18,386 - INFO - Added prompt from line 1377 to batch.
2025-06-27 19:34:18,386 - INFO - Reading line 1378 from input file...
2025-06-27 19:34:18,387 - INFO - Added prompt from line 1378 to batch.
2025-06-27 19:34:18,387 - INFO - Reading line 1379 from input file...
2025-06-27 19:34:18,387 - INFO - Added prompt from line 1379 to batch.
2025-06-27 19:34:18,387 - INFO - Reading line 1380 from input file...
2025-06-27 19:34:18,387 - INFO - Added prompt from line 1380 to batch.
2025-06-27 19:34:18,387 - INFO - Reading line 1381 from input file...
2025-06-27 19:34:18,387 - INFO - Added prompt from line 1381 to batch.
2025-06-27 19:34:18,387 - INFO - Reading line 1382 from input file...
2025-06-27 19:34:18,387 - INFO - Added prompt from line 1382 to batch.
2025-06-27 19:34:18,387 - INFO - Reading line 1383 from input file...
2025-06-27 19:34:18,387 - INFO - Added prompt from line 1383 to batch.
2025-06-27 19:34:18,387 - INFO - Reading line 1384 from input file...
2025-06-27 19:34:18,387 - INFO - Added prompt from line 1384 to batch.
2025-06-27 19:34:18,387 - INFO - Processing batch of 8 prompts (up to line 1384)...
2025-06-27 19:34:18,387 - INFO - Generating rankings for batch of 8 pairs of prompts. System prompt: 'You are a helpful assistant. Your task is to rank the two provided texts. Please explicitly write which of the two texts is of higher quality by writing the corresponding letter in the output, and nothing else.'
2025-06-27 19:34:18,387 - INFO - First formatted prompt for tokenizer (first 100 chars): '<|begin_of_text|><|start_header_id|>system<|end_header_id|>

Cutting Knowledge Date: December 2023
T...'
2025-06-27 19:34:18,388 - INFO - Input device: cuda:0, preparing to move inputs to device.
2025-06-27 19:34:18,390 - INFO - Batch of inputs tokenized, padded, truncated, and moved to model device.
2025-06-27 19:34:18,390 - INFO - Starting batched model.generate()...
Setting `pad_token_id` to `eos_token_id`:128001 for open-end generation.
2025-06-27 19:34:18,734 - INFO - Batched model.generate() completed.
2025-06-27 19:34:18,734 - INFO - Decoding batch of responses and extracting token probabilities...
2025-06-27 19:34:18,737 - INFO - Input tokens stripped from responses and probabilities extracted.
2025-06-27 19:34:18,738 - INFO - Batch of responses generated.
2025-06-27 19:34:18,739 - INFO - Appended 8 results from batch to /scratch-shared/mschaffelder/data/exp_3/pairwise/small/outputs/llama_8b_multi_source.jsonl
2025-06-27 19:34:18,739 - INFO - Reading line 1385 from input file...
2025-06-27 19:34:18,739 - INFO - Added prompt from line 1385 to batch.
2025-06-27 19:34:18,739 - INFO - Reading line 1386 from input file...
2025-06-27 19:34:18,739 - INFO - Added prompt from line 1386 to batch.
2025-06-27 19:34:18,739 - INFO - Reading line 1387 from input file...
2025-06-27 19:34:18,739 - INFO - Added prompt from line 1387 to batch.
2025-06-27 19:34:18,739 - INFO - Reading line 1388 from input file...
2025-06-27 19:34:18,739 - INFO - Added prompt from line 1388 to batch.
2025-06-27 19:34:18,739 - INFO - Reading line 1389 from input file...
2025-06-27 19:34:18,739 - INFO - Added prompt from line 1389 to batch.
2025-06-27 19:34:18,739 - INFO - Reading line 1390 from input file...
2025-06-27 19:34:18,739 - INFO - Added prompt from line 1390 to batch.
2025-06-27 19:34:18,740 - INFO - Reading line 1391 from input file...
2025-06-27 19:34:18,740 - INFO - Added prompt from line 1391 to batch.
2025-06-27 19:34:18,740 - INFO - Reading line 1392 from input file...
2025-06-27 19:34:18,740 - INFO - Added prompt from line 1392 to batch.
2025-06-27 19:34:18,740 - INFO - Processing batch of 8 prompts (up to line 1392)...
2025-06-27 19:34:18,740 - INFO - Generating rankings for batch of 8 pairs of prompts. System prompt: 'You are a helpful assistant. Your task is to rank the two provided texts. Please explicitly write which of the two texts is of higher quality by writing the corresponding letter in the output, and nothing else.'
2025-06-27 19:34:18,740 - INFO - First formatted prompt for tokenizer (first 100 chars): '<|begin_of_text|><|start_header_id|>system<|end_header_id|>

Cutting Knowledge Date: December 2023
T...'
2025-06-27 19:34:18,740 - INFO - Input device: cuda:0, preparing to move inputs to device.
2025-06-27 19:34:18,743 - INFO - Batch of inputs tokenized, padded, truncated, and moved to model device.
2025-06-27 19:34:18,743 - INFO - Starting batched model.generate()...
Setting `pad_token_id` to `eos_token_id`:128001 for open-end generation.
2025-06-27 19:34:19,419 - INFO - Batched model.generate() completed.
2025-06-27 19:34:19,419 - INFO - Decoding batch of responses and extracting token probabilities...
2025-06-27 19:34:19,428 - INFO - Input tokens stripped from responses and probabilities extracted.
2025-06-27 19:34:19,428 - INFO - Batch of responses generated.
2025-06-27 19:34:20,156 - INFO - Appended 8 results from batch to /scratch-shared/mschaffelder/data/exp_3/pairwise/small/outputs/llama_8b_multi_source.jsonl
2025-06-27 19:34:20,156 - INFO - Reading line 1393 from input file...
2025-06-27 19:34:20,156 - INFO - Added prompt from line 1393 to batch.
2025-06-27 19:34:20,156 - INFO - Reading line 1394 from input file...
2025-06-27 19:34:20,156 - INFO - Added prompt from line 1394 to batch.
2025-06-27 19:34:20,156 - INFO - Reading line 1395 from input file...
2025-06-27 19:34:20,156 - INFO - Added prompt from line 1395 to batch.
2025-06-27 19:34:20,156 - INFO - Reading line 1396 from input file...
2025-06-27 19:34:20,156 - INFO - Added prompt from line 1396 to batch.
2025-06-27 19:34:20,156 - INFO - Reading line 1397 from input file...
2025-06-27 19:34:20,156 - INFO - Added prompt from line 1397 to batch.
2025-06-27 19:34:20,156 - INFO - Reading line 1398 from input file...
2025-06-27 19:34:20,157 - INFO - Added prompt from line 1398 to batch.
2025-06-27 19:34:20,157 - INFO - Reading line 1399 from input file...
2025-06-27 19:34:20,157 - INFO - Added prompt from line 1399 to batch.
2025-06-27 19:34:20,157 - INFO - Reading line 1400 from input file...
2025-06-27 19:34:20,157 - INFO - Added prompt from line 1400 to batch.
2025-06-27 19:34:20,157 - INFO - Processing batch of 8 prompts (up to line 1400)...
2025-06-27 19:34:20,157 - INFO - Generating rankings for batch of 8 pairs of prompts. System prompt: 'You are a helpful assistant. Your task is to rank the two provided texts. Please explicitly write which of the two texts is of higher quality by writing the corresponding letter in the output, and nothing else.'
2025-06-27 19:34:20,157 - INFO - First formatted prompt for tokenizer (first 100 chars): '<|begin_of_text|><|start_header_id|>system<|end_header_id|>

Cutting Knowledge Date: December 2023
T...'
2025-06-27 19:34:20,157 - INFO - Input device: cuda:0, preparing to move inputs to device.
2025-06-27 19:34:20,160 - INFO - Batch of inputs tokenized, padded, truncated, and moved to model device.
2025-06-27 19:34:20,160 - INFO - Starting batched model.generate()...
Setting `pad_token_id` to `eos_token_id`:128001 for open-end generation.
2025-06-27 19:34:20,443 - INFO - Batched model.generate() completed.
2025-06-27 19:34:20,444 - INFO - Decoding batch of responses and extracting token probabilities...
2025-06-27 19:34:20,447 - INFO - Input tokens stripped from responses and probabilities extracted.
2025-06-27 19:34:20,447 - INFO - Batch of responses generated.
2025-06-27 19:34:20,449 - INFO - Appended 8 results from batch to /scratch-shared/mschaffelder/data/exp_3/pairwise/small/outputs/llama_8b_multi_source.jsonl
2025-06-27 19:34:20,449 - INFO - Reading line 1401 from input file...
2025-06-27 19:34:20,449 - INFO - Added prompt from line 1401 to batch.
2025-06-27 19:34:20,449 - INFO - Reading line 1402 from input file...
2025-06-27 19:34:20,449 - INFO - Added prompt from line 1402 to batch.
2025-06-27 19:34:20,449 - INFO - Reading line 1403 from input file...
2025-06-27 19:34:20,449 - INFO - Added prompt from line 1403 to batch.
2025-06-27 19:34:20,449 - INFO - Reading line 1404 from input file...
2025-06-27 19:34:20,449 - INFO - Added prompt from line 1404 to batch.
2025-06-27 19:34:20,449 - INFO - Reading line 1405 from input file...
2025-06-27 19:34:20,449 - INFO - Added prompt from line 1405 to batch.
2025-06-27 19:34:20,449 - INFO - Reading line 1406 from input file...
2025-06-27 19:34:20,449 - INFO - Added prompt from line 1406 to batch.
2025-06-27 19:34:20,449 - INFO - Reading line 1407 from input file...
2025-06-27 19:34:20,449 - INFO - Added prompt from line 1407 to batch.
2025-06-27 19:34:20,449 - INFO - Reading line 1408 from input file...
2025-06-27 19:34:20,449 - INFO - Added prompt from line 1408 to batch.
2025-06-27 19:34:20,449 - INFO - Processing batch of 8 prompts (up to line 1408)...
2025-06-27 19:34:20,449 - INFO - Generating rankings for batch of 8 pairs of prompts. System prompt: 'You are a helpful assistant. Your task is to rank the two provided texts. Please explicitly write which of the two texts is of higher quality by writing the corresponding letter in the output, and nothing else.'
2025-06-27 19:34:20,450 - INFO - First formatted prompt for tokenizer (first 100 chars): '<|begin_of_text|><|start_header_id|>system<|end_header_id|>

Cutting Knowledge Date: December 2023
T...'
2025-06-27 19:34:20,450 - INFO - Input device: cuda:0, preparing to move inputs to device.
2025-06-27 19:34:20,453 - INFO - Batch of inputs tokenized, padded, truncated, and moved to model device.
2025-06-27 19:34:20,453 - INFO - Starting batched model.generate()...
Setting `pad_token_id` to `eos_token_id`:128001 for open-end generation.
2025-06-27 19:34:20,860 - INFO - Batched model.generate() completed.
2025-06-27 19:34:20,861 - INFO - Decoding batch of responses and extracting token probabilities...
2025-06-27 19:34:20,864 - INFO - Input tokens stripped from responses and probabilities extracted.
2025-06-27 19:34:20,865 - INFO - Batch of responses generated.
2025-06-27 19:34:20,867 - INFO - Appended 8 results from batch to /scratch-shared/mschaffelder/data/exp_3/pairwise/small/outputs/llama_8b_multi_source.jsonl
2025-06-27 19:34:20,867 - INFO - Reading line 1409 from input file...
2025-06-27 19:34:20,867 - INFO - Added prompt from line 1409 to batch.
2025-06-27 19:34:20,867 - INFO - Reading line 1410 from input file...
2025-06-27 19:34:20,867 - INFO - Added prompt from line 1410 to batch.
2025-06-27 19:34:20,867 - INFO - Reading line 1411 from input file...
2025-06-27 19:34:20,867 - INFO - Added prompt from line 1411 to batch.
2025-06-27 19:34:20,867 - INFO - Reading line 1412 from input file...
2025-06-27 19:34:20,867 - INFO - Added prompt from line 1412 to batch.
2025-06-27 19:34:20,867 - INFO - Reading line 1413 from input file...
2025-06-27 19:34:20,867 - INFO - Added prompt from line 1413 to batch.
2025-06-27 19:34:20,867 - INFO - Reading line 1414 from input file...
2025-06-27 19:34:20,867 - INFO - Added prompt from line 1414 to batch.
2025-06-27 19:34:20,867 - INFO - Reading line 1415 from input file...
2025-06-27 19:34:20,867 - INFO - Added prompt from line 1415 to batch.
2025-06-27 19:34:20,867 - INFO - Reading line 1416 from input file...
2025-06-27 19:34:20,867 - INFO - Added prompt from line 1416 to batch.
2025-06-27 19:34:20,867 - INFO - Processing batch of 8 prompts (up to line 1416)...
2025-06-27 19:34:20,867 - INFO - Generating rankings for batch of 8 pairs of prompts. System prompt: 'You are a helpful assistant. Your task is to rank the two provided texts. Please explicitly write which of the two texts is of higher quality by writing the corresponding letter in the output, and nothing else.'
2025-06-27 19:34:20,868 - INFO - First formatted prompt for tokenizer (first 100 chars): '<|begin_of_text|><|start_header_id|>system<|end_header_id|>

Cutting Knowledge Date: December 2023
T...'
2025-06-27 19:34:20,868 - INFO - Input device: cuda:0, preparing to move inputs to device.
2025-06-27 19:34:20,870 - INFO - Batch of inputs tokenized, padded, truncated, and moved to model device.
2025-06-27 19:34:20,870 - INFO - Starting batched model.generate()...
Setting `pad_token_id` to `eos_token_id`:128001 for open-end generation.
2025-06-27 19:34:21,212 - INFO - Batched model.generate() completed.
2025-06-27 19:34:21,213 - INFO - Decoding batch of responses and extracting token probabilities...
2025-06-27 19:34:21,217 - INFO - Input tokens stripped from responses and probabilities extracted.
2025-06-27 19:34:21,217 - INFO - Batch of responses generated.
2025-06-27 19:34:21,218 - INFO - Appended 8 results from batch to /scratch-shared/mschaffelder/data/exp_3/pairwise/small/outputs/llama_8b_multi_source.jsonl
2025-06-27 19:34:21,218 - INFO - Reading line 1417 from input file...
2025-06-27 19:34:21,218 - INFO - Added prompt from line 1417 to batch.
2025-06-27 19:34:21,218 - INFO - Reading line 1418 from input file...
2025-06-27 19:34:21,218 - INFO - Added prompt from line 1418 to batch.
2025-06-27 19:34:21,218 - INFO - Reading line 1419 from input file...
2025-06-27 19:34:21,218 - INFO - Added prompt from line 1419 to batch.
2025-06-27 19:34:21,218 - INFO - Reading line 1420 from input file...
2025-06-27 19:34:21,219 - INFO - Added prompt from line 1420 to batch.
2025-06-27 19:34:21,219 - INFO - Reading line 1421 from input file...
2025-06-27 19:34:21,219 - INFO - Added prompt from line 1421 to batch.
2025-06-27 19:34:21,219 - INFO - Reading line 1422 from input file...
2025-06-27 19:34:21,219 - INFO - Added prompt from line 1422 to batch.
2025-06-27 19:34:21,219 - INFO - Reading line 1423 from input file...
2025-06-27 19:34:21,219 - INFO - Added prompt from line 1423 to batch.
2025-06-27 19:34:21,219 - INFO - Reading line 1424 from input file...
2025-06-27 19:34:21,219 - INFO - Added prompt from line 1424 to batch.
2025-06-27 19:34:21,219 - INFO - Processing batch of 8 prompts (up to line 1424)...
2025-06-27 19:34:21,219 - INFO - Generating rankings for batch of 8 pairs of prompts. System prompt: 'You are a helpful assistant. Your task is to rank the two provided texts. Please explicitly write which of the two texts is of higher quality by writing the corresponding letter in the output, and nothing else.'
2025-06-27 19:34:21,219 - INFO - First formatted prompt for tokenizer (first 100 chars): '<|begin_of_text|><|start_header_id|>system<|end_header_id|>

Cutting Knowledge Date: December 2023
T...'
2025-06-27 19:34:21,219 - INFO - Input device: cuda:0, preparing to move inputs to device.
2025-06-27 19:34:21,222 - INFO - Batch of inputs tokenized, padded, truncated, and moved to model device.
2025-06-27 19:34:21,222 - INFO - Starting batched model.generate()...
Setting `pad_token_id` to `eos_token_id`:128001 for open-end generation.
2025-06-27 19:34:21,612 - INFO - Batched model.generate() completed.
2025-06-27 19:34:21,612 - INFO - Decoding batch of responses and extracting token probabilities...
2025-06-27 19:34:21,616 - INFO - Input tokens stripped from responses and probabilities extracted.
2025-06-27 19:34:21,616 - INFO - Batch of responses generated.
2025-06-27 19:34:24,162 - INFO - Appended 8 results from batch to /scratch-shared/mschaffelder/data/exp_3/pairwise/small/outputs/llama_8b_multi_source.jsonl
2025-06-27 19:34:24,162 - INFO - Reading line 1425 from input file...
2025-06-27 19:34:24,162 - INFO - Added prompt from line 1425 to batch.
2025-06-27 19:34:24,162 - INFO - Reading line 1426 from input file...
2025-06-27 19:34:24,162 - INFO - Added prompt from line 1426 to batch.
2025-06-27 19:34:24,162 - INFO - Reading line 1427 from input file...
2025-06-27 19:34:24,162 - INFO - Added prompt from line 1427 to batch.
2025-06-27 19:34:24,162 - INFO - Reading line 1428 from input file...
2025-06-27 19:34:24,162 - INFO - Added prompt from line 1428 to batch.
2025-06-27 19:34:24,162 - INFO - Reading line 1429 from input file...
2025-06-27 19:34:24,162 - INFO - Added prompt from line 1429 to batch.
2025-06-27 19:34:24,163 - INFO - Reading line 1430 from input file...
2025-06-27 19:34:24,163 - INFO - Added prompt from line 1430 to batch.
2025-06-27 19:34:24,163 - INFO - Reading line 1431 from input file...
2025-06-27 19:34:24,163 - INFO - Added prompt from line 1431 to batch.
2025-06-27 19:34:24,163 - INFO - Reading line 1432 from input file...
2025-06-27 19:34:24,163 - INFO - Added prompt from line 1432 to batch.
2025-06-27 19:34:24,163 - INFO - Processing batch of 8 prompts (up to line 1432)...
2025-06-27 19:34:24,163 - INFO - Generating rankings for batch of 8 pairs of prompts. System prompt: 'You are a helpful assistant. Your task is to rank the two provided texts. Please explicitly write which of the two texts is of higher quality by writing the corresponding letter in the output, and nothing else.'
2025-06-27 19:34:24,163 - INFO - First formatted prompt for tokenizer (first 100 chars): '<|begin_of_text|><|start_header_id|>system<|end_header_id|>

Cutting Knowledge Date: December 2023
T...'
2025-06-27 19:34:24,163 - INFO - Input device: cuda:0, preparing to move inputs to device.
2025-06-27 19:34:24,167 - INFO - Batch of inputs tokenized, padded, truncated, and moved to model device.
2025-06-27 19:34:24,167 - INFO - Starting batched model.generate()...
Setting `pad_token_id` to `eos_token_id`:128001 for open-end generation.
2025-06-27 19:34:24,523 - INFO - Batched model.generate() completed.
2025-06-27 19:34:24,523 - INFO - Decoding batch of responses and extracting token probabilities...
2025-06-27 19:34:24,526 - INFO - Input tokens stripped from responses and probabilities extracted.
2025-06-27 19:34:24,527 - INFO - Batch of responses generated.
2025-06-27 19:34:24,528 - INFO - Appended 8 results from batch to /scratch-shared/mschaffelder/data/exp_3/pairwise/small/outputs/llama_8b_multi_source.jsonl
2025-06-27 19:34:24,528 - INFO - Reading line 1433 from input file...
2025-06-27 19:34:24,528 - INFO - Added prompt from line 1433 to batch.
2025-06-27 19:34:24,528 - INFO - Reading line 1434 from input file...
2025-06-27 19:34:24,528 - INFO - Added prompt from line 1434 to batch.
2025-06-27 19:34:24,528 - INFO - Reading line 1435 from input file...
2025-06-27 19:34:24,528 - INFO - Added prompt from line 1435 to batch.
2025-06-27 19:34:24,528 - INFO - Reading line 1436 from input file...
2025-06-27 19:34:24,528 - INFO - Added prompt from line 1436 to batch.
2025-06-27 19:34:24,528 - INFO - Reading line 1437 from input file...
2025-06-27 19:34:24,528 - INFO - Added prompt from line 1437 to batch.
2025-06-27 19:34:24,528 - INFO - Reading line 1438 from input file...
2025-06-27 19:34:24,528 - INFO - Added prompt from line 1438 to batch.
2025-06-27 19:34:24,528 - INFO - Reading line 1439 from input file...
2025-06-27 19:34:24,528 - INFO - Added prompt from line 1439 to batch.
2025-06-27 19:34:24,528 - INFO - Reading line 1440 from input file...
2025-06-27 19:34:24,528 - INFO - Added prompt from line 1440 to batch.
2025-06-27 19:34:24,528 - INFO - Processing batch of 8 prompts (up to line 1440)...
2025-06-27 19:34:24,528 - INFO - Generating rankings for batch of 8 pairs of prompts. System prompt: 'You are a helpful assistant. Your task is to rank the two provided texts. Please explicitly write which of the two texts is of higher quality by writing the corresponding letter in the output, and nothing else.'
2025-06-27 19:34:24,529 - INFO - First formatted prompt for tokenizer (first 100 chars): '<|begin_of_text|><|start_header_id|>system<|end_header_id|>

Cutting Knowledge Date: December 2023
T...'
2025-06-27 19:34:24,529 - INFO - Input device: cuda:0, preparing to move inputs to device.
2025-06-27 19:34:24,531 - INFO - Batch of inputs tokenized, padded, truncated, and moved to model device.
2025-06-27 19:34:24,531 - INFO - Starting batched model.generate()...
Setting `pad_token_id` to `eos_token_id`:128001 for open-end generation.
2025-06-27 19:34:24,814 - INFO - Batched model.generate() completed.
2025-06-27 19:34:24,814 - INFO - Decoding batch of responses and extracting token probabilities...
2025-06-27 19:34:24,817 - INFO - Input tokens stripped from responses and probabilities extracted.
2025-06-27 19:34:24,818 - INFO - Batch of responses generated.
2025-06-27 19:34:24,819 - INFO - Appended 8 results from batch to /scratch-shared/mschaffelder/data/exp_3/pairwise/small/outputs/llama_8b_multi_source.jsonl
2025-06-27 19:34:24,819 - INFO - Reading line 1441 from input file...
2025-06-27 19:34:24,819 - INFO - Added prompt from line 1441 to batch.
2025-06-27 19:34:24,819 - INFO - Reading line 1442 from input file...
2025-06-27 19:34:24,819 - INFO - Added prompt from line 1442 to batch.
2025-06-27 19:34:24,819 - INFO - Reading line 1443 from input file...
2025-06-27 19:34:24,819 - INFO - Added prompt from line 1443 to batch.
2025-06-27 19:34:24,819 - INFO - Reading line 1444 from input file...
2025-06-27 19:34:24,819 - INFO - Added prompt from line 1444 to batch.
2025-06-27 19:34:24,819 - INFO - Reading line 1445 from input file...
2025-06-27 19:34:24,819 - INFO - Added prompt from line 1445 to batch.
2025-06-27 19:34:24,819 - INFO - Reading line 1446 from input file...
2025-06-27 19:34:24,819 - INFO - Added prompt from line 1446 to batch.
2025-06-27 19:34:24,819 - INFO - Reading line 1447 from input file...
2025-06-27 19:34:24,819 - INFO - Added prompt from line 1447 to batch.
2025-06-27 19:34:24,819 - INFO - Reading line 1448 from input file...
2025-06-27 19:34:24,819 - INFO - Added prompt from line 1448 to batch.
2025-06-27 19:34:24,820 - INFO - Processing batch of 8 prompts (up to line 1448)...
2025-06-27 19:34:24,820 - INFO - Generating rankings for batch of 8 pairs of prompts. System prompt: 'You are a helpful assistant. Your task is to rank the two provided texts. Please explicitly write which of the two texts is of higher quality by writing the corresponding letter in the output, and nothing else.'
2025-06-27 19:34:24,820 - INFO - First formatted prompt for tokenizer (first 100 chars): '<|begin_of_text|><|start_header_id|>system<|end_header_id|>

Cutting Knowledge Date: December 2023
T...'
2025-06-27 19:34:24,820 - INFO - Input device: cuda:0, preparing to move inputs to device.
2025-06-27 19:34:24,824 - INFO - Batch of inputs tokenized, padded, truncated, and moved to model device.
2025-06-27 19:34:24,824 - INFO - Starting batched model.generate()...
Setting `pad_token_id` to `eos_token_id`:128001 for open-end generation.
2025-06-27 19:34:25,293 - INFO - Batched model.generate() completed.
2025-06-27 19:34:25,293 - INFO - Decoding batch of responses and extracting token probabilities...
2025-06-27 19:34:25,297 - INFO - Input tokens stripped from responses and probabilities extracted.
2025-06-27 19:34:25,297 - INFO - Batch of responses generated.
2025-06-27 19:34:25,298 - INFO - Appended 8 results from batch to /scratch-shared/mschaffelder/data/exp_3/pairwise/small/outputs/llama_8b_multi_source.jsonl
2025-06-27 19:34:25,298 - INFO - Reading line 1449 from input file...
2025-06-27 19:34:25,298 - INFO - Added prompt from line 1449 to batch.
2025-06-27 19:34:25,298 - INFO - Reading line 1450 from input file...
2025-06-27 19:34:25,298 - INFO - Added prompt from line 1450 to batch.
2025-06-27 19:34:25,298 - INFO - Reading line 1451 from input file...
2025-06-27 19:34:25,299 - INFO - Added prompt from line 1451 to batch.
2025-06-27 19:34:25,299 - INFO - Reading line 1452 from input file...
2025-06-27 19:34:25,299 - INFO - Added prompt from line 1452 to batch.
2025-06-27 19:34:25,299 - INFO - Reading line 1453 from input file...
2025-06-27 19:34:25,299 - INFO - Added prompt from line 1453 to batch.
2025-06-27 19:34:25,299 - INFO - Reading line 1454 from input file...
2025-06-27 19:34:25,299 - INFO - Added prompt from line 1454 to batch.
2025-06-27 19:34:25,299 - INFO - Reading line 1455 from input file...
2025-06-27 19:34:25,299 - INFO - Added prompt from line 1455 to batch.
2025-06-27 19:34:25,299 - INFO - Reading line 1456 from input file...
2025-06-27 19:34:25,299 - INFO - Added prompt from line 1456 to batch.
2025-06-27 19:34:25,299 - INFO - Processing batch of 8 prompts (up to line 1456)...
2025-06-27 19:34:25,299 - INFO - Generating rankings for batch of 8 pairs of prompts. System prompt: 'You are a helpful assistant. Your task is to rank the two provided texts. Please explicitly write which of the two texts is of higher quality by writing the corresponding letter in the output, and nothing else.'
2025-06-27 19:34:25,299 - INFO - First formatted prompt for tokenizer (first 100 chars): '<|begin_of_text|><|start_header_id|>system<|end_header_id|>

Cutting Knowledge Date: December 2023
T...'
2025-06-27 19:34:25,300 - INFO - Input device: cuda:0, preparing to move inputs to device.
2025-06-27 19:34:25,302 - INFO - Batch of inputs tokenized, padded, truncated, and moved to model device.
2025-06-27 19:34:25,302 - INFO - Starting batched model.generate()...
Setting `pad_token_id` to `eos_token_id`:128001 for open-end generation.
2025-06-27 19:34:25,641 - INFO - Batched model.generate() completed.
2025-06-27 19:34:25,641 - INFO - Decoding batch of responses and extracting token probabilities...
2025-06-27 19:34:25,644 - INFO - Input tokens stripped from responses and probabilities extracted.
2025-06-27 19:34:25,644 - INFO - Batch of responses generated.
2025-06-27 19:34:27,908 - INFO - Appended 8 results from batch to /scratch-shared/mschaffelder/data/exp_3/pairwise/small/outputs/llama_8b_multi_source.jsonl
2025-06-27 19:34:27,908 - INFO - Reading line 1457 from input file...
2025-06-27 19:34:27,908 - INFO - Added prompt from line 1457 to batch.
2025-06-27 19:34:27,908 - INFO - Reading line 1458 from input file...
2025-06-27 19:34:27,908 - INFO - Added prompt from line 1458 to batch.
2025-06-27 19:34:27,908 - INFO - Reading line 1459 from input file...
2025-06-27 19:34:27,908 - INFO - Added prompt from line 1459 to batch.
2025-06-27 19:34:27,908 - INFO - Reading line 1460 from input file...
2025-06-27 19:34:27,908 - INFO - Added prompt from line 1460 to batch.
2025-06-27 19:34:27,908 - INFO - Reading line 1461 from input file...
2025-06-27 19:34:27,908 - INFO - Added prompt from line 1461 to batch.
2025-06-27 19:34:27,908 - INFO - Reading line 1462 from input file...
2025-06-27 19:34:27,908 - INFO - Added prompt from line 1462 to batch.
2025-06-27 19:34:27,908 - INFO - Reading line 1463 from input file...
2025-06-27 19:34:27,908 - INFO - Added prompt from line 1463 to batch.
2025-06-27 19:34:27,908 - INFO - Reading line 1464 from input file...
2025-06-27 19:34:27,908 - INFO - Added prompt from line 1464 to batch.
2025-06-27 19:34:27,908 - INFO - Processing batch of 8 prompts (up to line 1464)...
2025-06-27 19:34:27,908 - INFO - Generating rankings for batch of 8 pairs of prompts. System prompt: 'You are a helpful assistant. Your task is to rank the two provided texts. Please explicitly write which of the two texts is of higher quality by writing the corresponding letter in the output, and nothing else.'
2025-06-27 19:34:27,909 - INFO - First formatted prompt for tokenizer (first 100 chars): '<|begin_of_text|><|start_header_id|>system<|end_header_id|>

Cutting Knowledge Date: December 2023
T...'
2025-06-27 19:34:27,909 - INFO - Input device: cuda:0, preparing to move inputs to device.
2025-06-27 19:34:27,912 - INFO - Batch of inputs tokenized, padded, truncated, and moved to model device.
2025-06-27 19:34:27,912 - INFO - Starting batched model.generate()...
Setting `pad_token_id` to `eos_token_id`:128001 for open-end generation.
2025-06-27 19:34:28,250 - INFO - Batched model.generate() completed.
2025-06-27 19:34:28,250 - INFO - Decoding batch of responses and extracting token probabilities...
2025-06-27 19:34:28,253 - INFO - Input tokens stripped from responses and probabilities extracted.
2025-06-27 19:34:28,254 - INFO - Batch of responses generated.
2025-06-27 19:34:28,255 - INFO - Appended 8 results from batch to /scratch-shared/mschaffelder/data/exp_3/pairwise/small/outputs/llama_8b_multi_source.jsonl
2025-06-27 19:34:28,255 - INFO - Reading line 1465 from input file...
2025-06-27 19:34:28,255 - INFO - Added prompt from line 1465 to batch.
2025-06-27 19:34:28,255 - INFO - Reading line 1466 from input file...
2025-06-27 19:34:28,255 - INFO - Added prompt from line 1466 to batch.
2025-06-27 19:34:28,255 - INFO - Reading line 1467 from input file...
2025-06-27 19:34:28,255 - INFO - Added prompt from line 1467 to batch.
2025-06-27 19:34:28,255 - INFO - Reading line 1468 from input file...
2025-06-27 19:34:28,255 - INFO - Added prompt from line 1468 to batch.
2025-06-27 19:34:28,255 - INFO - Reading line 1469 from input file...
2025-06-27 19:34:28,256 - INFO - Added prompt from line 1469 to batch.
2025-06-27 19:34:28,256 - INFO - Reading line 1470 from input file...
2025-06-27 19:34:28,256 - INFO - Added prompt from line 1470 to batch.
2025-06-27 19:34:28,256 - INFO - Reading line 1471 from input file...
2025-06-27 19:34:28,256 - INFO - Added prompt from line 1471 to batch.
2025-06-27 19:34:28,256 - INFO - Reading line 1472 from input file...
2025-06-27 19:34:28,256 - INFO - Added prompt from line 1472 to batch.
2025-06-27 19:34:28,256 - INFO - Processing batch of 8 prompts (up to line 1472)...
2025-06-27 19:34:28,256 - INFO - Generating rankings for batch of 8 pairs of prompts. System prompt: 'You are a helpful assistant. Your task is to rank the two provided texts. Please explicitly write which of the two texts is of higher quality by writing the corresponding letter in the output, and nothing else.'
2025-06-27 19:34:28,256 - INFO - First formatted prompt for tokenizer (first 100 chars): '<|begin_of_text|><|start_header_id|>system<|end_header_id|>

Cutting Knowledge Date: December 2023
T...'
2025-06-27 19:34:28,256 - INFO - Input device: cuda:0, preparing to move inputs to device.
2025-06-27 19:34:28,259 - INFO - Batch of inputs tokenized, padded, truncated, and moved to model device.
2025-06-27 19:34:28,259 - INFO - Starting batched model.generate()...
Setting `pad_token_id` to `eos_token_id`:128001 for open-end generation.
2025-06-27 19:34:28,668 - INFO - Batched model.generate() completed.
2025-06-27 19:34:28,668 - INFO - Decoding batch of responses and extracting token probabilities...
2025-06-27 19:34:28,672 - INFO - Input tokens stripped from responses and probabilities extracted.
2025-06-27 19:34:28,672 - INFO - Batch of responses generated.
2025-06-27 19:34:29,370 - INFO - Appended 8 results from batch to /scratch-shared/mschaffelder/data/exp_3/pairwise/small/outputs/llama_8b_multi_source.jsonl
2025-06-27 19:34:29,370 - INFO - Reading line 1473 from input file...
2025-06-27 19:34:29,370 - INFO - Added prompt from line 1473 to batch.
2025-06-27 19:34:29,370 - INFO - Reading line 1474 from input file...
2025-06-27 19:34:29,370 - INFO - Added prompt from line 1474 to batch.
2025-06-27 19:34:29,370 - INFO - Reading line 1475 from input file...
2025-06-27 19:34:29,370 - INFO - Added prompt from line 1475 to batch.
2025-06-27 19:34:29,370 - INFO - Reading line 1476 from input file...
2025-06-27 19:34:29,370 - INFO - Added prompt from line 1476 to batch.
2025-06-27 19:34:29,370 - INFO - Reading line 1477 from input file...
2025-06-27 19:34:29,370 - INFO - Added prompt from line 1477 to batch.
2025-06-27 19:34:29,370 - INFO - Reading line 1478 from input file...
2025-06-27 19:34:29,370 - INFO - Added prompt from line 1478 to batch.
2025-06-27 19:34:29,370 - INFO - Reading line 1479 from input file...
2025-06-27 19:34:29,370 - INFO - Added prompt from line 1479 to batch.
2025-06-27 19:34:29,370 - INFO - Reading line 1480 from input file...
2025-06-27 19:34:29,370 - INFO - Added prompt from line 1480 to batch.
2025-06-27 19:34:29,370 - INFO - Processing batch of 8 prompts (up to line 1480)...
2025-06-27 19:34:29,370 - INFO - Generating rankings for batch of 8 pairs of prompts. System prompt: 'You are a helpful assistant. Your task is to rank the two provided texts. Please explicitly write which of the two texts is of higher quality by writing the corresponding letter in the output, and nothing else.'
2025-06-27 19:34:29,371 - INFO - First formatted prompt for tokenizer (first 100 chars): '<|begin_of_text|><|start_header_id|>system<|end_header_id|>

Cutting Knowledge Date: December 2023
T...'
2025-06-27 19:34:29,371 - INFO - Input device: cuda:0, preparing to move inputs to device.
2025-06-27 19:34:29,373 - INFO - Batch of inputs tokenized, padded, truncated, and moved to model device.
2025-06-27 19:34:29,373 - INFO - Starting batched model.generate()...
Setting `pad_token_id` to `eos_token_id`:128001 for open-end generation.
2025-06-27 19:34:29,633 - INFO - Batched model.generate() completed.
2025-06-27 19:34:29,634 - INFO - Decoding batch of responses and extracting token probabilities...
2025-06-27 19:34:29,637 - INFO - Input tokens stripped from responses and probabilities extracted.
2025-06-27 19:34:29,637 - INFO - Batch of responses generated.
2025-06-27 19:34:29,683 - INFO - Appended 8 results from batch to /scratch-shared/mschaffelder/data/exp_3/pairwise/small/outputs/llama_8b_multi_source.jsonl
2025-06-27 19:34:29,683 - INFO - Reading line 1481 from input file...
2025-06-27 19:34:29,683 - INFO - Added prompt from line 1481 to batch.
2025-06-27 19:34:29,683 - INFO - Reading line 1482 from input file...
2025-06-27 19:34:29,683 - INFO - Added prompt from line 1482 to batch.
2025-06-27 19:34:29,683 - INFO - Reading line 1483 from input file...
2025-06-27 19:34:29,683 - INFO - Added prompt from line 1483 to batch.
2025-06-27 19:34:29,683 - INFO - Reading line 1484 from input file...
2025-06-27 19:34:29,683 - INFO - Added prompt from line 1484 to batch.
2025-06-27 19:34:29,683 - INFO - Reading line 1485 from input file...
2025-06-27 19:34:29,683 - INFO - Added prompt from line 1485 to batch.
2025-06-27 19:34:29,683 - INFO - Reading line 1486 from input file...
2025-06-27 19:34:29,683 - INFO - Added prompt from line 1486 to batch.
2025-06-27 19:34:29,683 - INFO - Reading line 1487 from input file...
2025-06-27 19:34:29,683 - INFO - Added prompt from line 1487 to batch.
2025-06-27 19:34:29,683 - INFO - Reading line 1488 from input file...
2025-06-27 19:34:29,683 - INFO - Added prompt from line 1488 to batch.
2025-06-27 19:34:29,683 - INFO - Processing batch of 8 prompts (up to line 1488)...
2025-06-27 19:34:29,683 - INFO - Generating rankings for batch of 8 pairs of prompts. System prompt: 'You are a helpful assistant. Your task is to rank the two provided texts. Please explicitly write which of the two texts is of higher quality by writing the corresponding letter in the output, and nothing else.'
2025-06-27 19:34:29,684 - INFO - First formatted prompt for tokenizer (first 100 chars): '<|begin_of_text|><|start_header_id|>system<|end_header_id|>

Cutting Knowledge Date: December 2023
T...'
2025-06-27 19:34:29,684 - INFO - Input device: cuda:0, preparing to move inputs to device.
2025-06-27 19:34:29,688 - INFO - Batch of inputs tokenized, padded, truncated, and moved to model device.
2025-06-27 19:34:29,688 - INFO - Starting batched model.generate()...
Setting `pad_token_id` to `eos_token_id`:128001 for open-end generation.
2025-06-27 19:34:30,165 - INFO - Batched model.generate() completed.
2025-06-27 19:34:30,165 - INFO - Decoding batch of responses and extracting token probabilities...
2025-06-27 19:34:30,168 - INFO - Input tokens stripped from responses and probabilities extracted.
2025-06-27 19:34:30,168 - INFO - Batch of responses generated.
2025-06-27 19:34:31,544 - INFO - Appended 8 results from batch to /scratch-shared/mschaffelder/data/exp_3/pairwise/small/outputs/llama_8b_multi_source.jsonl
2025-06-27 19:34:31,544 - INFO - Reading line 1489 from input file...
2025-06-27 19:34:31,544 - INFO - Added prompt from line 1489 to batch.
2025-06-27 19:34:31,544 - INFO - Reading line 1490 from input file...
2025-06-27 19:34:31,544 - INFO - Added prompt from line 1490 to batch.
2025-06-27 19:34:31,544 - INFO - Reading line 1491 from input file...
2025-06-27 19:34:31,544 - INFO - Added prompt from line 1491 to batch.
2025-06-27 19:34:31,544 - INFO - Reading line 1492 from input file...
2025-06-27 19:34:31,544 - INFO - Added prompt from line 1492 to batch.
2025-06-27 19:34:31,544 - INFO - Reading line 1493 from input file...
2025-06-27 19:34:31,544 - INFO - Added prompt from line 1493 to batch.
2025-06-27 19:34:31,544 - INFO - Reading line 1494 from input file...
2025-06-27 19:34:31,544 - INFO - Added prompt from line 1494 to batch.
2025-06-27 19:34:31,544 - INFO - Reading line 1495 from input file...
2025-06-27 19:34:31,544 - INFO - Added prompt from line 1495 to batch.
2025-06-27 19:34:31,544 - INFO - Reading line 1496 from input file...
2025-06-27 19:34:31,544 - INFO - Added prompt from line 1496 to batch.
2025-06-27 19:34:31,544 - INFO - Processing batch of 8 prompts (up to line 1496)...
2025-06-27 19:34:31,544 - INFO - Generating rankings for batch of 8 pairs of prompts. System prompt: 'You are a helpful assistant. Your task is to rank the two provided texts. Please explicitly write which of the two texts is of higher quality by writing the corresponding letter in the output, and nothing else.'
2025-06-27 19:34:31,545 - INFO - First formatted prompt for tokenizer (first 100 chars): '<|begin_of_text|><|start_header_id|>system<|end_header_id|>

Cutting Knowledge Date: December 2023
T...'
2025-06-27 19:34:31,545 - INFO - Input device: cuda:0, preparing to move inputs to device.
2025-06-27 19:34:31,549 - INFO - Batch of inputs tokenized, padded, truncated, and moved to model device.
2025-06-27 19:34:31,549 - INFO - Starting batched model.generate()...
Setting `pad_token_id` to `eos_token_id`:128001 for open-end generation.
2025-06-27 19:34:31,984 - INFO - Batched model.generate() completed.
2025-06-27 19:34:31,984 - INFO - Decoding batch of responses and extracting token probabilities...
2025-06-27 19:34:31,987 - INFO - Input tokens stripped from responses and probabilities extracted.
2025-06-27 19:34:31,988 - INFO - Batch of responses generated.
2025-06-27 19:34:31,989 - INFO - Appended 8 results from batch to /scratch-shared/mschaffelder/data/exp_3/pairwise/small/outputs/llama_8b_multi_source.jsonl
2025-06-27 19:34:31,990 - INFO - Reading line 1497 from input file...
2025-06-27 19:34:31,990 - INFO - Added prompt from line 1497 to batch.
2025-06-27 19:34:31,990 - INFO - Reading line 1498 from input file...
2025-06-27 19:34:31,990 - INFO - Added prompt from line 1498 to batch.
2025-06-27 19:34:31,990 - INFO - Reading line 1499 from input file...
2025-06-27 19:34:31,990 - INFO - Added prompt from line 1499 to batch.
2025-06-27 19:34:31,990 - INFO - Reading line 1500 from input file...
2025-06-27 19:34:31,990 - INFO - Added prompt from line 1500 to batch.
2025-06-27 19:34:31,990 - INFO - Reading line 1501 from input file...
2025-06-27 19:34:31,990 - INFO - Added prompt from line 1501 to batch.
2025-06-27 19:34:31,990 - INFO - Reading line 1502 from input file...
2025-06-27 19:34:31,990 - INFO - Added prompt from line 1502 to batch.
2025-06-27 19:34:31,990 - INFO - Reading line 1503 from input file...
2025-06-27 19:34:31,990 - INFO - Added prompt from line 1503 to batch.
2025-06-27 19:34:31,990 - INFO - Reading line 1504 from input file...
2025-06-27 19:34:31,990 - INFO - Added prompt from line 1504 to batch.
2025-06-27 19:34:31,990 - INFO - Processing batch of 8 prompts (up to line 1504)...
2025-06-27 19:34:31,990 - INFO - Generating rankings for batch of 8 pairs of prompts. System prompt: 'You are a helpful assistant. Your task is to rank the two provided texts. Please explicitly write which of the two texts is of higher quality by writing the corresponding letter in the output, and nothing else.'
2025-06-27 19:34:31,991 - INFO - First formatted prompt for tokenizer (first 100 chars): '<|begin_of_text|><|start_header_id|>system<|end_header_id|>

Cutting Knowledge Date: December 2023
T...'
2025-06-27 19:34:31,991 - INFO - Input device: cuda:0, preparing to move inputs to device.
2025-06-27 19:34:31,993 - INFO - Batch of inputs tokenized, padded, truncated, and moved to model device.
2025-06-27 19:34:31,993 - INFO - Starting batched model.generate()...
Setting `pad_token_id` to `eos_token_id`:128001 for open-end generation.
2025-06-27 19:34:32,292 - INFO - Batched model.generate() completed.
2025-06-27 19:34:32,292 - INFO - Decoding batch of responses and extracting token probabilities...
2025-06-27 19:34:32,295 - INFO - Input tokens stripped from responses and probabilities extracted.
2025-06-27 19:34:32,295 - INFO - Batch of responses generated.
2025-06-27 19:34:32,297 - INFO - Appended 8 results from batch to /scratch-shared/mschaffelder/data/exp_3/pairwise/small/outputs/llama_8b_multi_source.jsonl
2025-06-27 19:34:32,297 - INFO - Reading line 1505 from input file...
2025-06-27 19:34:32,297 - INFO - Added prompt from line 1505 to batch.
2025-06-27 19:34:32,297 - INFO - Reading line 1506 from input file...
2025-06-27 19:34:32,297 - INFO - Added prompt from line 1506 to batch.
2025-06-27 19:34:32,297 - INFO - Reading line 1507 from input file...
2025-06-27 19:34:32,297 - INFO - Added prompt from line 1507 to batch.
2025-06-27 19:34:32,297 - INFO - Reading line 1508 from input file...
2025-06-27 19:34:32,297 - INFO - Added prompt from line 1508 to batch.
2025-06-27 19:34:32,297 - INFO - Reading line 1509 from input file...
2025-06-27 19:34:32,297 - INFO - Added prompt from line 1509 to batch.
2025-06-27 19:34:32,297 - INFO - Reading line 1510 from input file...
2025-06-27 19:34:32,297 - INFO - Added prompt from line 1510 to batch.
2025-06-27 19:34:32,297 - INFO - Reading line 1511 from input file...
2025-06-27 19:34:32,297 - INFO - Added prompt from line 1511 to batch.
2025-06-27 19:34:32,297 - INFO - Reading line 1512 from input file...
2025-06-27 19:34:32,297 - INFO - Added prompt from line 1512 to batch.
2025-06-27 19:34:32,297 - INFO - Processing batch of 8 prompts (up to line 1512)...
2025-06-27 19:34:32,297 - INFO - Generating rankings for batch of 8 pairs of prompts. System prompt: 'You are a helpful assistant. Your task is to rank the two provided texts. Please explicitly write which of the two texts is of higher quality by writing the corresponding letter in the output, and nothing else.'
2025-06-27 19:34:32,298 - INFO - First formatted prompt for tokenizer (first 100 chars): '<|begin_of_text|><|start_header_id|>system<|end_header_id|>

Cutting Knowledge Date: December 2023
T...'
2025-06-27 19:34:32,298 - INFO - Input device: cuda:0, preparing to move inputs to device.
2025-06-27 19:34:32,300 - INFO - Batch of inputs tokenized, padded, truncated, and moved to model device.
2025-06-27 19:34:32,300 - INFO - Starting batched model.generate()...
Setting `pad_token_id` to `eos_token_id`:128001 for open-end generation.
2025-06-27 19:34:32,592 - INFO - Batched model.generate() completed.
2025-06-27 19:34:32,592 - INFO - Decoding batch of responses and extracting token probabilities...
2025-06-27 19:34:32,595 - INFO - Input tokens stripped from responses and probabilities extracted.
2025-06-27 19:34:32,595 - INFO - Batch of responses generated.
2025-06-27 19:34:32,596 - INFO - Appended 8 results from batch to /scratch-shared/mschaffelder/data/exp_3/pairwise/small/outputs/llama_8b_multi_source.jsonl
2025-06-27 19:34:32,596 - INFO - Reading line 1513 from input file...
2025-06-27 19:34:32,596 - INFO - Added prompt from line 1513 to batch.
2025-06-27 19:34:32,597 - INFO - Reading line 1514 from input file...
2025-06-27 19:34:32,597 - INFO - Added prompt from line 1514 to batch.
2025-06-27 19:34:32,597 - INFO - Reading line 1515 from input file...
2025-06-27 19:34:32,597 - INFO - Added prompt from line 1515 to batch.
2025-06-27 19:34:32,597 - INFO - Reading line 1516 from input file...
2025-06-27 19:34:32,597 - INFO - Added prompt from line 1516 to batch.
2025-06-27 19:34:32,597 - INFO - Reading line 1517 from input file...
2025-06-27 19:34:32,597 - INFO - Added prompt from line 1517 to batch.
2025-06-27 19:34:32,597 - INFO - Reading line 1518 from input file...
2025-06-27 19:34:32,597 - INFO - Added prompt from line 1518 to batch.
2025-06-27 19:34:32,597 - INFO - Reading line 1519 from input file...
2025-06-27 19:34:32,597 - INFO - Added prompt from line 1519 to batch.
2025-06-27 19:34:32,597 - INFO - Reading line 1520 from input file...
2025-06-27 19:34:32,597 - INFO - Added prompt from line 1520 to batch.
2025-06-27 19:34:32,597 - INFO - Processing batch of 8 prompts (up to line 1520)...
2025-06-27 19:34:32,597 - INFO - Generating rankings for batch of 8 pairs of prompts. System prompt: 'You are a helpful assistant. Your task is to rank the two provided texts. Please explicitly write which of the two texts is of higher quality by writing the corresponding letter in the output, and nothing else.'
2025-06-27 19:34:32,597 - INFO - First formatted prompt for tokenizer (first 100 chars): '<|begin_of_text|><|start_header_id|>system<|end_header_id|>

Cutting Knowledge Date: December 2023
T...'
2025-06-27 19:34:32,598 - INFO - Input device: cuda:0, preparing to move inputs to device.
2025-06-27 19:34:32,600 - INFO - Batch of inputs tokenized, padded, truncated, and moved to model device.
2025-06-27 19:34:32,600 - INFO - Starting batched model.generate()...
Setting `pad_token_id` to `eos_token_id`:128001 for open-end generation.
2025-06-27 19:34:32,916 - INFO - Batched model.generate() completed.
2025-06-27 19:34:32,916 - INFO - Decoding batch of responses and extracting token probabilities...
2025-06-27 19:34:32,920 - INFO - Input tokens stripped from responses and probabilities extracted.
2025-06-27 19:34:32,920 - INFO - Batch of responses generated.
2025-06-27 19:34:32,922 - INFO - Appended 8 results from batch to /scratch-shared/mschaffelder/data/exp_3/pairwise/small/outputs/llama_8b_multi_source.jsonl
2025-06-27 19:34:32,922 - INFO - Reading line 1521 from input file...
2025-06-27 19:34:32,922 - INFO - Added prompt from line 1521 to batch.
2025-06-27 19:34:32,922 - INFO - Reading line 1522 from input file...
2025-06-27 19:34:32,922 - INFO - Added prompt from line 1522 to batch.
2025-06-27 19:34:32,922 - INFO - Reading line 1523 from input file...
2025-06-27 19:34:32,922 - INFO - Added prompt from line 1523 to batch.
2025-06-27 19:34:32,922 - INFO - Reading line 1524 from input file...
2025-06-27 19:34:32,922 - INFO - Added prompt from line 1524 to batch.
2025-06-27 19:34:32,922 - INFO - Reading line 1525 from input file...
2025-06-27 19:34:32,922 - INFO - Added prompt from line 1525 to batch.
2025-06-27 19:34:32,922 - INFO - Reading line 1526 from input file...
2025-06-27 19:34:32,922 - INFO - Added prompt from line 1526 to batch.
2025-06-27 19:34:32,922 - INFO - Reading line 1527 from input file...
2025-06-27 19:34:32,922 - INFO - Added prompt from line 1527 to batch.
2025-06-27 19:34:32,922 - INFO - Reading line 1528 from input file...
2025-06-27 19:34:32,922 - INFO - Added prompt from line 1528 to batch.
2025-06-27 19:34:32,922 - INFO - Processing batch of 8 prompts (up to line 1528)...
2025-06-27 19:34:32,922 - INFO - Generating rankings for batch of 8 pairs of prompts. System prompt: 'You are a helpful assistant. Your task is to rank the two provided texts. Please explicitly write which of the two texts is of higher quality by writing the corresponding letter in the output, and nothing else.'
2025-06-27 19:34:32,923 - INFO - First formatted prompt for tokenizer (first 100 chars): '<|begin_of_text|><|start_header_id|>system<|end_header_id|>

Cutting Knowledge Date: December 2023
T...'
2025-06-27 19:34:32,923 - INFO - Input device: cuda:0, preparing to move inputs to device.
2025-06-27 19:34:32,926 - INFO - Batch of inputs tokenized, padded, truncated, and moved to model device.
2025-06-27 19:34:32,926 - INFO - Starting batched model.generate()...
Setting `pad_token_id` to `eos_token_id`:128001 for open-end generation.
2025-06-27 19:34:33,354 - INFO - Batched model.generate() completed.
2025-06-27 19:34:33,354 - INFO - Decoding batch of responses and extracting token probabilities...
2025-06-27 19:34:33,358 - INFO - Input tokens stripped from responses and probabilities extracted.
2025-06-27 19:34:33,358 - INFO - Batch of responses generated.
2025-06-27 19:34:33,360 - INFO - Appended 8 results from batch to /scratch-shared/mschaffelder/data/exp_3/pairwise/small/outputs/llama_8b_multi_source.jsonl
2025-06-27 19:34:33,360 - INFO - Reading line 1529 from input file...
2025-06-27 19:34:33,360 - INFO - Added prompt from line 1529 to batch.
2025-06-27 19:34:33,360 - INFO - Reading line 1530 from input file...
2025-06-27 19:34:33,360 - INFO - Added prompt from line 1530 to batch.
2025-06-27 19:34:33,360 - INFO - Reading line 1531 from input file...
2025-06-27 19:34:33,360 - INFO - Added prompt from line 1531 to batch.
2025-06-27 19:34:33,360 - INFO - Reading line 1532 from input file...
2025-06-27 19:34:33,360 - INFO - Added prompt from line 1532 to batch.
2025-06-27 19:34:33,360 - INFO - Reading line 1533 from input file...
2025-06-27 19:34:33,360 - INFO - Added prompt from line 1533 to batch.
2025-06-27 19:34:33,360 - INFO - Reading line 1534 from input file...
2025-06-27 19:34:33,360 - INFO - Added prompt from line 1534 to batch.
2025-06-27 19:34:33,360 - INFO - Reading line 1535 from input file...
2025-06-27 19:34:33,360 - INFO - Added prompt from line 1535 to batch.
2025-06-27 19:34:33,360 - INFO - Reading line 1536 from input file...
2025-06-27 19:34:33,360 - INFO - Added prompt from line 1536 to batch.
2025-06-27 19:34:33,360 - INFO - Processing batch of 8 prompts (up to line 1536)...
2025-06-27 19:34:33,360 - INFO - Generating rankings for batch of 8 pairs of prompts. System prompt: 'You are a helpful assistant. Your task is to rank the two provided texts. Please explicitly write which of the two texts is of higher quality by writing the corresponding letter in the output, and nothing else.'
2025-06-27 19:34:33,361 - INFO - First formatted prompt for tokenizer (first 100 chars): '<|begin_of_text|><|start_header_id|>system<|end_header_id|>

Cutting Knowledge Date: December 2023
T...'
2025-06-27 19:34:33,361 - INFO - Input device: cuda:0, preparing to move inputs to device.
2025-06-27 19:34:33,363 - INFO - Batch of inputs tokenized, padded, truncated, and moved to model device.
2025-06-27 19:34:33,364 - INFO - Starting batched model.generate()...
Setting `pad_token_id` to `eos_token_id`:128001 for open-end generation.
2025-06-27 19:34:33,653 - INFO - Batched model.generate() completed.
2025-06-27 19:34:33,654 - INFO - Decoding batch of responses and extracting token probabilities...
2025-06-27 19:34:33,657 - INFO - Input tokens stripped from responses and probabilities extracted.
2025-06-27 19:34:33,657 - INFO - Batch of responses generated.
2025-06-27 19:34:33,658 - INFO - Appended 8 results from batch to /scratch-shared/mschaffelder/data/exp_3/pairwise/small/outputs/llama_8b_multi_source.jsonl
2025-06-27 19:34:33,658 - INFO - Reading line 1537 from input file...
2025-06-27 19:34:33,658 - INFO - Added prompt from line 1537 to batch.
2025-06-27 19:34:33,658 - INFO - Reading line 1538 from input file...
2025-06-27 19:34:33,658 - INFO - Added prompt from line 1538 to batch.
2025-06-27 19:34:33,658 - INFO - Reading line 1539 from input file...
2025-06-27 19:34:33,658 - INFO - Added prompt from line 1539 to batch.
2025-06-27 19:34:33,658 - INFO - Reading line 1540 from input file...
2025-06-27 19:34:33,658 - INFO - Added prompt from line 1540 to batch.
2025-06-27 19:34:33,659 - INFO - Reading line 1541 from input file...
2025-06-27 19:34:33,659 - INFO - Added prompt from line 1541 to batch.
2025-06-27 19:34:33,659 - INFO - Reading line 1542 from input file...
2025-06-27 19:34:33,659 - INFO - Added prompt from line 1542 to batch.
2025-06-27 19:34:33,659 - INFO - Reading line 1543 from input file...
2025-06-27 19:34:33,659 - INFO - Added prompt from line 1543 to batch.
2025-06-27 19:34:33,659 - INFO - Reading line 1544 from input file...
2025-06-27 19:34:33,659 - INFO - Added prompt from line 1544 to batch.
2025-06-27 19:34:33,659 - INFO - Processing batch of 8 prompts (up to line 1544)...
2025-06-27 19:34:33,659 - INFO - Generating rankings for batch of 8 pairs of prompts. System prompt: 'You are a helpful assistant. Your task is to rank the two provided texts. Please explicitly write which of the two texts is of higher quality by writing the corresponding letter in the output, and nothing else.'
2025-06-27 19:34:33,659 - INFO - First formatted prompt for tokenizer (first 100 chars): '<|begin_of_text|><|start_header_id|>system<|end_header_id|>

Cutting Knowledge Date: December 2023
T...'
2025-06-27 19:34:33,659 - INFO - Input device: cuda:0, preparing to move inputs to device.
2025-06-27 19:34:33,662 - INFO - Batch of inputs tokenized, padded, truncated, and moved to model device.
2025-06-27 19:34:33,662 - INFO - Starting batched model.generate()...
Setting `pad_token_id` to `eos_token_id`:128001 for open-end generation.
2025-06-27 19:34:34,067 - INFO - Batched model.generate() completed.
2025-06-27 19:34:34,067 - INFO - Decoding batch of responses and extracting token probabilities...
2025-06-27 19:34:34,071 - INFO - Input tokens stripped from responses and probabilities extracted.
2025-06-27 19:34:34,072 - INFO - Batch of responses generated.
2025-06-27 19:34:36,898 - INFO - Appended 8 results from batch to /scratch-shared/mschaffelder/data/exp_3/pairwise/small/outputs/llama_8b_multi_source.jsonl
2025-06-27 19:34:36,898 - INFO - Reading line 1545 from input file...
2025-06-27 19:34:36,898 - INFO - Added prompt from line 1545 to batch.
2025-06-27 19:34:36,898 - INFO - Reading line 1546 from input file...
2025-06-27 19:34:36,898 - INFO - Added prompt from line 1546 to batch.
2025-06-27 19:34:36,898 - INFO - Reading line 1547 from input file...
2025-06-27 19:34:36,898 - INFO - Added prompt from line 1547 to batch.
2025-06-27 19:34:36,898 - INFO - Reading line 1548 from input file...
2025-06-27 19:34:36,898 - INFO - Added prompt from line 1548 to batch.
2025-06-27 19:34:36,898 - INFO - Reading line 1549 from input file...
2025-06-27 19:34:36,898 - INFO - Added prompt from line 1549 to batch.
2025-06-27 19:34:36,898 - INFO - Reading line 1550 from input file...
2025-06-27 19:34:36,898 - INFO - Added prompt from line 1550 to batch.
2025-06-27 19:34:36,898 - INFO - Reading line 1551 from input file...
2025-06-27 19:34:36,898 - INFO - Added prompt from line 1551 to batch.
2025-06-27 19:34:36,898 - INFO - Reading line 1552 from input file...
2025-06-27 19:34:36,898 - INFO - Added prompt from line 1552 to batch.
2025-06-27 19:34:36,898 - INFO - Processing batch of 8 prompts (up to line 1552)...
2025-06-27 19:34:36,898 - INFO - Generating rankings for batch of 8 pairs of prompts. System prompt: 'You are a helpful assistant. Your task is to rank the two provided texts. Please explicitly write which of the two texts is of higher quality by writing the corresponding letter in the output, and nothing else.'
2025-06-27 19:34:36,899 - INFO - First formatted prompt for tokenizer (first 100 chars): '<|begin_of_text|><|start_header_id|>system<|end_header_id|>

Cutting Knowledge Date: December 2023
T...'
2025-06-27 19:34:36,899 - INFO - Input device: cuda:0, preparing to move inputs to device.
2025-06-27 19:34:36,902 - INFO - Batch of inputs tokenized, padded, truncated, and moved to model device.
2025-06-27 19:34:36,902 - INFO - Starting batched model.generate()...
Setting `pad_token_id` to `eos_token_id`:128001 for open-end generation.
2025-06-27 19:34:37,307 - INFO - Batched model.generate() completed.
2025-06-27 19:34:37,307 - INFO - Decoding batch of responses and extracting token probabilities...
2025-06-27 19:34:37,311 - INFO - Input tokens stripped from responses and probabilities extracted.
2025-06-27 19:34:37,311 - INFO - Batch of responses generated.
2025-06-27 19:34:37,313 - INFO - Appended 8 results from batch to /scratch-shared/mschaffelder/data/exp_3/pairwise/small/outputs/llama_8b_multi_source.jsonl
2025-06-27 19:34:37,313 - INFO - Reading line 1553 from input file...
2025-06-27 19:34:37,313 - INFO - Added prompt from line 1553 to batch.
2025-06-27 19:34:37,313 - INFO - Reading line 1554 from input file...
2025-06-27 19:34:37,313 - INFO - Added prompt from line 1554 to batch.
2025-06-27 19:34:37,313 - INFO - Reading line 1555 from input file...
2025-06-27 19:34:37,313 - INFO - Added prompt from line 1555 to batch.
2025-06-27 19:34:37,313 - INFO - Reading line 1556 from input file...
2025-06-27 19:34:37,313 - INFO - Added prompt from line 1556 to batch.
2025-06-27 19:34:37,313 - INFO - Reading line 1557 from input file...
2025-06-27 19:34:37,313 - INFO - Added prompt from line 1557 to batch.
2025-06-27 19:34:37,313 - INFO - Reading line 1558 from input file...
2025-06-27 19:34:37,313 - INFO - Added prompt from line 1558 to batch.
2025-06-27 19:34:37,313 - INFO - Reading line 1559 from input file...
2025-06-27 19:34:37,313 - INFO - Added prompt from line 1559 to batch.
2025-06-27 19:34:37,313 - INFO - Reading line 1560 from input file...
2025-06-27 19:34:37,313 - INFO - Added prompt from line 1560 to batch.
2025-06-27 19:34:37,313 - INFO - Processing batch of 8 prompts (up to line 1560)...
2025-06-27 19:34:37,313 - INFO - Generating rankings for batch of 8 pairs of prompts. System prompt: 'You are a helpful assistant. Your task is to rank the two provided texts. Please explicitly write which of the two texts is of higher quality by writing the corresponding letter in the output, and nothing else.'
2025-06-27 19:34:37,314 - INFO - First formatted prompt for tokenizer (first 100 chars): '<|begin_of_text|><|start_header_id|>system<|end_header_id|>

Cutting Knowledge Date: December 2023
T...'
2025-06-27 19:34:37,314 - INFO - Input device: cuda:0, preparing to move inputs to device.
2025-06-27 19:34:37,316 - INFO - Batch of inputs tokenized, padded, truncated, and moved to model device.
2025-06-27 19:34:37,316 - INFO - Starting batched model.generate()...
Setting `pad_token_id` to `eos_token_id`:128001 for open-end generation.
2025-06-27 19:34:37,646 - INFO - Batched model.generate() completed.
2025-06-27 19:34:37,646 - INFO - Decoding batch of responses and extracting token probabilities...
2025-06-27 19:34:37,650 - INFO - Input tokens stripped from responses and probabilities extracted.
2025-06-27 19:34:37,651 - INFO - Batch of responses generated.
2025-06-27 19:34:37,652 - INFO - Appended 8 results from batch to /scratch-shared/mschaffelder/data/exp_3/pairwise/small/outputs/llama_8b_multi_source.jsonl
2025-06-27 19:34:37,652 - INFO - Reading line 1561 from input file...
2025-06-27 19:34:37,652 - INFO - Added prompt from line 1561 to batch.
2025-06-27 19:34:37,652 - INFO - Reading line 1562 from input file...
2025-06-27 19:34:37,652 - INFO - Added prompt from line 1562 to batch.
2025-06-27 19:34:37,652 - INFO - Reading line 1563 from input file...
2025-06-27 19:34:37,652 - INFO - Added prompt from line 1563 to batch.
2025-06-27 19:34:37,652 - INFO - Reading line 1564 from input file...
2025-06-27 19:34:37,652 - INFO - Added prompt from line 1564 to batch.
2025-06-27 19:34:37,652 - INFO - Reading line 1565 from input file...
2025-06-27 19:34:37,652 - INFO - Added prompt from line 1565 to batch.
2025-06-27 19:34:37,652 - INFO - Reading line 1566 from input file...
2025-06-27 19:34:37,652 - INFO - Added prompt from line 1566 to batch.
2025-06-27 19:34:37,652 - INFO - Reading line 1567 from input file...
2025-06-27 19:34:37,652 - INFO - Added prompt from line 1567 to batch.
2025-06-27 19:34:37,652 - INFO - Reading line 1568 from input file...
2025-06-27 19:34:37,652 - INFO - Added prompt from line 1568 to batch.
2025-06-27 19:34:37,652 - INFO - Processing batch of 8 prompts (up to line 1568)...
2025-06-27 19:34:37,652 - INFO - Generating rankings for batch of 8 pairs of prompts. System prompt: 'You are a helpful assistant. Your task is to rank the two provided texts. Please explicitly write which of the two texts is of higher quality by writing the corresponding letter in the output, and nothing else.'
2025-06-27 19:34:37,653 - INFO - First formatted prompt for tokenizer (first 100 chars): '<|begin_of_text|><|start_header_id|>system<|end_header_id|>

Cutting Knowledge Date: December 2023
T...'
2025-06-27 19:34:37,653 - INFO - Input device: cuda:0, preparing to move inputs to device.
2025-06-27 19:34:37,656 - INFO - Batch of inputs tokenized, padded, truncated, and moved to model device.
2025-06-27 19:34:37,656 - INFO - Starting batched model.generate()...
Setting `pad_token_id` to `eos_token_id`:128001 for open-end generation.
2025-06-27 19:34:37,965 - INFO - Batched model.generate() completed.
2025-06-27 19:34:37,965 - INFO - Decoding batch of responses and extracting token probabilities...
2025-06-27 19:34:37,968 - INFO - Input tokens stripped from responses and probabilities extracted.
2025-06-27 19:34:37,968 - INFO - Batch of responses generated.
2025-06-27 19:34:37,970 - INFO - Appended 8 results from batch to /scratch-shared/mschaffelder/data/exp_3/pairwise/small/outputs/llama_8b_multi_source.jsonl
2025-06-27 19:34:37,970 - INFO - Reading line 1569 from input file...
2025-06-27 19:34:37,970 - INFO - Added prompt from line 1569 to batch.
2025-06-27 19:34:37,970 - INFO - Reading line 1570 from input file...
2025-06-27 19:34:37,970 - INFO - Added prompt from line 1570 to batch.
2025-06-27 19:34:37,970 - INFO - Reading line 1571 from input file...
2025-06-27 19:34:37,970 - INFO - Added prompt from line 1571 to batch.
2025-06-27 19:34:37,970 - INFO - Reading line 1572 from input file...
2025-06-27 19:34:37,970 - INFO - Added prompt from line 1572 to batch.
2025-06-27 19:34:37,970 - INFO - Reading line 1573 from input file...
2025-06-27 19:34:37,970 - INFO - Added prompt from line 1573 to batch.
2025-06-27 19:34:37,970 - INFO - Reading line 1574 from input file...
2025-06-27 19:34:37,970 - INFO - Added prompt from line 1574 to batch.
2025-06-27 19:34:37,970 - INFO - Reading line 1575 from input file...
2025-06-27 19:34:37,970 - INFO - Added prompt from line 1575 to batch.
2025-06-27 19:34:37,970 - INFO - Reading line 1576 from input file...
2025-06-27 19:34:37,970 - INFO - Added prompt from line 1576 to batch.
2025-06-27 19:34:37,970 - INFO - Processing batch of 8 prompts (up to line 1576)...
2025-06-27 19:34:37,970 - INFO - Generating rankings for batch of 8 pairs of prompts. System prompt: 'You are a helpful assistant. Your task is to rank the two provided texts. Please explicitly write which of the two texts is of higher quality by writing the corresponding letter in the output, and nothing else.'
2025-06-27 19:34:37,971 - INFO - First formatted prompt for tokenizer (first 100 chars): '<|begin_of_text|><|start_header_id|>system<|end_header_id|>

Cutting Knowledge Date: December 2023
T...'
2025-06-27 19:34:37,971 - INFO - Input device: cuda:0, preparing to move inputs to device.
2025-06-27 19:34:37,973 - INFO - Batch of inputs tokenized, padded, truncated, and moved to model device.
2025-06-27 19:34:37,973 - INFO - Starting batched model.generate()...
Setting `pad_token_id` to `eos_token_id`:128001 for open-end generation.
2025-06-27 19:34:38,221 - INFO - Batched model.generate() completed.
2025-06-27 19:34:38,221 - INFO - Decoding batch of responses and extracting token probabilities...
2025-06-27 19:34:38,224 - INFO - Input tokens stripped from responses and probabilities extracted.
2025-06-27 19:34:38,224 - INFO - Batch of responses generated.
2025-06-27 19:34:38,226 - INFO - Appended 8 results from batch to /scratch-shared/mschaffelder/data/exp_3/pairwise/small/outputs/llama_8b_multi_source.jsonl
2025-06-27 19:34:38,226 - INFO - Reading line 1577 from input file...
2025-06-27 19:34:38,226 - INFO - Added prompt from line 1577 to batch.
2025-06-27 19:34:38,226 - INFO - Reading line 1578 from input file...
2025-06-27 19:34:38,226 - INFO - Added prompt from line 1578 to batch.
2025-06-27 19:34:38,226 - INFO - Reading line 1579 from input file...
2025-06-27 19:34:38,226 - INFO - Added prompt from line 1579 to batch.
2025-06-27 19:34:38,226 - INFO - Reading line 1580 from input file...
2025-06-27 19:34:38,226 - INFO - Added prompt from line 1580 to batch.
2025-06-27 19:34:38,226 - INFO - Reading line 1581 from input file...
2025-06-27 19:34:38,226 - INFO - Added prompt from line 1581 to batch.
2025-06-27 19:34:38,226 - INFO - Reading line 1582 from input file...
2025-06-27 19:34:38,226 - INFO - Added prompt from line 1582 to batch.
2025-06-27 19:34:38,226 - INFO - Reading line 1583 from input file...
2025-06-27 19:34:38,226 - INFO - Added prompt from line 1583 to batch.
2025-06-27 19:34:38,227 - INFO - Reading line 1584 from input file...
2025-06-27 19:34:38,227 - INFO - Added prompt from line 1584 to batch.
2025-06-27 19:34:38,227 - INFO - Processing batch of 8 prompts (up to line 1584)...
2025-06-27 19:34:38,227 - INFO - Generating rankings for batch of 8 pairs of prompts. System prompt: 'You are a helpful assistant. Your task is to rank the two provided texts. Please explicitly write which of the two texts is of higher quality by writing the corresponding letter in the output, and nothing else.'
2025-06-27 19:34:38,227 - INFO - First formatted prompt for tokenizer (first 100 chars): '<|begin_of_text|><|start_header_id|>system<|end_header_id|>

Cutting Knowledge Date: December 2023
T...'
2025-06-27 19:34:38,227 - INFO - Input device: cuda:0, preparing to move inputs to device.
2025-06-27 19:34:38,230 - INFO - Batch of inputs tokenized, padded, truncated, and moved to model device.
2025-06-27 19:34:38,230 - INFO - Starting batched model.generate()...
Setting `pad_token_id` to `eos_token_id`:128001 for open-end generation.
2025-06-27 19:34:38,551 - INFO - Batched model.generate() completed.
2025-06-27 19:34:38,551 - INFO - Decoding batch of responses and extracting token probabilities...
2025-06-27 19:34:38,554 - INFO - Input tokens stripped from responses and probabilities extracted.
2025-06-27 19:34:38,554 - INFO - Batch of responses generated.
2025-06-27 19:34:38,555 - INFO - Appended 8 results from batch to /scratch-shared/mschaffelder/data/exp_3/pairwise/small/outputs/llama_8b_multi_source.jsonl
2025-06-27 19:34:38,555 - INFO - Reading line 1585 from input file...
2025-06-27 19:34:38,555 - INFO - Added prompt from line 1585 to batch.
2025-06-27 19:34:38,555 - INFO - Reading line 1586 from input file...
2025-06-27 19:34:38,555 - INFO - Added prompt from line 1586 to batch.
2025-06-27 19:34:38,555 - INFO - Reading line 1587 from input file...
2025-06-27 19:34:38,555 - INFO - Added prompt from line 1587 to batch.
2025-06-27 19:34:38,555 - INFO - Reading line 1588 from input file...
2025-06-27 19:34:38,555 - INFO - Added prompt from line 1588 to batch.
2025-06-27 19:34:38,555 - INFO - Reading line 1589 from input file...
2025-06-27 19:34:38,555 - INFO - Added prompt from line 1589 to batch.
2025-06-27 19:34:38,555 - INFO - Reading line 1590 from input file...
2025-06-27 19:34:38,555 - INFO - Added prompt from line 1590 to batch.
2025-06-27 19:34:38,555 - INFO - Reading line 1591 from input file...
2025-06-27 19:34:38,555 - INFO - Added prompt from line 1591 to batch.
2025-06-27 19:34:38,555 - INFO - Reading line 1592 from input file...
2025-06-27 19:34:38,555 - INFO - Added prompt from line 1592 to batch.
2025-06-27 19:34:38,555 - INFO - Processing batch of 8 prompts (up to line 1592)...
2025-06-27 19:34:38,555 - INFO - Generating rankings for batch of 8 pairs of prompts. System prompt: 'You are a helpful assistant. Your task is to rank the two provided texts. Please explicitly write which of the two texts is of higher quality by writing the corresponding letter in the output, and nothing else.'
2025-06-27 19:34:38,556 - INFO - First formatted prompt for tokenizer (first 100 chars): '<|begin_of_text|><|start_header_id|>system<|end_header_id|>

Cutting Knowledge Date: December 2023
T...'
2025-06-27 19:34:38,556 - INFO - Input device: cuda:0, preparing to move inputs to device.
2025-06-27 19:34:38,558 - INFO - Batch of inputs tokenized, padded, truncated, and moved to model device.
2025-06-27 19:34:38,558 - INFO - Starting batched model.generate()...
Setting `pad_token_id` to `eos_token_id`:128001 for open-end generation.
2025-06-27 19:34:38,859 - INFO - Batched model.generate() completed.
2025-06-27 19:34:38,860 - INFO - Decoding batch of responses and extracting token probabilities...
2025-06-27 19:34:38,863 - INFO - Input tokens stripped from responses and probabilities extracted.
2025-06-27 19:34:38,863 - INFO - Batch of responses generated.
2025-06-27 19:34:38,865 - INFO - Appended 8 results from batch to /scratch-shared/mschaffelder/data/exp_3/pairwise/small/outputs/llama_8b_multi_source.jsonl
2025-06-27 19:34:38,865 - INFO - Reading line 1593 from input file...
2025-06-27 19:34:38,865 - INFO - Added prompt from line 1593 to batch.
2025-06-27 19:34:38,865 - INFO - Reading line 1594 from input file...
2025-06-27 19:34:38,865 - INFO - Added prompt from line 1594 to batch.
2025-06-27 19:34:38,865 - INFO - Reading line 1595 from input file...
2025-06-27 19:34:38,865 - INFO - Added prompt from line 1595 to batch.
2025-06-27 19:34:38,865 - INFO - Reading line 1596 from input file...
2025-06-27 19:34:38,865 - INFO - Added prompt from line 1596 to batch.
2025-06-27 19:34:38,865 - INFO - Reading line 1597 from input file...
2025-06-27 19:34:38,865 - INFO - Added prompt from line 1597 to batch.
2025-06-27 19:34:38,865 - INFO - Reading line 1598 from input file...
2025-06-27 19:34:38,865 - INFO - Added prompt from line 1598 to batch.
2025-06-27 19:34:38,865 - INFO - Reading line 1599 from input file...
2025-06-27 19:34:38,865 - INFO - Added prompt from line 1599 to batch.
2025-06-27 19:34:38,865 - INFO - Reading line 1600 from input file...
2025-06-27 19:34:38,865 - INFO - Added prompt from line 1600 to batch.
2025-06-27 19:34:38,865 - INFO - Processing batch of 8 prompts (up to line 1600)...
2025-06-27 19:34:38,865 - INFO - Generating rankings for batch of 8 pairs of prompts. System prompt: 'You are a helpful assistant. Your task is to rank the two provided texts. Please explicitly write which of the two texts is of higher quality by writing the corresponding letter in the output, and nothing else.'
2025-06-27 19:34:38,866 - INFO - First formatted prompt for tokenizer (first 100 chars): '<|begin_of_text|><|start_header_id|>system<|end_header_id|>

Cutting Knowledge Date: December 2023
T...'
2025-06-27 19:34:38,866 - INFO - Input device: cuda:0, preparing to move inputs to device.
2025-06-27 19:34:38,868 - INFO - Batch of inputs tokenized, padded, truncated, and moved to model device.
2025-06-27 19:34:38,868 - INFO - Starting batched model.generate()...
Setting `pad_token_id` to `eos_token_id`:128001 for open-end generation.
2025-06-27 19:34:39,199 - INFO - Batched model.generate() completed.
2025-06-27 19:34:39,199 - INFO - Decoding batch of responses and extracting token probabilities...
2025-06-27 19:34:39,203 - INFO - Input tokens stripped from responses and probabilities extracted.
2025-06-27 19:34:39,203 - INFO - Batch of responses generated.
2025-06-27 19:34:39,205 - INFO - Appended 8 results from batch to /scratch-shared/mschaffelder/data/exp_3/pairwise/small/outputs/llama_8b_multi_source.jsonl
2025-06-27 19:34:39,205 - INFO - Reading line 1601 from input file...
2025-06-27 19:34:39,205 - INFO - Added prompt from line 1601 to batch.
2025-06-27 19:34:39,205 - INFO - Reading line 1602 from input file...
2025-06-27 19:34:39,205 - INFO - Added prompt from line 1602 to batch.
2025-06-27 19:34:39,205 - INFO - Reading line 1603 from input file...
2025-06-27 19:34:39,205 - INFO - Added prompt from line 1603 to batch.
2025-06-27 19:34:39,205 - INFO - Reading line 1604 from input file...
2025-06-27 19:34:39,205 - INFO - Added prompt from line 1604 to batch.
2025-06-27 19:34:39,205 - INFO - Reading line 1605 from input file...
2025-06-27 19:34:39,205 - INFO - Added prompt from line 1605 to batch.
2025-06-27 19:34:39,205 - INFO - Reading line 1606 from input file...
2025-06-27 19:34:39,205 - INFO - Added prompt from line 1606 to batch.
2025-06-27 19:34:39,205 - INFO - Reading line 1607 from input file...
2025-06-27 19:34:39,205 - INFO - Added prompt from line 1607 to batch.
2025-06-27 19:34:39,205 - INFO - Reading line 1608 from input file...
2025-06-27 19:34:39,205 - INFO - Added prompt from line 1608 to batch.
2025-06-27 19:34:39,205 - INFO - Processing batch of 8 prompts (up to line 1608)...
2025-06-27 19:34:39,205 - INFO - Generating rankings for batch of 8 pairs of prompts. System prompt: 'You are a helpful assistant. Your task is to rank the two provided texts. Please explicitly write which of the two texts is of higher quality by writing the corresponding letter in the output, and nothing else.'
2025-06-27 19:34:39,206 - INFO - First formatted prompt for tokenizer (first 100 chars): '<|begin_of_text|><|start_header_id|>system<|end_header_id|>

Cutting Knowledge Date: December 2023
T...'
2025-06-27 19:34:39,206 - INFO - Input device: cuda:0, preparing to move inputs to device.
2025-06-27 19:34:39,208 - INFO - Batch of inputs tokenized, padded, truncated, and moved to model device.
2025-06-27 19:34:39,208 - INFO - Starting batched model.generate()...
Setting `pad_token_id` to `eos_token_id`:128001 for open-end generation.
2025-06-27 19:34:39,516 - INFO - Batched model.generate() completed.
2025-06-27 19:34:39,516 - INFO - Decoding batch of responses and extracting token probabilities...
2025-06-27 19:34:39,519 - INFO - Input tokens stripped from responses and probabilities extracted.
2025-06-27 19:34:39,519 - INFO - Batch of responses generated.
2025-06-27 19:34:45,226 - INFO - Appended 8 results from batch to /scratch-shared/mschaffelder/data/exp_3/pairwise/small/outputs/llama_8b_multi_source.jsonl
2025-06-27 19:34:45,226 - INFO - Reading line 1609 from input file...
2025-06-27 19:34:45,226 - INFO - Added prompt from line 1609 to batch.
2025-06-27 19:34:45,226 - INFO - Reading line 1610 from input file...
2025-06-27 19:34:45,226 - INFO - Added prompt from line 1610 to batch.
2025-06-27 19:34:45,226 - INFO - Reading line 1611 from input file...
2025-06-27 19:34:45,226 - INFO - Added prompt from line 1611 to batch.
2025-06-27 19:34:45,226 - INFO - Reading line 1612 from input file...
2025-06-27 19:34:45,226 - INFO - Added prompt from line 1612 to batch.
2025-06-27 19:34:45,226 - INFO - Reading line 1613 from input file...
2025-06-27 19:34:45,226 - INFO - Added prompt from line 1613 to batch.
2025-06-27 19:34:45,226 - INFO - Reading line 1614 from input file...
2025-06-27 19:34:45,226 - INFO - Added prompt from line 1614 to batch.
2025-06-27 19:34:45,226 - INFO - Reading line 1615 from input file...
2025-06-27 19:34:45,226 - INFO - Added prompt from line 1615 to batch.
2025-06-27 19:34:45,226 - INFO - Reading line 1616 from input file...
2025-06-27 19:34:45,226 - INFO - Added prompt from line 1616 to batch.
2025-06-27 19:34:45,226 - INFO - Processing batch of 8 prompts (up to line 1616)...
2025-06-27 19:34:45,226 - INFO - Generating rankings for batch of 8 pairs of prompts. System prompt: 'You are a helpful assistant. Your task is to rank the two provided texts. Please explicitly write which of the two texts is of higher quality by writing the corresponding letter in the output, and nothing else.'
2025-06-27 19:34:45,227 - INFO - First formatted prompt for tokenizer (first 100 chars): '<|begin_of_text|><|start_header_id|>system<|end_header_id|>

Cutting Knowledge Date: December 2023
T...'
2025-06-27 19:34:45,227 - INFO - Input device: cuda:0, preparing to move inputs to device.
2025-06-27 19:34:45,229 - INFO - Batch of inputs tokenized, padded, truncated, and moved to model device.
2025-06-27 19:34:45,229 - INFO - Starting batched model.generate()...
Setting `pad_token_id` to `eos_token_id`:128001 for open-end generation.
2025-06-27 19:34:45,463 - INFO - Batched model.generate() completed.
2025-06-27 19:34:45,463 - INFO - Decoding batch of responses and extracting token probabilities...
2025-06-27 19:34:45,466 - INFO - Input tokens stripped from responses and probabilities extracted.
2025-06-27 19:34:45,467 - INFO - Batch of responses generated.
2025-06-27 19:34:45,468 - INFO - Appended 8 results from batch to /scratch-shared/mschaffelder/data/exp_3/pairwise/small/outputs/llama_8b_multi_source.jsonl
2025-06-27 19:34:45,468 - INFO - Reading line 1617 from input file...
2025-06-27 19:34:45,468 - INFO - Added prompt from line 1617 to batch.
2025-06-27 19:34:45,468 - INFO - Reading line 1618 from input file...
2025-06-27 19:34:45,468 - INFO - Added prompt from line 1618 to batch.
2025-06-27 19:34:45,468 - INFO - Reading line 1619 from input file...
2025-06-27 19:34:45,468 - INFO - Added prompt from line 1619 to batch.
2025-06-27 19:34:45,468 - INFO - Reading line 1620 from input file...
2025-06-27 19:34:45,468 - INFO - Added prompt from line 1620 to batch.
2025-06-27 19:34:45,468 - INFO - Reading line 1621 from input file...
2025-06-27 19:34:45,468 - INFO - Added prompt from line 1621 to batch.
2025-06-27 19:34:45,468 - INFO - Reading line 1622 from input file...
2025-06-27 19:34:45,468 - INFO - Added prompt from line 1622 to batch.
2025-06-27 19:34:45,468 - INFO - Reading line 1623 from input file...
2025-06-27 19:34:45,468 - INFO - Added prompt from line 1623 to batch.
2025-06-27 19:34:45,468 - INFO - Reading line 1624 from input file...
2025-06-27 19:34:45,468 - INFO - Added prompt from line 1624 to batch.
2025-06-27 19:34:45,468 - INFO - Processing batch of 8 prompts (up to line 1624)...
2025-06-27 19:34:45,468 - INFO - Generating rankings for batch of 8 pairs of prompts. System prompt: 'You are a helpful assistant. Your task is to rank the two provided texts. Please explicitly write which of the two texts is of higher quality by writing the corresponding letter in the output, and nothing else.'
2025-06-27 19:34:45,469 - INFO - First formatted prompt for tokenizer (first 100 chars): '<|begin_of_text|><|start_header_id|>system<|end_header_id|>

Cutting Knowledge Date: December 2023
T...'
2025-06-27 19:34:45,469 - INFO - Input device: cuda:0, preparing to move inputs to device.
2025-06-27 19:34:45,472 - INFO - Batch of inputs tokenized, padded, truncated, and moved to model device.
2025-06-27 19:34:45,472 - INFO - Starting batched model.generate()...
Setting `pad_token_id` to `eos_token_id`:128001 for open-end generation.
2025-06-27 19:34:45,845 - INFO - Batched model.generate() completed.
2025-06-27 19:34:45,845 - INFO - Decoding batch of responses and extracting token probabilities...
2025-06-27 19:34:45,848 - INFO - Input tokens stripped from responses and probabilities extracted.
2025-06-27 19:34:45,848 - INFO - Batch of responses generated.
2025-06-27 19:34:45,850 - INFO - Appended 8 results from batch to /scratch-shared/mschaffelder/data/exp_3/pairwise/small/outputs/llama_8b_multi_source.jsonl
2025-06-27 19:34:45,850 - INFO - Reading line 1625 from input file...
2025-06-27 19:34:45,850 - INFO - Added prompt from line 1625 to batch.
2025-06-27 19:34:45,850 - INFO - Reading line 1626 from input file...
2025-06-27 19:34:45,850 - INFO - Added prompt from line 1626 to batch.
2025-06-27 19:34:45,850 - INFO - Reading line 1627 from input file...
2025-06-27 19:34:45,850 - INFO - Added prompt from line 1627 to batch.
2025-06-27 19:34:45,850 - INFO - Reading line 1628 from input file...
2025-06-27 19:34:45,850 - INFO - Added prompt from line 1628 to batch.
2025-06-27 19:34:45,850 - INFO - Reading line 1629 from input file...
2025-06-27 19:34:45,850 - INFO - Added prompt from line 1629 to batch.
2025-06-27 19:34:45,850 - INFO - Reading line 1630 from input file...
2025-06-27 19:34:45,850 - INFO - Added prompt from line 1630 to batch.
2025-06-27 19:34:45,850 - INFO - Reading line 1631 from input file...
2025-06-27 19:34:45,850 - INFO - Added prompt from line 1631 to batch.
2025-06-27 19:34:45,850 - INFO - Reading line 1632 from input file...
2025-06-27 19:34:45,850 - INFO - Added prompt from line 1632 to batch.
2025-06-27 19:34:45,850 - INFO - Processing batch of 8 prompts (up to line 1632)...
2025-06-27 19:34:45,850 - INFO - Generating rankings for batch of 8 pairs of prompts. System prompt: 'You are a helpful assistant. Your task is to rank the two provided texts. Please explicitly write which of the two texts is of higher quality by writing the corresponding letter in the output, and nothing else.'
2025-06-27 19:34:45,851 - INFO - First formatted prompt for tokenizer (first 100 chars): '<|begin_of_text|><|start_header_id|>system<|end_header_id|>

Cutting Knowledge Date: December 2023
T...'
2025-06-27 19:34:45,851 - INFO - Input device: cuda:0, preparing to move inputs to device.
2025-06-27 19:34:45,854 - INFO - Batch of inputs tokenized, padded, truncated, and moved to model device.
2025-06-27 19:34:45,854 - INFO - Starting batched model.generate()...
Setting `pad_token_id` to `eos_token_id`:128001 for open-end generation.
2025-06-27 19:34:46,226 - INFO - Batched model.generate() completed.
2025-06-27 19:34:46,226 - INFO - Decoding batch of responses and extracting token probabilities...
2025-06-27 19:34:46,229 - INFO - Input tokens stripped from responses and probabilities extracted.
2025-06-27 19:34:46,229 - INFO - Batch of responses generated.
2025-06-27 19:34:46,610 - INFO - Appended 8 results from batch to /scratch-shared/mschaffelder/data/exp_3/pairwise/small/outputs/llama_8b_multi_source.jsonl
2025-06-27 19:34:46,610 - INFO - Reading line 1633 from input file...
2025-06-27 19:34:46,610 - INFO - Added prompt from line 1633 to batch.
2025-06-27 19:34:46,610 - INFO - Reading line 1634 from input file...
2025-06-27 19:34:46,610 - INFO - Added prompt from line 1634 to batch.
2025-06-27 19:34:46,610 - INFO - Reading line 1635 from input file...
2025-06-27 19:34:46,610 - INFO - Added prompt from line 1635 to batch.
2025-06-27 19:34:46,610 - INFO - Reading line 1636 from input file...
2025-06-27 19:34:46,610 - INFO - Added prompt from line 1636 to batch.
2025-06-27 19:34:46,610 - INFO - Reading line 1637 from input file...
2025-06-27 19:34:46,610 - INFO - Added prompt from line 1637 to batch.
2025-06-27 19:34:46,610 - INFO - Reading line 1638 from input file...
2025-06-27 19:34:46,610 - INFO - Added prompt from line 1638 to batch.
2025-06-27 19:34:46,610 - INFO - Reading line 1639 from input file...
2025-06-27 19:34:46,610 - INFO - Added prompt from line 1639 to batch.
2025-06-27 19:34:46,610 - INFO - Reading line 1640 from input file...
2025-06-27 19:34:46,610 - INFO - Added prompt from line 1640 to batch.
2025-06-27 19:34:46,610 - INFO - Processing batch of 8 prompts (up to line 1640)...
2025-06-27 19:34:46,610 - INFO - Generating rankings for batch of 8 pairs of prompts. System prompt: 'You are a helpful assistant. Your task is to rank the two provided texts. Please explicitly write which of the two texts is of higher quality by writing the corresponding letter in the output, and nothing else.'
2025-06-27 19:34:46,611 - INFO - First formatted prompt for tokenizer (first 100 chars): '<|begin_of_text|><|start_header_id|>system<|end_header_id|>

Cutting Knowledge Date: December 2023
T...'
2025-06-27 19:34:46,611 - INFO - Input device: cuda:0, preparing to move inputs to device.
2025-06-27 19:34:46,613 - INFO - Batch of inputs tokenized, padded, truncated, and moved to model device.
2025-06-27 19:34:46,614 - INFO - Starting batched model.generate()...
Setting `pad_token_id` to `eos_token_id`:128001 for open-end generation.
2025-06-27 19:34:46,916 - INFO - Batched model.generate() completed.
2025-06-27 19:34:46,916 - INFO - Decoding batch of responses and extracting token probabilities...
2025-06-27 19:34:46,920 - INFO - Input tokens stripped from responses and probabilities extracted.
2025-06-27 19:34:46,920 - INFO - Batch of responses generated.
2025-06-27 19:34:46,922 - INFO - Appended 8 results from batch to /scratch-shared/mschaffelder/data/exp_3/pairwise/small/outputs/llama_8b_multi_source.jsonl
2025-06-27 19:34:46,922 - INFO - Reading line 1641 from input file...
2025-06-27 19:34:46,922 - INFO - Added prompt from line 1641 to batch.
2025-06-27 19:34:46,922 - INFO - Reading line 1642 from input file...
2025-06-27 19:34:46,922 - INFO - Added prompt from line 1642 to batch.
2025-06-27 19:34:46,922 - INFO - Reading line 1643 from input file...
2025-06-27 19:34:46,922 - INFO - Added prompt from line 1643 to batch.
2025-06-27 19:34:46,922 - INFO - Reading line 1644 from input file...
2025-06-27 19:34:46,922 - INFO - Added prompt from line 1644 to batch.
2025-06-27 19:34:46,922 - INFO - Reading line 1645 from input file...
2025-06-27 19:34:46,922 - INFO - Added prompt from line 1645 to batch.
2025-06-27 19:34:46,922 - INFO - Reading line 1646 from input file...
2025-06-27 19:34:46,922 - INFO - Added prompt from line 1646 to batch.
2025-06-27 19:34:46,922 - INFO - Reading line 1647 from input file...
2025-06-27 19:34:46,922 - INFO - Added prompt from line 1647 to batch.
2025-06-27 19:34:46,922 - INFO - Reading line 1648 from input file...
2025-06-27 19:34:46,922 - INFO - Added prompt from line 1648 to batch.
2025-06-27 19:34:46,922 - INFO - Processing batch of 8 prompts (up to line 1648)...
2025-06-27 19:34:46,922 - INFO - Generating rankings for batch of 8 pairs of prompts. System prompt: 'You are a helpful assistant. Your task is to rank the two provided texts. Please explicitly write which of the two texts is of higher quality by writing the corresponding letter in the output, and nothing else.'
2025-06-27 19:34:46,923 - INFO - First formatted prompt for tokenizer (first 100 chars): '<|begin_of_text|><|start_header_id|>system<|end_header_id|>

Cutting Knowledge Date: December 2023
T...'
2025-06-27 19:34:46,923 - INFO - Input device: cuda:0, preparing to move inputs to device.
2025-06-27 19:34:46,925 - INFO - Batch of inputs tokenized, padded, truncated, and moved to model device.
2025-06-27 19:34:46,925 - INFO - Starting batched model.generate()...
Setting `pad_token_id` to `eos_token_id`:128001 for open-end generation.
2025-06-27 19:34:47,231 - INFO - Batched model.generate() completed.
2025-06-27 19:34:47,232 - INFO - Decoding batch of responses and extracting token probabilities...
2025-06-27 19:34:47,235 - INFO - Input tokens stripped from responses and probabilities extracted.
2025-06-27 19:34:47,235 - INFO - Batch of responses generated.
2025-06-27 19:34:48,075 - INFO - Appended 8 results from batch to /scratch-shared/mschaffelder/data/exp_3/pairwise/small/outputs/llama_8b_multi_source.jsonl
2025-06-27 19:34:48,075 - INFO - Reading line 1649 from input file...
2025-06-27 19:34:48,075 - INFO - Added prompt from line 1649 to batch.
2025-06-27 19:34:48,075 - INFO - Reading line 1650 from input file...
2025-06-27 19:34:48,075 - INFO - Added prompt from line 1650 to batch.
2025-06-27 19:34:48,075 - INFO - Reading line 1651 from input file...
2025-06-27 19:34:48,075 - INFO - Added prompt from line 1651 to batch.
2025-06-27 19:34:48,075 - INFO - Reading line 1652 from input file...
2025-06-27 19:34:48,075 - INFO - Added prompt from line 1652 to batch.
2025-06-27 19:34:48,075 - INFO - Reading line 1653 from input file...
2025-06-27 19:34:48,075 - INFO - Added prompt from line 1653 to batch.
2025-06-27 19:34:48,075 - INFO - Reading line 1654 from input file...
2025-06-27 19:34:48,075 - INFO - Added prompt from line 1654 to batch.
2025-06-27 19:34:48,075 - INFO - Reading line 1655 from input file...
2025-06-27 19:34:48,075 - INFO - Added prompt from line 1655 to batch.
2025-06-27 19:34:48,075 - INFO - Reading line 1656 from input file...
2025-06-27 19:34:48,075 - INFO - Added prompt from line 1656 to batch.
2025-06-27 19:34:48,075 - INFO - Processing batch of 8 prompts (up to line 1656)...
2025-06-27 19:34:48,075 - INFO - Generating rankings for batch of 8 pairs of prompts. System prompt: 'You are a helpful assistant. Your task is to rank the two provided texts. Please explicitly write which of the two texts is of higher quality by writing the corresponding letter in the output, and nothing else.'
2025-06-27 19:34:48,076 - INFO - First formatted prompt for tokenizer (first 100 chars): '<|begin_of_text|><|start_header_id|>system<|end_header_id|>

Cutting Knowledge Date: December 2023
T...'
2025-06-27 19:34:48,076 - INFO - Input device: cuda:0, preparing to move inputs to device.
2025-06-27 19:34:48,078 - INFO - Batch of inputs tokenized, padded, truncated, and moved to model device.
2025-06-27 19:34:48,078 - INFO - Starting batched model.generate()...
Setting `pad_token_id` to `eos_token_id`:128001 for open-end generation.
2025-06-27 19:34:48,391 - INFO - Batched model.generate() completed.
2025-06-27 19:34:48,391 - INFO - Decoding batch of responses and extracting token probabilities...
2025-06-27 19:34:48,395 - INFO - Input tokens stripped from responses and probabilities extracted.
2025-06-27 19:34:48,395 - INFO - Batch of responses generated.
2025-06-27 19:34:48,395 - INFO - Appended 8 results from batch to /scratch-shared/mschaffelder/data/exp_3/pairwise/small/outputs/llama_8b_multi_source.jsonl
2025-06-27 19:34:48,396 - INFO - Reading line 1657 from input file...
2025-06-27 19:34:48,396 - INFO - Added prompt from line 1657 to batch.
2025-06-27 19:34:48,396 - INFO - Reading line 1658 from input file...
2025-06-27 19:34:48,396 - INFO - Added prompt from line 1658 to batch.
2025-06-27 19:34:48,396 - INFO - Reading line 1659 from input file...
2025-06-27 19:34:48,396 - INFO - Added prompt from line 1659 to batch.
2025-06-27 19:34:48,396 - INFO - Reading line 1660 from input file...
2025-06-27 19:34:48,396 - INFO - Added prompt from line 1660 to batch.
2025-06-27 19:34:48,396 - INFO - Reading line 1661 from input file...
2025-06-27 19:34:48,396 - INFO - Added prompt from line 1661 to batch.
2025-06-27 19:34:48,396 - INFO - Reading line 1662 from input file...
2025-06-27 19:34:48,396 - INFO - Added prompt from line 1662 to batch.
2025-06-27 19:34:48,396 - INFO - Reading line 1663 from input file...
2025-06-27 19:34:48,396 - INFO - Added prompt from line 1663 to batch.
2025-06-27 19:34:48,396 - INFO - Reading line 1664 from input file...
2025-06-27 19:34:48,396 - INFO - Added prompt from line 1664 to batch.
2025-06-27 19:34:48,396 - INFO - Processing batch of 8 prompts (up to line 1664)...
2025-06-27 19:34:48,396 - INFO - Generating rankings for batch of 8 pairs of prompts. System prompt: 'You are a helpful assistant. Your task is to rank the two provided texts. Please explicitly write which of the two texts is of higher quality by writing the corresponding letter in the output, and nothing else.'
2025-06-27 19:34:48,397 - INFO - First formatted prompt for tokenizer (first 100 chars): '<|begin_of_text|><|start_header_id|>system<|end_header_id|>

Cutting Knowledge Date: December 2023
T...'
2025-06-27 19:34:48,397 - INFO - Input device: cuda:0, preparing to move inputs to device.
2025-06-27 19:34:48,399 - INFO - Batch of inputs tokenized, padded, truncated, and moved to model device.
2025-06-27 19:34:48,399 - INFO - Starting batched model.generate()...
Setting `pad_token_id` to `eos_token_id`:128001 for open-end generation.
2025-06-27 19:34:48,670 - INFO - Batched model.generate() completed.
2025-06-27 19:34:48,670 - INFO - Decoding batch of responses and extracting token probabilities...
2025-06-27 19:34:48,673 - INFO - Input tokens stripped from responses and probabilities extracted.
2025-06-27 19:34:48,673 - INFO - Batch of responses generated.
2025-06-27 19:34:48,675 - INFO - Appended 8 results from batch to /scratch-shared/mschaffelder/data/exp_3/pairwise/small/outputs/llama_8b_multi_source.jsonl
2025-06-27 19:34:48,675 - INFO - Reading line 1665 from input file...
2025-06-27 19:34:48,675 - INFO - Added prompt from line 1665 to batch.
2025-06-27 19:34:48,675 - INFO - Reading line 1666 from input file...
2025-06-27 19:34:48,675 - INFO - Added prompt from line 1666 to batch.
2025-06-27 19:34:48,675 - INFO - Reading line 1667 from input file...
2025-06-27 19:34:48,675 - INFO - Added prompt from line 1667 to batch.
2025-06-27 19:34:48,675 - INFO - Reading line 1668 from input file...
2025-06-27 19:34:48,675 - INFO - Added prompt from line 1668 to batch.
2025-06-27 19:34:48,675 - INFO - Reading line 1669 from input file...
2025-06-27 19:34:48,675 - INFO - Added prompt from line 1669 to batch.
2025-06-27 19:34:48,675 - INFO - Reading line 1670 from input file...
2025-06-27 19:34:48,675 - INFO - Added prompt from line 1670 to batch.
2025-06-27 19:34:48,675 - INFO - Reading line 1671 from input file...
2025-06-27 19:34:48,675 - INFO - Added prompt from line 1671 to batch.
2025-06-27 19:34:48,675 - INFO - Reading line 1672 from input file...
2025-06-27 19:34:48,675 - INFO - Added prompt from line 1672 to batch.
2025-06-27 19:34:48,675 - INFO - Processing batch of 8 prompts (up to line 1672)...
2025-06-27 19:34:48,676 - INFO - Generating rankings for batch of 8 pairs of prompts. System prompt: 'You are a helpful assistant. Your task is to rank the two provided texts. Please explicitly write which of the two texts is of higher quality by writing the corresponding letter in the output, and nothing else.'
2025-06-27 19:34:48,676 - INFO - First formatted prompt for tokenizer (first 100 chars): '<|begin_of_text|><|start_header_id|>system<|end_header_id|>

Cutting Knowledge Date: December 2023
T...'
2025-06-27 19:34:48,676 - INFO - Input device: cuda:0, preparing to move inputs to device.
2025-06-27 19:34:48,679 - INFO - Batch of inputs tokenized, padded, truncated, and moved to model device.
2025-06-27 19:34:48,679 - INFO - Starting batched model.generate()...
Setting `pad_token_id` to `eos_token_id`:128001 for open-end generation.
2025-06-27 19:34:48,959 - INFO - Batched model.generate() completed.
2025-06-27 19:34:48,959 - INFO - Decoding batch of responses and extracting token probabilities...
2025-06-27 19:34:48,962 - INFO - Input tokens stripped from responses and probabilities extracted.
2025-06-27 19:34:48,962 - INFO - Batch of responses generated.
2025-06-27 19:34:48,963 - INFO - Appended 8 results from batch to /scratch-shared/mschaffelder/data/exp_3/pairwise/small/outputs/llama_8b_multi_source.jsonl
2025-06-27 19:34:48,963 - INFO - Reading line 1673 from input file...
2025-06-27 19:34:48,963 - INFO - Added prompt from line 1673 to batch.
2025-06-27 19:34:48,963 - INFO - Reading line 1674 from input file...
2025-06-27 19:34:48,963 - INFO - Added prompt from line 1674 to batch.
2025-06-27 19:34:48,963 - INFO - Reading line 1675 from input file...
2025-06-27 19:34:48,964 - INFO - Added prompt from line 1675 to batch.
2025-06-27 19:34:48,964 - INFO - Reading line 1676 from input file...
2025-06-27 19:34:48,964 - INFO - Added prompt from line 1676 to batch.
2025-06-27 19:34:48,964 - INFO - Reading line 1677 from input file...
2025-06-27 19:34:48,964 - INFO - Added prompt from line 1677 to batch.
2025-06-27 19:34:48,964 - INFO - Reading line 1678 from input file...
2025-06-27 19:34:48,964 - INFO - Added prompt from line 1678 to batch.
2025-06-27 19:34:48,964 - INFO - Reading line 1679 from input file...
2025-06-27 19:34:48,964 - INFO - Added prompt from line 1679 to batch.
2025-06-27 19:34:48,964 - INFO - Reading line 1680 from input file...
2025-06-27 19:34:48,964 - INFO - Added prompt from line 1680 to batch.
2025-06-27 19:34:48,964 - INFO - Processing batch of 8 prompts (up to line 1680)...
2025-06-27 19:34:48,964 - INFO - Generating rankings for batch of 8 pairs of prompts. System prompt: 'You are a helpful assistant. Your task is to rank the two provided texts. Please explicitly write which of the two texts is of higher quality by writing the corresponding letter in the output, and nothing else.'
2025-06-27 19:34:48,964 - INFO - First formatted prompt for tokenizer (first 100 chars): '<|begin_of_text|><|start_header_id|>system<|end_header_id|>

Cutting Knowledge Date: December 2023
T...'
2025-06-27 19:34:48,964 - INFO - Input device: cuda:0, preparing to move inputs to device.
2025-06-27 19:34:48,967 - INFO - Batch of inputs tokenized, padded, truncated, and moved to model device.
2025-06-27 19:34:48,967 - INFO - Starting batched model.generate()...
Setting `pad_token_id` to `eos_token_id`:128001 for open-end generation.
2025-06-27 19:34:49,270 - INFO - Batched model.generate() completed.
2025-06-27 19:34:49,270 - INFO - Decoding batch of responses and extracting token probabilities...
2025-06-27 19:34:49,274 - INFO - Input tokens stripped from responses and probabilities extracted.
2025-06-27 19:34:49,275 - INFO - Batch of responses generated.
2025-06-27 19:34:49,276 - INFO - Appended 8 results from batch to /scratch-shared/mschaffelder/data/exp_3/pairwise/small/outputs/llama_8b_multi_source.jsonl
2025-06-27 19:34:49,276 - INFO - Reading line 1681 from input file...
2025-06-27 19:34:49,276 - INFO - Added prompt from line 1681 to batch.
2025-06-27 19:34:49,276 - INFO - Reading line 1682 from input file...
2025-06-27 19:34:49,276 - INFO - Added prompt from line 1682 to batch.
2025-06-27 19:34:49,276 - INFO - Reading line 1683 from input file...
2025-06-27 19:34:49,276 - INFO - Added prompt from line 1683 to batch.
2025-06-27 19:34:49,276 - INFO - Reading line 1684 from input file...
2025-06-27 19:34:49,276 - INFO - Added prompt from line 1684 to batch.
2025-06-27 19:34:49,276 - INFO - Reading line 1685 from input file...
2025-06-27 19:34:49,276 - INFO - Added prompt from line 1685 to batch.
2025-06-27 19:34:49,276 - INFO - Reading line 1686 from input file...
2025-06-27 19:34:49,276 - INFO - Added prompt from line 1686 to batch.
2025-06-27 19:34:49,276 - INFO - Reading line 1687 from input file...
2025-06-27 19:34:49,276 - INFO - Added prompt from line 1687 to batch.
2025-06-27 19:34:49,276 - INFO - Reading line 1688 from input file...
2025-06-27 19:34:49,276 - INFO - Added prompt from line 1688 to batch.
2025-06-27 19:34:49,276 - INFO - Processing batch of 8 prompts (up to line 1688)...
2025-06-27 19:34:49,276 - INFO - Generating rankings for batch of 8 pairs of prompts. System prompt: 'You are a helpful assistant. Your task is to rank the two provided texts. Please explicitly write which of the two texts is of higher quality by writing the corresponding letter in the output, and nothing else.'
2025-06-27 19:34:49,277 - INFO - First formatted prompt for tokenizer (first 100 chars): '<|begin_of_text|><|start_header_id|>system<|end_header_id|>

Cutting Knowledge Date: December 2023
T...'
2025-06-27 19:34:49,277 - INFO - Input device: cuda:0, preparing to move inputs to device.
2025-06-27 19:34:49,280 - INFO - Batch of inputs tokenized, padded, truncated, and moved to model device.
2025-06-27 19:34:49,280 - INFO - Starting batched model.generate()...
Setting `pad_token_id` to `eos_token_id`:128001 for open-end generation.
2025-06-27 19:34:49,638 - INFO - Batched model.generate() completed.
2025-06-27 19:34:49,638 - INFO - Decoding batch of responses and extracting token probabilities...
2025-06-27 19:34:49,641 - INFO - Input tokens stripped from responses and probabilities extracted.
2025-06-27 19:34:49,642 - INFO - Batch of responses generated.
2025-06-27 19:34:49,643 - INFO - Appended 8 results from batch to /scratch-shared/mschaffelder/data/exp_3/pairwise/small/outputs/llama_8b_multi_source.jsonl
2025-06-27 19:34:49,643 - INFO - Reading line 1689 from input file...
2025-06-27 19:34:49,643 - INFO - Added prompt from line 1689 to batch.
2025-06-27 19:34:49,643 - INFO - Reading line 1690 from input file...
2025-06-27 19:34:49,643 - INFO - Added prompt from line 1690 to batch.
2025-06-27 19:34:49,643 - INFO - Reading line 1691 from input file...
2025-06-27 19:34:49,643 - INFO - Added prompt from line 1691 to batch.
2025-06-27 19:34:49,643 - INFO - Reading line 1692 from input file...
2025-06-27 19:34:49,643 - INFO - Added prompt from line 1692 to batch.
2025-06-27 19:34:49,643 - INFO - Reading line 1693 from input file...
2025-06-27 19:34:49,643 - INFO - Added prompt from line 1693 to batch.
2025-06-27 19:34:49,643 - INFO - Reading line 1694 from input file...
2025-06-27 19:34:49,643 - INFO - Added prompt from line 1694 to batch.
2025-06-27 19:34:49,643 - INFO - Reading line 1695 from input file...
2025-06-27 19:34:49,643 - INFO - Added prompt from line 1695 to batch.
2025-06-27 19:34:49,644 - INFO - Reading line 1696 from input file...
2025-06-27 19:34:49,644 - INFO - Added prompt from line 1696 to batch.
2025-06-27 19:34:49,644 - INFO - Processing batch of 8 prompts (up to line 1696)...
2025-06-27 19:34:49,644 - INFO - Generating rankings for batch of 8 pairs of prompts. System prompt: 'You are a helpful assistant. Your task is to rank the two provided texts. Please explicitly write which of the two texts is of higher quality by writing the corresponding letter in the output, and nothing else.'
2025-06-27 19:34:49,644 - INFO - First formatted prompt for tokenizer (first 100 chars): '<|begin_of_text|><|start_header_id|>system<|end_header_id|>

Cutting Knowledge Date: December 2023
T...'
2025-06-27 19:34:49,644 - INFO - Input device: cuda:0, preparing to move inputs to device.
2025-06-27 19:34:49,647 - INFO - Batch of inputs tokenized, padded, truncated, and moved to model device.
2025-06-27 19:34:49,647 - INFO - Starting batched model.generate()...
Setting `pad_token_id` to `eos_token_id`:128001 for open-end generation.
2025-06-27 19:34:49,936 - INFO - Batched model.generate() completed.
2025-06-27 19:34:49,937 - INFO - Decoding batch of responses and extracting token probabilities...
2025-06-27 19:34:49,940 - INFO - Input tokens stripped from responses and probabilities extracted.
2025-06-27 19:34:49,940 - INFO - Batch of responses generated.
2025-06-27 19:34:49,941 - INFO - Appended 8 results from batch to /scratch-shared/mschaffelder/data/exp_3/pairwise/small/outputs/llama_8b_multi_source.jsonl
2025-06-27 19:34:49,941 - INFO - Reading line 1697 from input file...
2025-06-27 19:34:49,941 - INFO - Added prompt from line 1697 to batch.
2025-06-27 19:34:49,941 - INFO - Reading line 1698 from input file...
2025-06-27 19:34:49,941 - INFO - Added prompt from line 1698 to batch.
2025-06-27 19:34:49,941 - INFO - Reading line 1699 from input file...
2025-06-27 19:34:49,941 - INFO - Added prompt from line 1699 to batch.
2025-06-27 19:34:49,941 - INFO - Reading line 1700 from input file...
2025-06-27 19:34:49,941 - INFO - Added prompt from line 1700 to batch.
2025-06-27 19:34:49,941 - INFO - Reading line 1701 from input file...
2025-06-27 19:34:49,941 - INFO - Added prompt from line 1701 to batch.
2025-06-27 19:34:49,941 - INFO - Reading line 1702 from input file...
2025-06-27 19:34:49,941 - INFO - Added prompt from line 1702 to batch.
2025-06-27 19:34:49,942 - INFO - Reading line 1703 from input file...
2025-06-27 19:34:49,942 - INFO - Added prompt from line 1703 to batch.
2025-06-27 19:34:49,942 - INFO - Reading line 1704 from input file...
2025-06-27 19:34:49,942 - INFO - Added prompt from line 1704 to batch.
2025-06-27 19:34:49,942 - INFO - Processing batch of 8 prompts (up to line 1704)...
2025-06-27 19:34:49,942 - INFO - Generating rankings for batch of 8 pairs of prompts. System prompt: 'You are a helpful assistant. Your task is to rank the two provided texts. Please explicitly write which of the two texts is of higher quality by writing the corresponding letter in the output, and nothing else.'
2025-06-27 19:34:49,942 - INFO - First formatted prompt for tokenizer (first 100 chars): '<|begin_of_text|><|start_header_id|>system<|end_header_id|>

Cutting Knowledge Date: December 2023
T...'
2025-06-27 19:34:49,942 - INFO - Input device: cuda:0, preparing to move inputs to device.
2025-06-27 19:34:49,945 - INFO - Batch of inputs tokenized, padded, truncated, and moved to model device.
2025-06-27 19:34:49,945 - INFO - Starting batched model.generate()...
Setting `pad_token_id` to `eos_token_id`:128001 for open-end generation.
2025-06-27 19:34:50,271 - INFO - Batched model.generate() completed.
2025-06-27 19:34:50,271 - INFO - Decoding batch of responses and extracting token probabilities...
2025-06-27 19:34:50,274 - INFO - Input tokens stripped from responses and probabilities extracted.
2025-06-27 19:34:50,274 - INFO - Batch of responses generated.
2025-06-27 19:34:50,347 - INFO - Appended 8 results from batch to /scratch-shared/mschaffelder/data/exp_3/pairwise/small/outputs/llama_8b_multi_source.jsonl
2025-06-27 19:34:50,347 - INFO - Reading line 1705 from input file...
2025-06-27 19:34:50,347 - INFO - Added prompt from line 1705 to batch.
2025-06-27 19:34:50,347 - INFO - Reading line 1706 from input file...
2025-06-27 19:34:50,347 - INFO - Added prompt from line 1706 to batch.
2025-06-27 19:34:50,347 - INFO - Reading line 1707 from input file...
2025-06-27 19:34:50,347 - INFO - Added prompt from line 1707 to batch.
2025-06-27 19:34:50,347 - INFO - Reading line 1708 from input file...
2025-06-27 19:34:50,347 - INFO - Added prompt from line 1708 to batch.
2025-06-27 19:34:50,347 - INFO - Reading line 1709 from input file...
2025-06-27 19:34:50,347 - INFO - Added prompt from line 1709 to batch.
2025-06-27 19:34:50,347 - INFO - Reading line 1710 from input file...
2025-06-27 19:34:50,347 - INFO - Added prompt from line 1710 to batch.
2025-06-27 19:34:50,347 - INFO - Reading line 1711 from input file...
2025-06-27 19:34:50,347 - INFO - Added prompt from line 1711 to batch.
2025-06-27 19:34:50,347 - INFO - Reading line 1712 from input file...
2025-06-27 19:34:50,347 - INFO - Added prompt from line 1712 to batch.
2025-06-27 19:34:50,347 - INFO - Processing batch of 8 prompts (up to line 1712)...
2025-06-27 19:34:50,347 - INFO - Generating rankings for batch of 8 pairs of prompts. System prompt: 'You are a helpful assistant. Your task is to rank the two provided texts. Please explicitly write which of the two texts is of higher quality by writing the corresponding letter in the output, and nothing else.'
2025-06-27 19:34:50,348 - INFO - First formatted prompt for tokenizer (first 100 chars): '<|begin_of_text|><|start_header_id|>system<|end_header_id|>

Cutting Knowledge Date: December 2023
T...'
2025-06-27 19:34:50,348 - INFO - Input device: cuda:0, preparing to move inputs to device.
2025-06-27 19:34:50,351 - INFO - Batch of inputs tokenized, padded, truncated, and moved to model device.
2025-06-27 19:34:50,351 - INFO - Starting batched model.generate()...
Setting `pad_token_id` to `eos_token_id`:128001 for open-end generation.
2025-06-27 19:34:50,752 - INFO - Batched model.generate() completed.
2025-06-27 19:34:50,753 - INFO - Decoding batch of responses and extracting token probabilities...
2025-06-27 19:34:50,756 - INFO - Input tokens stripped from responses and probabilities extracted.
2025-06-27 19:34:50,757 - INFO - Batch of responses generated.
2025-06-27 19:34:50,758 - INFO - Appended 8 results from batch to /scratch-shared/mschaffelder/data/exp_3/pairwise/small/outputs/llama_8b_multi_source.jsonl
2025-06-27 19:34:50,758 - INFO - Reading line 1713 from input file...
2025-06-27 19:34:50,758 - INFO - Added prompt from line 1713 to batch.
2025-06-27 19:34:50,758 - INFO - Reading line 1714 from input file...
2025-06-27 19:34:50,758 - INFO - Added prompt from line 1714 to batch.
2025-06-27 19:34:50,758 - INFO - Reading line 1715 from input file...
2025-06-27 19:34:50,758 - INFO - Added prompt from line 1715 to batch.
2025-06-27 19:34:50,758 - INFO - Reading line 1716 from input file...
2025-06-27 19:34:50,758 - INFO - Added prompt from line 1716 to batch.
2025-06-27 19:34:50,758 - INFO - Reading line 1717 from input file...
2025-06-27 19:34:50,758 - INFO - Added prompt from line 1717 to batch.
2025-06-27 19:34:50,758 - INFO - Reading line 1718 from input file...
2025-06-27 19:34:50,759 - INFO - Added prompt from line 1718 to batch.
2025-06-27 19:34:50,759 - INFO - Reading line 1719 from input file...
2025-06-27 19:34:50,759 - INFO - Added prompt from line 1719 to batch.
2025-06-27 19:34:50,759 - INFO - Reading line 1720 from input file...
2025-06-27 19:34:50,759 - INFO - Added prompt from line 1720 to batch.
2025-06-27 19:34:50,759 - INFO - Processing batch of 8 prompts (up to line 1720)...
2025-06-27 19:34:50,759 - INFO - Generating rankings for batch of 8 pairs of prompts. System prompt: 'You are a helpful assistant. Your task is to rank the two provided texts. Please explicitly write which of the two texts is of higher quality by writing the corresponding letter in the output, and nothing else.'
2025-06-27 19:34:50,759 - INFO - First formatted prompt for tokenizer (first 100 chars): '<|begin_of_text|><|start_header_id|>system<|end_header_id|>

Cutting Knowledge Date: December 2023
T...'
2025-06-27 19:34:50,759 - INFO - Input device: cuda:0, preparing to move inputs to device.
2025-06-27 19:34:50,762 - INFO - Batch of inputs tokenized, padded, truncated, and moved to model device.
2025-06-27 19:34:50,762 - INFO - Starting batched model.generate()...
Setting `pad_token_id` to `eos_token_id`:128001 for open-end generation.
2025-06-27 19:34:51,067 - INFO - Batched model.generate() completed.
2025-06-27 19:34:51,067 - INFO - Decoding batch of responses and extracting token probabilities...
2025-06-27 19:34:51,070 - INFO - Input tokens stripped from responses and probabilities extracted.
2025-06-27 19:34:51,071 - INFO - Batch of responses generated.
2025-06-27 19:34:51,072 - INFO - Appended 8 results from batch to /scratch-shared/mschaffelder/data/exp_3/pairwise/small/outputs/llama_8b_multi_source.jsonl
2025-06-27 19:34:51,072 - INFO - Reading line 1721 from input file...
2025-06-27 19:34:51,072 - INFO - Added prompt from line 1721 to batch.
2025-06-27 19:34:51,072 - INFO - Reading line 1722 from input file...
2025-06-27 19:34:51,072 - INFO - Added prompt from line 1722 to batch.
2025-06-27 19:34:51,072 - INFO - Reading line 1723 from input file...
2025-06-27 19:34:51,072 - INFO - Added prompt from line 1723 to batch.
2025-06-27 19:34:51,072 - INFO - Reading line 1724 from input file...
2025-06-27 19:34:51,072 - INFO - Added prompt from line 1724 to batch.
2025-06-27 19:34:51,072 - INFO - Reading line 1725 from input file...
2025-06-27 19:34:51,072 - INFO - Added prompt from line 1725 to batch.
2025-06-27 19:34:51,072 - INFO - Reading line 1726 from input file...
2025-06-27 19:34:51,072 - INFO - Added prompt from line 1726 to batch.
2025-06-27 19:34:51,072 - INFO - Reading line 1727 from input file...
2025-06-27 19:34:51,072 - INFO - Added prompt from line 1727 to batch.
2025-06-27 19:34:51,073 - INFO - Reading line 1728 from input file...
2025-06-27 19:34:51,073 - INFO - Added prompt from line 1728 to batch.
2025-06-27 19:34:51,073 - INFO - Processing batch of 8 prompts (up to line 1728)...
2025-06-27 19:34:51,073 - INFO - Generating rankings for batch of 8 pairs of prompts. System prompt: 'You are a helpful assistant. Your task is to rank the two provided texts. Please explicitly write which of the two texts is of higher quality by writing the corresponding letter in the output, and nothing else.'
2025-06-27 19:34:51,073 - INFO - First formatted prompt for tokenizer (first 100 chars): '<|begin_of_text|><|start_header_id|>system<|end_header_id|>

Cutting Knowledge Date: December 2023
T...'
2025-06-27 19:34:51,073 - INFO - Input device: cuda:0, preparing to move inputs to device.
2025-06-27 19:34:51,077 - INFO - Batch of inputs tokenized, padded, truncated, and moved to model device.
2025-06-27 19:34:51,077 - INFO - Starting batched model.generate()...
Setting `pad_token_id` to `eos_token_id`:128001 for open-end generation.
2025-06-27 19:34:51,479 - INFO - Batched model.generate() completed.
2025-06-27 19:34:51,479 - INFO - Decoding batch of responses and extracting token probabilities...
2025-06-27 19:34:51,482 - INFO - Input tokens stripped from responses and probabilities extracted.
2025-06-27 19:34:51,483 - INFO - Batch of responses generated.
2025-06-27 19:34:53,303 - INFO - Appended 8 results from batch to /scratch-shared/mschaffelder/data/exp_3/pairwise/small/outputs/llama_8b_multi_source.jsonl
2025-06-27 19:34:53,303 - INFO - Reading line 1729 from input file...
2025-06-27 19:34:53,304 - INFO - Added prompt from line 1729 to batch.
2025-06-27 19:34:53,304 - INFO - Reading line 1730 from input file...
2025-06-27 19:34:53,304 - INFO - Added prompt from line 1730 to batch.
2025-06-27 19:34:53,304 - INFO - Reading line 1731 from input file...
2025-06-27 19:34:53,304 - INFO - Added prompt from line 1731 to batch.
2025-06-27 19:34:53,304 - INFO - Reading line 1732 from input file...
2025-06-27 19:34:53,304 - INFO - Added prompt from line 1732 to batch.
2025-06-27 19:34:53,304 - INFO - Reading line 1733 from input file...
2025-06-27 19:34:53,304 - INFO - Added prompt from line 1733 to batch.
2025-06-27 19:34:53,304 - INFO - Reading line 1734 from input file...
2025-06-27 19:34:53,304 - INFO - Added prompt from line 1734 to batch.
2025-06-27 19:34:53,304 - INFO - Reading line 1735 from input file...
2025-06-27 19:34:53,304 - INFO - Added prompt from line 1735 to batch.
2025-06-27 19:34:53,304 - INFO - Reading line 1736 from input file...
2025-06-27 19:34:53,304 - INFO - Added prompt from line 1736 to batch.
2025-06-27 19:34:53,304 - INFO - Processing batch of 8 prompts (up to line 1736)...
2025-06-27 19:34:53,304 - INFO - Generating rankings for batch of 8 pairs of prompts. System prompt: 'You are a helpful assistant. Your task is to rank the two provided texts. Please explicitly write which of the two texts is of higher quality by writing the corresponding letter in the output, and nothing else.'
2025-06-27 19:34:53,305 - INFO - First formatted prompt for tokenizer (first 100 chars): '<|begin_of_text|><|start_header_id|>system<|end_header_id|>

Cutting Knowledge Date: December 2023
T...'
2025-06-27 19:34:53,305 - INFO - Input device: cuda:0, preparing to move inputs to device.
2025-06-27 19:34:53,307 - INFO - Batch of inputs tokenized, padded, truncated, and moved to model device.
2025-06-27 19:34:53,307 - INFO - Starting batched model.generate()...
Setting `pad_token_id` to `eos_token_id`:128001 for open-end generation.
2025-06-27 19:34:53,588 - INFO - Batched model.generate() completed.
2025-06-27 19:34:53,588 - INFO - Decoding batch of responses and extracting token probabilities...
2025-06-27 19:34:53,591 - INFO - Input tokens stripped from responses and probabilities extracted.
2025-06-27 19:34:53,591 - INFO - Batch of responses generated.
2025-06-27 19:34:53,592 - INFO - Appended 8 results from batch to /scratch-shared/mschaffelder/data/exp_3/pairwise/small/outputs/llama_8b_multi_source.jsonl
2025-06-27 19:34:53,593 - INFO - Reading line 1737 from input file...
2025-06-27 19:34:53,593 - INFO - Added prompt from line 1737 to batch.
2025-06-27 19:34:53,593 - INFO - Reading line 1738 from input file...
2025-06-27 19:34:53,593 - INFO - Added prompt from line 1738 to batch.
2025-06-27 19:34:53,593 - INFO - Reading line 1739 from input file...
2025-06-27 19:34:53,593 - INFO - Added prompt from line 1739 to batch.
2025-06-27 19:34:53,593 - INFO - Reading line 1740 from input file...
2025-06-27 19:34:53,593 - INFO - Added prompt from line 1740 to batch.
2025-06-27 19:34:53,593 - INFO - Reading line 1741 from input file...
2025-06-27 19:34:53,593 - INFO - Added prompt from line 1741 to batch.
2025-06-27 19:34:53,593 - INFO - Reading line 1742 from input file...
2025-06-27 19:34:53,593 - INFO - Added prompt from line 1742 to batch.
2025-06-27 19:34:53,593 - INFO - Reading line 1743 from input file...
2025-06-27 19:34:53,593 - INFO - Added prompt from line 1743 to batch.
2025-06-27 19:34:53,593 - INFO - Reading line 1744 from input file...
2025-06-27 19:34:53,593 - INFO - Added prompt from line 1744 to batch.
2025-06-27 19:34:53,593 - INFO - Processing batch of 8 prompts (up to line 1744)...
2025-06-27 19:34:53,593 - INFO - Generating rankings for batch of 8 pairs of prompts. System prompt: 'You are a helpful assistant. Your task is to rank the two provided texts. Please explicitly write which of the two texts is of higher quality by writing the corresponding letter in the output, and nothing else.'
2025-06-27 19:34:53,594 - INFO - First formatted prompt for tokenizer (first 100 chars): '<|begin_of_text|><|start_header_id|>system<|end_header_id|>

Cutting Knowledge Date: December 2023
T...'
2025-06-27 19:34:53,594 - INFO - Input device: cuda:0, preparing to move inputs to device.
2025-06-27 19:34:53,596 - INFO - Batch of inputs tokenized, padded, truncated, and moved to model device.
2025-06-27 19:34:53,596 - INFO - Starting batched model.generate()...
Setting `pad_token_id` to `eos_token_id`:128001 for open-end generation.
2025-06-27 19:34:53,979 - INFO - Batched model.generate() completed.
2025-06-27 19:34:53,979 - INFO - Decoding batch of responses and extracting token probabilities...
2025-06-27 19:34:53,983 - INFO - Input tokens stripped from responses and probabilities extracted.
2025-06-27 19:34:53,983 - INFO - Batch of responses generated.
2025-06-27 19:34:53,985 - INFO - Appended 8 results from batch to /scratch-shared/mschaffelder/data/exp_3/pairwise/small/outputs/llama_8b_multi_source.jsonl
2025-06-27 19:34:53,985 - INFO - Reading line 1745 from input file...
2025-06-27 19:34:53,985 - INFO - Added prompt from line 1745 to batch.
2025-06-27 19:34:53,985 - INFO - Reading line 1746 from input file...
2025-06-27 19:34:53,985 - INFO - Added prompt from line 1746 to batch.
2025-06-27 19:34:53,985 - INFO - Reading line 1747 from input file...
2025-06-27 19:34:53,985 - INFO - Added prompt from line 1747 to batch.
2025-06-27 19:34:53,985 - INFO - Reading line 1748 from input file...
2025-06-27 19:34:53,985 - INFO - Added prompt from line 1748 to batch.
2025-06-27 19:34:53,985 - INFO - Reading line 1749 from input file...
2025-06-27 19:34:53,985 - INFO - Added prompt from line 1749 to batch.
2025-06-27 19:34:53,985 - INFO - Reading line 1750 from input file...
2025-06-27 19:34:53,985 - INFO - Added prompt from line 1750 to batch.
2025-06-27 19:34:53,985 - INFO - Reading line 1751 from input file...
2025-06-27 19:34:53,985 - INFO - Added prompt from line 1751 to batch.
2025-06-27 19:34:53,985 - INFO - Reading line 1752 from input file...
2025-06-27 19:34:53,985 - INFO - Added prompt from line 1752 to batch.
2025-06-27 19:34:53,985 - INFO - Processing batch of 8 prompts (up to line 1752)...
2025-06-27 19:34:53,985 - INFO - Generating rankings for batch of 8 pairs of prompts. System prompt: 'You are a helpful assistant. Your task is to rank the two provided texts. Please explicitly write which of the two texts is of higher quality by writing the corresponding letter in the output, and nothing else.'
2025-06-27 19:34:53,986 - INFO - First formatted prompt for tokenizer (first 100 chars): '<|begin_of_text|><|start_header_id|>system<|end_header_id|>

Cutting Knowledge Date: December 2023
T...'
2025-06-27 19:34:53,986 - INFO - Input device: cuda:0, preparing to move inputs to device.
2025-06-27 19:34:53,989 - INFO - Batch of inputs tokenized, padded, truncated, and moved to model device.
2025-06-27 19:34:53,989 - INFO - Starting batched model.generate()...
Setting `pad_token_id` to `eos_token_id`:128001 for open-end generation.
2025-06-27 19:34:54,336 - INFO - Batched model.generate() completed.
2025-06-27 19:34:54,336 - INFO - Decoding batch of responses and extracting token probabilities...
2025-06-27 19:34:54,339 - INFO - Input tokens stripped from responses and probabilities extracted.
2025-06-27 19:34:54,339 - INFO - Batch of responses generated.
2025-06-27 19:34:54,341 - INFO - Appended 8 results from batch to /scratch-shared/mschaffelder/data/exp_3/pairwise/small/outputs/llama_8b_multi_source.jsonl
2025-06-27 19:34:54,341 - INFO - Reading line 1753 from input file...
2025-06-27 19:34:54,341 - INFO - Added prompt from line 1753 to batch.
2025-06-27 19:34:54,341 - INFO - Reading line 1754 from input file...
2025-06-27 19:34:54,341 - INFO - Added prompt from line 1754 to batch.
2025-06-27 19:34:54,341 - INFO - Reading line 1755 from input file...
2025-06-27 19:34:54,341 - INFO - Added prompt from line 1755 to batch.
2025-06-27 19:34:54,341 - INFO - Reading line 1756 from input file...
2025-06-27 19:34:54,341 - INFO - Added prompt from line 1756 to batch.
2025-06-27 19:34:54,341 - INFO - Reading line 1757 from input file...
2025-06-27 19:34:54,341 - INFO - Added prompt from line 1757 to batch.
2025-06-27 19:34:54,341 - INFO - Reading line 1758 from input file...
2025-06-27 19:34:54,341 - INFO - Added prompt from line 1758 to batch.
2025-06-27 19:34:54,341 - INFO - Reading line 1759 from input file...
2025-06-27 19:34:54,341 - INFO - Added prompt from line 1759 to batch.
2025-06-27 19:34:54,341 - INFO - Reading line 1760 from input file...
2025-06-27 19:34:54,341 - INFO - Added prompt from line 1760 to batch.
2025-06-27 19:34:54,341 - INFO - Processing batch of 8 prompts (up to line 1760)...
2025-06-27 19:34:54,341 - INFO - Generating rankings for batch of 8 pairs of prompts. System prompt: 'You are a helpful assistant. Your task is to rank the two provided texts. Please explicitly write which of the two texts is of higher quality by writing the corresponding letter in the output, and nothing else.'
2025-06-27 19:34:54,342 - INFO - First formatted prompt for tokenizer (first 100 chars): '<|begin_of_text|><|start_header_id|>system<|end_header_id|>

Cutting Knowledge Date: December 2023
T...'
2025-06-27 19:34:54,342 - INFO - Input device: cuda:0, preparing to move inputs to device.
2025-06-27 19:34:54,344 - INFO - Batch of inputs tokenized, padded, truncated, and moved to model device.
2025-06-27 19:34:54,344 - INFO - Starting batched model.generate()...
Setting `pad_token_id` to `eos_token_id`:128001 for open-end generation.
2025-06-27 19:34:54,674 - INFO - Batched model.generate() completed.
2025-06-27 19:34:54,674 - INFO - Decoding batch of responses and extracting token probabilities...
2025-06-27 19:34:54,678 - INFO - Input tokens stripped from responses and probabilities extracted.
2025-06-27 19:34:54,678 - INFO - Batch of responses generated.
2025-06-27 19:34:54,679 - INFO - Appended 8 results from batch to /scratch-shared/mschaffelder/data/exp_3/pairwise/small/outputs/llama_8b_multi_source.jsonl
2025-06-27 19:34:54,679 - INFO - Reading line 1761 from input file...
2025-06-27 19:34:54,680 - INFO - Added prompt from line 1761 to batch.
2025-06-27 19:34:54,680 - INFO - Reading line 1762 from input file...
2025-06-27 19:34:54,680 - INFO - Added prompt from line 1762 to batch.
2025-06-27 19:34:54,680 - INFO - Reading line 1763 from input file...
2025-06-27 19:34:54,680 - INFO - Added prompt from line 1763 to batch.
2025-06-27 19:34:54,680 - INFO - Reading line 1764 from input file...
2025-06-27 19:34:54,680 - INFO - Added prompt from line 1764 to batch.
2025-06-27 19:34:54,680 - INFO - Reading line 1765 from input file...
2025-06-27 19:34:54,680 - INFO - Added prompt from line 1765 to batch.
2025-06-27 19:34:54,680 - INFO - Reading line 1766 from input file...
2025-06-27 19:34:54,680 - INFO - Added prompt from line 1766 to batch.
2025-06-27 19:34:54,680 - INFO - Reading line 1767 from input file...
2025-06-27 19:34:54,680 - INFO - Added prompt from line 1767 to batch.
2025-06-27 19:34:54,680 - INFO - Reading line 1768 from input file...
2025-06-27 19:34:54,680 - INFO - Added prompt from line 1768 to batch.
2025-06-27 19:34:54,680 - INFO - Processing batch of 8 prompts (up to line 1768)...
2025-06-27 19:34:54,680 - INFO - Generating rankings for batch of 8 pairs of prompts. System prompt: 'You are a helpful assistant. Your task is to rank the two provided texts. Please explicitly write which of the two texts is of higher quality by writing the corresponding letter in the output, and nothing else.'
2025-06-27 19:34:54,681 - INFO - First formatted prompt for tokenizer (first 100 chars): '<|begin_of_text|><|start_header_id|>system<|end_header_id|>

Cutting Knowledge Date: December 2023
T...'
2025-06-27 19:34:54,681 - INFO - Input device: cuda:0, preparing to move inputs to device.
2025-06-27 19:34:54,683 - INFO - Batch of inputs tokenized, padded, truncated, and moved to model device.
2025-06-27 19:34:54,683 - INFO - Starting batched model.generate()...
Setting `pad_token_id` to `eos_token_id`:128001 for open-end generation.
2025-06-27 19:34:54,988 - INFO - Batched model.generate() completed.
2025-06-27 19:34:54,988 - INFO - Decoding batch of responses and extracting token probabilities...
2025-06-27 19:34:54,991 - INFO - Input tokens stripped from responses and probabilities extracted.
2025-06-27 19:34:54,991 - INFO - Batch of responses generated.
2025-06-27 19:34:56,162 - INFO - Appended 8 results from batch to /scratch-shared/mschaffelder/data/exp_3/pairwise/small/outputs/llama_8b_multi_source.jsonl
2025-06-27 19:34:56,162 - INFO - Reading line 1769 from input file...
2025-06-27 19:34:56,162 - INFO - Added prompt from line 1769 to batch.
2025-06-27 19:34:56,162 - INFO - Reading line 1770 from input file...
2025-06-27 19:34:56,162 - INFO - Added prompt from line 1770 to batch.
2025-06-27 19:34:56,162 - INFO - Reading line 1771 from input file...
2025-06-27 19:34:56,162 - INFO - Added prompt from line 1771 to batch.
2025-06-27 19:34:56,162 - INFO - Reading line 1772 from input file...
2025-06-27 19:34:56,162 - INFO - Added prompt from line 1772 to batch.
2025-06-27 19:34:56,162 - INFO - Reading line 1773 from input file...
2025-06-27 19:34:56,162 - INFO - Added prompt from line 1773 to batch.
2025-06-27 19:34:56,162 - INFO - Reading line 1774 from input file...
2025-06-27 19:34:56,162 - INFO - Added prompt from line 1774 to batch.
2025-06-27 19:34:56,162 - INFO - Reading line 1775 from input file...
2025-06-27 19:34:56,162 - INFO - Added prompt from line 1775 to batch.
2025-06-27 19:34:56,162 - INFO - Reading line 1776 from input file...
2025-06-27 19:34:56,162 - INFO - Added prompt from line 1776 to batch.
2025-06-27 19:34:56,162 - INFO - Processing batch of 8 prompts (up to line 1776)...
2025-06-27 19:34:56,162 - INFO - Generating rankings for batch of 8 pairs of prompts. System prompt: 'You are a helpful assistant. Your task is to rank the two provided texts. Please explicitly write which of the two texts is of higher quality by writing the corresponding letter in the output, and nothing else.'
2025-06-27 19:34:56,163 - INFO - First formatted prompt for tokenizer (first 100 chars): '<|begin_of_text|><|start_header_id|>system<|end_header_id|>

Cutting Knowledge Date: December 2023
T...'
2025-06-27 19:34:56,163 - INFO - Input device: cuda:0, preparing to move inputs to device.
2025-06-27 19:34:56,165 - INFO - Batch of inputs tokenized, padded, truncated, and moved to model device.
2025-06-27 19:34:56,165 - INFO - Starting batched model.generate()...
Setting `pad_token_id` to `eos_token_id`:128001 for open-end generation.
2025-06-27 19:34:56,421 - INFO - Batched model.generate() completed.
2025-06-27 19:34:56,421 - INFO - Decoding batch of responses and extracting token probabilities...
2025-06-27 19:34:56,424 - INFO - Input tokens stripped from responses and probabilities extracted.
2025-06-27 19:34:56,425 - INFO - Batch of responses generated.
2025-06-27 19:34:56,426 - INFO - Appended 8 results from batch to /scratch-shared/mschaffelder/data/exp_3/pairwise/small/outputs/llama_8b_multi_source.jsonl
2025-06-27 19:34:56,426 - INFO - Reading line 1777 from input file...
2025-06-27 19:34:56,426 - INFO - Added prompt from line 1777 to batch.
2025-06-27 19:34:56,426 - INFO - Reading line 1778 from input file...
2025-06-27 19:34:56,426 - INFO - Added prompt from line 1778 to batch.
2025-06-27 19:34:56,426 - INFO - Reading line 1779 from input file...
2025-06-27 19:34:56,426 - INFO - Added prompt from line 1779 to batch.
2025-06-27 19:34:56,426 - INFO - Reading line 1780 from input file...
2025-06-27 19:34:56,426 - INFO - Added prompt from line 1780 to batch.
2025-06-27 19:34:56,426 - INFO - Reading line 1781 from input file...
2025-06-27 19:34:56,426 - INFO - Added prompt from line 1781 to batch.
2025-06-27 19:34:56,426 - INFO - Reading line 1782 from input file...
2025-06-27 19:34:56,426 - INFO - Added prompt from line 1782 to batch.
2025-06-27 19:34:56,426 - INFO - Reading line 1783 from input file...
2025-06-27 19:34:56,426 - INFO - Added prompt from line 1783 to batch.
2025-06-27 19:34:56,426 - INFO - Reading line 1784 from input file...
2025-06-27 19:34:56,426 - INFO - Added prompt from line 1784 to batch.
2025-06-27 19:34:56,426 - INFO - Processing batch of 8 prompts (up to line 1784)...
2025-06-27 19:34:56,426 - INFO - Generating rankings for batch of 8 pairs of prompts. System prompt: 'You are a helpful assistant. Your task is to rank the two provided texts. Please explicitly write which of the two texts is of higher quality by writing the corresponding letter in the output, and nothing else.'
2025-06-27 19:34:56,427 - INFO - First formatted prompt for tokenizer (first 100 chars): '<|begin_of_text|><|start_header_id|>system<|end_header_id|>

Cutting Knowledge Date: December 2023
T...'
2025-06-27 19:34:56,427 - INFO - Input device: cuda:0, preparing to move inputs to device.
2025-06-27 19:34:56,429 - INFO - Batch of inputs tokenized, padded, truncated, and moved to model device.
2025-06-27 19:34:56,430 - INFO - Starting batched model.generate()...
Setting `pad_token_id` to `eos_token_id`:128001 for open-end generation.
2025-06-27 19:34:56,700 - INFO - Batched model.generate() completed.
2025-06-27 19:34:56,701 - INFO - Decoding batch of responses and extracting token probabilities...
2025-06-27 19:34:56,704 - INFO - Input tokens stripped from responses and probabilities extracted.
2025-06-27 19:34:56,704 - INFO - Batch of responses generated.
2025-06-27 19:34:56,704 - INFO - Appended 8 results from batch to /scratch-shared/mschaffelder/data/exp_3/pairwise/small/outputs/llama_8b_multi_source.jsonl
2025-06-27 19:34:56,704 - INFO - Reading line 1785 from input file...
2025-06-27 19:34:56,705 - INFO - Added prompt from line 1785 to batch.
2025-06-27 19:34:56,705 - INFO - Reading line 1786 from input file...
2025-06-27 19:34:56,705 - INFO - Added prompt from line 1786 to batch.
2025-06-27 19:34:56,705 - INFO - Reading line 1787 from input file...
2025-06-27 19:34:56,705 - INFO - Added prompt from line 1787 to batch.
2025-06-27 19:34:56,705 - INFO - Reading line 1788 from input file...
2025-06-27 19:34:56,705 - INFO - Added prompt from line 1788 to batch.
2025-06-27 19:34:56,705 - INFO - Reading line 1789 from input file...
2025-06-27 19:34:56,705 - INFO - Added prompt from line 1789 to batch.
2025-06-27 19:34:56,705 - INFO - Reading line 1790 from input file...
2025-06-27 19:34:56,705 - INFO - Added prompt from line 1790 to batch.
2025-06-27 19:34:56,705 - INFO - Reading line 1791 from input file...
2025-06-27 19:34:56,705 - INFO - Added prompt from line 1791 to batch.
2025-06-27 19:34:56,705 - INFO - Reading line 1792 from input file...
2025-06-27 19:34:56,705 - INFO - Added prompt from line 1792 to batch.
2025-06-27 19:34:56,705 - INFO - Processing batch of 8 prompts (up to line 1792)...
2025-06-27 19:34:56,705 - INFO - Generating rankings for batch of 8 pairs of prompts. System prompt: 'You are a helpful assistant. Your task is to rank the two provided texts. Please explicitly write which of the two texts is of higher quality by writing the corresponding letter in the output, and nothing else.'
2025-06-27 19:34:56,706 - INFO - First formatted prompt for tokenizer (first 100 chars): '<|begin_of_text|><|start_header_id|>system<|end_header_id|>

Cutting Knowledge Date: December 2023
T...'
2025-06-27 19:34:56,706 - INFO - Input device: cuda:0, preparing to move inputs to device.
2025-06-27 19:34:56,708 - INFO - Batch of inputs tokenized, padded, truncated, and moved to model device.
2025-06-27 19:34:56,708 - INFO - Starting batched model.generate()...
Setting `pad_token_id` to `eos_token_id`:128001 for open-end generation.
2025-06-27 19:34:56,974 - INFO - Batched model.generate() completed.
2025-06-27 19:34:56,974 - INFO - Decoding batch of responses and extracting token probabilities...
2025-06-27 19:34:56,977 - INFO - Input tokens stripped from responses and probabilities extracted.
2025-06-27 19:34:56,978 - INFO - Batch of responses generated.
2025-06-27 19:34:56,979 - INFO - Appended 8 results from batch to /scratch-shared/mschaffelder/data/exp_3/pairwise/small/outputs/llama_8b_multi_source.jsonl
2025-06-27 19:34:56,979 - INFO - Reading line 1793 from input file...
2025-06-27 19:34:56,979 - INFO - Added prompt from line 1793 to batch.
2025-06-27 19:34:56,979 - INFO - Reading line 1794 from input file...
2025-06-27 19:34:56,979 - INFO - Added prompt from line 1794 to batch.
2025-06-27 19:34:56,979 - INFO - Reading line 1795 from input file...
2025-06-27 19:34:56,979 - INFO - Added prompt from line 1795 to batch.
2025-06-27 19:34:56,979 - INFO - Reading line 1796 from input file...
2025-06-27 19:34:56,979 - INFO - Added prompt from line 1796 to batch.
2025-06-27 19:34:56,979 - INFO - Reading line 1797 from input file...
2025-06-27 19:34:56,979 - INFO - Added prompt from line 1797 to batch.
2025-06-27 19:34:56,979 - INFO - Reading line 1798 from input file...
2025-06-27 19:34:56,979 - INFO - Added prompt from line 1798 to batch.
2025-06-27 19:34:56,979 - INFO - Reading line 1799 from input file...
2025-06-27 19:34:56,979 - INFO - Added prompt from line 1799 to batch.
2025-06-27 19:34:56,979 - INFO - Reading line 1800 from input file...
2025-06-27 19:34:56,979 - INFO - Added prompt from line 1800 to batch.
2025-06-27 19:34:56,979 - INFO - Processing batch of 8 prompts (up to line 1800)...
2025-06-27 19:34:56,979 - INFO - Generating rankings for batch of 8 pairs of prompts. System prompt: 'You are a helpful assistant. Your task is to rank the two provided texts. Please explicitly write which of the two texts is of higher quality by writing the corresponding letter in the output, and nothing else.'
2025-06-27 19:34:56,980 - INFO - First formatted prompt for tokenizer (first 100 chars): '<|begin_of_text|><|start_header_id|>system<|end_header_id|>

Cutting Knowledge Date: December 2023
T...'
2025-06-27 19:34:56,980 - INFO - Input device: cuda:0, preparing to move inputs to device.
2025-06-27 19:34:56,982 - INFO - Batch of inputs tokenized, padded, truncated, and moved to model device.
2025-06-27 19:34:56,982 - INFO - Starting batched model.generate()...
Setting `pad_token_id` to `eos_token_id`:128001 for open-end generation.
2025-06-27 19:34:57,214 - INFO - Batched model.generate() completed.
2025-06-27 19:34:57,214 - INFO - Decoding batch of responses and extracting token probabilities...
2025-06-27 19:34:57,217 - INFO - Input tokens stripped from responses and probabilities extracted.
2025-06-27 19:34:57,217 - INFO - Batch of responses generated.
2025-06-27 19:34:57,219 - INFO - Appended 8 results from batch to /scratch-shared/mschaffelder/data/exp_3/pairwise/small/outputs/llama_8b_multi_source.jsonl
2025-06-27 19:34:57,219 - INFO - Reading line 1801 from input file...
2025-06-27 19:34:57,219 - INFO - Added prompt from line 1801 to batch.
2025-06-27 19:34:57,219 - INFO - Reading line 1802 from input file...
2025-06-27 19:34:57,219 - INFO - Added prompt from line 1802 to batch.
2025-06-27 19:34:57,219 - INFO - Reading line 1803 from input file...
2025-06-27 19:34:57,219 - INFO - Added prompt from line 1803 to batch.
2025-06-27 19:34:57,219 - INFO - Reading line 1804 from input file...
2025-06-27 19:34:57,219 - INFO - Added prompt from line 1804 to batch.
2025-06-27 19:34:57,219 - INFO - Reading line 1805 from input file...
2025-06-27 19:34:57,219 - INFO - Added prompt from line 1805 to batch.
2025-06-27 19:34:57,219 - INFO - Reading line 1806 from input file...
2025-06-27 19:34:57,219 - INFO - Added prompt from line 1806 to batch.
2025-06-27 19:34:57,219 - INFO - Reading line 1807 from input file...
2025-06-27 19:34:57,219 - INFO - Added prompt from line 1807 to batch.
2025-06-27 19:34:57,219 - INFO - Reading line 1808 from input file...
2025-06-27 19:34:57,219 - INFO - Added prompt from line 1808 to batch.
2025-06-27 19:34:57,219 - INFO - Processing batch of 8 prompts (up to line 1808)...
2025-06-27 19:34:57,219 - INFO - Generating rankings for batch of 8 pairs of prompts. System prompt: 'You are a helpful assistant. Your task is to rank the two provided texts. Please explicitly write which of the two texts is of higher quality by writing the corresponding letter in the output, and nothing else.'
2025-06-27 19:34:57,220 - INFO - First formatted prompt for tokenizer (first 100 chars): '<|begin_of_text|><|start_header_id|>system<|end_header_id|>

Cutting Knowledge Date: December 2023
T...'
2025-06-27 19:34:57,220 - INFO - Input device: cuda:0, preparing to move inputs to device.
2025-06-27 19:34:57,223 - INFO - Batch of inputs tokenized, padded, truncated, and moved to model device.
2025-06-27 19:34:57,223 - INFO - Starting batched model.generate()...
Setting `pad_token_id` to `eos_token_id`:128001 for open-end generation.
2025-06-27 19:34:57,588 - INFO - Batched model.generate() completed.
2025-06-27 19:34:57,589 - INFO - Decoding batch of responses and extracting token probabilities...
2025-06-27 19:34:57,592 - INFO - Input tokens stripped from responses and probabilities extracted.
2025-06-27 19:34:57,592 - INFO - Batch of responses generated.
2025-06-27 19:34:57,593 - INFO - Appended 8 results from batch to /scratch-shared/mschaffelder/data/exp_3/pairwise/small/outputs/llama_8b_multi_source.jsonl
2025-06-27 19:34:57,593 - INFO - Reading line 1809 from input file...
2025-06-27 19:34:57,593 - INFO - Added prompt from line 1809 to batch.
2025-06-27 19:34:57,593 - INFO - Reading line 1810 from input file...
2025-06-27 19:34:57,593 - INFO - Added prompt from line 1810 to batch.
2025-06-27 19:34:57,593 - INFO - Reading line 1811 from input file...
2025-06-27 19:34:57,593 - INFO - Added prompt from line 1811 to batch.
2025-06-27 19:34:57,594 - INFO - Reading line 1812 from input file...
2025-06-27 19:34:57,594 - INFO - Added prompt from line 1812 to batch.
2025-06-27 19:34:57,594 - INFO - Reading line 1813 from input file...
2025-06-27 19:34:57,594 - INFO - Added prompt from line 1813 to batch.
2025-06-27 19:34:57,594 - INFO - Reading line 1814 from input file...
2025-06-27 19:34:57,594 - INFO - Added prompt from line 1814 to batch.
2025-06-27 19:34:57,594 - INFO - Reading line 1815 from input file...
2025-06-27 19:34:57,594 - INFO - Added prompt from line 1815 to batch.
2025-06-27 19:34:57,594 - INFO - Reading line 1816 from input file...
2025-06-27 19:34:57,594 - INFO - Added prompt from line 1816 to batch.
2025-06-27 19:34:57,594 - INFO - Processing batch of 8 prompts (up to line 1816)...
2025-06-27 19:34:57,594 - INFO - Generating rankings for batch of 8 pairs of prompts. System prompt: 'You are a helpful assistant. Your task is to rank the two provided texts. Please explicitly write which of the two texts is of higher quality by writing the corresponding letter in the output, and nothing else.'
2025-06-27 19:34:57,594 - INFO - First formatted prompt for tokenizer (first 100 chars): '<|begin_of_text|><|start_header_id|>system<|end_header_id|>

Cutting Knowledge Date: December 2023
T...'
2025-06-27 19:34:57,594 - INFO - Input device: cuda:0, preparing to move inputs to device.
2025-06-27 19:34:57,597 - INFO - Batch of inputs tokenized, padded, truncated, and moved to model device.
2025-06-27 19:34:57,597 - INFO - Starting batched model.generate()...
Setting `pad_token_id` to `eos_token_id`:128001 for open-end generation.
2025-06-27 19:34:57,918 - INFO - Batched model.generate() completed.
2025-06-27 19:34:57,918 - INFO - Decoding batch of responses and extracting token probabilities...
2025-06-27 19:34:57,922 - INFO - Input tokens stripped from responses and probabilities extracted.
2025-06-27 19:34:57,922 - INFO - Batch of responses generated.
2025-06-27 19:34:59,075 - INFO - Appended 8 results from batch to /scratch-shared/mschaffelder/data/exp_3/pairwise/small/outputs/llama_8b_multi_source.jsonl
2025-06-27 19:34:59,075 - INFO - Reading line 1817 from input file...
2025-06-27 19:34:59,075 - INFO - Added prompt from line 1817 to batch.
2025-06-27 19:34:59,075 - INFO - Reading line 1818 from input file...
2025-06-27 19:34:59,075 - INFO - Added prompt from line 1818 to batch.
2025-06-27 19:34:59,075 - INFO - Reading line 1819 from input file...
2025-06-27 19:34:59,075 - INFO - Added prompt from line 1819 to batch.
2025-06-27 19:34:59,075 - INFO - Reading line 1820 from input file...
2025-06-27 19:34:59,075 - INFO - Added prompt from line 1820 to batch.
2025-06-27 19:34:59,075 - INFO - Reading line 1821 from input file...
2025-06-27 19:34:59,075 - INFO - Added prompt from line 1821 to batch.
2025-06-27 19:34:59,075 - INFO - Reading line 1822 from input file...
2025-06-27 19:34:59,075 - INFO - Added prompt from line 1822 to batch.
2025-06-27 19:34:59,075 - INFO - Reading line 1823 from input file...
2025-06-27 19:34:59,075 - INFO - Added prompt from line 1823 to batch.
2025-06-27 19:34:59,075 - INFO - Reading line 1824 from input file...
2025-06-27 19:34:59,076 - INFO - Added prompt from line 1824 to batch.
2025-06-27 19:34:59,076 - INFO - Processing batch of 8 prompts (up to line 1824)...
2025-06-27 19:34:59,076 - INFO - Generating rankings for batch of 8 pairs of prompts. System prompt: 'You are a helpful assistant. Your task is to rank the two provided texts. Please explicitly write which of the two texts is of higher quality by writing the corresponding letter in the output, and nothing else.'
2025-06-27 19:34:59,076 - INFO - First formatted prompt for tokenizer (first 100 chars): '<|begin_of_text|><|start_header_id|>system<|end_header_id|>

Cutting Knowledge Date: December 2023
T...'
2025-06-27 19:34:59,076 - INFO - Input device: cuda:0, preparing to move inputs to device.
2025-06-27 19:34:59,079 - INFO - Batch of inputs tokenized, padded, truncated, and moved to model device.
2025-06-27 19:34:59,079 - INFO - Starting batched model.generate()...
Setting `pad_token_id` to `eos_token_id`:128001 for open-end generation.
2025-06-27 19:34:59,426 - INFO - Batched model.generate() completed.
2025-06-27 19:34:59,426 - INFO - Decoding batch of responses and extracting token probabilities...
2025-06-27 19:34:59,429 - INFO - Input tokens stripped from responses and probabilities extracted.
2025-06-27 19:34:59,429 - INFO - Batch of responses generated.
2025-06-27 19:35:01,363 - INFO - Appended 8 results from batch to /scratch-shared/mschaffelder/data/exp_3/pairwise/small/outputs/llama_8b_multi_source.jsonl
2025-06-27 19:35:01,363 - INFO - Reading line 1825 from input file...
2025-06-27 19:35:01,363 - INFO - Added prompt from line 1825 to batch.
2025-06-27 19:35:01,363 - INFO - Reading line 1826 from input file...
2025-06-27 19:35:01,364 - INFO - Added prompt from line 1826 to batch.
2025-06-27 19:35:01,364 - INFO - Reading line 1827 from input file...
2025-06-27 19:35:01,364 - INFO - Added prompt from line 1827 to batch.
2025-06-27 19:35:01,364 - INFO - Reading line 1828 from input file...
2025-06-27 19:35:01,364 - INFO - Added prompt from line 1828 to batch.
2025-06-27 19:35:01,364 - INFO - Reading line 1829 from input file...
2025-06-27 19:35:01,364 - INFO - Added prompt from line 1829 to batch.
2025-06-27 19:35:01,364 - INFO - Reading line 1830 from input file...
2025-06-27 19:35:01,364 - INFO - Added prompt from line 1830 to batch.
2025-06-27 19:35:01,364 - INFO - Reading line 1831 from input file...
2025-06-27 19:35:01,364 - INFO - Added prompt from line 1831 to batch.
2025-06-27 19:35:01,364 - INFO - Reading line 1832 from input file...
2025-06-27 19:35:01,364 - INFO - Added prompt from line 1832 to batch.
2025-06-27 19:35:01,364 - INFO - Processing batch of 8 prompts (up to line 1832)...
2025-06-27 19:35:01,364 - INFO - Generating rankings for batch of 8 pairs of prompts. System prompt: 'You are a helpful assistant. Your task is to rank the two provided texts. Please explicitly write which of the two texts is of higher quality by writing the corresponding letter in the output, and nothing else.'
2025-06-27 19:35:01,365 - INFO - First formatted prompt for tokenizer (first 100 chars): '<|begin_of_text|><|start_header_id|>system<|end_header_id|>

Cutting Knowledge Date: December 2023
T...'
2025-06-27 19:35:01,365 - INFO - Input device: cuda:0, preparing to move inputs to device.
2025-06-27 19:35:01,368 - INFO - Batch of inputs tokenized, padded, truncated, and moved to model device.
2025-06-27 19:35:01,368 - INFO - Starting batched model.generate()...
Setting `pad_token_id` to `eos_token_id`:128001 for open-end generation.
2025-06-27 19:35:01,740 - INFO - Batched model.generate() completed.
2025-06-27 19:35:01,740 - INFO - Decoding batch of responses and extracting token probabilities...
2025-06-27 19:35:01,743 - INFO - Input tokens stripped from responses and probabilities extracted.
2025-06-27 19:35:01,744 - INFO - Batch of responses generated.
2025-06-27 19:35:01,745 - INFO - Appended 8 results from batch to /scratch-shared/mschaffelder/data/exp_3/pairwise/small/outputs/llama_8b_multi_source.jsonl
2025-06-27 19:35:01,745 - INFO - Reading line 1833 from input file...
2025-06-27 19:35:01,745 - INFO - Added prompt from line 1833 to batch.
2025-06-27 19:35:01,745 - INFO - Reading line 1834 from input file...
2025-06-27 19:35:01,745 - INFO - Added prompt from line 1834 to batch.
2025-06-27 19:35:01,745 - INFO - Reading line 1835 from input file...
2025-06-27 19:35:01,745 - INFO - Added prompt from line 1835 to batch.
2025-06-27 19:35:01,745 - INFO - Reading line 1836 from input file...
2025-06-27 19:35:01,745 - INFO - Added prompt from line 1836 to batch.
2025-06-27 19:35:01,745 - INFO - Reading line 1837 from input file...
2025-06-27 19:35:01,745 - INFO - Added prompt from line 1837 to batch.
2025-06-27 19:35:01,745 - INFO - Reading line 1838 from input file...
2025-06-27 19:35:01,745 - INFO - Added prompt from line 1838 to batch.
2025-06-27 19:35:01,745 - INFO - Reading line 1839 from input file...
2025-06-27 19:35:01,745 - INFO - Added prompt from line 1839 to batch.
2025-06-27 19:35:01,745 - INFO - Reading line 1840 from input file...
2025-06-27 19:35:01,745 - INFO - Added prompt from line 1840 to batch.
2025-06-27 19:35:01,746 - INFO - Processing batch of 8 prompts (up to line 1840)...
2025-06-27 19:35:01,746 - INFO - Generating rankings for batch of 8 pairs of prompts. System prompt: 'You are a helpful assistant. Your task is to rank the two provided texts. Please explicitly write which of the two texts is of higher quality by writing the corresponding letter in the output, and nothing else.'
2025-06-27 19:35:01,746 - INFO - First formatted prompt for tokenizer (first 100 chars): '<|begin_of_text|><|start_header_id|>system<|end_header_id|>

Cutting Knowledge Date: December 2023
T...'
2025-06-27 19:35:01,746 - INFO - Input device: cuda:0, preparing to move inputs to device.
2025-06-27 19:35:01,748 - INFO - Batch of inputs tokenized, padded, truncated, and moved to model device.
2025-06-27 19:35:01,749 - INFO - Starting batched model.generate()...
Setting `pad_token_id` to `eos_token_id`:128001 for open-end generation.
2025-06-27 19:35:02,016 - INFO - Batched model.generate() completed.
2025-06-27 19:35:02,016 - INFO - Decoding batch of responses and extracting token probabilities...
2025-06-27 19:35:02,019 - INFO - Input tokens stripped from responses and probabilities extracted.
2025-06-27 19:35:02,020 - INFO - Batch of responses generated.
2025-06-27 19:35:02,021 - INFO - Appended 8 results from batch to /scratch-shared/mschaffelder/data/exp_3/pairwise/small/outputs/llama_8b_multi_source.jsonl
2025-06-27 19:35:02,021 - INFO - Reading line 1841 from input file...
2025-06-27 19:35:02,021 - INFO - Added prompt from line 1841 to batch.
2025-06-27 19:35:02,021 - INFO - Reading line 1842 from input file...
2025-06-27 19:35:02,021 - INFO - Added prompt from line 1842 to batch.
2025-06-27 19:35:02,021 - INFO - Reading line 1843 from input file...
2025-06-27 19:35:02,021 - INFO - Added prompt from line 1843 to batch.
2025-06-27 19:35:02,021 - INFO - Reading line 1844 from input file...
2025-06-27 19:35:02,021 - INFO - Added prompt from line 1844 to batch.
2025-06-27 19:35:02,021 - INFO - Reading line 1845 from input file...
2025-06-27 19:35:02,021 - INFO - Added prompt from line 1845 to batch.
2025-06-27 19:35:02,021 - INFO - Reading line 1846 from input file...
2025-06-27 19:35:02,021 - INFO - Added prompt from line 1846 to batch.
2025-06-27 19:35:02,021 - INFO - Reading line 1847 from input file...
2025-06-27 19:35:02,021 - INFO - Added prompt from line 1847 to batch.
2025-06-27 19:35:02,021 - INFO - Reading line 1848 from input file...
2025-06-27 19:35:02,021 - INFO - Added prompt from line 1848 to batch.
2025-06-27 19:35:02,021 - INFO - Processing batch of 8 prompts (up to line 1848)...
2025-06-27 19:35:02,021 - INFO - Generating rankings for batch of 8 pairs of prompts. System prompt: 'You are a helpful assistant. Your task is to rank the two provided texts. Please explicitly write which of the two texts is of higher quality by writing the corresponding letter in the output, and nothing else.'
2025-06-27 19:35:02,022 - INFO - First formatted prompt for tokenizer (first 100 chars): '<|begin_of_text|><|start_header_id|>system<|end_header_id|>

Cutting Knowledge Date: December 2023
T...'
2025-06-27 19:35:02,022 - INFO - Input device: cuda:0, preparing to move inputs to device.
2025-06-27 19:35:02,024 - INFO - Batch of inputs tokenized, padded, truncated, and moved to model device.
2025-06-27 19:35:02,024 - INFO - Starting batched model.generate()...
Setting `pad_token_id` to `eos_token_id`:128001 for open-end generation.
2025-06-27 19:35:02,280 - INFO - Batched model.generate() completed.
2025-06-27 19:35:02,280 - INFO - Decoding batch of responses and extracting token probabilities...
2025-06-27 19:35:02,283 - INFO - Input tokens stripped from responses and probabilities extracted.
2025-06-27 19:35:02,283 - INFO - Batch of responses generated.
2025-06-27 19:35:02,284 - INFO - Appended 8 results from batch to /scratch-shared/mschaffelder/data/exp_3/pairwise/small/outputs/llama_8b_multi_source.jsonl
2025-06-27 19:35:02,284 - INFO - Reading line 1849 from input file...
2025-06-27 19:35:02,284 - INFO - Added prompt from line 1849 to batch.
2025-06-27 19:35:02,284 - INFO - Reading line 1850 from input file...
2025-06-27 19:35:02,284 - INFO - Added prompt from line 1850 to batch.
2025-06-27 19:35:02,284 - INFO - Reading line 1851 from input file...
2025-06-27 19:35:02,285 - INFO - Added prompt from line 1851 to batch.
2025-06-27 19:35:02,285 - INFO - Reading line 1852 from input file...
2025-06-27 19:35:02,285 - INFO - Added prompt from line 1852 to batch.
2025-06-27 19:35:02,285 - INFO - Reading line 1853 from input file...
2025-06-27 19:35:02,285 - INFO - Added prompt from line 1853 to batch.
2025-06-27 19:35:02,285 - INFO - Reading line 1854 from input file...
2025-06-27 19:35:02,285 - INFO - Added prompt from line 1854 to batch.
2025-06-27 19:35:02,285 - INFO - Reading line 1855 from input file...
2025-06-27 19:35:02,285 - INFO - Added prompt from line 1855 to batch.
2025-06-27 19:35:02,285 - INFO - Reading line 1856 from input file...
2025-06-27 19:35:02,285 - INFO - Added prompt from line 1856 to batch.
2025-06-27 19:35:02,285 - INFO - Processing batch of 8 prompts (up to line 1856)...
2025-06-27 19:35:02,285 - INFO - Generating rankings for batch of 8 pairs of prompts. System prompt: 'You are a helpful assistant. Your task is to rank the two provided texts. Please explicitly write which of the two texts is of higher quality by writing the corresponding letter in the output, and nothing else.'
2025-06-27 19:35:02,285 - INFO - First formatted prompt for tokenizer (first 100 chars): '<|begin_of_text|><|start_header_id|>system<|end_header_id|>

Cutting Knowledge Date: December 2023
T...'
2025-06-27 19:35:02,285 - INFO - Input device: cuda:0, preparing to move inputs to device.
2025-06-27 19:35:02,288 - INFO - Batch of inputs tokenized, padded, truncated, and moved to model device.
2025-06-27 19:35:02,288 - INFO - Starting batched model.generate()...
Setting `pad_token_id` to `eos_token_id`:128001 for open-end generation.
2025-06-27 19:35:02,510 - INFO - Batched model.generate() completed.
2025-06-27 19:35:02,510 - INFO - Decoding batch of responses and extracting token probabilities...
2025-06-27 19:35:02,513 - INFO - Input tokens stripped from responses and probabilities extracted.
2025-06-27 19:35:02,513 - INFO - Batch of responses generated.
2025-06-27 19:35:02,514 - INFO - Appended 8 results from batch to /scratch-shared/mschaffelder/data/exp_3/pairwise/small/outputs/llama_8b_multi_source.jsonl
2025-06-27 19:35:02,514 - INFO - Reading line 1857 from input file...
2025-06-27 19:35:02,514 - INFO - Added prompt from line 1857 to batch.
2025-06-27 19:35:02,514 - INFO - Reading line 1858 from input file...
2025-06-27 19:35:02,514 - INFO - Added prompt from line 1858 to batch.
2025-06-27 19:35:02,514 - INFO - Reading line 1859 from input file...
2025-06-27 19:35:02,514 - INFO - Added prompt from line 1859 to batch.
2025-06-27 19:35:02,514 - INFO - Reading line 1860 from input file...
2025-06-27 19:35:02,514 - INFO - Added prompt from line 1860 to batch.
2025-06-27 19:35:02,514 - INFO - Reading line 1861 from input file...
2025-06-27 19:35:02,514 - INFO - Added prompt from line 1861 to batch.
2025-06-27 19:35:02,514 - INFO - Reading line 1862 from input file...
2025-06-27 19:35:02,514 - INFO - Added prompt from line 1862 to batch.
2025-06-27 19:35:02,514 - INFO - Reading line 1863 from input file...
2025-06-27 19:35:02,514 - INFO - Added prompt from line 1863 to batch.
2025-06-27 19:35:02,514 - INFO - Reading line 1864 from input file...
2025-06-27 19:35:02,514 - INFO - Added prompt from line 1864 to batch.
2025-06-27 19:35:02,514 - INFO - Processing batch of 8 prompts (up to line 1864)...
2025-06-27 19:35:02,514 - INFO - Generating rankings for batch of 8 pairs of prompts. System prompt: 'You are a helpful assistant. Your task is to rank the two provided texts. Please explicitly write which of the two texts is of higher quality by writing the corresponding letter in the output, and nothing else.'
2025-06-27 19:35:02,515 - INFO - First formatted prompt for tokenizer (first 100 chars): '<|begin_of_text|><|start_header_id|>system<|end_header_id|>

Cutting Knowledge Date: December 2023
T...'
2025-06-27 19:35:02,515 - INFO - Input device: cuda:0, preparing to move inputs to device.
2025-06-27 19:35:02,517 - INFO - Batch of inputs tokenized, padded, truncated, and moved to model device.
2025-06-27 19:35:02,518 - INFO - Starting batched model.generate()...
Setting `pad_token_id` to `eos_token_id`:128001 for open-end generation.
2025-06-27 19:35:02,836 - INFO - Batched model.generate() completed.
2025-06-27 19:35:02,836 - INFO - Decoding batch of responses and extracting token probabilities...
2025-06-27 19:35:02,839 - INFO - Input tokens stripped from responses and probabilities extracted.
2025-06-27 19:35:02,839 - INFO - Batch of responses generated.
2025-06-27 19:35:02,840 - INFO - Appended 8 results from batch to /scratch-shared/mschaffelder/data/exp_3/pairwise/small/outputs/llama_8b_multi_source.jsonl
2025-06-27 19:35:02,840 - INFO - Reading line 1865 from input file...
2025-06-27 19:35:02,840 - INFO - Added prompt from line 1865 to batch.
2025-06-27 19:35:02,840 - INFO - Reading line 1866 from input file...
2025-06-27 19:35:02,841 - INFO - Added prompt from line 1866 to batch.
2025-06-27 19:35:02,841 - INFO - Reading line 1867 from input file...
2025-06-27 19:35:02,841 - INFO - Added prompt from line 1867 to batch.
2025-06-27 19:35:02,841 - INFO - Reading line 1868 from input file...
2025-06-27 19:35:02,841 - INFO - Added prompt from line 1868 to batch.
2025-06-27 19:35:02,841 - INFO - Reading line 1869 from input file...
2025-06-27 19:35:02,841 - INFO - Added prompt from line 1869 to batch.
2025-06-27 19:35:02,841 - INFO - Reading line 1870 from input file...
2025-06-27 19:35:02,841 - INFO - Added prompt from line 1870 to batch.
2025-06-27 19:35:02,841 - INFO - Reading line 1871 from input file...
2025-06-27 19:35:02,841 - INFO - Added prompt from line 1871 to batch.
2025-06-27 19:35:02,841 - INFO - Reading line 1872 from input file...
2025-06-27 19:35:02,841 - INFO - Added prompt from line 1872 to batch.
2025-06-27 19:35:02,841 - INFO - Processing batch of 8 prompts (up to line 1872)...
2025-06-27 19:35:02,841 - INFO - Generating rankings for batch of 8 pairs of prompts. System prompt: 'You are a helpful assistant. Your task is to rank the two provided texts. Please explicitly write which of the two texts is of higher quality by writing the corresponding letter in the output, and nothing else.'
2025-06-27 19:35:02,841 - INFO - First formatted prompt for tokenizer (first 100 chars): '<|begin_of_text|><|start_header_id|>system<|end_header_id|>

Cutting Knowledge Date: December 2023
T...'
2025-06-27 19:35:02,842 - INFO - Input device: cuda:0, preparing to move inputs to device.
2025-06-27 19:35:02,844 - INFO - Batch of inputs tokenized, padded, truncated, and moved to model device.
2025-06-27 19:35:02,844 - INFO - Starting batched model.generate()...
Setting `pad_token_id` to `eos_token_id`:128001 for open-end generation.
2025-06-27 19:35:03,160 - INFO - Batched model.generate() completed.
2025-06-27 19:35:03,161 - INFO - Decoding batch of responses and extracting token probabilities...
2025-06-27 19:35:03,164 - INFO - Input tokens stripped from responses and probabilities extracted.
2025-06-27 19:35:03,164 - INFO - Batch of responses generated.
2025-06-27 19:35:03,166 - INFO - Appended 8 results from batch to /scratch-shared/mschaffelder/data/exp_3/pairwise/small/outputs/llama_8b_multi_source.jsonl
2025-06-27 19:35:03,166 - INFO - Reading line 1873 from input file...
2025-06-27 19:35:03,166 - INFO - Added prompt from line 1873 to batch.
2025-06-27 19:35:03,166 - INFO - Reading line 1874 from input file...
2025-06-27 19:35:03,166 - INFO - Added prompt from line 1874 to batch.
2025-06-27 19:35:03,166 - INFO - Reading line 1875 from input file...
2025-06-27 19:35:03,166 - INFO - Added prompt from line 1875 to batch.
2025-06-27 19:35:03,166 - INFO - Reading line 1876 from input file...
2025-06-27 19:35:03,166 - INFO - Added prompt from line 1876 to batch.
2025-06-27 19:35:03,166 - INFO - Reading line 1877 from input file...
2025-06-27 19:35:03,166 - INFO - Added prompt from line 1877 to batch.
2025-06-27 19:35:03,166 - INFO - Reading line 1878 from input file...
2025-06-27 19:35:03,166 - INFO - Added prompt from line 1878 to batch.
2025-06-27 19:35:03,166 - INFO - Reading line 1879 from input file...
2025-06-27 19:35:03,166 - INFO - Added prompt from line 1879 to batch.
2025-06-27 19:35:03,166 - INFO - Reading line 1880 from input file...
2025-06-27 19:35:03,166 - INFO - Added prompt from line 1880 to batch.
2025-06-27 19:35:03,166 - INFO - Processing batch of 8 prompts (up to line 1880)...
2025-06-27 19:35:03,166 - INFO - Generating rankings for batch of 8 pairs of prompts. System prompt: 'You are a helpful assistant. Your task is to rank the two provided texts. Please explicitly write which of the two texts is of higher quality by writing the corresponding letter in the output, and nothing else.'
2025-06-27 19:35:03,167 - INFO - First formatted prompt for tokenizer (first 100 chars): '<|begin_of_text|><|start_header_id|>system<|end_header_id|>

Cutting Knowledge Date: December 2023
T...'
2025-06-27 19:35:03,167 - INFO - Input device: cuda:0, preparing to move inputs to device.
2025-06-27 19:35:03,169 - INFO - Batch of inputs tokenized, padded, truncated, and moved to model device.
2025-06-27 19:35:03,170 - INFO - Starting batched model.generate()...
Setting `pad_token_id` to `eos_token_id`:128001 for open-end generation.
2025-06-27 19:35:03,441 - INFO - Batched model.generate() completed.
2025-06-27 19:35:03,442 - INFO - Decoding batch of responses and extracting token probabilities...
2025-06-27 19:35:03,445 - INFO - Input tokens stripped from responses and probabilities extracted.
2025-06-27 19:35:03,445 - INFO - Batch of responses generated.
2025-06-27 19:35:03,446 - INFO - Appended 8 results from batch to /scratch-shared/mschaffelder/data/exp_3/pairwise/small/outputs/llama_8b_multi_source.jsonl
2025-06-27 19:35:03,446 - INFO - Reading line 1881 from input file...
2025-06-27 19:35:03,446 - INFO - Added prompt from line 1881 to batch.
2025-06-27 19:35:03,446 - INFO - Reading line 1882 from input file...
2025-06-27 19:35:03,446 - INFO - Added prompt from line 1882 to batch.
2025-06-27 19:35:03,446 - INFO - Reading line 1883 from input file...
2025-06-27 19:35:03,446 - INFO - Added prompt from line 1883 to batch.
2025-06-27 19:35:03,446 - INFO - Reading line 1884 from input file...
2025-06-27 19:35:03,446 - INFO - Added prompt from line 1884 to batch.
2025-06-27 19:35:03,446 - INFO - Reading line 1885 from input file...
2025-06-27 19:35:03,446 - INFO - Added prompt from line 1885 to batch.
2025-06-27 19:35:03,447 - INFO - Reading line 1886 from input file...
2025-06-27 19:35:03,447 - INFO - Added prompt from line 1886 to batch.
2025-06-27 19:35:03,447 - INFO - Reading line 1887 from input file...
2025-06-27 19:35:03,447 - INFO - Added prompt from line 1887 to batch.
2025-06-27 19:35:03,447 - INFO - Reading line 1888 from input file...
2025-06-27 19:35:03,447 - INFO - Added prompt from line 1888 to batch.
2025-06-27 19:35:03,447 - INFO - Processing batch of 8 prompts (up to line 1888)...
2025-06-27 19:35:03,447 - INFO - Generating rankings for batch of 8 pairs of prompts. System prompt: 'You are a helpful assistant. Your task is to rank the two provided texts. Please explicitly write which of the two texts is of higher quality by writing the corresponding letter in the output, and nothing else.'
2025-06-27 19:35:03,447 - INFO - First formatted prompt for tokenizer (first 100 chars): '<|begin_of_text|><|start_header_id|>system<|end_header_id|>

Cutting Knowledge Date: December 2023
T...'
2025-06-27 19:35:03,447 - INFO - Input device: cuda:0, preparing to move inputs to device.
2025-06-27 19:35:03,450 - INFO - Batch of inputs tokenized, padded, truncated, and moved to model device.
2025-06-27 19:35:03,450 - INFO - Starting batched model.generate()...
Setting `pad_token_id` to `eos_token_id`:128001 for open-end generation.
2025-06-27 19:35:03,784 - INFO - Batched model.generate() completed.
2025-06-27 19:35:03,784 - INFO - Decoding batch of responses and extracting token probabilities...
2025-06-27 19:35:03,787 - INFO - Input tokens stripped from responses and probabilities extracted.
2025-06-27 19:35:03,787 - INFO - Batch of responses generated.
2025-06-27 19:35:03,789 - INFO - Appended 8 results from batch to /scratch-shared/mschaffelder/data/exp_3/pairwise/small/outputs/llama_8b_multi_source.jsonl
2025-06-27 19:35:03,789 - INFO - Reading line 1889 from input file...
2025-06-27 19:35:03,789 - INFO - Added prompt from line 1889 to batch.
2025-06-27 19:35:03,789 - INFO - Reading line 1890 from input file...
2025-06-27 19:35:03,789 - INFO - Added prompt from line 1890 to batch.
2025-06-27 19:35:03,789 - INFO - Reading line 1891 from input file...
2025-06-27 19:35:03,789 - INFO - Added prompt from line 1891 to batch.
2025-06-27 19:35:03,789 - INFO - Reading line 1892 from input file...
2025-06-27 19:35:03,789 - INFO - Added prompt from line 1892 to batch.
2025-06-27 19:35:03,789 - INFO - Reading line 1893 from input file...
2025-06-27 19:35:03,789 - INFO - Added prompt from line 1893 to batch.
2025-06-27 19:35:03,789 - INFO - Reading line 1894 from input file...
2025-06-27 19:35:03,789 - INFO - Added prompt from line 1894 to batch.
2025-06-27 19:35:03,789 - INFO - Reading line 1895 from input file...
2025-06-27 19:35:03,789 - INFO - Added prompt from line 1895 to batch.
2025-06-27 19:35:03,789 - INFO - Reading line 1896 from input file...
2025-06-27 19:35:03,789 - INFO - Added prompt from line 1896 to batch.
2025-06-27 19:35:03,789 - INFO - Processing batch of 8 prompts (up to line 1896)...
2025-06-27 19:35:03,789 - INFO - Generating rankings for batch of 8 pairs of prompts. System prompt: 'You are a helpful assistant. Your task is to rank the two provided texts. Please explicitly write which of the two texts is of higher quality by writing the corresponding letter in the output, and nothing else.'
2025-06-27 19:35:03,790 - INFO - First formatted prompt for tokenizer (first 100 chars): '<|begin_of_text|><|start_header_id|>system<|end_header_id|>

Cutting Knowledge Date: December 2023
T...'
2025-06-27 19:35:03,790 - INFO - Input device: cuda:0, preparing to move inputs to device.
2025-06-27 19:35:03,792 - INFO - Batch of inputs tokenized, padded, truncated, and moved to model device.
2025-06-27 19:35:03,792 - INFO - Starting batched model.generate()...
Setting `pad_token_id` to `eos_token_id`:128001 for open-end generation.
2025-06-27 19:35:04,058 - INFO - Batched model.generate() completed.
2025-06-27 19:35:04,058 - INFO - Decoding batch of responses and extracting token probabilities...
2025-06-27 19:35:04,061 - INFO - Input tokens stripped from responses and probabilities extracted.
2025-06-27 19:35:04,061 - INFO - Batch of responses generated.
2025-06-27 19:35:04,063 - INFO - Appended 8 results from batch to /scratch-shared/mschaffelder/data/exp_3/pairwise/small/outputs/llama_8b_multi_source.jsonl
2025-06-27 19:35:04,063 - INFO - Reading line 1897 from input file...
2025-06-27 19:35:04,063 - INFO - Added prompt from line 1897 to batch.
2025-06-27 19:35:04,063 - INFO - Reading line 1898 from input file...
2025-06-27 19:35:04,063 - INFO - Added prompt from line 1898 to batch.
2025-06-27 19:35:04,063 - INFO - Reading line 1899 from input file...
2025-06-27 19:35:04,063 - INFO - Added prompt from line 1899 to batch.
2025-06-27 19:35:04,063 - INFO - Reading line 1900 from input file...
2025-06-27 19:35:04,063 - INFO - Added prompt from line 1900 to batch.
2025-06-27 19:35:04,063 - INFO - Reading line 1901 from input file...
2025-06-27 19:35:04,063 - INFO - Added prompt from line 1901 to batch.
2025-06-27 19:35:04,063 - INFO - Reading line 1902 from input file...
2025-06-27 19:35:04,063 - INFO - Added prompt from line 1902 to batch.
2025-06-27 19:35:04,063 - INFO - Reading line 1903 from input file...
2025-06-27 19:35:04,063 - INFO - Added prompt from line 1903 to batch.
2025-06-27 19:35:04,063 - INFO - Reading line 1904 from input file...
2025-06-27 19:35:04,063 - INFO - Added prompt from line 1904 to batch.
2025-06-27 19:35:04,064 - INFO - Processing batch of 8 prompts (up to line 1904)...
2025-06-27 19:35:04,064 - INFO - Generating rankings for batch of 8 pairs of prompts. System prompt: 'You are a helpful assistant. Your task is to rank the two provided texts. Please explicitly write which of the two texts is of higher quality by writing the corresponding letter in the output, and nothing else.'
2025-06-27 19:35:04,064 - INFO - First formatted prompt for tokenizer (first 100 chars): '<|begin_of_text|><|start_header_id|>system<|end_header_id|>

Cutting Knowledge Date: December 2023
T...'
2025-06-27 19:35:04,064 - INFO - Input device: cuda:0, preparing to move inputs to device.
2025-06-27 19:35:04,068 - INFO - Batch of inputs tokenized, padded, truncated, and moved to model device.
2025-06-27 19:35:04,068 - INFO - Starting batched model.generate()...
Setting `pad_token_id` to `eos_token_id`:128001 for open-end generation.
2025-06-27 19:35:04,483 - INFO - Batched model.generate() completed.
2025-06-27 19:35:04,483 - INFO - Decoding batch of responses and extracting token probabilities...
2025-06-27 19:35:04,486 - INFO - Input tokens stripped from responses and probabilities extracted.
2025-06-27 19:35:04,487 - INFO - Batch of responses generated.
2025-06-27 19:35:04,489 - INFO - Appended 8 results from batch to /scratch-shared/mschaffelder/data/exp_3/pairwise/small/outputs/llama_8b_multi_source.jsonl
2025-06-27 19:35:04,489 - INFO - Reading line 1905 from input file...
2025-06-27 19:35:04,489 - INFO - Added prompt from line 1905 to batch.
2025-06-27 19:35:04,489 - INFO - Reading line 1906 from input file...
2025-06-27 19:35:04,489 - INFO - Added prompt from line 1906 to batch.
2025-06-27 19:35:04,489 - INFO - Reading line 1907 from input file...
2025-06-27 19:35:04,489 - INFO - Added prompt from line 1907 to batch.
2025-06-27 19:35:04,489 - INFO - Reading line 1908 from input file...
2025-06-27 19:35:04,489 - INFO - Added prompt from line 1908 to batch.
2025-06-27 19:35:04,489 - INFO - Reading line 1909 from input file...
2025-06-27 19:35:04,489 - INFO - Added prompt from line 1909 to batch.
2025-06-27 19:35:04,489 - INFO - Reading line 1910 from input file...
2025-06-27 19:35:04,489 - INFO - Added prompt from line 1910 to batch.
2025-06-27 19:35:04,489 - INFO - Reading line 1911 from input file...
2025-06-27 19:35:04,489 - INFO - Added prompt from line 1911 to batch.
2025-06-27 19:35:04,489 - INFO - Reading line 1912 from input file...
2025-06-27 19:35:04,489 - INFO - Added prompt from line 1912 to batch.
2025-06-27 19:35:04,489 - INFO - Processing batch of 8 prompts (up to line 1912)...
2025-06-27 19:35:04,489 - INFO - Generating rankings for batch of 8 pairs of prompts. System prompt: 'You are a helpful assistant. Your task is to rank the two provided texts. Please explicitly write which of the two texts is of higher quality by writing the corresponding letter in the output, and nothing else.'
2025-06-27 19:35:04,490 - INFO - First formatted prompt for tokenizer (first 100 chars): '<|begin_of_text|><|start_header_id|>system<|end_header_id|>

Cutting Knowledge Date: December 2023
T...'
2025-06-27 19:35:04,490 - INFO - Input device: cuda:0, preparing to move inputs to device.
2025-06-27 19:35:04,493 - INFO - Batch of inputs tokenized, padded, truncated, and moved to model device.
2025-06-27 19:35:04,493 - INFO - Starting batched model.generate()...
Setting `pad_token_id` to `eos_token_id`:128001 for open-end generation.
2025-06-27 19:35:04,963 - INFO - Batched model.generate() completed.
2025-06-27 19:35:04,964 - INFO - Decoding batch of responses and extracting token probabilities...
2025-06-27 19:35:04,968 - INFO - Input tokens stripped from responses and probabilities extracted.
2025-06-27 19:35:04,968 - INFO - Batch of responses generated.
2025-06-27 19:35:04,969 - INFO - Appended 8 results from batch to /scratch-shared/mschaffelder/data/exp_3/pairwise/small/outputs/llama_8b_multi_source.jsonl
2025-06-27 19:35:04,969 - INFO - Reading line 1913 from input file...
2025-06-27 19:35:04,969 - INFO - Added prompt from line 1913 to batch.
2025-06-27 19:35:04,969 - INFO - Reading line 1914 from input file...
2025-06-27 19:35:04,969 - INFO - Added prompt from line 1914 to batch.
2025-06-27 19:35:04,969 - INFO - Reading line 1915 from input file...
2025-06-27 19:35:04,969 - INFO - Added prompt from line 1915 to batch.
2025-06-27 19:35:04,969 - INFO - Reading line 1916 from input file...
2025-06-27 19:35:04,969 - INFO - Added prompt from line 1916 to batch.
2025-06-27 19:35:04,969 - INFO - Reading line 1917 from input file...
2025-06-27 19:35:04,970 - INFO - Added prompt from line 1917 to batch.
2025-06-27 19:35:04,970 - INFO - Reading line 1918 from input file...
2025-06-27 19:35:04,970 - INFO - Added prompt from line 1918 to batch.
2025-06-27 19:35:04,970 - INFO - Reading line 1919 from input file...
2025-06-27 19:35:04,970 - INFO - Added prompt from line 1919 to batch.
2025-06-27 19:35:04,970 - INFO - Reading line 1920 from input file...
2025-06-27 19:35:04,970 - INFO - Added prompt from line 1920 to batch.
2025-06-27 19:35:04,970 - INFO - Processing batch of 8 prompts (up to line 1920)...
2025-06-27 19:35:04,970 - INFO - Generating rankings for batch of 8 pairs of prompts. System prompt: 'You are a helpful assistant. Your task is to rank the two provided texts. Please explicitly write which of the two texts is of higher quality by writing the corresponding letter in the output, and nothing else.'
2025-06-27 19:35:04,970 - INFO - First formatted prompt for tokenizer (first 100 chars): '<|begin_of_text|><|start_header_id|>system<|end_header_id|>

Cutting Knowledge Date: December 2023
T...'
2025-06-27 19:35:04,970 - INFO - Input device: cuda:0, preparing to move inputs to device.
2025-06-27 19:35:04,973 - INFO - Batch of inputs tokenized, padded, truncated, and moved to model device.
2025-06-27 19:35:04,973 - INFO - Starting batched model.generate()...
Setting `pad_token_id` to `eos_token_id`:128001 for open-end generation.
2025-06-27 19:35:05,263 - INFO - Batched model.generate() completed.
2025-06-27 19:35:05,264 - INFO - Decoding batch of responses and extracting token probabilities...
2025-06-27 19:35:05,267 - INFO - Input tokens stripped from responses and probabilities extracted.
2025-06-27 19:35:05,267 - INFO - Batch of responses generated.
2025-06-27 19:35:05,268 - INFO - Appended 8 results from batch to /scratch-shared/mschaffelder/data/exp_3/pairwise/small/outputs/llama_8b_multi_source.jsonl
2025-06-27 19:35:05,268 - INFO - Reading line 1921 from input file...
2025-06-27 19:35:05,268 - INFO - Added prompt from line 1921 to batch.
2025-06-27 19:35:05,268 - INFO - Reading line 1922 from input file...
2025-06-27 19:35:05,268 - INFO - Added prompt from line 1922 to batch.
2025-06-27 19:35:05,268 - INFO - Reading line 1923 from input file...
2025-06-27 19:35:05,268 - INFO - Added prompt from line 1923 to batch.
2025-06-27 19:35:05,268 - INFO - Reading line 1924 from input file...
2025-06-27 19:35:05,268 - INFO - Added prompt from line 1924 to batch.
2025-06-27 19:35:05,268 - INFO - Reading line 1925 from input file...
2025-06-27 19:35:05,268 - INFO - Added prompt from line 1925 to batch.
2025-06-27 19:35:05,269 - INFO - Reading line 1926 from input file...
2025-06-27 19:35:05,269 - INFO - Added prompt from line 1926 to batch.
2025-06-27 19:35:05,269 - INFO - Reading line 1927 from input file...
2025-06-27 19:35:05,269 - INFO - Added prompt from line 1927 to batch.
2025-06-27 19:35:05,269 - INFO - Reading line 1928 from input file...
2025-06-27 19:35:05,269 - INFO - Added prompt from line 1928 to batch.
2025-06-27 19:35:05,269 - INFO - Processing batch of 8 prompts (up to line 1928)...
2025-06-27 19:35:05,269 - INFO - Generating rankings for batch of 8 pairs of prompts. System prompt: 'You are a helpful assistant. Your task is to rank the two provided texts. Please explicitly write which of the two texts is of higher quality by writing the corresponding letter in the output, and nothing else.'
2025-06-27 19:35:05,269 - INFO - First formatted prompt for tokenizer (first 100 chars): '<|begin_of_text|><|start_header_id|>system<|end_header_id|>

Cutting Knowledge Date: December 2023
T...'
2025-06-27 19:35:05,269 - INFO - Input device: cuda:0, preparing to move inputs to device.
2025-06-27 19:35:05,272 - INFO - Batch of inputs tokenized, padded, truncated, and moved to model device.
2025-06-27 19:35:05,272 - INFO - Starting batched model.generate()...
Setting `pad_token_id` to `eos_token_id`:128001 for open-end generation.
2025-06-27 19:35:05,596 - INFO - Batched model.generate() completed.
2025-06-27 19:35:05,596 - INFO - Decoding batch of responses and extracting token probabilities...
2025-06-27 19:35:05,599 - INFO - Input tokens stripped from responses and probabilities extracted.
2025-06-27 19:35:05,599 - INFO - Batch of responses generated.
2025-06-27 19:35:08,389 - INFO - Appended 8 results from batch to /scratch-shared/mschaffelder/data/exp_3/pairwise/small/outputs/llama_8b_multi_source.jsonl
2025-06-27 19:35:08,389 - INFO - Reading line 1929 from input file...
2025-06-27 19:35:08,389 - INFO - Added prompt from line 1929 to batch.
2025-06-27 19:35:08,389 - INFO - Reading line 1930 from input file...
2025-06-27 19:35:08,389 - INFO - Added prompt from line 1930 to batch.
2025-06-27 19:35:08,389 - INFO - Reading line 1931 from input file...
2025-06-27 19:35:08,389 - INFO - Added prompt from line 1931 to batch.
2025-06-27 19:35:08,389 - INFO - Reading line 1932 from input file...
2025-06-27 19:35:08,389 - INFO - Added prompt from line 1932 to batch.
2025-06-27 19:35:08,389 - INFO - Reading line 1933 from input file...
2025-06-27 19:35:08,389 - INFO - Added prompt from line 1933 to batch.
2025-06-27 19:35:08,389 - INFO - Reading line 1934 from input file...
2025-06-27 19:35:08,389 - INFO - Added prompt from line 1934 to batch.
2025-06-27 19:35:08,389 - INFO - Reading line 1935 from input file...
2025-06-27 19:35:08,389 - INFO - Added prompt from line 1935 to batch.
2025-06-27 19:35:08,389 - INFO - Reading line 1936 from input file...
2025-06-27 19:35:08,389 - INFO - Added prompt from line 1936 to batch.
2025-06-27 19:35:08,389 - INFO - Processing batch of 8 prompts (up to line 1936)...
2025-06-27 19:35:08,389 - INFO - Generating rankings for batch of 8 pairs of prompts. System prompt: 'You are a helpful assistant. Your task is to rank the two provided texts. Please explicitly write which of the two texts is of higher quality by writing the corresponding letter in the output, and nothing else.'
2025-06-27 19:35:08,390 - INFO - First formatted prompt for tokenizer (first 100 chars): '<|begin_of_text|><|start_header_id|>system<|end_header_id|>

Cutting Knowledge Date: December 2023
T...'
2025-06-27 19:35:08,390 - INFO - Input device: cuda:0, preparing to move inputs to device.
2025-06-27 19:35:08,393 - INFO - Batch of inputs tokenized, padded, truncated, and moved to model device.
2025-06-27 19:35:08,393 - INFO - Starting batched model.generate()...
Setting `pad_token_id` to `eos_token_id`:128001 for open-end generation.
2025-06-27 19:35:08,675 - INFO - Batched model.generate() completed.
2025-06-27 19:35:08,675 - INFO - Decoding batch of responses and extracting token probabilities...
2025-06-27 19:35:08,678 - INFO - Input tokens stripped from responses and probabilities extracted.
2025-06-27 19:35:08,678 - INFO - Batch of responses generated.
2025-06-27 19:35:08,680 - INFO - Appended 8 results from batch to /scratch-shared/mschaffelder/data/exp_3/pairwise/small/outputs/llama_8b_multi_source.jsonl
2025-06-27 19:35:08,680 - INFO - Reading line 1937 from input file...
2025-06-27 19:35:08,680 - INFO - Added prompt from line 1937 to batch.
2025-06-27 19:35:08,680 - INFO - Reading line 1938 from input file...
2025-06-27 19:35:08,680 - INFO - Added prompt from line 1938 to batch.
2025-06-27 19:35:08,680 - INFO - Reading line 1939 from input file...
2025-06-27 19:35:08,680 - INFO - Added prompt from line 1939 to batch.
2025-06-27 19:35:08,680 - INFO - Reading line 1940 from input file...
2025-06-27 19:35:08,680 - INFO - Added prompt from line 1940 to batch.
2025-06-27 19:35:08,680 - INFO - Reading line 1941 from input file...
2025-06-27 19:35:08,680 - INFO - Added prompt from line 1941 to batch.
2025-06-27 19:35:08,680 - INFO - Reading line 1942 from input file...
2025-06-27 19:35:08,680 - INFO - Added prompt from line 1942 to batch.
2025-06-27 19:35:08,680 - INFO - Reading line 1943 from input file...
2025-06-27 19:35:08,680 - INFO - Added prompt from line 1943 to batch.
2025-06-27 19:35:08,680 - INFO - Reading line 1944 from input file...
2025-06-27 19:35:08,680 - INFO - Added prompt from line 1944 to batch.
2025-06-27 19:35:08,680 - INFO - Processing batch of 8 prompts (up to line 1944)...
2025-06-27 19:35:08,680 - INFO - Generating rankings for batch of 8 pairs of prompts. System prompt: 'You are a helpful assistant. Your task is to rank the two provided texts. Please explicitly write which of the two texts is of higher quality by writing the corresponding letter in the output, and nothing else.'
2025-06-27 19:35:08,681 - INFO - First formatted prompt for tokenizer (first 100 chars): '<|begin_of_text|><|start_header_id|>system<|end_header_id|>

Cutting Knowledge Date: December 2023
T...'
2025-06-27 19:35:08,681 - INFO - Input device: cuda:0, preparing to move inputs to device.
2025-06-27 19:35:08,683 - INFO - Batch of inputs tokenized, padded, truncated, and moved to model device.
2025-06-27 19:35:08,683 - INFO - Starting batched model.generate()...
Setting `pad_token_id` to `eos_token_id`:128001 for open-end generation.
2025-06-27 19:35:08,995 - INFO - Batched model.generate() completed.
2025-06-27 19:35:08,996 - INFO - Decoding batch of responses and extracting token probabilities...
2025-06-27 19:35:08,999 - INFO - Input tokens stripped from responses and probabilities extracted.
2025-06-27 19:35:08,999 - INFO - Batch of responses generated.
2025-06-27 19:35:09,000 - INFO - Appended 8 results from batch to /scratch-shared/mschaffelder/data/exp_3/pairwise/small/outputs/llama_8b_multi_source.jsonl
2025-06-27 19:35:09,000 - INFO - Reading line 1945 from input file...
2025-06-27 19:35:09,000 - INFO - Added prompt from line 1945 to batch.
2025-06-27 19:35:09,000 - INFO - Reading line 1946 from input file...
2025-06-27 19:35:09,000 - INFO - Added prompt from line 1946 to batch.
2025-06-27 19:35:09,000 - INFO - Reading line 1947 from input file...
2025-06-27 19:35:09,000 - INFO - Added prompt from line 1947 to batch.
2025-06-27 19:35:09,001 - INFO - Reading line 1948 from input file...
2025-06-27 19:35:09,001 - INFO - Added prompt from line 1948 to batch.
2025-06-27 19:35:09,001 - INFO - Reading line 1949 from input file...
2025-06-27 19:35:09,001 - INFO - Added prompt from line 1949 to batch.
2025-06-27 19:35:09,001 - INFO - Reading line 1950 from input file...
2025-06-27 19:35:09,001 - INFO - Added prompt from line 1950 to batch.
2025-06-27 19:35:09,001 - INFO - Reading line 1951 from input file...
2025-06-27 19:35:09,001 - INFO - Added prompt from line 1951 to batch.
2025-06-27 19:35:09,001 - INFO - Reading line 1952 from input file...
2025-06-27 19:35:09,001 - INFO - Added prompt from line 1952 to batch.
2025-06-27 19:35:09,001 - INFO - Processing batch of 8 prompts (up to line 1952)...
2025-06-27 19:35:09,001 - INFO - Generating rankings for batch of 8 pairs of prompts. System prompt: 'You are a helpful assistant. Your task is to rank the two provided texts. Please explicitly write which of the two texts is of higher quality by writing the corresponding letter in the output, and nothing else.'
2025-06-27 19:35:09,001 - INFO - First formatted prompt for tokenizer (first 100 chars): '<|begin_of_text|><|start_header_id|>system<|end_header_id|>

Cutting Knowledge Date: December 2023
T...'
2025-06-27 19:35:09,001 - INFO - Input device: cuda:0, preparing to move inputs to device.
2025-06-27 19:35:09,004 - INFO - Batch of inputs tokenized, padded, truncated, and moved to model device.
2025-06-27 19:35:09,004 - INFO - Starting batched model.generate()...
Setting `pad_token_id` to `eos_token_id`:128001 for open-end generation.
2025-06-27 19:35:09,325 - INFO - Batched model.generate() completed.
2025-06-27 19:35:09,325 - INFO - Decoding batch of responses and extracting token probabilities...
2025-06-27 19:35:09,328 - INFO - Input tokens stripped from responses and probabilities extracted.
2025-06-27 19:35:09,329 - INFO - Batch of responses generated.
2025-06-27 19:35:09,330 - INFO - Appended 8 results from batch to /scratch-shared/mschaffelder/data/exp_3/pairwise/small/outputs/llama_8b_multi_source.jsonl
2025-06-27 19:35:09,330 - INFO - Reading line 1953 from input file...
2025-06-27 19:35:09,330 - INFO - Added prompt from line 1953 to batch.
2025-06-27 19:35:09,330 - INFO - Reading line 1954 from input file...
2025-06-27 19:35:09,330 - INFO - Added prompt from line 1954 to batch.
2025-06-27 19:35:09,330 - INFO - Reading line 1955 from input file...
2025-06-27 19:35:09,330 - INFO - Added prompt from line 1955 to batch.
2025-06-27 19:35:09,330 - INFO - Reading line 1956 from input file...
2025-06-27 19:35:09,330 - INFO - Added prompt from line 1956 to batch.
2025-06-27 19:35:09,330 - INFO - Reading line 1957 from input file...
2025-06-27 19:35:09,330 - INFO - Added prompt from line 1957 to batch.
2025-06-27 19:35:09,330 - INFO - Reading line 1958 from input file...
2025-06-27 19:35:09,330 - INFO - Added prompt from line 1958 to batch.
2025-06-27 19:35:09,331 - INFO - Reading line 1959 from input file...
2025-06-27 19:35:09,331 - INFO - Added prompt from line 1959 to batch.
2025-06-27 19:35:09,331 - INFO - Reading line 1960 from input file...
2025-06-27 19:35:09,331 - INFO - Added prompt from line 1960 to batch.
2025-06-27 19:35:09,331 - INFO - Processing batch of 8 prompts (up to line 1960)...
2025-06-27 19:35:09,331 - INFO - Generating rankings for batch of 8 pairs of prompts. System prompt: 'You are a helpful assistant. Your task is to rank the two provided texts. Please explicitly write which of the two texts is of higher quality by writing the corresponding letter in the output, and nothing else.'
2025-06-27 19:35:09,331 - INFO - First formatted prompt for tokenizer (first 100 chars): '<|begin_of_text|><|start_header_id|>system<|end_header_id|>

Cutting Knowledge Date: December 2023
T...'
2025-06-27 19:35:09,331 - INFO - Input device: cuda:0, preparing to move inputs to device.
2025-06-27 19:35:09,334 - INFO - Batch of inputs tokenized, padded, truncated, and moved to model device.
2025-06-27 19:35:09,334 - INFO - Starting batched model.generate()...
Setting `pad_token_id` to `eos_token_id`:128001 for open-end generation.
2025-06-27 19:35:09,645 - INFO - Batched model.generate() completed.
2025-06-27 19:35:09,645 - INFO - Decoding batch of responses and extracting token probabilities...
2025-06-27 19:35:09,649 - INFO - Input tokens stripped from responses and probabilities extracted.
2025-06-27 19:35:09,650 - INFO - Batch of responses generated.
2025-06-27 19:35:09,651 - INFO - Appended 8 results from batch to /scratch-shared/mschaffelder/data/exp_3/pairwise/small/outputs/llama_8b_multi_source.jsonl
2025-06-27 19:35:09,651 - INFO - Reading line 1961 from input file...
2025-06-27 19:35:09,651 - INFO - Added prompt from line 1961 to batch.
2025-06-27 19:35:09,651 - INFO - Reading line 1962 from input file...
2025-06-27 19:35:09,651 - INFO - Added prompt from line 1962 to batch.
2025-06-27 19:35:09,651 - INFO - Reading line 1963 from input file...
2025-06-27 19:35:09,651 - INFO - Added prompt from line 1963 to batch.
2025-06-27 19:35:09,651 - INFO - Reading line 1964 from input file...
2025-06-27 19:35:09,651 - INFO - Added prompt from line 1964 to batch.
2025-06-27 19:35:09,651 - INFO - Reading line 1965 from input file...
2025-06-27 19:35:09,651 - INFO - Added prompt from line 1965 to batch.
2025-06-27 19:35:09,651 - INFO - Reading line 1966 from input file...
2025-06-27 19:35:09,651 - INFO - Added prompt from line 1966 to batch.
2025-06-27 19:35:09,651 - INFO - Reading line 1967 from input file...
2025-06-27 19:35:09,651 - INFO - Added prompt from line 1967 to batch.
2025-06-27 19:35:09,651 - INFO - Reading line 1968 from input file...
2025-06-27 19:35:09,651 - INFO - Added prompt from line 1968 to batch.
2025-06-27 19:35:09,651 - INFO - Processing batch of 8 prompts (up to line 1968)...
2025-06-27 19:35:09,651 - INFO - Generating rankings for batch of 8 pairs of prompts. System prompt: 'You are a helpful assistant. Your task is to rank the two provided texts. Please explicitly write which of the two texts is of higher quality by writing the corresponding letter in the output, and nothing else.'
2025-06-27 19:35:09,652 - INFO - First formatted prompt for tokenizer (first 100 chars): '<|begin_of_text|><|start_header_id|>system<|end_header_id|>

Cutting Knowledge Date: December 2023
T...'
2025-06-27 19:35:09,652 - INFO - Input device: cuda:0, preparing to move inputs to device.
2025-06-27 19:35:09,655 - INFO - Batch of inputs tokenized, padded, truncated, and moved to model device.
2025-06-27 19:35:09,655 - INFO - Starting batched model.generate()...
Setting `pad_token_id` to `eos_token_id`:128001 for open-end generation.
2025-06-27 19:35:09,986 - INFO - Batched model.generate() completed.
2025-06-27 19:35:09,986 - INFO - Decoding batch of responses and extracting token probabilities...
2025-06-27 19:35:09,989 - INFO - Input tokens stripped from responses and probabilities extracted.
2025-06-27 19:35:09,989 - INFO - Batch of responses generated.
2025-06-27 19:35:09,991 - INFO - Appended 8 results from batch to /scratch-shared/mschaffelder/data/exp_3/pairwise/small/outputs/llama_8b_multi_source.jsonl
2025-06-27 19:35:09,991 - INFO - Reading line 1969 from input file...
2025-06-27 19:35:09,991 - INFO - Added prompt from line 1969 to batch.
2025-06-27 19:35:09,991 - INFO - Reading line 1970 from input file...
2025-06-27 19:35:09,991 - INFO - Added prompt from line 1970 to batch.
2025-06-27 19:35:09,991 - INFO - Reading line 1971 from input file...
2025-06-27 19:35:09,991 - INFO - Added prompt from line 1971 to batch.
2025-06-27 19:35:09,991 - INFO - Reading line 1972 from input file...
2025-06-27 19:35:09,991 - INFO - Added prompt from line 1972 to batch.
2025-06-27 19:35:09,991 - INFO - Reading line 1973 from input file...
2025-06-27 19:35:09,991 - INFO - Added prompt from line 1973 to batch.
2025-06-27 19:35:09,991 - INFO - Reading line 1974 from input file...
2025-06-27 19:35:09,991 - INFO - Added prompt from line 1974 to batch.
2025-06-27 19:35:09,991 - INFO - Reading line 1975 from input file...
2025-06-27 19:35:09,991 - INFO - Added prompt from line 1975 to batch.
2025-06-27 19:35:09,991 - INFO - Reading line 1976 from input file...
2025-06-27 19:35:09,991 - INFO - Added prompt from line 1976 to batch.
2025-06-27 19:35:09,991 - INFO - Processing batch of 8 prompts (up to line 1976)...
2025-06-27 19:35:09,991 - INFO - Generating rankings for batch of 8 pairs of prompts. System prompt: 'You are a helpful assistant. Your task is to rank the two provided texts. Please explicitly write which of the two texts is of higher quality by writing the corresponding letter in the output, and nothing else.'
2025-06-27 19:35:09,992 - INFO - First formatted prompt for tokenizer (first 100 chars): '<|begin_of_text|><|start_header_id|>system<|end_header_id|>

Cutting Knowledge Date: December 2023
T...'
2025-06-27 19:35:09,992 - INFO - Input device: cuda:0, preparing to move inputs to device.
2025-06-27 19:35:09,994 - INFO - Batch of inputs tokenized, padded, truncated, and moved to model device.
2025-06-27 19:35:09,994 - INFO - Starting batched model.generate()...
Setting `pad_token_id` to `eos_token_id`:128001 for open-end generation.
2025-06-27 19:35:10,318 - INFO - Batched model.generate() completed.
2025-06-27 19:35:10,318 - INFO - Decoding batch of responses and extracting token probabilities...
2025-06-27 19:35:10,322 - INFO - Input tokens stripped from responses and probabilities extracted.
2025-06-27 19:35:10,322 - INFO - Batch of responses generated.
2025-06-27 19:35:10,323 - INFO - Appended 8 results from batch to /scratch-shared/mschaffelder/data/exp_3/pairwise/small/outputs/llama_8b_multi_source.jsonl
2025-06-27 19:35:10,323 - INFO - Reading line 1977 from input file...
2025-06-27 19:35:10,323 - INFO - Added prompt from line 1977 to batch.
2025-06-27 19:35:10,323 - INFO - Reading line 1978 from input file...
2025-06-27 19:35:10,323 - INFO - Added prompt from line 1978 to batch.
2025-06-27 19:35:10,323 - INFO - Reading line 1979 from input file...
2025-06-27 19:35:10,323 - INFO - Added prompt from line 1979 to batch.
2025-06-27 19:35:10,323 - INFO - Reading line 1980 from input file...
2025-06-27 19:35:10,323 - INFO - Added prompt from line 1980 to batch.
2025-06-27 19:35:10,323 - INFO - Reading line 1981 from input file...
2025-06-27 19:35:10,323 - INFO - Added prompt from line 1981 to batch.
2025-06-27 19:35:10,323 - INFO - Reading line 1982 from input file...
2025-06-27 19:35:10,323 - INFO - Added prompt from line 1982 to batch.
2025-06-27 19:35:10,323 - INFO - Reading line 1983 from input file...
2025-06-27 19:35:10,323 - INFO - Added prompt from line 1983 to batch.
2025-06-27 19:35:10,323 - INFO - Reading line 1984 from input file...
2025-06-27 19:35:10,323 - INFO - Added prompt from line 1984 to batch.
2025-06-27 19:35:10,323 - INFO - Processing batch of 8 prompts (up to line 1984)...
2025-06-27 19:35:10,323 - INFO - Generating rankings for batch of 8 pairs of prompts. System prompt: 'You are a helpful assistant. Your task is to rank the two provided texts. Please explicitly write which of the two texts is of higher quality by writing the corresponding letter in the output, and nothing else.'
2025-06-27 19:35:10,324 - INFO - First formatted prompt for tokenizer (first 100 chars): '<|begin_of_text|><|start_header_id|>system<|end_header_id|>

Cutting Knowledge Date: December 2023
T...'
2025-06-27 19:35:10,324 - INFO - Input device: cuda:0, preparing to move inputs to device.
2025-06-27 19:35:10,327 - INFO - Batch of inputs tokenized, padded, truncated, and moved to model device.
2025-06-27 19:35:10,327 - INFO - Starting batched model.generate()...
Setting `pad_token_id` to `eos_token_id`:128001 for open-end generation.
2025-06-27 19:35:10,678 - INFO - Batched model.generate() completed.
2025-06-27 19:35:10,678 - INFO - Decoding batch of responses and extracting token probabilities...
2025-06-27 19:35:10,681 - INFO - Input tokens stripped from responses and probabilities extracted.
2025-06-27 19:35:10,681 - INFO - Batch of responses generated.
2025-06-27 19:35:10,682 - INFO - Appended 8 results from batch to /scratch-shared/mschaffelder/data/exp_3/pairwise/small/outputs/llama_8b_multi_source.jsonl
2025-06-27 19:35:10,682 - INFO - Reading line 1985 from input file...
2025-06-27 19:35:10,682 - INFO - Added prompt from line 1985 to batch.
2025-06-27 19:35:10,682 - INFO - Reading line 1986 from input file...
2025-06-27 19:35:10,683 - INFO - Added prompt from line 1986 to batch.
2025-06-27 19:35:10,683 - INFO - Reading line 1987 from input file...
2025-06-27 19:35:10,683 - INFO - Added prompt from line 1987 to batch.
2025-06-27 19:35:10,683 - INFO - Reading line 1988 from input file...
2025-06-27 19:35:10,683 - INFO - Added prompt from line 1988 to batch.
2025-06-27 19:35:10,683 - INFO - Reading line 1989 from input file...
2025-06-27 19:35:10,683 - INFO - Added prompt from line 1989 to batch.
2025-06-27 19:35:10,683 - INFO - Reading line 1990 from input file...
2025-06-27 19:35:10,683 - INFO - Added prompt from line 1990 to batch.
2025-06-27 19:35:10,683 - INFO - Reading line 1991 from input file...
2025-06-27 19:35:10,683 - INFO - Added prompt from line 1991 to batch.
2025-06-27 19:35:10,683 - INFO - Reading line 1992 from input file...
2025-06-27 19:35:10,683 - INFO - Added prompt from line 1992 to batch.
2025-06-27 19:35:10,683 - INFO - Processing batch of 8 prompts (up to line 1992)...
2025-06-27 19:35:10,683 - INFO - Generating rankings for batch of 8 pairs of prompts. System prompt: 'You are a helpful assistant. Your task is to rank the two provided texts. Please explicitly write which of the two texts is of higher quality by writing the corresponding letter in the output, and nothing else.'
2025-06-27 19:35:10,683 - INFO - First formatted prompt for tokenizer (first 100 chars): '<|begin_of_text|><|start_header_id|>system<|end_header_id|>

Cutting Knowledge Date: December 2023
T...'
2025-06-27 19:35:10,684 - INFO - Input device: cuda:0, preparing to move inputs to device.
2025-06-27 19:35:10,687 - INFO - Batch of inputs tokenized, padded, truncated, and moved to model device.
2025-06-27 19:35:10,687 - INFO - Starting batched model.generate()...
Setting `pad_token_id` to `eos_token_id`:128001 for open-end generation.
2025-06-27 19:35:11,071 - INFO - Batched model.generate() completed.
2025-06-27 19:35:11,071 - INFO - Decoding batch of responses and extracting token probabilities...
2025-06-27 19:35:11,074 - INFO - Input tokens stripped from responses and probabilities extracted.
2025-06-27 19:35:11,075 - INFO - Batch of responses generated.
2025-06-27 19:35:11,076 - INFO - Appended 8 results from batch to /scratch-shared/mschaffelder/data/exp_3/pairwise/small/outputs/llama_8b_multi_source.jsonl
2025-06-27 19:35:11,076 - INFO - Reading line 1993 from input file...
2025-06-27 19:35:11,076 - INFO - Added prompt from line 1993 to batch.
2025-06-27 19:35:11,076 - INFO - Reading line 1994 from input file...
2025-06-27 19:35:11,076 - INFO - Added prompt from line 1994 to batch.
2025-06-27 19:35:11,076 - INFO - Reading line 1995 from input file...
2025-06-27 19:35:11,076 - INFO - Added prompt from line 1995 to batch.
2025-06-27 19:35:11,077 - INFO - Reading line 1996 from input file...
2025-06-27 19:35:11,077 - INFO - Added prompt from line 1996 to batch.
2025-06-27 19:35:11,077 - INFO - Reading line 1997 from input file...
2025-06-27 19:35:11,077 - INFO - Added prompt from line 1997 to batch.
2025-06-27 19:35:11,077 - INFO - Reading line 1998 from input file...
2025-06-27 19:35:11,077 - INFO - Added prompt from line 1998 to batch.
2025-06-27 19:35:11,077 - INFO - Reading line 1999 from input file...
2025-06-27 19:35:11,077 - INFO - Added prompt from line 1999 to batch.
2025-06-27 19:35:11,077 - INFO - Reading line 2000 from input file...
2025-06-27 19:35:11,077 - INFO - Added prompt from line 2000 to batch.
2025-06-27 19:35:11,077 - INFO - Processing batch of 8 prompts (up to line 2000)...
2025-06-27 19:35:11,077 - INFO - Generating rankings for batch of 8 pairs of prompts. System prompt: 'You are a helpful assistant. Your task is to rank the two provided texts. Please explicitly write which of the two texts is of higher quality by writing the corresponding letter in the output, and nothing else.'
2025-06-27 19:35:11,077 - INFO - First formatted prompt for tokenizer (first 100 chars): '<|begin_of_text|><|start_header_id|>system<|end_header_id|>

Cutting Knowledge Date: December 2023
T...'
2025-06-27 19:35:11,077 - INFO - Input device: cuda:0, preparing to move inputs to device.
2025-06-27 19:35:11,080 - INFO - Batch of inputs tokenized, padded, truncated, and moved to model device.
2025-06-27 19:35:11,080 - INFO - Starting batched model.generate()...
Setting `pad_token_id` to `eos_token_id`:128001 for open-end generation.
2025-06-27 19:35:11,418 - INFO - Batched model.generate() completed.
2025-06-27 19:35:11,418 - INFO - Decoding batch of responses and extracting token probabilities...
2025-06-27 19:35:11,422 - INFO - Input tokens stripped from responses and probabilities extracted.
2025-06-27 19:35:11,422 - INFO - Batch of responses generated.
2025-06-27 19:35:11,422 - INFO - Appended 8 results from batch to /scratch-shared/mschaffelder/data/exp_3/pairwise/small/outputs/llama_8b_multi_source.jsonl
Processing complete. Results saved incrementally to /scratch-shared/mschaffelder/data/exp_3/pairwise/small/outputs/llama_8b_multi_source.jsonl

JOB STATISTICS
==============
Job ID: 12686402
Cluster: snellius
User/Group: mschaffelder/mschaffelder
State: COMPLETED (exit code 0)
Nodes: 1
Cores per node: 16
CPU Utilized: 00:01:45
CPU Efficiency: 2.34% of 01:14:56 core-walltime
Job Wall-clock time: 00:04:41
Memory Utilized: 1.50 GB
Memory Efficiency: 14.99% of 10.00 GB (10.00 GB/node)
