Lmod has detected the following error: The following module(s) are unknown:
"Python/3.10.4-GCCcore-11.3.0"

Please check the spelling or version number. Also try "module spider ..."
It is also possible your cache file is out-of-date; it may help to try:
  $ module --ignore_cache load "Python/3.10.4-GCCcore-11.3.0"

Also make sure that all modulefiles written in TCL start with the string
#%Module



Virtual environment venv_exp_1 already exists at /scratch-shared/mschaffelder/venv_exp_1.
Activating virtual environment: /scratch-shared/mschaffelder/venv_exp_1
Requirement already satisfied: pip in /gpfs/scratch1/shared/mschaffelder/venv_exp_1/lib/python3.9/site-packages (25.1.1)
Requirement already satisfied: torch>=2.0.0 in /gpfs/scratch1/shared/mschaffelder/venv_exp_1/lib/python3.9/site-packages (from -r requirements.txt (line 1)) (2.7.0)
Requirement already satisfied: transformers>=4.30.0 in /gpfs/scratch1/shared/mschaffelder/venv_exp_1/lib/python3.9/site-packages (from -r requirements.txt (line 2)) (4.52.2)
Requirement already satisfied: peft>=0.4.0 in /gpfs/scratch1/shared/mschaffelder/venv_exp_1/lib/python3.9/site-packages (from -r requirements.txt (line 3)) (0.15.2)
Requirement already satisfied: accelerate>=0.20.0 in /gpfs/scratch1/shared/mschaffelder/venv_exp_1/lib/python3.9/site-packages (from -r requirements.txt (line 4)) (1.7.0)
Requirement already satisfied: sentencepiece>=0.1.99 in /gpfs/scratch1/shared/mschaffelder/venv_exp_1/lib/python3.9/site-packages (from -r requirements.txt (line 5)) (0.2.0)
Requirement already satisfied: protobuf>=3.20.0 in /gpfs/scratch1/shared/mschaffelder/venv_exp_1/lib/python3.9/site-packages (from -r requirements.txt (line 6)) (6.31.0)
Requirement already satisfied: typing-extensions>=4.5.0 in /gpfs/scratch1/shared/mschaffelder/venv_exp_1/lib/python3.9/site-packages (from -r requirements.txt (line 7)) (4.13.2)
Requirement already satisfied: urllib3>=2.0.0 in /gpfs/scratch1/shared/mschaffelder/venv_exp_1/lib/python3.9/site-packages (from -r requirements.txt (line 8)) (2.4.0)
Requirement already satisfied: huggingface-hub>=0.16.0 in /gpfs/scratch1/shared/mschaffelder/venv_exp_1/lib/python3.9/site-packages (from -r requirements.txt (line 9)) (0.31.4)
Requirement already satisfied: filelock in /gpfs/scratch1/shared/mschaffelder/venv_exp_1/lib/python3.9/site-packages (from torch>=2.0.0->-r requirements.txt (line 1)) (3.18.0)
Requirement already satisfied: sympy>=1.13.3 in /gpfs/scratch1/shared/mschaffelder/venv_exp_1/lib/python3.9/site-packages (from torch>=2.0.0->-r requirements.txt (line 1)) (1.14.0)
Requirement already satisfied: networkx in /gpfs/scratch1/shared/mschaffelder/venv_exp_1/lib/python3.9/site-packages (from torch>=2.0.0->-r requirements.txt (line 1)) (3.2.1)
Requirement already satisfied: jinja2 in /gpfs/scratch1/shared/mschaffelder/venv_exp_1/lib/python3.9/site-packages (from torch>=2.0.0->-r requirements.txt (line 1)) (3.1.6)
Requirement already satisfied: fsspec in /gpfs/scratch1/shared/mschaffelder/venv_exp_1/lib/python3.9/site-packages (from torch>=2.0.0->-r requirements.txt (line 1)) (2025.5.0)
Requirement already satisfied: nvidia-cuda-nvrtc-cu12==12.6.77 in /gpfs/scratch1/shared/mschaffelder/venv_exp_1/lib/python3.9/site-packages (from torch>=2.0.0->-r requirements.txt (line 1)) (12.6.77)
Requirement already satisfied: nvidia-cuda-runtime-cu12==12.6.77 in /gpfs/scratch1/shared/mschaffelder/venv_exp_1/lib/python3.9/site-packages (from torch>=2.0.0->-r requirements.txt (line 1)) (12.6.77)
Requirement already satisfied: nvidia-cuda-cupti-cu12==12.6.80 in /gpfs/scratch1/shared/mschaffelder/venv_exp_1/lib/python3.9/site-packages (from torch>=2.0.0->-r requirements.txt (line 1)) (12.6.80)
Requirement already satisfied: nvidia-cudnn-cu12==9.5.1.17 in /gpfs/scratch1/shared/mschaffelder/venv_exp_1/lib/python3.9/site-packages (from torch>=2.0.0->-r requirements.txt (line 1)) (9.5.1.17)
Requirement already satisfied: nvidia-cublas-cu12==12.6.4.1 in /gpfs/scratch1/shared/mschaffelder/venv_exp_1/lib/python3.9/site-packages (from torch>=2.0.0->-r requirements.txt (line 1)) (12.6.4.1)
Requirement already satisfied: nvidia-cufft-cu12==11.3.0.4 in /gpfs/scratch1/shared/mschaffelder/venv_exp_1/lib/python3.9/site-packages (from torch>=2.0.0->-r requirements.txt (line 1)) (11.3.0.4)
Requirement already satisfied: nvidia-curand-cu12==10.3.7.77 in /gpfs/scratch1/shared/mschaffelder/venv_exp_1/lib/python3.9/site-packages (from torch>=2.0.0->-r requirements.txt (line 1)) (10.3.7.77)
Requirement already satisfied: nvidia-cusolver-cu12==11.7.1.2 in /gpfs/scratch1/shared/mschaffelder/venv_exp_1/lib/python3.9/site-packages (from torch>=2.0.0->-r requirements.txt (line 1)) (11.7.1.2)
Requirement already satisfied: nvidia-cusparse-cu12==12.5.4.2 in /gpfs/scratch1/shared/mschaffelder/venv_exp_1/lib/python3.9/site-packages (from torch>=2.0.0->-r requirements.txt (line 1)) (12.5.4.2)
Requirement already satisfied: nvidia-cusparselt-cu12==0.6.3 in /gpfs/scratch1/shared/mschaffelder/venv_exp_1/lib/python3.9/site-packages (from torch>=2.0.0->-r requirements.txt (line 1)) (0.6.3)
Requirement already satisfied: nvidia-nccl-cu12==2.26.2 in /gpfs/scratch1/shared/mschaffelder/venv_exp_1/lib/python3.9/site-packages (from torch>=2.0.0->-r requirements.txt (line 1)) (2.26.2)
Requirement already satisfied: nvidia-nvtx-cu12==12.6.77 in /gpfs/scratch1/shared/mschaffelder/venv_exp_1/lib/python3.9/site-packages (from torch>=2.0.0->-r requirements.txt (line 1)) (12.6.77)
Requirement already satisfied: nvidia-nvjitlink-cu12==12.6.85 in /gpfs/scratch1/shared/mschaffelder/venv_exp_1/lib/python3.9/site-packages (from torch>=2.0.0->-r requirements.txt (line 1)) (12.6.85)
Requirement already satisfied: nvidia-cufile-cu12==1.11.1.6 in /gpfs/scratch1/shared/mschaffelder/venv_exp_1/lib/python3.9/site-packages (from torch>=2.0.0->-r requirements.txt (line 1)) (1.11.1.6)
Requirement already satisfied: triton==3.3.0 in /gpfs/scratch1/shared/mschaffelder/venv_exp_1/lib/python3.9/site-packages (from torch>=2.0.0->-r requirements.txt (line 1)) (3.3.0)
Requirement already satisfied: setuptools>=40.8.0 in /gpfs/scratch1/shared/mschaffelder/venv_exp_1/lib/python3.9/site-packages (from triton==3.3.0->torch>=2.0.0->-r requirements.txt (line 1)) (53.0.0)
Requirement already satisfied: numpy>=1.17 in /gpfs/scratch1/shared/mschaffelder/venv_exp_1/lib/python3.9/site-packages (from transformers>=4.30.0->-r requirements.txt (line 2)) (2.0.2)
Requirement already satisfied: packaging>=20.0 in /gpfs/scratch1/shared/mschaffelder/venv_exp_1/lib/python3.9/site-packages (from transformers>=4.30.0->-r requirements.txt (line 2)) (25.0)
Requirement already satisfied: pyyaml>=5.1 in /gpfs/scratch1/shared/mschaffelder/venv_exp_1/lib/python3.9/site-packages (from transformers>=4.30.0->-r requirements.txt (line 2)) (6.0.2)
Requirement already satisfied: regex!=2019.12.17 in /gpfs/scratch1/shared/mschaffelder/venv_exp_1/lib/python3.9/site-packages (from transformers>=4.30.0->-r requirements.txt (line 2)) (2024.11.6)
Requirement already satisfied: requests in /gpfs/scratch1/shared/mschaffelder/venv_exp_1/lib/python3.9/site-packages (from transformers>=4.30.0->-r requirements.txt (line 2)) (2.32.3)
Requirement already satisfied: tokenizers<0.22,>=0.21 in /gpfs/scratch1/shared/mschaffelder/venv_exp_1/lib/python3.9/site-packages (from transformers>=4.30.0->-r requirements.txt (line 2)) (0.21.1)
Requirement already satisfied: safetensors>=0.4.3 in /gpfs/scratch1/shared/mschaffelder/venv_exp_1/lib/python3.9/site-packages (from transformers>=4.30.0->-r requirements.txt (line 2)) (0.5.3)
Requirement already satisfied: tqdm>=4.27 in /gpfs/scratch1/shared/mschaffelder/venv_exp_1/lib/python3.9/site-packages (from transformers>=4.30.0->-r requirements.txt (line 2)) (4.67.1)
Requirement already satisfied: psutil in /gpfs/scratch1/shared/mschaffelder/venv_exp_1/lib/python3.9/site-packages (from peft>=0.4.0->-r requirements.txt (line 3)) (7.0.0)
Requirement already satisfied: mpmath<1.4,>=1.1.0 in /gpfs/scratch1/shared/mschaffelder/venv_exp_1/lib/python3.9/site-packages (from sympy>=1.13.3->torch>=2.0.0->-r requirements.txt (line 1)) (1.3.0)
Requirement already satisfied: MarkupSafe>=2.0 in /gpfs/scratch1/shared/mschaffelder/venv_exp_1/lib/python3.9/site-packages (from jinja2->torch>=2.0.0->-r requirements.txt (line 1)) (3.0.2)
Requirement already satisfied: charset-normalizer<4,>=2 in /gpfs/scratch1/shared/mschaffelder/venv_exp_1/lib/python3.9/site-packages (from requests->transformers>=4.30.0->-r requirements.txt (line 2)) (3.4.2)
Requirement already satisfied: idna<4,>=2.5 in /gpfs/scratch1/shared/mschaffelder/venv_exp_1/lib/python3.9/site-packages (from requests->transformers>=4.30.0->-r requirements.txt (line 2)) (3.10)
Requirement already satisfied: certifi>=2017.4.17 in /gpfs/scratch1/shared/mschaffelder/venv_exp_1/lib/python3.9/site-packages (from requests->transformers>=4.30.0->-r requirements.txt (line 2)) (2025.4.26)
CUDA_VISIBLE_DEVICES: 0
Available GPUs: GPU 0: NVIDIA H100 (UUID: GPU-d355563e-c972-1e0e-a38e-f196748a3bfd)
Using existing Hugging Face token from cache...
/scratch-shared/mschaffelder/venv_exp_1/lib64/python3.9/site-packages/networkx/utils/backends.py:135: RuntimeWarning: networkx backend defined more than once: nx-loopback
  backends.update(_get_backends("networkx.backends"))
2025-05-30 16:27:35,875 - INFO - Starting to load tokenizer from: meta-llama/Llama-3.1-8B-Instruct with padding_side='left'
2025-05-30 16:27:36,398 - INFO - Tokenizer loaded.
2025-05-30 16:27:36,399 - WARNING - Tokenizer.pad_token_id (None) is not eos_token_id (128009). Forcing pad_token to eos_token for Llama consistency.
2025-05-30 16:27:36,399 - INFO - Tokenizer configured: pad_token_id=128009, eos_token_id=128009, padding_side='left'
2025-05-30 16:27:36,399 - INFO - Starting to load base model from: meta-llama/Llama-3.1-8B-Instruct
2025-05-30 16:27:38,943 - INFO - We will use 90% of the memory on device 0 for storing the model, and 10% for the buffer to avoid OOM. You can set `max_memory` in to a higher value to use more memory (at your own risk).
Loading model and tokenizer...
Loading checkpoint shards:   0%|          | 0/4 [00:00<?, ?it/s]Loading checkpoint shards:  25%|██▌       | 1/4 [00:03<00:11,  3.75s/it]Loading checkpoint shards:  50%|█████     | 2/4 [00:07<00:07,  3.82s/it]Loading checkpoint shards:  75%|███████▌  | 3/4 [00:11<00:03,  3.76s/it]Loading checkpoint shards: 100%|██████████| 4/4 [00:12<00:00,  2.62s/it]Loading checkpoint shards: 100%|██████████| 4/4 [00:12<00:00,  3.05s/it]
2025-05-30 16:27:51,387 - INFO - Base model loaded. Original vocab size: 128256
2025-05-30 16:27:51,387 - INFO - Resizing token embeddings from 128256 to 128257...
The new embeddings will be initialized from a multivariate normal distribution that has old embeddings' mean and covariance. As described in this article: https://nlp.stanford.edu/~johnhew/vocab-expansion.html. To disable this, use `mean_resizing=False`
The new lm_head weights will be initialized from a multivariate normal distribution that has old embeddings' mean and covariance. As described in this article: https://nlp.stanford.edu/~johnhew/vocab-expansion.html. To disable this, use `mean_resizing=False`
2025-05-30 16:27:53,754 - INFO - Token embeddings resized. New vocab size: 128257
2025-05-30 16:27:53,754 - INFO - Starting to load LoRA weights from: /scratch-shared/mschaffelder/data/ft_models/small/lora_llama_8b_single_v8
2025-05-30 16:27:57,900 - INFO - LoRA weights loaded and merged with the base model.
2025-05-30 16:27:57,900 - INFO - Aligning model.config.pad_token_id (None) to tokenizer.pad_token_id (128009).
2025-05-30 16:27:57,964 - INFO - Output file /scratch-shared/mschaffelder/data/exp_1/outputs/generation_results_lora_llama_8b_single_v8.jsonl created/cleared.
2025-05-30 16:27:57,964 - INFO - Starting to process test data...
2025-05-30 16:27:57,965 - INFO - Opened test data file: /scratch-shared/mschaffelder/data/finetuning/dolly/dolly_test.jsonl
2025-05-30 16:27:57,995 - INFO - Reading line 1 from test data...
2025-05-30 16:27:57,995 - INFO - Added prompt from line 1 to batch.
2025-05-30 16:27:57,995 - INFO - Reading line 2 from test data...
2025-05-30 16:27:57,995 - INFO - Added prompt from line 2 to batch.
2025-05-30 16:27:57,995 - INFO - Reading line 3 from test data...
2025-05-30 16:27:57,995 - INFO - Added prompt from line 3 to batch.
2025-05-30 16:27:57,995 - INFO - Reading line 4 from test data...
2025-05-30 16:27:57,995 - INFO - Added prompt from line 4 to batch.
2025-05-30 16:27:57,995 - INFO - Reading line 5 from test data...
2025-05-30 16:27:57,995 - INFO - Added prompt from line 5 to batch.
2025-05-30 16:27:57,995 - INFO - Reading line 6 from test data...
2025-05-30 16:27:57,995 - INFO - Added prompt from line 6 to batch.
2025-05-30 16:27:57,995 - INFO - Reading line 7 from test data...
2025-05-30 16:27:57,995 - INFO - Added prompt from line 7 to batch.
2025-05-30 16:27:57,995 - INFO - Reading line 8 from test data...
2025-05-30 16:27:57,996 - INFO - Added prompt from line 8 to batch.
2025-05-30 16:27:57,996 - INFO - Processing batch of 8 prompts (up to line 8)...
2025-05-30 16:27:57,996 - INFO - Generating responses for batch of 8 prompts. System prompt: 'You are a helpful assistant.'
2025-05-30 16:27:58,017 - INFO - First formatted prompt for tokenizer (first 100 chars): '<|begin_of_text|><|start_header_id|>system<|end_header_id|>

Cutting Knowledge Date: December 2023
T...'
2025-05-30 16:27:58,017 - INFO - Input device: cuda:0, preparing to move inputs to device.
2025-05-30 16:27:58,022 - INFO - Batch of inputs tokenized, padded, truncated, and moved to model device.
2025-05-30 16:27:58,022 - INFO - Starting batched model.generate()...
Setting `pad_token_id` to `eos_token_id`:128001 for open-end generation.
2025-05-30 16:28:18,713 - INFO - Batched model.generate() completed.
2025-05-30 16:28:18,713 - INFO - Decoding batch of responses by stripping input tokens...
2025-05-30 16:28:18,715 - INFO - Input tokens stripped from responses.
2025-05-30 16:28:18,715 - INFO - Batch of responses generated.
2025-05-30 16:28:18,741 - INFO - Appended 8 results from batch to /scratch-shared/mschaffelder/data/exp_1/outputs/generation_results_lora_llama_8b_single_v8.jsonl
2025-05-30 16:28:18,741 - INFO - Reading line 9 from test data...
2025-05-30 16:28:18,741 - INFO - Added prompt from line 9 to batch.
2025-05-30 16:28:18,741 - INFO - Reading line 10 from test data...
2025-05-30 16:28:18,741 - INFO - Added prompt from line 10 to batch.
2025-05-30 16:28:18,741 - INFO - Reading line 11 from test data...
2025-05-30 16:28:18,741 - INFO - Added prompt from line 11 to batch.
2025-05-30 16:28:18,741 - INFO - Reading line 12 from test data...
2025-05-30 16:28:18,741 - INFO - Added prompt from line 12 to batch.
2025-05-30 16:28:18,741 - INFO - Reading line 13 from test data...
2025-05-30 16:28:18,741 - INFO - Added prompt from line 13 to batch.
2025-05-30 16:28:18,741 - INFO - Reading line 14 from test data...
2025-05-30 16:28:18,741 - INFO - Added prompt from line 14 to batch.
2025-05-30 16:28:18,741 - INFO - Reading line 15 from test data...
2025-05-30 16:28:18,741 - INFO - Added prompt from line 15 to batch.
2025-05-30 16:28:18,741 - INFO - Reading line 16 from test data...
2025-05-30 16:28:18,741 - INFO - Added prompt from line 16 to batch.
2025-05-30 16:28:18,742 - INFO - Processing batch of 8 prompts (up to line 16)...
2025-05-30 16:28:18,742 - INFO - Generating responses for batch of 8 prompts. System prompt: 'You are a helpful assistant.'
2025-05-30 16:28:18,742 - INFO - First formatted prompt for tokenizer (first 100 chars): '<|begin_of_text|><|start_header_id|>system<|end_header_id|>

Cutting Knowledge Date: December 2023
T...'
2025-05-30 16:28:18,742 - INFO - Input device: cuda:0, preparing to move inputs to device.
2025-05-30 16:28:18,745 - INFO - Batch of inputs tokenized, padded, truncated, and moved to model device.
2025-05-30 16:28:18,745 - INFO - Starting batched model.generate()...
Setting `pad_token_id` to `eos_token_id`:128001 for open-end generation.
2025-05-30 16:28:52,876 - INFO - Batched model.generate() completed.
2025-05-30 16:28:52,876 - INFO - Decoding batch of responses by stripping input tokens...
2025-05-30 16:28:52,878 - INFO - Input tokens stripped from responses.
2025-05-30 16:28:52,878 - INFO - Batch of responses generated.
2025-05-30 16:28:52,880 - INFO - Appended 8 results from batch to /scratch-shared/mschaffelder/data/exp_1/outputs/generation_results_lora_llama_8b_single_v8.jsonl
2025-05-30 16:28:52,880 - INFO - Reading line 17 from test data...
2025-05-30 16:28:52,880 - INFO - Added prompt from line 17 to batch.
2025-05-30 16:28:52,880 - INFO - Reading line 18 from test data...
2025-05-30 16:28:52,880 - INFO - Added prompt from line 18 to batch.
2025-05-30 16:28:52,880 - INFO - Reading line 19 from test data...
2025-05-30 16:28:52,880 - INFO - Added prompt from line 19 to batch.
2025-05-30 16:28:52,880 - INFO - Reading line 20 from test data...
2025-05-30 16:28:52,880 - INFO - Added prompt from line 20 to batch.
2025-05-30 16:28:52,880 - INFO - Reading line 21 from test data...
2025-05-30 16:28:52,880 - INFO - Added prompt from line 21 to batch.
2025-05-30 16:28:52,880 - INFO - Reading line 22 from test data...
2025-05-30 16:28:52,880 - INFO - Added prompt from line 22 to batch.
2025-05-30 16:28:52,880 - INFO - Reading line 23 from test data...
2025-05-30 16:28:52,880 - INFO - Added prompt from line 23 to batch.
2025-05-30 16:28:52,880 - INFO - Reading line 24 from test data...
2025-05-30 16:28:52,880 - INFO - Added prompt from line 24 to batch.
2025-05-30 16:28:52,880 - INFO - Processing batch of 8 prompts (up to line 24)...
2025-05-30 16:28:52,880 - INFO - Generating responses for batch of 8 prompts. System prompt: 'You are a helpful assistant.'
2025-05-30 16:28:52,881 - INFO - First formatted prompt for tokenizer (first 100 chars): '<|begin_of_text|><|start_header_id|>system<|end_header_id|>

Cutting Knowledge Date: December 2023
T...'
2025-05-30 16:28:52,881 - INFO - Input device: cuda:0, preparing to move inputs to device.
2025-05-30 16:28:52,882 - INFO - Batch of inputs tokenized, padded, truncated, and moved to model device.
2025-05-30 16:28:52,882 - INFO - Starting batched model.generate()...
Setting `pad_token_id` to `eos_token_id`:128001 for open-end generation.
2025-05-30 16:29:25,547 - INFO - Batched model.generate() completed.
2025-05-30 16:29:25,547 - INFO - Decoding batch of responses by stripping input tokens...
2025-05-30 16:29:25,549 - INFO - Input tokens stripped from responses.
2025-05-30 16:29:25,549 - INFO - Batch of responses generated.
2025-05-30 16:29:25,550 - INFO - Appended 8 results from batch to /scratch-shared/mschaffelder/data/exp_1/outputs/generation_results_lora_llama_8b_single_v8.jsonl
2025-05-30 16:29:25,550 - INFO - Reading line 25 from test data...
2025-05-30 16:29:25,550 - INFO - Added prompt from line 25 to batch.
2025-05-30 16:29:25,550 - INFO - Reading line 26 from test data...
2025-05-30 16:29:25,550 - INFO - Added prompt from line 26 to batch.
2025-05-30 16:29:25,550 - INFO - Reading line 27 from test data...
2025-05-30 16:29:25,550 - INFO - Added prompt from line 27 to batch.
2025-05-30 16:29:25,550 - INFO - Reading line 28 from test data...
2025-05-30 16:29:25,550 - INFO - Added prompt from line 28 to batch.
2025-05-30 16:29:25,550 - INFO - Reading line 29 from test data...
2025-05-30 16:29:25,550 - INFO - Added prompt from line 29 to batch.
2025-05-30 16:29:25,550 - INFO - Reading line 30 from test data...
2025-05-30 16:29:25,550 - INFO - Added prompt from line 30 to batch.
2025-05-30 16:29:25,550 - INFO - Reading line 31 from test data...
2025-05-30 16:29:25,550 - INFO - Added prompt from line 31 to batch.
2025-05-30 16:29:25,550 - INFO - Reading line 32 from test data...
2025-05-30 16:29:25,550 - INFO - Added prompt from line 32 to batch.
2025-05-30 16:29:25,550 - INFO - Processing batch of 8 prompts (up to line 32)...
2025-05-30 16:29:25,550 - INFO - Generating responses for batch of 8 prompts. System prompt: 'You are a helpful assistant.'
2025-05-30 16:29:25,551 - INFO - First formatted prompt for tokenizer (first 100 chars): '<|begin_of_text|><|start_header_id|>system<|end_header_id|>

Cutting Knowledge Date: December 2023
T...'
2025-05-30 16:29:25,551 - INFO - Input device: cuda:0, preparing to move inputs to device.
2025-05-30 16:29:25,553 - INFO - Batch of inputs tokenized, padded, truncated, and moved to model device.
2025-05-30 16:29:25,553 - INFO - Starting batched model.generate()...
Setting `pad_token_id` to `eos_token_id`:128001 for open-end generation.
2025-05-30 16:30:08,064 - INFO - Batched model.generate() completed.
2025-05-30 16:30:08,064 - INFO - Decoding batch of responses by stripping input tokens...
2025-05-30 16:30:08,066 - INFO - Input tokens stripped from responses.
2025-05-30 16:30:08,067 - INFO - Batch of responses generated.
2025-05-30 16:30:08,069 - INFO - Appended 8 results from batch to /scratch-shared/mschaffelder/data/exp_1/outputs/generation_results_lora_llama_8b_single_v8.jsonl
2025-05-30 16:30:08,069 - INFO - Reading line 33 from test data...
2025-05-30 16:30:08,069 - INFO - Added prompt from line 33 to batch.
2025-05-30 16:30:08,069 - INFO - Reading line 34 from test data...
2025-05-30 16:30:08,069 - INFO - Added prompt from line 34 to batch.
2025-05-30 16:30:08,069 - INFO - Reading line 35 from test data...
2025-05-30 16:30:08,069 - INFO - Added prompt from line 35 to batch.
2025-05-30 16:30:08,070 - INFO - Reading line 36 from test data...
2025-05-30 16:30:08,070 - INFO - Added prompt from line 36 to batch.
2025-05-30 16:30:08,070 - INFO - Reading line 37 from test data...
2025-05-30 16:30:08,070 - INFO - Added prompt from line 37 to batch.
2025-05-30 16:30:08,070 - INFO - Reading line 38 from test data...
2025-05-30 16:30:08,070 - INFO - Added prompt from line 38 to batch.
2025-05-30 16:30:08,070 - INFO - Reading line 39 from test data...
2025-05-30 16:30:08,070 - INFO - Added prompt from line 39 to batch.
2025-05-30 16:30:08,070 - INFO - Reading line 40 from test data...
2025-05-30 16:30:08,070 - INFO - Added prompt from line 40 to batch.
2025-05-30 16:30:08,070 - INFO - Processing batch of 8 prompts (up to line 40)...
2025-05-30 16:30:08,070 - INFO - Generating responses for batch of 8 prompts. System prompt: 'You are a helpful assistant.'
2025-05-30 16:30:08,070 - INFO - First formatted prompt for tokenizer (first 100 chars): '<|begin_of_text|><|start_header_id|>system<|end_header_id|>

Cutting Knowledge Date: December 2023
T...'
2025-05-30 16:30:08,070 - INFO - Input device: cuda:0, preparing to move inputs to device.
2025-05-30 16:30:08,074 - INFO - Batch of inputs tokenized, padded, truncated, and moved to model device.
2025-05-30 16:30:08,074 - INFO - Starting batched model.generate()...
Setting `pad_token_id` to `eos_token_id`:128001 for open-end generation.
2025-05-30 16:30:49,374 - INFO - Batched model.generate() completed.
2025-05-30 16:30:49,374 - INFO - Decoding batch of responses by stripping input tokens...
2025-05-30 16:30:49,376 - INFO - Input tokens stripped from responses.
2025-05-30 16:30:49,377 - INFO - Batch of responses generated.
2025-05-30 16:30:49,378 - INFO - Appended 8 results from batch to /scratch-shared/mschaffelder/data/exp_1/outputs/generation_results_lora_llama_8b_single_v8.jsonl
2025-05-30 16:30:49,379 - INFO - Reading line 41 from test data...
2025-05-30 16:30:49,379 - INFO - Added prompt from line 41 to batch.
2025-05-30 16:30:49,379 - INFO - Reading line 42 from test data...
2025-05-30 16:30:49,379 - INFO - Added prompt from line 42 to batch.
2025-05-30 16:30:49,379 - INFO - Reading line 43 from test data...
2025-05-30 16:30:49,379 - INFO - Added prompt from line 43 to batch.
2025-05-30 16:30:49,379 - INFO - Reading line 44 from test data...
2025-05-30 16:30:49,379 - INFO - Added prompt from line 44 to batch.
2025-05-30 16:30:49,379 - INFO - Reading line 45 from test data...
2025-05-30 16:30:49,379 - INFO - Added prompt from line 45 to batch.
2025-05-30 16:30:49,379 - INFO - Reading line 46 from test data...
2025-05-30 16:30:49,379 - INFO - Added prompt from line 46 to batch.
2025-05-30 16:30:49,379 - INFO - Reading line 47 from test data...
2025-05-30 16:30:49,379 - INFO - Added prompt from line 47 to batch.
2025-05-30 16:30:49,379 - INFO - Reading line 48 from test data...
2025-05-30 16:30:49,379 - INFO - Added prompt from line 48 to batch.
2025-05-30 16:30:49,379 - INFO - Processing batch of 8 prompts (up to line 48)...
2025-05-30 16:30:49,379 - INFO - Generating responses for batch of 8 prompts. System prompt: 'You are a helpful assistant.'
2025-05-30 16:30:49,380 - INFO - First formatted prompt for tokenizer (first 100 chars): '<|begin_of_text|><|start_header_id|>system<|end_header_id|>

Cutting Knowledge Date: December 2023
T...'
2025-05-30 16:30:49,380 - INFO - Input device: cuda:0, preparing to move inputs to device.
2025-05-30 16:30:49,381 - INFO - Batch of inputs tokenized, padded, truncated, and moved to model device.
2025-05-30 16:30:49,381 - INFO - Starting batched model.generate()...
Setting `pad_token_id` to `eos_token_id`:128001 for open-end generation.
2025-05-30 16:31:35,528 - INFO - Batched model.generate() completed.
2025-05-30 16:31:35,528 - INFO - Decoding batch of responses by stripping input tokens...
2025-05-30 16:31:35,530 - INFO - Input tokens stripped from responses.
2025-05-30 16:31:35,531 - INFO - Batch of responses generated.
2025-05-30 16:31:35,532 - INFO - Appended 8 results from batch to /scratch-shared/mschaffelder/data/exp_1/outputs/generation_results_lora_llama_8b_single_v8.jsonl
2025-05-30 16:31:35,532 - INFO - Reading line 49 from test data...
2025-05-30 16:31:35,532 - INFO - Added prompt from line 49 to batch.
2025-05-30 16:31:35,532 - INFO - Reading line 50 from test data...
2025-05-30 16:31:35,532 - INFO - Added prompt from line 50 to batch.
2025-05-30 16:31:35,532 - INFO - Reading line 51 from test data...
2025-05-30 16:31:35,532 - INFO - Added prompt from line 51 to batch.
2025-05-30 16:31:35,532 - INFO - Reading line 52 from test data...
2025-05-30 16:31:35,532 - INFO - Added prompt from line 52 to batch.
2025-05-30 16:31:35,532 - INFO - Reading line 53 from test data...
2025-05-30 16:31:35,532 - INFO - Added prompt from line 53 to batch.
2025-05-30 16:31:35,532 - INFO - Reading line 54 from test data...
2025-05-30 16:31:35,532 - INFO - Added prompt from line 54 to batch.
2025-05-30 16:31:35,532 - INFO - Reading line 55 from test data...
2025-05-30 16:31:35,532 - INFO - Added prompt from line 55 to batch.
2025-05-30 16:31:35,532 - INFO - Reading line 56 from test data...
2025-05-30 16:31:35,533 - INFO - Added prompt from line 56 to batch.
2025-05-30 16:31:35,533 - INFO - Processing batch of 8 prompts (up to line 56)...
2025-05-30 16:31:35,533 - INFO - Generating responses for batch of 8 prompts. System prompt: 'You are a helpful assistant.'
2025-05-30 16:31:35,533 - INFO - First formatted prompt for tokenizer (first 100 chars): '<|begin_of_text|><|start_header_id|>system<|end_header_id|>

Cutting Knowledge Date: December 2023
T...'
2025-05-30 16:31:35,533 - INFO - Input device: cuda:0, preparing to move inputs to device.
2025-05-30 16:31:35,535 - INFO - Batch of inputs tokenized, padded, truncated, and moved to model device.
2025-05-30 16:31:35,535 - INFO - Starting batched model.generate()...
Setting `pad_token_id` to `eos_token_id`:128001 for open-end generation.
2025-05-30 16:32:08,211 - INFO - Batched model.generate() completed.
2025-05-30 16:32:08,211 - INFO - Decoding batch of responses by stripping input tokens...
2025-05-30 16:32:08,213 - INFO - Input tokens stripped from responses.
2025-05-30 16:32:08,214 - INFO - Batch of responses generated.
2025-05-30 16:32:08,215 - INFO - Appended 8 results from batch to /scratch-shared/mschaffelder/data/exp_1/outputs/generation_results_lora_llama_8b_single_v8.jsonl
2025-05-30 16:32:08,215 - INFO - Reading line 57 from test data...
2025-05-30 16:32:08,215 - INFO - Added prompt from line 57 to batch.
2025-05-30 16:32:08,215 - INFO - Reading line 58 from test data...
2025-05-30 16:32:08,215 - INFO - Added prompt from line 58 to batch.
2025-05-30 16:32:08,215 - INFO - Reading line 59 from test data...
2025-05-30 16:32:08,215 - INFO - Added prompt from line 59 to batch.
2025-05-30 16:32:08,215 - INFO - Reading line 60 from test data...
2025-05-30 16:32:08,215 - INFO - Added prompt from line 60 to batch.
2025-05-30 16:32:08,215 - INFO - Reading line 61 from test data...
2025-05-30 16:32:08,215 - INFO - Added prompt from line 61 to batch.
2025-05-30 16:32:08,215 - INFO - Reading line 62 from test data...
2025-05-30 16:32:08,215 - INFO - Added prompt from line 62 to batch.
2025-05-30 16:32:08,215 - INFO - Reading line 63 from test data...
2025-05-30 16:32:08,215 - INFO - Added prompt from line 63 to batch.
2025-05-30 16:32:08,215 - INFO - Reading line 64 from test data...
2025-05-30 16:32:08,216 - INFO - Added prompt from line 64 to batch.
2025-05-30 16:32:08,216 - INFO - Processing batch of 8 prompts (up to line 64)...
2025-05-30 16:32:08,216 - INFO - Generating responses for batch of 8 prompts. System prompt: 'You are a helpful assistant.'
2025-05-30 16:32:08,216 - INFO - First formatted prompt for tokenizer (first 100 chars): '<|begin_of_text|><|start_header_id|>system<|end_header_id|>

Cutting Knowledge Date: December 2023
T...'
2025-05-30 16:32:08,216 - INFO - Input device: cuda:0, preparing to move inputs to device.
2025-05-30 16:32:08,218 - INFO - Batch of inputs tokenized, padded, truncated, and moved to model device.
2025-05-30 16:32:08,218 - INFO - Starting batched model.generate()...
Setting `pad_token_id` to `eos_token_id`:128001 for open-end generation.
2025-05-30 16:32:51,299 - INFO - Batched model.generate() completed.
2025-05-30 16:32:51,300 - INFO - Decoding batch of responses by stripping input tokens...
2025-05-30 16:32:51,302 - INFO - Input tokens stripped from responses.
2025-05-30 16:32:51,303 - INFO - Batch of responses generated.
2025-05-30 16:32:51,304 - INFO - Appended 8 results from batch to /scratch-shared/mschaffelder/data/exp_1/outputs/generation_results_lora_llama_8b_single_v8.jsonl
2025-05-30 16:32:51,304 - INFO - Reading line 65 from test data...
2025-05-30 16:32:51,304 - INFO - Added prompt from line 65 to batch.
2025-05-30 16:32:51,304 - INFO - Reading line 66 from test data...
2025-05-30 16:32:51,304 - INFO - Added prompt from line 66 to batch.
2025-05-30 16:32:51,304 - INFO - Reading line 67 from test data...
2025-05-30 16:32:51,304 - INFO - Added prompt from line 67 to batch.
2025-05-30 16:32:51,304 - INFO - Reading line 68 from test data...
2025-05-30 16:32:51,304 - INFO - Added prompt from line 68 to batch.
2025-05-30 16:32:51,304 - INFO - Reading line 69 from test data...
2025-05-30 16:32:51,304 - INFO - Added prompt from line 69 to batch.
2025-05-30 16:32:51,304 - INFO - Reading line 70 from test data...
2025-05-30 16:32:51,304 - INFO - Added prompt from line 70 to batch.
2025-05-30 16:32:51,304 - INFO - Reading line 71 from test data...
2025-05-30 16:32:51,304 - INFO - Added prompt from line 71 to batch.
2025-05-30 16:32:51,304 - INFO - Reading line 72 from test data...
2025-05-30 16:32:51,305 - INFO - Added prompt from line 72 to batch.
2025-05-30 16:32:51,305 - INFO - Processing batch of 8 prompts (up to line 72)...
2025-05-30 16:32:51,305 - INFO - Generating responses for batch of 8 prompts. System prompt: 'You are a helpful assistant.'
2025-05-30 16:32:51,305 - INFO - First formatted prompt for tokenizer (first 100 chars): '<|begin_of_text|><|start_header_id|>system<|end_header_id|>

Cutting Knowledge Date: December 2023
T...'
2025-05-30 16:32:51,305 - INFO - Input device: cuda:0, preparing to move inputs to device.
2025-05-30 16:32:51,312 - INFO - Batch of inputs tokenized, padded, truncated, and moved to model device.
2025-05-30 16:32:51,312 - INFO - Starting batched model.generate()...
Setting `pad_token_id` to `eos_token_id`:128001 for open-end generation.
2025-05-30 16:33:26,136 - INFO - Batched model.generate() completed.
2025-05-30 16:33:26,136 - INFO - Decoding batch of responses by stripping input tokens...
2025-05-30 16:33:26,138 - INFO - Input tokens stripped from responses.
2025-05-30 16:33:26,138 - INFO - Batch of responses generated.
2025-05-30 16:33:26,141 - INFO - Appended 8 results from batch to /scratch-shared/mschaffelder/data/exp_1/outputs/generation_results_lora_llama_8b_single_v8.jsonl
2025-05-30 16:33:26,141 - INFO - Reading line 73 from test data...
2025-05-30 16:33:26,141 - INFO - Added prompt from line 73 to batch.
2025-05-30 16:33:26,141 - INFO - Reading line 74 from test data...
2025-05-30 16:33:26,141 - INFO - Added prompt from line 74 to batch.
2025-05-30 16:33:26,141 - INFO - Reading line 75 from test data...
2025-05-30 16:33:26,141 - INFO - Added prompt from line 75 to batch.
2025-05-30 16:33:26,141 - INFO - Reading line 76 from test data...
2025-05-30 16:33:26,141 - INFO - Added prompt from line 76 to batch.
2025-05-30 16:33:26,141 - INFO - Reading line 77 from test data...
2025-05-30 16:33:26,141 - INFO - Added prompt from line 77 to batch.
2025-05-30 16:33:26,141 - INFO - Reading line 78 from test data...
2025-05-30 16:33:26,141 - INFO - Added prompt from line 78 to batch.
2025-05-30 16:33:26,141 - INFO - Reading line 79 from test data...
2025-05-30 16:33:26,141 - INFO - Added prompt from line 79 to batch.
2025-05-30 16:33:26,141 - INFO - Reading line 80 from test data...
2025-05-30 16:33:26,141 - INFO - Added prompt from line 80 to batch.
2025-05-30 16:33:26,141 - INFO - Processing batch of 8 prompts (up to line 80)...
2025-05-30 16:33:26,141 - INFO - Generating responses for batch of 8 prompts. System prompt: 'You are a helpful assistant.'
2025-05-30 16:33:26,142 - INFO - First formatted prompt for tokenizer (first 100 chars): '<|begin_of_text|><|start_header_id|>system<|end_header_id|>

Cutting Knowledge Date: December 2023
T...'
2025-05-30 16:33:26,142 - INFO - Input device: cuda:0, preparing to move inputs to device.
2025-05-30 16:33:26,145 - INFO - Batch of inputs tokenized, padded, truncated, and moved to model device.
2025-05-30 16:33:26,145 - INFO - Starting batched model.generate()...
Setting `pad_token_id` to `eos_token_id`:128001 for open-end generation.
2025-05-30 16:33:56,555 - INFO - Batched model.generate() completed.
2025-05-30 16:33:56,555 - INFO - Decoding batch of responses by stripping input tokens...
2025-05-30 16:33:56,557 - INFO - Input tokens stripped from responses.
2025-05-30 16:33:56,557 - INFO - Batch of responses generated.
2025-05-30 16:33:56,559 - INFO - Appended 8 results from batch to /scratch-shared/mschaffelder/data/exp_1/outputs/generation_results_lora_llama_8b_single_v8.jsonl
2025-05-30 16:33:56,559 - INFO - Reading line 81 from test data...
2025-05-30 16:33:56,559 - INFO - Added prompt from line 81 to batch.
2025-05-30 16:33:56,559 - INFO - Reading line 82 from test data...
2025-05-30 16:33:56,559 - INFO - Added prompt from line 82 to batch.
2025-05-30 16:33:56,559 - INFO - Reading line 83 from test data...
2025-05-30 16:33:56,559 - INFO - Added prompt from line 83 to batch.
2025-05-30 16:33:56,559 - INFO - Reading line 84 from test data...
2025-05-30 16:33:56,559 - INFO - Added prompt from line 84 to batch.
2025-05-30 16:33:56,559 - INFO - Reading line 85 from test data...
2025-05-30 16:33:56,559 - INFO - Added prompt from line 85 to batch.
2025-05-30 16:33:56,559 - INFO - Reading line 86 from test data...
2025-05-30 16:33:56,559 - INFO - Added prompt from line 86 to batch.
2025-05-30 16:33:56,559 - INFO - Reading line 87 from test data...
2025-05-30 16:33:56,559 - INFO - Added prompt from line 87 to batch.
2025-05-30 16:33:56,559 - INFO - Reading line 88 from test data...
2025-05-30 16:33:56,559 - INFO - Added prompt from line 88 to batch.
2025-05-30 16:33:56,559 - INFO - Processing batch of 8 prompts (up to line 88)...
2025-05-30 16:33:56,559 - INFO - Generating responses for batch of 8 prompts. System prompt: 'You are a helpful assistant.'
2025-05-30 16:33:56,560 - INFO - First formatted prompt for tokenizer (first 100 chars): '<|begin_of_text|><|start_header_id|>system<|end_header_id|>

Cutting Knowledge Date: December 2023
T...'
2025-05-30 16:33:56,560 - INFO - Input device: cuda:0, preparing to move inputs to device.
2025-05-30 16:33:56,561 - INFO - Batch of inputs tokenized, padded, truncated, and moved to model device.
2025-05-30 16:33:56,561 - INFO - Starting batched model.generate()...
Setting `pad_token_id` to `eos_token_id`:128001 for open-end generation.
2025-05-30 16:34:24,728 - INFO - Batched model.generate() completed.
2025-05-30 16:34:24,728 - INFO - Decoding batch of responses by stripping input tokens...
2025-05-30 16:34:24,730 - INFO - Input tokens stripped from responses.
2025-05-30 16:34:24,730 - INFO - Batch of responses generated.
2025-05-30 16:34:24,731 - INFO - Appended 8 results from batch to /scratch-shared/mschaffelder/data/exp_1/outputs/generation_results_lora_llama_8b_single_v8.jsonl
2025-05-30 16:34:24,731 - INFO - Reading line 89 from test data...
2025-05-30 16:34:24,731 - INFO - Added prompt from line 89 to batch.
2025-05-30 16:34:24,731 - INFO - Reading line 90 from test data...
2025-05-30 16:34:24,731 - INFO - Added prompt from line 90 to batch.
2025-05-30 16:34:24,731 - INFO - Reading line 91 from test data...
2025-05-30 16:34:24,731 - INFO - Added prompt from line 91 to batch.
2025-05-30 16:34:24,731 - INFO - Reading line 92 from test data...
2025-05-30 16:34:24,731 - INFO - Added prompt from line 92 to batch.
2025-05-30 16:34:24,731 - INFO - Reading line 93 from test data...
2025-05-30 16:34:24,731 - INFO - Added prompt from line 93 to batch.
2025-05-30 16:34:24,731 - INFO - Reading line 94 from test data...
2025-05-30 16:34:24,731 - INFO - Added prompt from line 94 to batch.
2025-05-30 16:34:24,731 - INFO - Reading line 95 from test data...
2025-05-30 16:34:24,731 - INFO - Added prompt from line 95 to batch.
2025-05-30 16:34:24,731 - INFO - Reading line 96 from test data...
2025-05-30 16:34:24,731 - INFO - Added prompt from line 96 to batch.
2025-05-30 16:34:24,731 - INFO - Processing batch of 8 prompts (up to line 96)...
2025-05-30 16:34:24,731 - INFO - Generating responses for batch of 8 prompts. System prompt: 'You are a helpful assistant.'
2025-05-30 16:34:24,732 - INFO - First formatted prompt for tokenizer (first 100 chars): '<|begin_of_text|><|start_header_id|>system<|end_header_id|>

Cutting Knowledge Date: December 2023
T...'
2025-05-30 16:34:24,732 - INFO - Input device: cuda:0, preparing to move inputs to device.
2025-05-30 16:34:24,733 - INFO - Batch of inputs tokenized, padded, truncated, and moved to model device.
2025-05-30 16:34:24,734 - INFO - Starting batched model.generate()...
Setting `pad_token_id` to `eos_token_id`:128001 for open-end generation.
2025-05-30 16:34:52,609 - INFO - Batched model.generate() completed.
2025-05-30 16:34:52,609 - INFO - Decoding batch of responses by stripping input tokens...
2025-05-30 16:34:52,611 - INFO - Input tokens stripped from responses.
2025-05-30 16:34:52,612 - INFO - Batch of responses generated.
2025-05-30 16:34:52,613 - INFO - Appended 8 results from batch to /scratch-shared/mschaffelder/data/exp_1/outputs/generation_results_lora_llama_8b_single_v8.jsonl
2025-05-30 16:34:52,613 - INFO - Reading line 97 from test data...
2025-05-30 16:34:52,613 - INFO - Added prompt from line 97 to batch.
2025-05-30 16:34:52,613 - INFO - Reading line 98 from test data...
2025-05-30 16:34:52,613 - INFO - Added prompt from line 98 to batch.
2025-05-30 16:34:52,613 - INFO - Reading line 99 from test data...
2025-05-30 16:34:52,613 - INFO - Added prompt from line 99 to batch.
2025-05-30 16:34:52,613 - INFO - Reading line 100 from test data...
2025-05-30 16:34:52,613 - INFO - Added prompt from line 100 to batch.
2025-05-30 16:34:52,613 - INFO - Reading line 101 from test data...
2025-05-30 16:34:52,613 - INFO - Added prompt from line 101 to batch.
2025-05-30 16:34:52,613 - INFO - Reading line 102 from test data...
2025-05-30 16:34:52,613 - INFO - Added prompt from line 102 to batch.
2025-05-30 16:34:52,613 - INFO - Reading line 103 from test data...
2025-05-30 16:34:52,613 - INFO - Added prompt from line 103 to batch.
2025-05-30 16:34:52,613 - INFO - Reading line 104 from test data...
2025-05-30 16:34:52,613 - INFO - Added prompt from line 104 to batch.
2025-05-30 16:34:52,613 - INFO - Processing batch of 8 prompts (up to line 104)...
2025-05-30 16:34:52,613 - INFO - Generating responses for batch of 8 prompts. System prompt: 'You are a helpful assistant.'
2025-05-30 16:34:52,614 - INFO - First formatted prompt for tokenizer (first 100 chars): '<|begin_of_text|><|start_header_id|>system<|end_header_id|>

Cutting Knowledge Date: December 2023
T...'
2025-05-30 16:34:52,614 - INFO - Input device: cuda:0, preparing to move inputs to device.
2025-05-30 16:34:52,616 - INFO - Batch of inputs tokenized, padded, truncated, and moved to model device.
2025-05-30 16:34:52,616 - INFO - Starting batched model.generate()...
Setting `pad_token_id` to `eos_token_id`:128001 for open-end generation.
2025-05-30 16:35:28,547 - INFO - Batched model.generate() completed.
2025-05-30 16:35:28,547 - INFO - Decoding batch of responses by stripping input tokens...
2025-05-30 16:35:28,549 - INFO - Input tokens stripped from responses.
2025-05-30 16:35:28,549 - INFO - Batch of responses generated.
2025-05-30 16:35:28,550 - INFO - Appended 8 results from batch to /scratch-shared/mschaffelder/data/exp_1/outputs/generation_results_lora_llama_8b_single_v8.jsonl
2025-05-30 16:35:28,550 - INFO - Reading line 105 from test data...
2025-05-30 16:35:28,550 - INFO - Added prompt from line 105 to batch.
2025-05-30 16:35:28,550 - INFO - Reading line 106 from test data...
2025-05-30 16:35:28,550 - INFO - Added prompt from line 106 to batch.
2025-05-30 16:35:28,550 - INFO - Reading line 107 from test data...
2025-05-30 16:35:28,550 - INFO - Added prompt from line 107 to batch.
2025-05-30 16:35:28,550 - INFO - Reading line 108 from test data...
2025-05-30 16:35:28,551 - INFO - Added prompt from line 108 to batch.
2025-05-30 16:35:28,551 - INFO - Reading line 109 from test data...
2025-05-30 16:35:28,551 - INFO - Added prompt from line 109 to batch.
2025-05-30 16:35:28,551 - INFO - Reading line 110 from test data...
2025-05-30 16:35:28,551 - INFO - Added prompt from line 110 to batch.
2025-05-30 16:35:28,551 - INFO - Reading line 111 from test data...
2025-05-30 16:35:28,551 - INFO - Added prompt from line 111 to batch.
2025-05-30 16:35:28,551 - INFO - Reading line 112 from test data...
2025-05-30 16:35:28,551 - INFO - Added prompt from line 112 to batch.
2025-05-30 16:35:28,551 - INFO - Processing batch of 8 prompts (up to line 112)...
2025-05-30 16:35:28,551 - INFO - Generating responses for batch of 8 prompts. System prompt: 'You are a helpful assistant.'
2025-05-30 16:35:28,551 - INFO - First formatted prompt for tokenizer (first 100 chars): '<|begin_of_text|><|start_header_id|>system<|end_header_id|>

Cutting Knowledge Date: December 2023
T...'
2025-05-30 16:35:28,551 - INFO - Input device: cuda:0, preparing to move inputs to device.
2025-05-30 16:35:28,554 - INFO - Batch of inputs tokenized, padded, truncated, and moved to model device.
2025-05-30 16:35:28,554 - INFO - Starting batched model.generate()...
Setting `pad_token_id` to `eos_token_id`:128001 for open-end generation.
2025-05-30 16:36:00,278 - INFO - Batched model.generate() completed.
2025-05-30 16:36:00,279 - INFO - Decoding batch of responses by stripping input tokens...
2025-05-30 16:36:00,281 - INFO - Input tokens stripped from responses.
2025-05-30 16:36:00,281 - INFO - Batch of responses generated.
2025-05-30 16:36:00,301 - INFO - Appended 8 results from batch to /scratch-shared/mschaffelder/data/exp_1/outputs/generation_results_lora_llama_8b_single_v8.jsonl
2025-05-30 16:36:00,302 - INFO - Reading line 113 from test data...
2025-05-30 16:36:00,302 - INFO - Added prompt from line 113 to batch.
2025-05-30 16:36:00,302 - INFO - Reading line 114 from test data...
2025-05-30 16:36:00,302 - INFO - Added prompt from line 114 to batch.
2025-05-30 16:36:00,302 - INFO - Reading line 115 from test data...
2025-05-30 16:36:00,302 - INFO - Added prompt from line 115 to batch.
2025-05-30 16:36:00,302 - INFO - Reading line 116 from test data...
2025-05-30 16:36:00,302 - INFO - Added prompt from line 116 to batch.
2025-05-30 16:36:00,302 - INFO - Reading line 117 from test data...
2025-05-30 16:36:00,302 - INFO - Added prompt from line 117 to batch.
2025-05-30 16:36:00,302 - INFO - Reading line 118 from test data...
2025-05-30 16:36:00,302 - INFO - Added prompt from line 118 to batch.
2025-05-30 16:36:00,302 - INFO - Reading line 119 from test data...
2025-05-30 16:36:00,302 - INFO - Added prompt from line 119 to batch.
2025-05-30 16:36:00,302 - INFO - Reading line 120 from test data...
2025-05-30 16:36:00,302 - INFO - Added prompt from line 120 to batch.
2025-05-30 16:36:00,302 - INFO - Processing batch of 8 prompts (up to line 120)...
2025-05-30 16:36:00,302 - INFO - Generating responses for batch of 8 prompts. System prompt: 'You are a helpful assistant.'
2025-05-30 16:36:00,303 - INFO - First formatted prompt for tokenizer (first 100 chars): '<|begin_of_text|><|start_header_id|>system<|end_header_id|>

Cutting Knowledge Date: December 2023
T...'
2025-05-30 16:36:00,303 - INFO - Input device: cuda:0, preparing to move inputs to device.
2025-05-30 16:36:00,304 - INFO - Batch of inputs tokenized, padded, truncated, and moved to model device.
2025-05-30 16:36:00,304 - INFO - Starting batched model.generate()...
Setting `pad_token_id` to `eos_token_id`:128001 for open-end generation.
2025-05-30 16:36:30,761 - INFO - Batched model.generate() completed.
2025-05-30 16:36:30,761 - INFO - Decoding batch of responses by stripping input tokens...
2025-05-30 16:36:30,763 - INFO - Input tokens stripped from responses.
2025-05-30 16:36:30,763 - INFO - Batch of responses generated.
2025-05-30 16:36:30,764 - INFO - Appended 8 results from batch to /scratch-shared/mschaffelder/data/exp_1/outputs/generation_results_lora_llama_8b_single_v8.jsonl
2025-05-30 16:36:30,764 - INFO - Reading line 121 from test data...
2025-05-30 16:36:30,764 - INFO - Added prompt from line 121 to batch.
2025-05-30 16:36:30,765 - INFO - Reading line 122 from test data...
2025-05-30 16:36:30,765 - INFO - Added prompt from line 122 to batch.
2025-05-30 16:36:30,765 - INFO - Reading line 123 from test data...
2025-05-30 16:36:30,765 - INFO - Added prompt from line 123 to batch.
2025-05-30 16:36:30,765 - INFO - Reading line 124 from test data...
2025-05-30 16:36:30,765 - INFO - Added prompt from line 124 to batch.
2025-05-30 16:36:30,765 - INFO - Reading line 125 from test data...
2025-05-30 16:36:30,765 - INFO - Added prompt from line 125 to batch.
2025-05-30 16:36:30,765 - INFO - Reading line 126 from test data...
2025-05-30 16:36:30,765 - INFO - Added prompt from line 126 to batch.
2025-05-30 16:36:30,765 - INFO - Reading line 127 from test data...
2025-05-30 16:36:30,765 - INFO - Added prompt from line 127 to batch.
2025-05-30 16:36:30,765 - INFO - Reading line 128 from test data...
2025-05-30 16:36:30,765 - INFO - Added prompt from line 128 to batch.
2025-05-30 16:36:30,765 - INFO - Processing batch of 8 prompts (up to line 128)...
2025-05-30 16:36:30,765 - INFO - Generating responses for batch of 8 prompts. System prompt: 'You are a helpful assistant.'
2025-05-30 16:36:30,765 - INFO - First formatted prompt for tokenizer (first 100 chars): '<|begin_of_text|><|start_header_id|>system<|end_header_id|>

Cutting Knowledge Date: December 2023
T...'
2025-05-30 16:36:30,765 - INFO - Input device: cuda:0, preparing to move inputs to device.
2025-05-30 16:36:30,768 - INFO - Batch of inputs tokenized, padded, truncated, and moved to model device.
2025-05-30 16:36:30,768 - INFO - Starting batched model.generate()...
Setting `pad_token_id` to `eos_token_id`:128001 for open-end generation.
2025-05-30 16:37:07,761 - INFO - Batched model.generate() completed.
2025-05-30 16:37:07,762 - INFO - Decoding batch of responses by stripping input tokens...
2025-05-30 16:37:07,764 - INFO - Input tokens stripped from responses.
2025-05-30 16:37:07,764 - INFO - Batch of responses generated.
2025-05-30 16:37:07,766 - INFO - Appended 8 results from batch to /scratch-shared/mschaffelder/data/exp_1/outputs/generation_results_lora_llama_8b_single_v8.jsonl
2025-05-30 16:37:07,766 - INFO - Reading line 129 from test data...
2025-05-30 16:37:07,766 - INFO - Added prompt from line 129 to batch.
2025-05-30 16:37:07,766 - INFO - Reading line 130 from test data...
2025-05-30 16:37:07,766 - INFO - Added prompt from line 130 to batch.
2025-05-30 16:37:07,766 - INFO - Reading line 131 from test data...
2025-05-30 16:37:07,766 - INFO - Added prompt from line 131 to batch.
2025-05-30 16:37:07,766 - INFO - Reading line 132 from test data...
2025-05-30 16:37:07,766 - INFO - Added prompt from line 132 to batch.
2025-05-30 16:37:07,766 - INFO - Reading line 133 from test data...
2025-05-30 16:37:07,766 - INFO - Added prompt from line 133 to batch.
2025-05-30 16:37:07,766 - INFO - Reading line 134 from test data...
2025-05-30 16:37:07,766 - INFO - Added prompt from line 134 to batch.
2025-05-30 16:37:07,766 - INFO - Reading line 135 from test data...
2025-05-30 16:37:07,766 - INFO - Added prompt from line 135 to batch.
2025-05-30 16:37:07,766 - INFO - Reading line 136 from test data...
2025-05-30 16:37:07,766 - INFO - Added prompt from line 136 to batch.
2025-05-30 16:37:07,766 - INFO - Processing batch of 8 prompts (up to line 136)...
2025-05-30 16:37:07,766 - INFO - Generating responses for batch of 8 prompts. System prompt: 'You are a helpful assistant.'
2025-05-30 16:37:07,767 - INFO - First formatted prompt for tokenizer (first 100 chars): '<|begin_of_text|><|start_header_id|>system<|end_header_id|>

Cutting Knowledge Date: December 2023
T...'
2025-05-30 16:37:07,767 - INFO - Input device: cuda:0, preparing to move inputs to device.
2025-05-30 16:37:07,768 - INFO - Batch of inputs tokenized, padded, truncated, and moved to model device.
2025-05-30 16:37:07,768 - INFO - Starting batched model.generate()...
Setting `pad_token_id` to `eos_token_id`:128001 for open-end generation.
2025-05-30 16:37:35,468 - INFO - Batched model.generate() completed.
2025-05-30 16:37:35,468 - INFO - Decoding batch of responses by stripping input tokens...
2025-05-30 16:37:35,470 - INFO - Input tokens stripped from responses.
2025-05-30 16:37:35,470 - INFO - Batch of responses generated.
2025-05-30 16:37:35,486 - INFO - Appended 8 results from batch to /scratch-shared/mschaffelder/data/exp_1/outputs/generation_results_lora_llama_8b_single_v8.jsonl
2025-05-30 16:37:35,486 - INFO - Reading line 137 from test data...
2025-05-30 16:37:35,486 - INFO - Added prompt from line 137 to batch.
2025-05-30 16:37:35,486 - INFO - Reading line 138 from test data...
2025-05-30 16:37:35,486 - INFO - Added prompt from line 138 to batch.
2025-05-30 16:37:35,486 - INFO - Reading line 139 from test data...
2025-05-30 16:37:35,486 - INFO - Added prompt from line 139 to batch.
2025-05-30 16:37:35,486 - INFO - Reading line 140 from test data...
2025-05-30 16:37:35,486 - INFO - Added prompt from line 140 to batch.
2025-05-30 16:37:35,486 - INFO - Reading line 141 from test data...
2025-05-30 16:37:35,486 - INFO - Added prompt from line 141 to batch.
2025-05-30 16:37:35,486 - INFO - Reading line 142 from test data...
2025-05-30 16:37:35,486 - INFO - Added prompt from line 142 to batch.
2025-05-30 16:37:35,486 - INFO - Reading line 143 from test data...
2025-05-30 16:37:35,486 - INFO - Added prompt from line 143 to batch.
2025-05-30 16:37:35,486 - INFO - Reading line 144 from test data...
2025-05-30 16:37:35,486 - INFO - Added prompt from line 144 to batch.
2025-05-30 16:37:35,486 - INFO - Processing batch of 8 prompts (up to line 144)...
2025-05-30 16:37:35,486 - INFO - Generating responses for batch of 8 prompts. System prompt: 'You are a helpful assistant.'
2025-05-30 16:37:35,487 - INFO - First formatted prompt for tokenizer (first 100 chars): '<|begin_of_text|><|start_header_id|>system<|end_header_id|>

Cutting Knowledge Date: December 2023
T...'
2025-05-30 16:37:35,487 - INFO - Input device: cuda:0, preparing to move inputs to device.
2025-05-30 16:37:35,488 - INFO - Batch of inputs tokenized, padded, truncated, and moved to model device.
2025-05-30 16:37:35,489 - INFO - Starting batched model.generate()...
Setting `pad_token_id` to `eos_token_id`:128001 for open-end generation.
2025-05-30 16:38:30,929 - INFO - Batched model.generate() completed.
2025-05-30 16:38:30,929 - INFO - Decoding batch of responses by stripping input tokens...
2025-05-30 16:38:30,932 - INFO - Input tokens stripped from responses.
2025-05-30 16:38:30,932 - INFO - Batch of responses generated.
2025-05-30 16:38:30,934 - INFO - Appended 8 results from batch to /scratch-shared/mschaffelder/data/exp_1/outputs/generation_results_lora_llama_8b_single_v8.jsonl
2025-05-30 16:38:30,934 - INFO - Reading line 145 from test data...
2025-05-30 16:38:30,934 - INFO - Added prompt from line 145 to batch.
2025-05-30 16:38:30,934 - INFO - Reading line 146 from test data...
2025-05-30 16:38:30,934 - INFO - Added prompt from line 146 to batch.
2025-05-30 16:38:30,934 - INFO - Reading line 147 from test data...
2025-05-30 16:38:30,934 - INFO - Added prompt from line 147 to batch.
2025-05-30 16:38:30,934 - INFO - Reading line 148 from test data...
2025-05-30 16:38:30,934 - INFO - Added prompt from line 148 to batch.
2025-05-30 16:38:30,934 - INFO - Reading line 149 from test data...
2025-05-30 16:38:30,934 - INFO - Added prompt from line 149 to batch.
2025-05-30 16:38:30,934 - INFO - Reading line 150 from test data...
2025-05-30 16:38:30,934 - INFO - Added prompt from line 150 to batch.
2025-05-30 16:38:30,934 - INFO - Reading line 151 from test data...
2025-05-30 16:38:30,934 - INFO - Added prompt from line 151 to batch.
2025-05-30 16:38:30,934 - INFO - Reading line 152 from test data...
2025-05-30 16:38:30,934 - INFO - Added prompt from line 152 to batch.
2025-05-30 16:38:30,934 - INFO - Processing batch of 8 prompts (up to line 152)...
2025-05-30 16:38:30,934 - INFO - Generating responses for batch of 8 prompts. System prompt: 'You are a helpful assistant.'
2025-05-30 16:38:30,935 - INFO - First formatted prompt for tokenizer (first 100 chars): '<|begin_of_text|><|start_header_id|>system<|end_header_id|>

Cutting Knowledge Date: December 2023
T...'
2025-05-30 16:38:30,935 - INFO - Input device: cuda:0, preparing to move inputs to device.
2025-05-30 16:38:30,936 - INFO - Batch of inputs tokenized, padded, truncated, and moved to model device.
2025-05-30 16:38:30,937 - INFO - Starting batched model.generate()...
Setting `pad_token_id` to `eos_token_id`:128001 for open-end generation.
2025-05-30 16:39:05,070 - INFO - Batched model.generate() completed.
2025-05-30 16:39:05,070 - INFO - Decoding batch of responses by stripping input tokens...
2025-05-30 16:39:05,073 - INFO - Input tokens stripped from responses.
2025-05-30 16:39:05,073 - INFO - Batch of responses generated.
2025-05-30 16:39:05,075 - INFO - Appended 8 results from batch to /scratch-shared/mschaffelder/data/exp_1/outputs/generation_results_lora_llama_8b_single_v8.jsonl
2025-05-30 16:39:05,075 - INFO - Reading line 153 from test data...
2025-05-30 16:39:05,075 - INFO - Added prompt from line 153 to batch.
2025-05-30 16:39:05,075 - INFO - Reading line 154 from test data...
2025-05-30 16:39:05,075 - INFO - Added prompt from line 154 to batch.
2025-05-30 16:39:05,075 - INFO - Reading line 155 from test data...
2025-05-30 16:39:05,075 - INFO - Added prompt from line 155 to batch.
2025-05-30 16:39:05,075 - INFO - Reading line 156 from test data...
2025-05-30 16:39:05,075 - INFO - Added prompt from line 156 to batch.
2025-05-30 16:39:05,075 - INFO - Reading line 157 from test data...
2025-05-30 16:39:05,075 - INFO - Added prompt from line 157 to batch.
2025-05-30 16:39:05,075 - INFO - Reading line 158 from test data...
2025-05-30 16:39:05,075 - INFO - Added prompt from line 158 to batch.
2025-05-30 16:39:05,075 - INFO - Reading line 159 from test data...
2025-05-30 16:39:05,075 - INFO - Added prompt from line 159 to batch.
2025-05-30 16:39:05,075 - INFO - Reading line 160 from test data...
2025-05-30 16:39:05,075 - INFO - Added prompt from line 160 to batch.
2025-05-30 16:39:05,075 - INFO - Processing batch of 8 prompts (up to line 160)...
2025-05-30 16:39:05,075 - INFO - Generating responses for batch of 8 prompts. System prompt: 'You are a helpful assistant.'
2025-05-30 16:39:05,076 - INFO - First formatted prompt for tokenizer (first 100 chars): '<|begin_of_text|><|start_header_id|>system<|end_header_id|>

Cutting Knowledge Date: December 2023
T...'
2025-05-30 16:39:05,076 - INFO - Input device: cuda:0, preparing to move inputs to device.
2025-05-30 16:39:05,079 - INFO - Batch of inputs tokenized, padded, truncated, and moved to model device.
2025-05-30 16:39:05,079 - INFO - Starting batched model.generate()...
Setting `pad_token_id` to `eos_token_id`:128001 for open-end generation.
2025-05-30 16:39:41,295 - INFO - Batched model.generate() completed.
2025-05-30 16:39:41,295 - INFO - Decoding batch of responses by stripping input tokens...
2025-05-30 16:39:41,296 - INFO - Input tokens stripped from responses.
2025-05-30 16:39:41,297 - INFO - Batch of responses generated.
2025-05-30 16:39:41,299 - INFO - Appended 8 results from batch to /scratch-shared/mschaffelder/data/exp_1/outputs/generation_results_lora_llama_8b_single_v8.jsonl
2025-05-30 16:39:41,299 - INFO - Reading line 161 from test data...
2025-05-30 16:39:41,299 - INFO - Added prompt from line 161 to batch.
2025-05-30 16:39:41,299 - INFO - Reading line 162 from test data...
2025-05-30 16:39:41,299 - INFO - Added prompt from line 162 to batch.
2025-05-30 16:39:41,299 - INFO - Reading line 163 from test data...
2025-05-30 16:39:41,299 - INFO - Added prompt from line 163 to batch.
2025-05-30 16:39:41,299 - INFO - Reading line 164 from test data...
2025-05-30 16:39:41,299 - INFO - Added prompt from line 164 to batch.
2025-05-30 16:39:41,299 - INFO - Reading line 165 from test data...
2025-05-30 16:39:41,299 - INFO - Added prompt from line 165 to batch.
2025-05-30 16:39:41,299 - INFO - Reading line 166 from test data...
2025-05-30 16:39:41,299 - INFO - Added prompt from line 166 to batch.
2025-05-30 16:39:41,299 - INFO - Reading line 167 from test data...
2025-05-30 16:39:41,299 - INFO - Added prompt from line 167 to batch.
2025-05-30 16:39:41,299 - INFO - Reading line 168 from test data...
2025-05-30 16:39:41,299 - INFO - Added prompt from line 168 to batch.
2025-05-30 16:39:41,299 - INFO - Processing batch of 8 prompts (up to line 168)...
2025-05-30 16:39:41,299 - INFO - Generating responses for batch of 8 prompts. System prompt: 'You are a helpful assistant.'
2025-05-30 16:39:41,300 - INFO - First formatted prompt for tokenizer (first 100 chars): '<|begin_of_text|><|start_header_id|>system<|end_header_id|>

Cutting Knowledge Date: December 2023
T...'
2025-05-30 16:39:41,300 - INFO - Input device: cuda:0, preparing to move inputs to device.
2025-05-30 16:39:41,305 - INFO - Batch of inputs tokenized, padded, truncated, and moved to model device.
2025-05-30 16:39:41,305 - INFO - Starting batched model.generate()...
Setting `pad_token_id` to `eos_token_id`:128001 for open-end generation.
2025-05-30 16:40:13,094 - INFO - Batched model.generate() completed.
2025-05-30 16:40:13,094 - INFO - Decoding batch of responses by stripping input tokens...
2025-05-30 16:40:13,096 - INFO - Input tokens stripped from responses.
2025-05-30 16:40:13,096 - INFO - Batch of responses generated.
2025-05-30 16:40:13,098 - INFO - Appended 8 results from batch to /scratch-shared/mschaffelder/data/exp_1/outputs/generation_results_lora_llama_8b_single_v8.jsonl
2025-05-30 16:40:13,098 - INFO - Reading line 169 from test data...
2025-05-30 16:40:13,098 - INFO - Added prompt from line 169 to batch.
2025-05-30 16:40:13,098 - INFO - Reading line 170 from test data...
2025-05-30 16:40:13,098 - INFO - Added prompt from line 170 to batch.
2025-05-30 16:40:13,098 - INFO - Reading line 171 from test data...
2025-05-30 16:40:13,098 - INFO - Added prompt from line 171 to batch.
2025-05-30 16:40:13,098 - INFO - Reading line 172 from test data...
2025-05-30 16:40:13,098 - INFO - Added prompt from line 172 to batch.
2025-05-30 16:40:13,098 - INFO - Reading line 173 from test data...
2025-05-30 16:40:13,098 - INFO - Added prompt from line 173 to batch.
2025-05-30 16:40:13,098 - INFO - Reading line 174 from test data...
2025-05-30 16:40:13,098 - INFO - Added prompt from line 174 to batch.
2025-05-30 16:40:13,098 - INFO - Reading line 175 from test data...
2025-05-30 16:40:13,098 - INFO - Added prompt from line 175 to batch.
2025-05-30 16:40:13,098 - INFO - Reading line 176 from test data...
2025-05-30 16:40:13,098 - INFO - Added prompt from line 176 to batch.
2025-05-30 16:40:13,098 - INFO - Processing batch of 8 prompts (up to line 176)...
2025-05-30 16:40:13,098 - INFO - Generating responses for batch of 8 prompts. System prompt: 'You are a helpful assistant.'
2025-05-30 16:40:13,099 - INFO - First formatted prompt for tokenizer (first 100 chars): '<|begin_of_text|><|start_header_id|>system<|end_header_id|>

Cutting Knowledge Date: December 2023
T...'
2025-05-30 16:40:13,099 - INFO - Input device: cuda:0, preparing to move inputs to device.
2025-05-30 16:40:13,101 - INFO - Batch of inputs tokenized, padded, truncated, and moved to model device.
2025-05-30 16:40:13,101 - INFO - Starting batched model.generate()...
Setting `pad_token_id` to `eos_token_id`:128001 for open-end generation.
2025-05-30 16:40:46,717 - INFO - Batched model.generate() completed.
2025-05-30 16:40:46,718 - INFO - Decoding batch of responses by stripping input tokens...
2025-05-30 16:40:46,720 - INFO - Input tokens stripped from responses.
2025-05-30 16:40:46,721 - INFO - Batch of responses generated.
2025-05-30 16:40:46,722 - INFO - Appended 8 results from batch to /scratch-shared/mschaffelder/data/exp_1/outputs/generation_results_lora_llama_8b_single_v8.jsonl
2025-05-30 16:40:46,722 - INFO - Reading line 177 from test data...
2025-05-30 16:40:46,722 - INFO - Added prompt from line 177 to batch.
2025-05-30 16:40:46,722 - INFO - Reading line 178 from test data...
2025-05-30 16:40:46,723 - INFO - Added prompt from line 178 to batch.
2025-05-30 16:40:46,723 - INFO - Reading line 179 from test data...
2025-05-30 16:40:46,723 - INFO - Added prompt from line 179 to batch.
2025-05-30 16:40:46,723 - INFO - Reading line 180 from test data...
2025-05-30 16:40:46,723 - INFO - Added prompt from line 180 to batch.
2025-05-30 16:40:46,723 - INFO - Reading line 181 from test data...
2025-05-30 16:40:46,723 - INFO - Added prompt from line 181 to batch.
2025-05-30 16:40:46,723 - INFO - Reading line 182 from test data...
2025-05-30 16:40:46,723 - INFO - Added prompt from line 182 to batch.
2025-05-30 16:40:46,723 - INFO - Reading line 183 from test data...
2025-05-30 16:40:46,723 - INFO - Added prompt from line 183 to batch.
2025-05-30 16:40:46,723 - INFO - Reading line 184 from test data...
2025-05-30 16:40:46,723 - INFO - Added prompt from line 184 to batch.
2025-05-30 16:40:46,723 - INFO - Processing batch of 8 prompts (up to line 184)...
2025-05-30 16:40:46,723 - INFO - Generating responses for batch of 8 prompts. System prompt: 'You are a helpful assistant.'
2025-05-30 16:40:46,723 - INFO - First formatted prompt for tokenizer (first 100 chars): '<|begin_of_text|><|start_header_id|>system<|end_header_id|>

Cutting Knowledge Date: December 2023
T...'
2025-05-30 16:40:46,723 - INFO - Input device: cuda:0, preparing to move inputs to device.
2025-05-30 16:40:46,725 - INFO - Batch of inputs tokenized, padded, truncated, and moved to model device.
2025-05-30 16:40:46,725 - INFO - Starting batched model.generate()...
Setting `pad_token_id` to `eos_token_id`:128001 for open-end generation.
2025-05-30 16:41:25,506 - INFO - Batched model.generate() completed.
2025-05-30 16:41:25,507 - INFO - Decoding batch of responses by stripping input tokens...
2025-05-30 16:41:25,509 - INFO - Input tokens stripped from responses.
2025-05-30 16:41:25,509 - INFO - Batch of responses generated.
2025-05-30 16:41:25,511 - INFO - Appended 8 results from batch to /scratch-shared/mschaffelder/data/exp_1/outputs/generation_results_lora_llama_8b_single_v8.jsonl
2025-05-30 16:41:25,511 - INFO - Reading line 185 from test data...
2025-05-30 16:41:25,511 - INFO - Added prompt from line 185 to batch.
2025-05-30 16:41:25,511 - INFO - Reading line 186 from test data...
2025-05-30 16:41:25,511 - INFO - Added prompt from line 186 to batch.
2025-05-30 16:41:25,511 - INFO - Reading line 187 from test data...
2025-05-30 16:41:25,511 - INFO - Added prompt from line 187 to batch.
2025-05-30 16:41:25,511 - INFO - Reading line 188 from test data...
2025-05-30 16:41:25,511 - INFO - Added prompt from line 188 to batch.
2025-05-30 16:41:25,511 - INFO - Reading line 189 from test data...
2025-05-30 16:41:25,511 - INFO - Added prompt from line 189 to batch.
2025-05-30 16:41:25,511 - INFO - Reading line 190 from test data...
2025-05-30 16:41:25,511 - INFO - Added prompt from line 190 to batch.
2025-05-30 16:41:25,511 - INFO - Reading line 191 from test data...
2025-05-30 16:41:25,511 - INFO - Added prompt from line 191 to batch.
2025-05-30 16:41:25,511 - INFO - Reading line 192 from test data...
2025-05-30 16:41:25,511 - INFO - Added prompt from line 192 to batch.
2025-05-30 16:41:25,511 - INFO - Processing batch of 8 prompts (up to line 192)...
2025-05-30 16:41:25,511 - INFO - Generating responses for batch of 8 prompts. System prompt: 'You are a helpful assistant.'
2025-05-30 16:41:25,512 - INFO - First formatted prompt for tokenizer (first 100 chars): '<|begin_of_text|><|start_header_id|>system<|end_header_id|>

Cutting Knowledge Date: December 2023
T...'
2025-05-30 16:41:25,512 - INFO - Input device: cuda:0, preparing to move inputs to device.
2025-05-30 16:41:25,515 - INFO - Batch of inputs tokenized, padded, truncated, and moved to model device.
2025-05-30 16:41:25,515 - INFO - Starting batched model.generate()...
Setting `pad_token_id` to `eos_token_id`:128001 for open-end generation.
2025-05-30 16:42:03,750 - INFO - Batched model.generate() completed.
2025-05-30 16:42:03,751 - INFO - Decoding batch of responses by stripping input tokens...
2025-05-30 16:42:03,753 - INFO - Input tokens stripped from responses.
2025-05-30 16:42:03,754 - INFO - Batch of responses generated.
2025-05-30 16:42:03,755 - INFO - Appended 8 results from batch to /scratch-shared/mschaffelder/data/exp_1/outputs/generation_results_lora_llama_8b_single_v8.jsonl
2025-05-30 16:42:03,755 - INFO - Reading line 193 from test data...
2025-05-30 16:42:03,755 - INFO - Added prompt from line 193 to batch.
2025-05-30 16:42:03,755 - INFO - Reading line 194 from test data...
2025-05-30 16:42:03,755 - INFO - Added prompt from line 194 to batch.
2025-05-30 16:42:03,755 - INFO - Reading line 195 from test data...
2025-05-30 16:42:03,755 - INFO - Added prompt from line 195 to batch.
2025-05-30 16:42:03,755 - INFO - Reading line 196 from test data...
2025-05-30 16:42:03,755 - INFO - Added prompt from line 196 to batch.
2025-05-30 16:42:03,755 - INFO - Reading line 197 from test data...
2025-05-30 16:42:03,755 - INFO - Added prompt from line 197 to batch.
2025-05-30 16:42:03,755 - INFO - Reading line 198 from test data...
2025-05-30 16:42:03,755 - INFO - Added prompt from line 198 to batch.
2025-05-30 16:42:03,755 - INFO - Reading line 199 from test data...
2025-05-30 16:42:03,755 - INFO - Added prompt from line 199 to batch.
2025-05-30 16:42:03,756 - INFO - Reading line 200 from test data...
2025-05-30 16:42:03,756 - INFO - Added prompt from line 200 to batch.
2025-05-30 16:42:03,756 - INFO - Processing batch of 8 prompts (up to line 200)...
2025-05-30 16:42:03,756 - INFO - Generating responses for batch of 8 prompts. System prompt: 'You are a helpful assistant.'
2025-05-30 16:42:03,756 - INFO - First formatted prompt for tokenizer (first 100 chars): '<|begin_of_text|><|start_header_id|>system<|end_header_id|>

Cutting Knowledge Date: December 2023
T...'
2025-05-30 16:42:03,756 - INFO - Input device: cuda:0, preparing to move inputs to device.
2025-05-30 16:42:03,758 - INFO - Batch of inputs tokenized, padded, truncated, and moved to model device.
2025-05-30 16:42:03,758 - INFO - Starting batched model.generate()...
Setting `pad_token_id` to `eos_token_id`:128001 for open-end generation.
2025-05-30 16:42:42,575 - INFO - Batched model.generate() completed.
2025-05-30 16:42:42,575 - INFO - Decoding batch of responses by stripping input tokens...
2025-05-30 16:42:42,578 - INFO - Input tokens stripped from responses.
2025-05-30 16:42:42,578 - INFO - Batch of responses generated.
2025-05-30 16:42:42,580 - INFO - Appended 8 results from batch to /scratch-shared/mschaffelder/data/exp_1/outputs/generation_results_lora_llama_8b_single_v8.jsonl
2025-05-30 16:42:42,580 - INFO - Reading line 201 from test data...
2025-05-30 16:42:42,580 - INFO - Added prompt from line 201 to batch.
2025-05-30 16:42:42,580 - INFO - Reading line 202 from test data...
2025-05-30 16:42:42,580 - INFO - Added prompt from line 202 to batch.
2025-05-30 16:42:42,580 - INFO - Reading line 203 from test data...
2025-05-30 16:42:42,580 - INFO - Added prompt from line 203 to batch.
2025-05-30 16:42:42,580 - INFO - Reading line 204 from test data...
2025-05-30 16:42:42,580 - INFO - Added prompt from line 204 to batch.
2025-05-30 16:42:42,580 - INFO - Reading line 205 from test data...
2025-05-30 16:42:42,580 - INFO - Added prompt from line 205 to batch.
2025-05-30 16:42:42,580 - INFO - Reading line 206 from test data...
2025-05-30 16:42:42,580 - INFO - Added prompt from line 206 to batch.
2025-05-30 16:42:42,580 - INFO - Reading line 207 from test data...
2025-05-30 16:42:42,580 - INFO - Added prompt from line 207 to batch.
2025-05-30 16:42:42,580 - INFO - Reading line 208 from test data...
2025-05-30 16:42:42,580 - INFO - Added prompt from line 208 to batch.
2025-05-30 16:42:42,580 - INFO - Processing batch of 8 prompts (up to line 208)...
2025-05-30 16:42:42,580 - INFO - Generating responses for batch of 8 prompts. System prompt: 'You are a helpful assistant.'
2025-05-30 16:42:42,581 - INFO - First formatted prompt for tokenizer (first 100 chars): '<|begin_of_text|><|start_header_id|>system<|end_header_id|>

Cutting Knowledge Date: December 2023
T...'
2025-05-30 16:42:42,581 - INFO - Input device: cuda:0, preparing to move inputs to device.
2025-05-30 16:42:42,583 - INFO - Batch of inputs tokenized, padded, truncated, and moved to model device.
2025-05-30 16:42:42,583 - INFO - Starting batched model.generate()...
Setting `pad_token_id` to `eos_token_id`:128001 for open-end generation.
2025-05-30 16:43:10,469 - INFO - Batched model.generate() completed.
2025-05-30 16:43:10,469 - INFO - Decoding batch of responses by stripping input tokens...
2025-05-30 16:43:10,471 - INFO - Input tokens stripped from responses.
2025-05-30 16:43:10,471 - INFO - Batch of responses generated.
2025-05-30 16:43:10,473 - INFO - Appended 8 results from batch to /scratch-shared/mschaffelder/data/exp_1/outputs/generation_results_lora_llama_8b_single_v8.jsonl
2025-05-30 16:43:10,473 - INFO - Reading line 209 from test data...
2025-05-30 16:43:10,473 - INFO - Added prompt from line 209 to batch.
2025-05-30 16:43:10,473 - INFO - Reading line 210 from test data...
2025-05-30 16:43:10,473 - INFO - Added prompt from line 210 to batch.
2025-05-30 16:43:10,473 - INFO - Reading line 211 from test data...
2025-05-30 16:43:10,473 - INFO - Added prompt from line 211 to batch.
2025-05-30 16:43:10,473 - INFO - Reading line 212 from test data...
2025-05-30 16:43:10,473 - INFO - Added prompt from line 212 to batch.
2025-05-30 16:43:10,473 - INFO - Reading line 213 from test data...
2025-05-30 16:43:10,473 - INFO - Added prompt from line 213 to batch.
2025-05-30 16:43:10,473 - INFO - Reading line 214 from test data...
2025-05-30 16:43:10,473 - INFO - Added prompt from line 214 to batch.
2025-05-30 16:43:10,473 - INFO - Reading line 215 from test data...
2025-05-30 16:43:10,473 - INFO - Added prompt from line 215 to batch.
2025-05-30 16:43:10,473 - INFO - Reading line 216 from test data...
2025-05-30 16:43:10,473 - INFO - Added prompt from line 216 to batch.
2025-05-30 16:43:10,473 - INFO - Processing batch of 8 prompts (up to line 216)...
2025-05-30 16:43:10,473 - INFO - Generating responses for batch of 8 prompts. System prompt: 'You are a helpful assistant.'
2025-05-30 16:43:10,474 - INFO - First formatted prompt for tokenizer (first 100 chars): '<|begin_of_text|><|start_header_id|>system<|end_header_id|>

Cutting Knowledge Date: December 2023
T...'
2025-05-30 16:43:10,474 - INFO - Input device: cuda:0, preparing to move inputs to device.
2025-05-30 16:43:10,475 - INFO - Batch of inputs tokenized, padded, truncated, and moved to model device.
2025-05-30 16:43:10,476 - INFO - Starting batched model.generate()...
Setting `pad_token_id` to `eos_token_id`:128001 for open-end generation.
2025-05-30 16:43:46,551 - INFO - Batched model.generate() completed.
2025-05-30 16:43:46,551 - INFO - Decoding batch of responses by stripping input tokens...
2025-05-30 16:43:46,554 - INFO - Input tokens stripped from responses.
2025-05-30 16:43:46,554 - INFO - Batch of responses generated.
2025-05-30 16:43:46,556 - INFO - Appended 8 results from batch to /scratch-shared/mschaffelder/data/exp_1/outputs/generation_results_lora_llama_8b_single_v8.jsonl
2025-05-30 16:43:46,556 - INFO - Reading line 217 from test data...
2025-05-30 16:43:46,556 - INFO - Added prompt from line 217 to batch.
2025-05-30 16:43:46,556 - INFO - Reading line 218 from test data...
2025-05-30 16:43:46,556 - INFO - Added prompt from line 218 to batch.
2025-05-30 16:43:46,556 - INFO - Reading line 219 from test data...
2025-05-30 16:43:46,556 - INFO - Added prompt from line 219 to batch.
2025-05-30 16:43:46,556 - INFO - Reading line 220 from test data...
2025-05-30 16:43:46,556 - INFO - Added prompt from line 220 to batch.
2025-05-30 16:43:46,556 - INFO - Reading line 221 from test data...
2025-05-30 16:43:46,556 - INFO - Added prompt from line 221 to batch.
2025-05-30 16:43:46,556 - INFO - Reading line 222 from test data...
2025-05-30 16:43:46,556 - INFO - Added prompt from line 222 to batch.
2025-05-30 16:43:46,556 - INFO - Reading line 223 from test data...
2025-05-30 16:43:46,556 - INFO - Added prompt from line 223 to batch.
2025-05-30 16:43:46,556 - INFO - Reading line 224 from test data...
2025-05-30 16:43:46,556 - INFO - Added prompt from line 224 to batch.
2025-05-30 16:43:46,556 - INFO - Processing batch of 8 prompts (up to line 224)...
2025-05-30 16:43:46,556 - INFO - Generating responses for batch of 8 prompts. System prompt: 'You are a helpful assistant.'
2025-05-30 16:43:46,557 - INFO - First formatted prompt for tokenizer (first 100 chars): '<|begin_of_text|><|start_header_id|>system<|end_header_id|>

Cutting Knowledge Date: December 2023
T...'
2025-05-30 16:43:46,557 - INFO - Input device: cuda:0, preparing to move inputs to device.
2025-05-30 16:43:46,562 - INFO - Batch of inputs tokenized, padded, truncated, and moved to model device.
2025-05-30 16:43:46,562 - INFO - Starting batched model.generate()...
Setting `pad_token_id` to `eos_token_id`:128001 for open-end generation.
2025-05-30 16:44:23,805 - INFO - Batched model.generate() completed.
2025-05-30 16:44:23,805 - INFO - Decoding batch of responses by stripping input tokens...
2025-05-30 16:44:23,807 - INFO - Input tokens stripped from responses.
2025-05-30 16:44:23,808 - INFO - Batch of responses generated.
2025-05-30 16:44:23,809 - INFO - Appended 8 results from batch to /scratch-shared/mschaffelder/data/exp_1/outputs/generation_results_lora_llama_8b_single_v8.jsonl
2025-05-30 16:44:23,809 - INFO - Reading line 225 from test data...
2025-05-30 16:44:23,809 - INFO - Added prompt from line 225 to batch.
2025-05-30 16:44:23,809 - INFO - Reading line 226 from test data...
2025-05-30 16:44:23,809 - INFO - Added prompt from line 226 to batch.
2025-05-30 16:44:23,810 - INFO - Reading line 227 from test data...
2025-05-30 16:44:23,810 - INFO - Added prompt from line 227 to batch.
2025-05-30 16:44:23,810 - INFO - Reading line 228 from test data...
2025-05-30 16:44:23,810 - INFO - Added prompt from line 228 to batch.
2025-05-30 16:44:23,810 - INFO - Reading line 229 from test data...
2025-05-30 16:44:23,810 - INFO - Added prompt from line 229 to batch.
2025-05-30 16:44:23,810 - INFO - Reading line 230 from test data...
2025-05-30 16:44:23,810 - INFO - Added prompt from line 230 to batch.
2025-05-30 16:44:23,810 - INFO - Reading line 231 from test data...
2025-05-30 16:44:23,810 - INFO - Added prompt from line 231 to batch.
2025-05-30 16:44:23,810 - INFO - Reading line 232 from test data...
2025-05-30 16:44:23,810 - INFO - Added prompt from line 232 to batch.
2025-05-30 16:44:23,810 - INFO - Processing batch of 8 prompts (up to line 232)...
2025-05-30 16:44:23,810 - INFO - Generating responses for batch of 8 prompts. System prompt: 'You are a helpful assistant.'
2025-05-30 16:44:23,810 - INFO - First formatted prompt for tokenizer (first 100 chars): '<|begin_of_text|><|start_header_id|>system<|end_header_id|>

Cutting Knowledge Date: December 2023
T...'
2025-05-30 16:44:23,810 - INFO - Input device: cuda:0, preparing to move inputs to device.
2025-05-30 16:44:23,811 - INFO - Batch of inputs tokenized, padded, truncated, and moved to model device.
2025-05-30 16:44:23,812 - INFO - Starting batched model.generate()...
Setting `pad_token_id` to `eos_token_id`:128001 for open-end generation.
2025-05-30 16:44:55,039 - INFO - Batched model.generate() completed.
2025-05-30 16:44:55,039 - INFO - Decoding batch of responses by stripping input tokens...
2025-05-30 16:44:55,041 - INFO - Input tokens stripped from responses.
2025-05-30 16:44:55,042 - INFO - Batch of responses generated.
2025-05-30 16:44:55,043 - INFO - Appended 8 results from batch to /scratch-shared/mschaffelder/data/exp_1/outputs/generation_results_lora_llama_8b_single_v8.jsonl
2025-05-30 16:44:55,043 - INFO - Reading line 233 from test data...
2025-05-30 16:44:55,043 - INFO - Added prompt from line 233 to batch.
2025-05-30 16:44:55,043 - INFO - Reading line 234 from test data...
2025-05-30 16:44:55,043 - INFO - Added prompt from line 234 to batch.
2025-05-30 16:44:55,043 - INFO - Reading line 235 from test data...
2025-05-30 16:44:55,043 - INFO - Added prompt from line 235 to batch.
2025-05-30 16:44:55,043 - INFO - Reading line 236 from test data...
2025-05-30 16:44:55,044 - INFO - Added prompt from line 236 to batch.
2025-05-30 16:44:55,044 - INFO - Reading line 237 from test data...
2025-05-30 16:44:55,044 - INFO - Added prompt from line 237 to batch.
2025-05-30 16:44:55,044 - INFO - Reading line 238 from test data...
2025-05-30 16:44:55,044 - INFO - Added prompt from line 238 to batch.
2025-05-30 16:44:55,044 - INFO - Reading line 239 from test data...
2025-05-30 16:44:55,044 - INFO - Added prompt from line 239 to batch.
2025-05-30 16:44:55,044 - INFO - Reading line 240 from test data...
2025-05-30 16:44:55,044 - INFO - Added prompt from line 240 to batch.
2025-05-30 16:44:55,044 - INFO - Processing batch of 8 prompts (up to line 240)...
2025-05-30 16:44:55,044 - INFO - Generating responses for batch of 8 prompts. System prompt: 'You are a helpful assistant.'
2025-05-30 16:44:55,044 - INFO - First formatted prompt for tokenizer (first 100 chars): '<|begin_of_text|><|start_header_id|>system<|end_header_id|>

Cutting Knowledge Date: December 2023
T...'
2025-05-30 16:44:55,044 - INFO - Input device: cuda:0, preparing to move inputs to device.
2025-05-30 16:44:55,048 - INFO - Batch of inputs tokenized, padded, truncated, and moved to model device.
2025-05-30 16:44:55,048 - INFO - Starting batched model.generate()...
Setting `pad_token_id` to `eos_token_id`:128001 for open-end generation.
2025-05-30 16:45:23,345 - INFO - Batched model.generate() completed.
2025-05-30 16:45:23,345 - INFO - Decoding batch of responses by stripping input tokens...
2025-05-30 16:45:23,347 - INFO - Input tokens stripped from responses.
2025-05-30 16:45:23,347 - INFO - Batch of responses generated.
2025-05-30 16:45:23,349 - INFO - Appended 8 results from batch to /scratch-shared/mschaffelder/data/exp_1/outputs/generation_results_lora_llama_8b_single_v8.jsonl
2025-05-30 16:45:23,349 - INFO - Reading line 241 from test data...
2025-05-30 16:45:23,349 - INFO - Added prompt from line 241 to batch.
2025-05-30 16:45:23,349 - INFO - Reading line 242 from test data...
2025-05-30 16:45:23,349 - INFO - Added prompt from line 242 to batch.
2025-05-30 16:45:23,349 - INFO - Reading line 243 from test data...
2025-05-30 16:45:23,349 - INFO - Added prompt from line 243 to batch.
2025-05-30 16:45:23,349 - INFO - Reading line 244 from test data...
2025-05-30 16:45:23,349 - INFO - Added prompt from line 244 to batch.
2025-05-30 16:45:23,349 - INFO - Reading line 245 from test data...
2025-05-30 16:45:23,349 - INFO - Added prompt from line 245 to batch.
2025-05-30 16:45:23,349 - INFO - Reading line 246 from test data...
2025-05-30 16:45:23,349 - INFO - Added prompt from line 246 to batch.
2025-05-30 16:45:23,349 - INFO - Reading line 247 from test data...
2025-05-30 16:45:23,349 - INFO - Added prompt from line 247 to batch.
2025-05-30 16:45:23,349 - INFO - Reading line 248 from test data...
2025-05-30 16:45:23,349 - INFO - Added prompt from line 248 to batch.
2025-05-30 16:45:23,349 - INFO - Processing batch of 8 prompts (up to line 248)...
2025-05-30 16:45:23,349 - INFO - Generating responses for batch of 8 prompts. System prompt: 'You are a helpful assistant.'
2025-05-30 16:45:23,350 - INFO - First formatted prompt for tokenizer (first 100 chars): '<|begin_of_text|><|start_header_id|>system<|end_header_id|>

Cutting Knowledge Date: December 2023
T...'
2025-05-30 16:45:23,350 - INFO - Input device: cuda:0, preparing to move inputs to device.
2025-05-30 16:45:23,353 - INFO - Batch of inputs tokenized, padded, truncated, and moved to model device.
2025-05-30 16:45:23,353 - INFO - Starting batched model.generate()...
Setting `pad_token_id` to `eos_token_id`:128001 for open-end generation.
2025-05-30 16:45:58,913 - INFO - Batched model.generate() completed.
2025-05-30 16:45:58,913 - INFO - Decoding batch of responses by stripping input tokens...
2025-05-30 16:45:58,916 - INFO - Input tokens stripped from responses.
2025-05-30 16:45:58,916 - INFO - Batch of responses generated.
2025-05-30 16:45:58,918 - INFO - Appended 8 results from batch to /scratch-shared/mschaffelder/data/exp_1/outputs/generation_results_lora_llama_8b_single_v8.jsonl
2025-05-30 16:45:58,918 - INFO - Reading line 249 from test data...
2025-05-30 16:45:58,918 - INFO - Added prompt from line 249 to batch.
2025-05-30 16:45:58,918 - INFO - Reading line 250 from test data...
2025-05-30 16:45:58,918 - INFO - Added prompt from line 250 to batch.
2025-05-30 16:45:58,918 - INFO - Reading line 251 from test data...
2025-05-30 16:45:58,918 - INFO - Added prompt from line 251 to batch.
2025-05-30 16:45:58,918 - INFO - Reading line 252 from test data...
2025-05-30 16:45:58,918 - INFO - Added prompt from line 252 to batch.
2025-05-30 16:45:58,918 - INFO - Reading line 253 from test data...
2025-05-30 16:45:58,918 - INFO - Added prompt from line 253 to batch.
2025-05-30 16:45:58,918 - INFO - Reading line 254 from test data...
2025-05-30 16:45:58,918 - INFO - Added prompt from line 254 to batch.
2025-05-30 16:45:58,918 - INFO - Reading line 255 from test data...
2025-05-30 16:45:58,918 - INFO - Added prompt from line 255 to batch.
2025-05-30 16:45:58,918 - INFO - Reading line 256 from test data...
2025-05-30 16:45:58,918 - INFO - Added prompt from line 256 to batch.
2025-05-30 16:45:58,918 - INFO - Processing batch of 8 prompts (up to line 256)...
2025-05-30 16:45:58,918 - INFO - Generating responses for batch of 8 prompts. System prompt: 'You are a helpful assistant.'
2025-05-30 16:45:58,919 - INFO - First formatted prompt for tokenizer (first 100 chars): '<|begin_of_text|><|start_header_id|>system<|end_header_id|>

Cutting Knowledge Date: December 2023
T...'
2025-05-30 16:45:58,919 - INFO - Input device: cuda:0, preparing to move inputs to device.
2025-05-30 16:45:58,921 - INFO - Batch of inputs tokenized, padded, truncated, and moved to model device.
2025-05-30 16:45:58,921 - INFO - Starting batched model.generate()...
Setting `pad_token_id` to `eos_token_id`:128001 for open-end generation.
2025-05-30 16:46:37,752 - INFO - Batched model.generate() completed.
2025-05-30 16:46:37,752 - INFO - Decoding batch of responses by stripping input tokens...
2025-05-30 16:46:37,754 - INFO - Input tokens stripped from responses.
2025-05-30 16:46:37,754 - INFO - Batch of responses generated.
2025-05-30 16:46:37,756 - INFO - Appended 8 results from batch to /scratch-shared/mschaffelder/data/exp_1/outputs/generation_results_lora_llama_8b_single_v8.jsonl
2025-05-30 16:46:37,756 - INFO - Reading line 257 from test data...
2025-05-30 16:46:37,756 - INFO - Added prompt from line 257 to batch.
2025-05-30 16:46:37,756 - INFO - Reading line 258 from test data...
2025-05-30 16:46:37,756 - INFO - Added prompt from line 258 to batch.
2025-05-30 16:46:37,756 - INFO - Reading line 259 from test data...
2025-05-30 16:46:37,756 - INFO - Added prompt from line 259 to batch.
2025-05-30 16:46:37,756 - INFO - Reading line 260 from test data...
2025-05-30 16:46:37,756 - INFO - Added prompt from line 260 to batch.
2025-05-30 16:46:37,756 - INFO - Reading line 261 from test data...
2025-05-30 16:46:37,756 - INFO - Added prompt from line 261 to batch.
2025-05-30 16:46:37,756 - INFO - Reading line 262 from test data...
2025-05-30 16:46:37,756 - INFO - Added prompt from line 262 to batch.
2025-05-30 16:46:37,756 - INFO - Reading line 263 from test data...
2025-05-30 16:46:37,756 - INFO - Added prompt from line 263 to batch.
2025-05-30 16:46:37,756 - INFO - Reading line 264 from test data...
2025-05-30 16:46:37,756 - INFO - Added prompt from line 264 to batch.
2025-05-30 16:46:37,756 - INFO - Processing batch of 8 prompts (up to line 264)...
2025-05-30 16:46:37,756 - INFO - Generating responses for batch of 8 prompts. System prompt: 'You are a helpful assistant.'
2025-05-30 16:46:37,757 - INFO - First formatted prompt for tokenizer (first 100 chars): '<|begin_of_text|><|start_header_id|>system<|end_header_id|>

Cutting Knowledge Date: December 2023
T...'
2025-05-30 16:46:37,757 - INFO - Input device: cuda:0, preparing to move inputs to device.
2025-05-30 16:46:37,759 - INFO - Batch of inputs tokenized, padded, truncated, and moved to model device.
2025-05-30 16:46:37,760 - INFO - Starting batched model.generate()...
Setting `pad_token_id` to `eos_token_id`:128001 for open-end generation.
2025-05-30 16:47:11,500 - INFO - Batched model.generate() completed.
2025-05-30 16:47:11,500 - INFO - Decoding batch of responses by stripping input tokens...
2025-05-30 16:47:11,503 - INFO - Input tokens stripped from responses.
2025-05-30 16:47:11,503 - INFO - Batch of responses generated.
2025-05-30 16:47:11,505 - INFO - Appended 8 results from batch to /scratch-shared/mschaffelder/data/exp_1/outputs/generation_results_lora_llama_8b_single_v8.jsonl
2025-05-30 16:47:11,505 - INFO - Reading line 265 from test data...
2025-05-30 16:47:11,505 - INFO - Added prompt from line 265 to batch.
2025-05-30 16:47:11,506 - INFO - Reading line 266 from test data...
2025-05-30 16:47:11,506 - INFO - Added prompt from line 266 to batch.
2025-05-30 16:47:11,506 - INFO - Reading line 267 from test data...
2025-05-30 16:47:11,506 - INFO - Added prompt from line 267 to batch.
2025-05-30 16:47:11,506 - INFO - Reading line 268 from test data...
2025-05-30 16:47:11,506 - INFO - Added prompt from line 268 to batch.
2025-05-30 16:47:11,506 - INFO - Reading line 269 from test data...
2025-05-30 16:47:11,506 - INFO - Added prompt from line 269 to batch.
2025-05-30 16:47:11,506 - INFO - Reading line 270 from test data...
2025-05-30 16:47:11,506 - INFO - Added prompt from line 270 to batch.
2025-05-30 16:47:11,506 - INFO - Reading line 271 from test data...
2025-05-30 16:47:11,506 - INFO - Added prompt from line 271 to batch.
2025-05-30 16:47:11,506 - INFO - Reading line 272 from test data...
2025-05-30 16:47:11,506 - INFO - Added prompt from line 272 to batch.
2025-05-30 16:47:11,506 - INFO - Processing batch of 8 prompts (up to line 272)...
2025-05-30 16:47:11,506 - INFO - Generating responses for batch of 8 prompts. System prompt: 'You are a helpful assistant.'
2025-05-30 16:47:11,506 - INFO - First formatted prompt for tokenizer (first 100 chars): '<|begin_of_text|><|start_header_id|>system<|end_header_id|>

Cutting Knowledge Date: December 2023
T...'
2025-05-30 16:47:11,507 - INFO - Input device: cuda:0, preparing to move inputs to device.
2025-05-30 16:47:11,508 - INFO - Batch of inputs tokenized, padded, truncated, and moved to model device.
2025-05-30 16:47:11,508 - INFO - Starting batched model.generate()...
Setting `pad_token_id` to `eos_token_id`:128001 for open-end generation.
2025-05-30 16:47:52,231 - INFO - Batched model.generate() completed.
2025-05-30 16:47:52,232 - INFO - Decoding batch of responses by stripping input tokens...
2025-05-30 16:47:52,234 - INFO - Input tokens stripped from responses.
2025-05-30 16:47:52,235 - INFO - Batch of responses generated.
2025-05-30 16:47:52,237 - INFO - Appended 8 results from batch to /scratch-shared/mschaffelder/data/exp_1/outputs/generation_results_lora_llama_8b_single_v8.jsonl
2025-05-30 16:47:52,237 - INFO - Reading line 273 from test data...
2025-05-30 16:47:52,237 - INFO - Added prompt from line 273 to batch.
2025-05-30 16:47:52,237 - INFO - Reading line 274 from test data...
2025-05-30 16:47:52,237 - INFO - Added prompt from line 274 to batch.
2025-05-30 16:47:52,237 - INFO - Reading line 275 from test data...
2025-05-30 16:47:52,237 - INFO - Added prompt from line 275 to batch.
2025-05-30 16:47:52,237 - INFO - Reading line 276 from test data...
2025-05-30 16:47:52,237 - INFO - Added prompt from line 276 to batch.
2025-05-30 16:47:52,237 - INFO - Reading line 277 from test data...
2025-05-30 16:47:52,237 - INFO - Added prompt from line 277 to batch.
2025-05-30 16:47:52,237 - INFO - Reading line 278 from test data...
2025-05-30 16:47:52,237 - INFO - Added prompt from line 278 to batch.
2025-05-30 16:47:52,237 - INFO - Reading line 279 from test data...
2025-05-30 16:47:52,237 - INFO - Added prompt from line 279 to batch.
2025-05-30 16:47:52,237 - INFO - Reading line 280 from test data...
2025-05-30 16:47:52,237 - INFO - Added prompt from line 280 to batch.
2025-05-30 16:47:52,237 - INFO - Processing batch of 8 prompts (up to line 280)...
2025-05-30 16:47:52,237 - INFO - Generating responses for batch of 8 prompts. System prompt: 'You are a helpful assistant.'
2025-05-30 16:47:52,238 - INFO - First formatted prompt for tokenizer (first 100 chars): '<|begin_of_text|><|start_header_id|>system<|end_header_id|>

Cutting Knowledge Date: December 2023
T...'
2025-05-30 16:47:52,238 - INFO - Input device: cuda:0, preparing to move inputs to device.
2025-05-30 16:47:52,241 - INFO - Batch of inputs tokenized, padded, truncated, and moved to model device.
2025-05-30 16:47:52,241 - INFO - Starting batched model.generate()...
Setting `pad_token_id` to `eos_token_id`:128001 for open-end generation.
2025-05-30 16:48:23,773 - INFO - Batched model.generate() completed.
2025-05-30 16:48:23,773 - INFO - Decoding batch of responses by stripping input tokens...
2025-05-30 16:48:23,774 - INFO - Input tokens stripped from responses.
2025-05-30 16:48:23,775 - INFO - Batch of responses generated.
2025-05-30 16:48:23,775 - INFO - Appended 8 results from batch to /scratch-shared/mschaffelder/data/exp_1/outputs/generation_results_lora_llama_8b_single_v8.jsonl
2025-05-30 16:48:23,775 - INFO - Reading line 281 from test data...
2025-05-30 16:48:23,775 - INFO - Added prompt from line 281 to batch.
2025-05-30 16:48:23,775 - INFO - Reading line 282 from test data...
2025-05-30 16:48:23,775 - INFO - Added prompt from line 282 to batch.
2025-05-30 16:48:23,775 - INFO - Reading line 283 from test data...
2025-05-30 16:48:23,775 - INFO - Added prompt from line 283 to batch.
2025-05-30 16:48:23,775 - INFO - Reading line 284 from test data...
2025-05-30 16:48:23,775 - INFO - Added prompt from line 284 to batch.
2025-05-30 16:48:23,775 - INFO - Reading line 285 from test data...
2025-05-30 16:48:23,775 - INFO - Added prompt from line 285 to batch.
2025-05-30 16:48:23,775 - INFO - Reading line 286 from test data...
2025-05-30 16:48:23,775 - INFO - Added prompt from line 286 to batch.
2025-05-30 16:48:23,775 - INFO - Reading line 287 from test data...
2025-05-30 16:48:23,775 - INFO - Added prompt from line 287 to batch.
2025-05-30 16:48:23,775 - INFO - Reading line 288 from test data...
2025-05-30 16:48:23,776 - INFO - Added prompt from line 288 to batch.
2025-05-30 16:48:23,776 - INFO - Processing batch of 8 prompts (up to line 288)...
2025-05-30 16:48:23,776 - INFO - Generating responses for batch of 8 prompts. System prompt: 'You are a helpful assistant.'
2025-05-30 16:48:23,776 - INFO - First formatted prompt for tokenizer (first 100 chars): '<|begin_of_text|><|start_header_id|>system<|end_header_id|>

Cutting Knowledge Date: December 2023
T...'
2025-05-30 16:48:23,776 - INFO - Input device: cuda:0, preparing to move inputs to device.
2025-05-30 16:48:23,778 - INFO - Batch of inputs tokenized, padded, truncated, and moved to model device.
2025-05-30 16:48:23,778 - INFO - Starting batched model.generate()...
Setting `pad_token_id` to `eos_token_id`:128001 for open-end generation.
2025-05-30 16:48:58,890 - INFO - Batched model.generate() completed.
2025-05-30 16:48:58,891 - INFO - Decoding batch of responses by stripping input tokens...
2025-05-30 16:48:58,893 - INFO - Input tokens stripped from responses.
2025-05-30 16:48:58,894 - INFO - Batch of responses generated.
2025-05-30 16:48:58,896 - INFO - Appended 8 results from batch to /scratch-shared/mschaffelder/data/exp_1/outputs/generation_results_lora_llama_8b_single_v8.jsonl
2025-05-30 16:48:58,896 - INFO - Reading line 289 from test data...
2025-05-30 16:48:58,896 - INFO - Added prompt from line 289 to batch.
2025-05-30 16:48:58,896 - INFO - Reading line 290 from test data...
2025-05-30 16:48:58,896 - INFO - Added prompt from line 290 to batch.
2025-05-30 16:48:58,896 - INFO - Reading line 291 from test data...
2025-05-30 16:48:58,896 - INFO - Added prompt from line 291 to batch.
2025-05-30 16:48:58,896 - INFO - Reading line 292 from test data...
2025-05-30 16:48:58,896 - INFO - Added prompt from line 292 to batch.
2025-05-30 16:48:58,896 - INFO - Reading line 293 from test data...
2025-05-30 16:48:58,896 - INFO - Added prompt from line 293 to batch.
2025-05-30 16:48:58,896 - INFO - Reading line 294 from test data...
2025-05-30 16:48:58,896 - INFO - Added prompt from line 294 to batch.
2025-05-30 16:48:58,896 - INFO - Reading line 295 from test data...
2025-05-30 16:48:58,896 - INFO - Added prompt from line 295 to batch.
2025-05-30 16:48:58,896 - INFO - Reading line 296 from test data...
2025-05-30 16:48:58,896 - INFO - Added prompt from line 296 to batch.
2025-05-30 16:48:58,896 - INFO - Processing batch of 8 prompts (up to line 296)...
2025-05-30 16:48:58,896 - INFO - Generating responses for batch of 8 prompts. System prompt: 'You are a helpful assistant.'
2025-05-30 16:48:58,897 - INFO - First formatted prompt for tokenizer (first 100 chars): '<|begin_of_text|><|start_header_id|>system<|end_header_id|>

Cutting Knowledge Date: December 2023
T...'
2025-05-30 16:48:58,897 - INFO - Input device: cuda:0, preparing to move inputs to device.
2025-05-30 16:48:58,900 - INFO - Batch of inputs tokenized, padded, truncated, and moved to model device.
2025-05-30 16:48:58,900 - INFO - Starting batched model.generate()...
Setting `pad_token_id` to `eos_token_id`:128001 for open-end generation.
2025-05-30 16:49:34,492 - INFO - Batched model.generate() completed.
2025-05-30 16:49:34,492 - INFO - Decoding batch of responses by stripping input tokens...
2025-05-30 16:49:34,494 - INFO - Input tokens stripped from responses.
2025-05-30 16:49:34,494 - INFO - Batch of responses generated.
2025-05-30 16:49:34,496 - INFO - Appended 8 results from batch to /scratch-shared/mschaffelder/data/exp_1/outputs/generation_results_lora_llama_8b_single_v8.jsonl
2025-05-30 16:49:34,496 - INFO - Reading line 297 from test data...
2025-05-30 16:49:34,496 - INFO - Added prompt from line 297 to batch.
2025-05-30 16:49:34,496 - INFO - Reading line 298 from test data...
2025-05-30 16:49:34,496 - INFO - Added prompt from line 298 to batch.
2025-05-30 16:49:34,496 - INFO - Reading line 299 from test data...
2025-05-30 16:49:34,496 - INFO - Added prompt from line 299 to batch.
2025-05-30 16:49:34,496 - INFO - Reading line 300 from test data...
2025-05-30 16:49:34,496 - INFO - Added prompt from line 300 to batch.
2025-05-30 16:49:34,496 - INFO - Reading line 301 from test data...
2025-05-30 16:49:34,496 - INFO - Added prompt from line 301 to batch.
2025-05-30 16:49:34,496 - INFO - Reading line 302 from test data...
2025-05-30 16:49:34,496 - INFO - Added prompt from line 302 to batch.
2025-05-30 16:49:34,496 - INFO - Reading line 303 from test data...
2025-05-30 16:49:34,496 - INFO - Added prompt from line 303 to batch.
2025-05-30 16:49:34,496 - INFO - Reading line 304 from test data...
2025-05-30 16:49:34,496 - INFO - Added prompt from line 304 to batch.
2025-05-30 16:49:34,496 - INFO - Processing batch of 8 prompts (up to line 304)...
2025-05-30 16:49:34,496 - INFO - Generating responses for batch of 8 prompts. System prompt: 'You are a helpful assistant.'
2025-05-30 16:49:34,497 - INFO - First formatted prompt for tokenizer (first 100 chars): '<|begin_of_text|><|start_header_id|>system<|end_header_id|>

Cutting Knowledge Date: December 2023
T...'
2025-05-30 16:49:34,497 - INFO - Input device: cuda:0, preparing to move inputs to device.
2025-05-30 16:49:34,500 - INFO - Batch of inputs tokenized, padded, truncated, and moved to model device.
2025-05-30 16:49:34,500 - INFO - Starting batched model.generate()...
Setting `pad_token_id` to `eos_token_id`:128001 for open-end generation.
2025-05-30 16:50:00,406 - INFO - Batched model.generate() completed.
2025-05-30 16:50:00,406 - INFO - Decoding batch of responses by stripping input tokens...
2025-05-30 16:50:00,408 - INFO - Input tokens stripped from responses.
2025-05-30 16:50:00,409 - INFO - Batch of responses generated.
2025-05-30 16:50:00,410 - INFO - Appended 8 results from batch to /scratch-shared/mschaffelder/data/exp_1/outputs/generation_results_lora_llama_8b_single_v8.jsonl
2025-05-30 16:50:00,410 - INFO - Reading line 305 from test data...
2025-05-30 16:50:00,410 - INFO - Added prompt from line 305 to batch.
2025-05-30 16:50:00,410 - INFO - Reading line 306 from test data...
2025-05-30 16:50:00,410 - INFO - Added prompt from line 306 to batch.
2025-05-30 16:50:00,410 - INFO - Reading line 307 from test data...
2025-05-30 16:50:00,411 - INFO - Added prompt from line 307 to batch.
2025-05-30 16:50:00,411 - INFO - Reading line 308 from test data...
2025-05-30 16:50:00,411 - INFO - Added prompt from line 308 to batch.
2025-05-30 16:50:00,411 - INFO - Reading line 309 from test data...
2025-05-30 16:50:00,411 - INFO - Added prompt from line 309 to batch.
2025-05-30 16:50:00,411 - INFO - Reading line 310 from test data...
2025-05-30 16:50:00,411 - INFO - Added prompt from line 310 to batch.
2025-05-30 16:50:00,411 - INFO - Reading line 311 from test data...
2025-05-30 16:50:00,411 - INFO - Added prompt from line 311 to batch.
2025-05-30 16:50:00,411 - INFO - Reading line 312 from test data...
2025-05-30 16:50:00,411 - INFO - Added prompt from line 312 to batch.
2025-05-30 16:50:00,411 - INFO - Processing batch of 8 prompts (up to line 312)...
2025-05-30 16:50:00,411 - INFO - Generating responses for batch of 8 prompts. System prompt: 'You are a helpful assistant.'
2025-05-30 16:50:00,411 - INFO - First formatted prompt for tokenizer (first 100 chars): '<|begin_of_text|><|start_header_id|>system<|end_header_id|>

Cutting Knowledge Date: December 2023
T...'
2025-05-30 16:50:00,411 - INFO - Input device: cuda:0, preparing to move inputs to device.
2025-05-30 16:50:00,413 - INFO - Batch of inputs tokenized, padded, truncated, and moved to model device.
2025-05-30 16:50:00,413 - INFO - Starting batched model.generate()...
Setting `pad_token_id` to `eos_token_id`:128001 for open-end generation.
2025-05-30 16:50:43,204 - INFO - Batched model.generate() completed.
2025-05-30 16:50:43,205 - INFO - Decoding batch of responses by stripping input tokens...
2025-05-30 16:50:43,207 - INFO - Input tokens stripped from responses.
2025-05-30 16:50:43,207 - INFO - Batch of responses generated.
2025-05-30 16:50:43,209 - INFO - Appended 8 results from batch to /scratch-shared/mschaffelder/data/exp_1/outputs/generation_results_lora_llama_8b_single_v8.jsonl
2025-05-30 16:50:43,209 - INFO - Reading line 313 from test data...
2025-05-30 16:50:43,209 - INFO - Added prompt from line 313 to batch.
2025-05-30 16:50:43,209 - INFO - Reading line 314 from test data...
2025-05-30 16:50:43,209 - INFO - Added prompt from line 314 to batch.
2025-05-30 16:50:43,209 - INFO - Reading line 315 from test data...
2025-05-30 16:50:43,209 - INFO - Added prompt from line 315 to batch.
2025-05-30 16:50:43,209 - INFO - Reading line 316 from test data...
2025-05-30 16:50:43,209 - INFO - Added prompt from line 316 to batch.
2025-05-30 16:50:43,209 - INFO - Reading line 317 from test data...
2025-05-30 16:50:43,209 - INFO - Added prompt from line 317 to batch.
2025-05-30 16:50:43,209 - INFO - Reading line 318 from test data...
2025-05-30 16:50:43,209 - INFO - Added prompt from line 318 to batch.
2025-05-30 16:50:43,209 - INFO - Reading line 319 from test data...
2025-05-30 16:50:43,209 - INFO - Added prompt from line 319 to batch.
2025-05-30 16:50:43,209 - INFO - Reading line 320 from test data...
2025-05-30 16:50:43,209 - INFO - Added prompt from line 320 to batch.
2025-05-30 16:50:43,209 - INFO - Processing batch of 8 prompts (up to line 320)...
2025-05-30 16:50:43,209 - INFO - Generating responses for batch of 8 prompts. System prompt: 'You are a helpful assistant.'
2025-05-30 16:50:43,210 - INFO - First formatted prompt for tokenizer (first 100 chars): '<|begin_of_text|><|start_header_id|>system<|end_header_id|>

Cutting Knowledge Date: December 2023
T...'
2025-05-30 16:50:43,210 - INFO - Input device: cuda:0, preparing to move inputs to device.
2025-05-30 16:50:43,215 - INFO - Batch of inputs tokenized, padded, truncated, and moved to model device.
2025-05-30 16:50:43,215 - INFO - Starting batched model.generate()...
Setting `pad_token_id` to `eos_token_id`:128001 for open-end generation.
2025-05-30 16:51:09,652 - INFO - Batched model.generate() completed.
2025-05-30 16:51:09,653 - INFO - Decoding batch of responses by stripping input tokens...
2025-05-30 16:51:09,655 - INFO - Input tokens stripped from responses.
2025-05-30 16:51:09,655 - INFO - Batch of responses generated.
2025-05-30 16:51:09,657 - INFO - Appended 8 results from batch to /scratch-shared/mschaffelder/data/exp_1/outputs/generation_results_lora_llama_8b_single_v8.jsonl
2025-05-30 16:51:09,657 - INFO - Reading line 321 from test data...
2025-05-30 16:51:09,657 - INFO - Added prompt from line 321 to batch.
2025-05-30 16:51:09,657 - INFO - Reading line 322 from test data...
2025-05-30 16:51:09,657 - INFO - Added prompt from line 322 to batch.
2025-05-30 16:51:09,657 - INFO - Reading line 323 from test data...
2025-05-30 16:51:09,657 - INFO - Added prompt from line 323 to batch.
2025-05-30 16:51:09,657 - INFO - Reading line 324 from test data...
2025-05-30 16:51:09,657 - INFO - Added prompt from line 324 to batch.
2025-05-30 16:51:09,657 - INFO - Reading line 325 from test data...
2025-05-30 16:51:09,657 - INFO - Added prompt from line 325 to batch.
2025-05-30 16:51:09,657 - INFO - Reading line 326 from test data...
2025-05-30 16:51:09,657 - INFO - Added prompt from line 326 to batch.
2025-05-30 16:51:09,657 - INFO - Reading line 327 from test data...
2025-05-30 16:51:09,657 - INFO - Added prompt from line 327 to batch.
2025-05-30 16:51:09,657 - INFO - Reading line 328 from test data...
2025-05-30 16:51:09,657 - INFO - Added prompt from line 328 to batch.
2025-05-30 16:51:09,657 - INFO - Processing batch of 8 prompts (up to line 328)...
2025-05-30 16:51:09,657 - INFO - Generating responses for batch of 8 prompts. System prompt: 'You are a helpful assistant.'
2025-05-30 16:51:09,658 - INFO - First formatted prompt for tokenizer (first 100 chars): '<|begin_of_text|><|start_header_id|>system<|end_header_id|>

Cutting Knowledge Date: December 2023
T...'
2025-05-30 16:51:09,658 - INFO - Input device: cuda:0, preparing to move inputs to device.
2025-05-30 16:51:09,661 - INFO - Batch of inputs tokenized, padded, truncated, and moved to model device.
2025-05-30 16:51:09,661 - INFO - Starting batched model.generate()...
Setting `pad_token_id` to `eos_token_id`:128001 for open-end generation.
2025-05-30 16:51:51,643 - INFO - Batched model.generate() completed.
2025-05-30 16:51:51,643 - INFO - Decoding batch of responses by stripping input tokens...
2025-05-30 16:51:51,645 - INFO - Input tokens stripped from responses.
2025-05-30 16:51:51,646 - INFO - Batch of responses generated.
2025-05-30 16:51:51,647 - INFO - Appended 8 results from batch to /scratch-shared/mschaffelder/data/exp_1/outputs/generation_results_lora_llama_8b_single_v8.jsonl
2025-05-30 16:51:51,647 - INFO - Reading line 329 from test data...
2025-05-30 16:51:51,647 - INFO - Added prompt from line 329 to batch.
2025-05-30 16:51:51,647 - INFO - Reading line 330 from test data...
2025-05-30 16:51:51,647 - INFO - Added prompt from line 330 to batch.
2025-05-30 16:51:51,647 - INFO - Reading line 331 from test data...
2025-05-30 16:51:51,647 - INFO - Added prompt from line 331 to batch.
2025-05-30 16:51:51,647 - INFO - Reading line 332 from test data...
2025-05-30 16:51:51,648 - INFO - Added prompt from line 332 to batch.
2025-05-30 16:51:51,648 - INFO - Reading line 333 from test data...
2025-05-30 16:51:51,648 - INFO - Added prompt from line 333 to batch.
2025-05-30 16:51:51,648 - INFO - Reading line 334 from test data...
2025-05-30 16:51:51,648 - INFO - Added prompt from line 334 to batch.
2025-05-30 16:51:51,648 - INFO - Reading line 335 from test data...
2025-05-30 16:51:51,648 - INFO - Added prompt from line 335 to batch.
2025-05-30 16:51:51,648 - INFO - Reading line 336 from test data...
2025-05-30 16:51:51,648 - INFO - Added prompt from line 336 to batch.
2025-05-30 16:51:51,648 - INFO - Processing batch of 8 prompts (up to line 336)...
2025-05-30 16:51:51,648 - INFO - Generating responses for batch of 8 prompts. System prompt: 'You are a helpful assistant.'
2025-05-30 16:51:51,648 - INFO - First formatted prompt for tokenizer (first 100 chars): '<|begin_of_text|><|start_header_id|>system<|end_header_id|>

Cutting Knowledge Date: December 2023
T...'
2025-05-30 16:51:51,648 - INFO - Input device: cuda:0, preparing to move inputs to device.
2025-05-30 16:51:51,652 - INFO - Batch of inputs tokenized, padded, truncated, and moved to model device.
2025-05-30 16:51:51,652 - INFO - Starting batched model.generate()...
Setting `pad_token_id` to `eos_token_id`:128001 for open-end generation.
2025-05-30 16:52:28,485 - INFO - Batched model.generate() completed.
2025-05-30 16:52:28,485 - INFO - Decoding batch of responses by stripping input tokens...
2025-05-30 16:52:28,487 - INFO - Input tokens stripped from responses.
2025-05-30 16:52:28,488 - INFO - Batch of responses generated.
2025-05-30 16:52:28,489 - INFO - Appended 8 results from batch to /scratch-shared/mschaffelder/data/exp_1/outputs/generation_results_lora_llama_8b_single_v8.jsonl
2025-05-30 16:52:28,489 - INFO - Reading line 337 from test data...
2025-05-30 16:52:28,489 - INFO - Added prompt from line 337 to batch.
2025-05-30 16:52:28,489 - INFO - Reading line 338 from test data...
2025-05-30 16:52:28,489 - INFO - Added prompt from line 338 to batch.
2025-05-30 16:52:28,489 - INFO - Reading line 339 from test data...
2025-05-30 16:52:28,489 - INFO - Added prompt from line 339 to batch.
2025-05-30 16:52:28,489 - INFO - Reading line 340 from test data...
2025-05-30 16:52:28,489 - INFO - Added prompt from line 340 to batch.
2025-05-30 16:52:28,489 - INFO - Reading line 341 from test data...
2025-05-30 16:52:28,489 - INFO - Added prompt from line 341 to batch.
2025-05-30 16:52:28,489 - INFO - Reading line 342 from test data...
2025-05-30 16:52:28,489 - INFO - Added prompt from line 342 to batch.
2025-05-30 16:52:28,489 - INFO - Reading line 343 from test data...
2025-05-30 16:52:28,489 - INFO - Added prompt from line 343 to batch.
2025-05-30 16:52:28,489 - INFO - Reading line 344 from test data...
2025-05-30 16:52:28,490 - INFO - Added prompt from line 344 to batch.
2025-05-30 16:52:28,490 - INFO - Processing batch of 8 prompts (up to line 344)...
2025-05-30 16:52:28,490 - INFO - Generating responses for batch of 8 prompts. System prompt: 'You are a helpful assistant.'
2025-05-30 16:52:28,490 - INFO - First formatted prompt for tokenizer (first 100 chars): '<|begin_of_text|><|start_header_id|>system<|end_header_id|>

Cutting Knowledge Date: December 2023
T...'
2025-05-30 16:52:28,490 - INFO - Input device: cuda:0, preparing to move inputs to device.
2025-05-30 16:52:28,493 - INFO - Batch of inputs tokenized, padded, truncated, and moved to model device.
2025-05-30 16:52:28,493 - INFO - Starting batched model.generate()...
Setting `pad_token_id` to `eos_token_id`:128001 for open-end generation.
2025-05-30 16:53:07,467 - INFO - Batched model.generate() completed.
2025-05-30 16:53:07,467 - INFO - Decoding batch of responses by stripping input tokens...
2025-05-30 16:53:07,469 - INFO - Input tokens stripped from responses.
2025-05-30 16:53:07,470 - INFO - Batch of responses generated.
2025-05-30 16:53:07,471 - INFO - Appended 8 results from batch to /scratch-shared/mschaffelder/data/exp_1/outputs/generation_results_lora_llama_8b_single_v8.jsonl
2025-05-30 16:53:07,471 - INFO - Reading line 345 from test data...
2025-05-30 16:53:07,471 - INFO - Added prompt from line 345 to batch.
2025-05-30 16:53:07,471 - INFO - Reading line 346 from test data...
2025-05-30 16:53:07,472 - INFO - Added prompt from line 346 to batch.
2025-05-30 16:53:07,472 - INFO - Reading line 347 from test data...
2025-05-30 16:53:07,472 - INFO - Added prompt from line 347 to batch.
2025-05-30 16:53:07,472 - INFO - Reading line 348 from test data...
2025-05-30 16:53:07,472 - INFO - Added prompt from line 348 to batch.
2025-05-30 16:53:07,472 - INFO - Reading line 349 from test data...
2025-05-30 16:53:07,472 - INFO - Added prompt from line 349 to batch.
2025-05-30 16:53:07,472 - INFO - Reading line 350 from test data...
2025-05-30 16:53:07,472 - INFO - Added prompt from line 350 to batch.
2025-05-30 16:53:07,472 - INFO - Reading line 351 from test data...
2025-05-30 16:53:07,472 - INFO - Added prompt from line 351 to batch.
2025-05-30 16:53:07,472 - INFO - Reading line 352 from test data...
2025-05-30 16:53:07,472 - INFO - Added prompt from line 352 to batch.
2025-05-30 16:53:07,472 - INFO - Processing batch of 8 prompts (up to line 352)...
2025-05-30 16:53:07,472 - INFO - Generating responses for batch of 8 prompts. System prompt: 'You are a helpful assistant.'
2025-05-30 16:53:07,472 - INFO - First formatted prompt for tokenizer (first 100 chars): '<|begin_of_text|><|start_header_id|>system<|end_header_id|>

Cutting Knowledge Date: December 2023
T...'
2025-05-30 16:53:07,472 - INFO - Input device: cuda:0, preparing to move inputs to device.
2025-05-30 16:53:07,474 - INFO - Batch of inputs tokenized, padded, truncated, and moved to model device.
2025-05-30 16:53:07,474 - INFO - Starting batched model.generate()...
Setting `pad_token_id` to `eos_token_id`:128001 for open-end generation.
2025-05-30 16:53:48,580 - INFO - Batched model.generate() completed.
2025-05-30 16:53:48,581 - INFO - Decoding batch of responses by stripping input tokens...
2025-05-30 16:53:48,583 - INFO - Input tokens stripped from responses.
2025-05-30 16:53:48,583 - INFO - Batch of responses generated.
2025-05-30 16:53:48,585 - INFO - Appended 8 results from batch to /scratch-shared/mschaffelder/data/exp_1/outputs/generation_results_lora_llama_8b_single_v8.jsonl
2025-05-30 16:53:48,585 - INFO - Reading line 353 from test data...
2025-05-30 16:53:48,585 - INFO - Added prompt from line 353 to batch.
2025-05-30 16:53:48,585 - INFO - Reading line 354 from test data...
2025-05-30 16:53:48,585 - INFO - Added prompt from line 354 to batch.
2025-05-30 16:53:48,585 - INFO - Reading line 355 from test data...
2025-05-30 16:53:48,585 - INFO - Added prompt from line 355 to batch.
2025-05-30 16:53:48,585 - INFO - Reading line 356 from test data...
2025-05-30 16:53:48,585 - INFO - Added prompt from line 356 to batch.
2025-05-30 16:53:48,585 - INFO - Reading line 357 from test data...
2025-05-30 16:53:48,585 - INFO - Added prompt from line 357 to batch.
2025-05-30 16:53:48,585 - INFO - Reading line 358 from test data...
2025-05-30 16:53:48,585 - INFO - Added prompt from line 358 to batch.
2025-05-30 16:53:48,585 - INFO - Reading line 359 from test data...
2025-05-30 16:53:48,585 - INFO - Added prompt from line 359 to batch.
2025-05-30 16:53:48,585 - INFO - Reading line 360 from test data...
2025-05-30 16:53:48,585 - INFO - Added prompt from line 360 to batch.
2025-05-30 16:53:48,585 - INFO - Processing batch of 8 prompts (up to line 360)...
2025-05-30 16:53:48,585 - INFO - Generating responses for batch of 8 prompts. System prompt: 'You are a helpful assistant.'
2025-05-30 16:53:48,586 - INFO - First formatted prompt for tokenizer (first 100 chars): '<|begin_of_text|><|start_header_id|>system<|end_header_id|>

Cutting Knowledge Date: December 2023
T...'
2025-05-30 16:53:48,586 - INFO - Input device: cuda:0, preparing to move inputs to device.
2025-05-30 16:53:48,587 - INFO - Batch of inputs tokenized, padded, truncated, and moved to model device.
2025-05-30 16:53:48,587 - INFO - Starting batched model.generate()...
Setting `pad_token_id` to `eos_token_id`:128001 for open-end generation.
2025-05-30 16:54:17,346 - INFO - Batched model.generate() completed.
2025-05-30 16:54:17,347 - INFO - Decoding batch of responses by stripping input tokens...
2025-05-30 16:54:17,349 - INFO - Input tokens stripped from responses.
2025-05-30 16:54:17,349 - INFO - Batch of responses generated.
2025-05-30 16:54:17,351 - INFO - Appended 8 results from batch to /scratch-shared/mschaffelder/data/exp_1/outputs/generation_results_lora_llama_8b_single_v8.jsonl
2025-05-30 16:54:17,351 - INFO - Reading line 361 from test data...
2025-05-30 16:54:17,351 - INFO - Added prompt from line 361 to batch.
2025-05-30 16:54:17,351 - INFO - Reading line 362 from test data...
2025-05-30 16:54:17,351 - INFO - Added prompt from line 362 to batch.
2025-05-30 16:54:17,351 - INFO - Reading line 363 from test data...
2025-05-30 16:54:17,351 - INFO - Added prompt from line 363 to batch.
2025-05-30 16:54:17,351 - INFO - Reading line 364 from test data...
2025-05-30 16:54:17,351 - INFO - Added prompt from line 364 to batch.
2025-05-30 16:54:17,351 - INFO - Reading line 365 from test data...
2025-05-30 16:54:17,351 - INFO - Added prompt from line 365 to batch.
2025-05-30 16:54:17,351 - INFO - Reading line 366 from test data...
2025-05-30 16:54:17,351 - INFO - Added prompt from line 366 to batch.
2025-05-30 16:54:17,351 - INFO - Reading line 367 from test data...
2025-05-30 16:54:17,351 - INFO - Added prompt from line 367 to batch.
2025-05-30 16:54:17,351 - INFO - Reading line 368 from test data...
2025-05-30 16:54:17,351 - INFO - Added prompt from line 368 to batch.
2025-05-30 16:54:17,351 - INFO - Processing batch of 8 prompts (up to line 368)...
2025-05-30 16:54:17,351 - INFO - Generating responses for batch of 8 prompts. System prompt: 'You are a helpful assistant.'
2025-05-30 16:54:17,352 - INFO - First formatted prompt for tokenizer (first 100 chars): '<|begin_of_text|><|start_header_id|>system<|end_header_id|>

Cutting Knowledge Date: December 2023
T...'
2025-05-30 16:54:17,352 - INFO - Input device: cuda:0, preparing to move inputs to device.
2025-05-30 16:54:17,354 - INFO - Batch of inputs tokenized, padded, truncated, and moved to model device.
2025-05-30 16:54:17,354 - INFO - Starting batched model.generate()...
Setting `pad_token_id` to `eos_token_id`:128001 for open-end generation.
2025-05-30 16:54:42,459 - INFO - Batched model.generate() completed.
2025-05-30 16:54:42,459 - INFO - Decoding batch of responses by stripping input tokens...
2025-05-30 16:54:42,461 - INFO - Input tokens stripped from responses.
2025-05-30 16:54:42,461 - INFO - Batch of responses generated.
2025-05-30 16:54:42,462 - INFO - Appended 8 results from batch to /scratch-shared/mschaffelder/data/exp_1/outputs/generation_results_lora_llama_8b_single_v8.jsonl
2025-05-30 16:54:42,462 - INFO - Reading line 369 from test data...
2025-05-30 16:54:42,462 - INFO - Added prompt from line 369 to batch.
2025-05-30 16:54:42,462 - INFO - Reading line 370 from test data...
2025-05-30 16:54:42,462 - INFO - Added prompt from line 370 to batch.
2025-05-30 16:54:42,462 - INFO - Reading line 371 from test data...
2025-05-30 16:54:42,462 - INFO - Added prompt from line 371 to batch.
2025-05-30 16:54:42,462 - INFO - Reading line 372 from test data...
2025-05-30 16:54:42,462 - INFO - Added prompt from line 372 to batch.
2025-05-30 16:54:42,462 - INFO - Reading line 373 from test data...
2025-05-30 16:54:42,462 - INFO - Added prompt from line 373 to batch.
2025-05-30 16:54:42,462 - INFO - Reading line 374 from test data...
2025-05-30 16:54:42,462 - INFO - Added prompt from line 374 to batch.
2025-05-30 16:54:42,462 - INFO - Reading line 375 from test data...
2025-05-30 16:54:42,462 - INFO - Added prompt from line 375 to batch.
2025-05-30 16:54:42,462 - INFO - Reading line 376 from test data...
2025-05-30 16:54:42,463 - INFO - Added prompt from line 376 to batch.
2025-05-30 16:54:42,463 - INFO - Processing batch of 8 prompts (up to line 376)...
2025-05-30 16:54:42,463 - INFO - Generating responses for batch of 8 prompts. System prompt: 'You are a helpful assistant.'
2025-05-30 16:54:42,463 - INFO - First formatted prompt for tokenizer (first 100 chars): '<|begin_of_text|><|start_header_id|>system<|end_header_id|>

Cutting Knowledge Date: December 2023
T...'
2025-05-30 16:54:42,463 - INFO - Input device: cuda:0, preparing to move inputs to device.
2025-05-30 16:54:42,465 - INFO - Batch of inputs tokenized, padded, truncated, and moved to model device.
2025-05-30 16:54:42,465 - INFO - Starting batched model.generate()...
Setting `pad_token_id` to `eos_token_id`:128001 for open-end generation.
2025-05-30 16:55:22,653 - INFO - Batched model.generate() completed.
2025-05-30 16:55:22,653 - INFO - Decoding batch of responses by stripping input tokens...
2025-05-30 16:55:22,655 - INFO - Input tokens stripped from responses.
2025-05-30 16:55:22,656 - INFO - Batch of responses generated.
2025-05-30 16:55:22,658 - INFO - Appended 8 results from batch to /scratch-shared/mschaffelder/data/exp_1/outputs/generation_results_lora_llama_8b_single_v8.jsonl
2025-05-30 16:55:22,658 - INFO - Reading line 377 from test data...
2025-05-30 16:55:22,658 - INFO - Added prompt from line 377 to batch.
2025-05-30 16:55:22,658 - INFO - Reading line 378 from test data...
2025-05-30 16:55:22,658 - INFO - Added prompt from line 378 to batch.
2025-05-30 16:55:22,658 - INFO - Reading line 379 from test data...
2025-05-30 16:55:22,658 - INFO - Added prompt from line 379 to batch.
2025-05-30 16:55:22,658 - INFO - Reading line 380 from test data...
2025-05-30 16:55:22,658 - INFO - Added prompt from line 380 to batch.
2025-05-30 16:55:22,658 - INFO - Reading line 381 from test data...
2025-05-30 16:55:22,658 - INFO - Added prompt from line 381 to batch.
2025-05-30 16:55:22,658 - INFO - Reading line 382 from test data...
2025-05-30 16:55:22,658 - INFO - Added prompt from line 382 to batch.
2025-05-30 16:55:22,658 - INFO - Reading line 383 from test data...
2025-05-30 16:55:22,658 - INFO - Added prompt from line 383 to batch.
2025-05-30 16:55:22,658 - INFO - Reading line 384 from test data...
2025-05-30 16:55:22,658 - INFO - Added prompt from line 384 to batch.
2025-05-30 16:55:22,658 - INFO - Processing batch of 8 prompts (up to line 384)...
2025-05-30 16:55:22,658 - INFO - Generating responses for batch of 8 prompts. System prompt: 'You are a helpful assistant.'
2025-05-30 16:55:22,659 - INFO - First formatted prompt for tokenizer (first 100 chars): '<|begin_of_text|><|start_header_id|>system<|end_header_id|>

Cutting Knowledge Date: December 2023
T...'
2025-05-30 16:55:22,659 - INFO - Input device: cuda:0, preparing to move inputs to device.
2025-05-30 16:55:22,660 - INFO - Batch of inputs tokenized, padded, truncated, and moved to model device.
2025-05-30 16:55:22,660 - INFO - Starting batched model.generate()...
Setting `pad_token_id` to `eos_token_id`:128001 for open-end generation.
2025-05-30 16:56:01,647 - INFO - Batched model.generate() completed.
2025-05-30 16:56:01,647 - INFO - Decoding batch of responses by stripping input tokens...
2025-05-30 16:56:01,649 - INFO - Input tokens stripped from responses.
2025-05-30 16:56:01,650 - INFO - Batch of responses generated.
2025-05-30 16:56:01,650 - INFO - Appended 8 results from batch to /scratch-shared/mschaffelder/data/exp_1/outputs/generation_results_lora_llama_8b_single_v8.jsonl
2025-05-30 16:56:01,650 - INFO - Reading line 385 from test data...
2025-05-30 16:56:01,650 - INFO - Added prompt from line 385 to batch.
2025-05-30 16:56:01,650 - INFO - Reading line 386 from test data...
2025-05-30 16:56:01,650 - INFO - Added prompt from line 386 to batch.
2025-05-30 16:56:01,650 - INFO - Reading line 387 from test data...
2025-05-30 16:56:01,650 - INFO - Added prompt from line 387 to batch.
2025-05-30 16:56:01,650 - INFO - Reading line 388 from test data...
2025-05-30 16:56:01,650 - INFO - Added prompt from line 388 to batch.
2025-05-30 16:56:01,650 - INFO - Reading line 389 from test data...
2025-05-30 16:56:01,650 - INFO - Added prompt from line 389 to batch.
2025-05-30 16:56:01,650 - INFO - Reading line 390 from test data...
2025-05-30 16:56:01,650 - INFO - Added prompt from line 390 to batch.
2025-05-30 16:56:01,650 - INFO - Reading line 391 from test data...
2025-05-30 16:56:01,650 - INFO - Added prompt from line 391 to batch.
2025-05-30 16:56:01,650 - INFO - Reading line 392 from test data...
2025-05-30 16:56:01,651 - INFO - Added prompt from line 392 to batch.
2025-05-30 16:56:01,651 - INFO - Processing batch of 8 prompts (up to line 392)...
2025-05-30 16:56:01,651 - INFO - Generating responses for batch of 8 prompts. System prompt: 'You are a helpful assistant.'
2025-05-30 16:56:01,651 - INFO - First formatted prompt for tokenizer (first 100 chars): '<|begin_of_text|><|start_header_id|>system<|end_header_id|>

Cutting Knowledge Date: December 2023
T...'
2025-05-30 16:56:01,651 - INFO - Input device: cuda:0, preparing to move inputs to device.
2025-05-30 16:56:01,653 - INFO - Batch of inputs tokenized, padded, truncated, and moved to model device.
2025-05-30 16:56:01,653 - INFO - Starting batched model.generate()...
Setting `pad_token_id` to `eos_token_id`:128001 for open-end generation.
2025-05-30 16:56:39,503 - INFO - Batched model.generate() completed.
2025-05-30 16:56:39,503 - INFO - Decoding batch of responses by stripping input tokens...
2025-05-30 16:56:39,505 - INFO - Input tokens stripped from responses.
2025-05-30 16:56:39,505 - INFO - Batch of responses generated.
2025-05-30 16:56:39,507 - INFO - Appended 8 results from batch to /scratch-shared/mschaffelder/data/exp_1/outputs/generation_results_lora_llama_8b_single_v8.jsonl
2025-05-30 16:56:39,507 - INFO - Reading line 393 from test data...
2025-05-30 16:56:39,507 - INFO - Added prompt from line 393 to batch.
2025-05-30 16:56:39,507 - INFO - Reading line 394 from test data...
2025-05-30 16:56:39,507 - INFO - Added prompt from line 394 to batch.
2025-05-30 16:56:39,507 - INFO - Reading line 395 from test data...
2025-05-30 16:56:39,507 - INFO - Added prompt from line 395 to batch.
2025-05-30 16:56:39,507 - INFO - Reading line 396 from test data...
2025-05-30 16:56:39,507 - INFO - Added prompt from line 396 to batch.
2025-05-30 16:56:39,507 - INFO - Reading line 397 from test data...
2025-05-30 16:56:39,507 - INFO - Added prompt from line 397 to batch.
2025-05-30 16:56:39,507 - INFO - Reading line 398 from test data...
2025-05-30 16:56:39,507 - INFO - Added prompt from line 398 to batch.
2025-05-30 16:56:39,507 - INFO - Reading line 399 from test data...
2025-05-30 16:56:39,507 - INFO - Added prompt from line 399 to batch.
2025-05-30 16:56:39,507 - INFO - Reading line 400 from test data...
2025-05-30 16:56:39,507 - INFO - Added prompt from line 400 to batch.
2025-05-30 16:56:39,508 - INFO - Processing batch of 8 prompts (up to line 400)...
2025-05-30 16:56:39,508 - INFO - Generating responses for batch of 8 prompts. System prompt: 'You are a helpful assistant.'
2025-05-30 16:56:39,508 - INFO - First formatted prompt for tokenizer (first 100 chars): '<|begin_of_text|><|start_header_id|>system<|end_header_id|>

Cutting Knowledge Date: December 2023
T...'
2025-05-30 16:56:39,508 - INFO - Input device: cuda:0, preparing to move inputs to device.
2025-05-30 16:56:39,510 - INFO - Batch of inputs tokenized, padded, truncated, and moved to model device.
2025-05-30 16:56:39,510 - INFO - Starting batched model.generate()...
Setting `pad_token_id` to `eos_token_id`:128001 for open-end generation.
2025-05-30 16:57:02,425 - INFO - Batched model.generate() completed.
2025-05-30 16:57:02,425 - INFO - Decoding batch of responses by stripping input tokens...
2025-05-30 16:57:02,427 - INFO - Input tokens stripped from responses.
2025-05-30 16:57:02,427 - INFO - Batch of responses generated.
2025-05-30 16:57:02,429 - INFO - Appended 8 results from batch to /scratch-shared/mschaffelder/data/exp_1/outputs/generation_results_lora_llama_8b_single_v8.jsonl
2025-05-30 16:57:02,429 - INFO - Reading line 401 from test data...
2025-05-30 16:57:02,429 - INFO - Added prompt from line 401 to batch.
2025-05-30 16:57:02,429 - INFO - Reading line 402 from test data...
2025-05-30 16:57:02,429 - INFO - Added prompt from line 402 to batch.
2025-05-30 16:57:02,429 - INFO - Reading line 403 from test data...
2025-05-30 16:57:02,429 - INFO - Added prompt from line 403 to batch.
2025-05-30 16:57:02,429 - INFO - Reading line 404 from test data...
2025-05-30 16:57:02,429 - INFO - Added prompt from line 404 to batch.
2025-05-30 16:57:02,429 - INFO - Reading line 405 from test data...
2025-05-30 16:57:02,429 - INFO - Added prompt from line 405 to batch.
2025-05-30 16:57:02,429 - INFO - Reading line 406 from test data...
2025-05-30 16:57:02,429 - INFO - Added prompt from line 406 to batch.
2025-05-30 16:57:02,429 - INFO - Reading line 407 from test data...
2025-05-30 16:57:02,429 - INFO - Added prompt from line 407 to batch.
2025-05-30 16:57:02,429 - INFO - Reading line 408 from test data...
2025-05-30 16:57:02,429 - INFO - Added prompt from line 408 to batch.
2025-05-30 16:57:02,429 - INFO - Processing batch of 8 prompts (up to line 408)...
2025-05-30 16:57:02,429 - INFO - Generating responses for batch of 8 prompts. System prompt: 'You are a helpful assistant.'
2025-05-30 16:57:02,430 - INFO - First formatted prompt for tokenizer (first 100 chars): '<|begin_of_text|><|start_header_id|>system<|end_header_id|>

Cutting Knowledge Date: December 2023
T...'
2025-05-30 16:57:02,430 - INFO - Input device: cuda:0, preparing to move inputs to device.
2025-05-30 16:57:02,432 - INFO - Batch of inputs tokenized, padded, truncated, and moved to model device.
2025-05-30 16:57:02,432 - INFO - Starting batched model.generate()...
Setting `pad_token_id` to `eos_token_id`:128001 for open-end generation.
2025-05-30 16:57:32,350 - INFO - Batched model.generate() completed.
2025-05-30 16:57:32,350 - INFO - Decoding batch of responses by stripping input tokens...
2025-05-30 16:57:32,352 - INFO - Input tokens stripped from responses.
2025-05-30 16:57:32,352 - INFO - Batch of responses generated.
2025-05-30 16:57:32,354 - INFO - Appended 8 results from batch to /scratch-shared/mschaffelder/data/exp_1/outputs/generation_results_lora_llama_8b_single_v8.jsonl
2025-05-30 16:57:32,354 - INFO - Reading line 409 from test data...
2025-05-30 16:57:32,354 - INFO - Added prompt from line 409 to batch.
2025-05-30 16:57:32,354 - INFO - Reading line 410 from test data...
2025-05-30 16:57:32,354 - INFO - Added prompt from line 410 to batch.
2025-05-30 16:57:32,354 - INFO - Reading line 411 from test data...
2025-05-30 16:57:32,354 - INFO - Added prompt from line 411 to batch.
2025-05-30 16:57:32,354 - INFO - Reading line 412 from test data...
2025-05-30 16:57:32,354 - INFO - Added prompt from line 412 to batch.
2025-05-30 16:57:32,354 - INFO - Reading line 413 from test data...
2025-05-30 16:57:32,354 - INFO - Added prompt from line 413 to batch.
2025-05-30 16:57:32,354 - INFO - Reading line 414 from test data...
2025-05-30 16:57:32,354 - INFO - Added prompt from line 414 to batch.
2025-05-30 16:57:32,354 - INFO - Reading line 415 from test data...
2025-05-30 16:57:32,354 - INFO - Added prompt from line 415 to batch.
2025-05-30 16:57:32,354 - INFO - Reading line 416 from test data...
2025-05-30 16:57:32,354 - INFO - Added prompt from line 416 to batch.
2025-05-30 16:57:32,354 - INFO - Processing batch of 8 prompts (up to line 416)...
2025-05-30 16:57:32,354 - INFO - Generating responses for batch of 8 prompts. System prompt: 'You are a helpful assistant.'
2025-05-30 16:57:32,355 - INFO - First formatted prompt for tokenizer (first 100 chars): '<|begin_of_text|><|start_header_id|>system<|end_header_id|>

Cutting Knowledge Date: December 2023
T...'
2025-05-30 16:57:32,355 - INFO - Input device: cuda:0, preparing to move inputs to device.
2025-05-30 16:57:32,356 - INFO - Batch of inputs tokenized, padded, truncated, and moved to model device.
2025-05-30 16:57:32,356 - INFO - Starting batched model.generate()...
Setting `pad_token_id` to `eos_token_id`:128001 for open-end generation.
2025-05-30 16:58:05,100 - INFO - Batched model.generate() completed.
2025-05-30 16:58:05,100 - INFO - Decoding batch of responses by stripping input tokens...
2025-05-30 16:58:05,102 - INFO - Input tokens stripped from responses.
2025-05-30 16:58:05,102 - INFO - Batch of responses generated.
2025-05-30 16:58:05,104 - INFO - Appended 8 results from batch to /scratch-shared/mschaffelder/data/exp_1/outputs/generation_results_lora_llama_8b_single_v8.jsonl
2025-05-30 16:58:05,104 - INFO - Reading line 417 from test data...
2025-05-30 16:58:05,104 - INFO - Added prompt from line 417 to batch.
2025-05-30 16:58:05,104 - INFO - Reading line 418 from test data...
2025-05-30 16:58:05,104 - INFO - Added prompt from line 418 to batch.
2025-05-30 16:58:05,104 - INFO - Reading line 419 from test data...
2025-05-30 16:58:05,104 - INFO - Added prompt from line 419 to batch.
2025-05-30 16:58:05,104 - INFO - Reading line 420 from test data...
2025-05-30 16:58:05,104 - INFO - Added prompt from line 420 to batch.
2025-05-30 16:58:05,104 - INFO - Reading line 421 from test data...
2025-05-30 16:58:05,104 - INFO - Added prompt from line 421 to batch.
2025-05-30 16:58:05,104 - INFO - Reading line 422 from test data...
2025-05-30 16:58:05,104 - INFO - Added prompt from line 422 to batch.
2025-05-30 16:58:05,104 - INFO - Reading line 423 from test data...
2025-05-30 16:58:05,104 - INFO - Added prompt from line 423 to batch.
2025-05-30 16:58:05,104 - INFO - Reading line 424 from test data...
2025-05-30 16:58:05,104 - INFO - Added prompt from line 424 to batch.
2025-05-30 16:58:05,104 - INFO - Processing batch of 8 prompts (up to line 424)...
2025-05-30 16:58:05,104 - INFO - Generating responses for batch of 8 prompts. System prompt: 'You are a helpful assistant.'
2025-05-30 16:58:05,105 - INFO - First formatted prompt for tokenizer (first 100 chars): '<|begin_of_text|><|start_header_id|>system<|end_header_id|>

Cutting Knowledge Date: December 2023
T...'
2025-05-30 16:58:05,105 - INFO - Input device: cuda:0, preparing to move inputs to device.
2025-05-30 16:58:05,107 - INFO - Batch of inputs tokenized, padded, truncated, and moved to model device.
2025-05-30 16:58:05,107 - INFO - Starting batched model.generate()...
Setting `pad_token_id` to `eos_token_id`:128001 for open-end generation.
2025-05-30 16:58:37,888 - INFO - Batched model.generate() completed.
2025-05-30 16:58:37,888 - INFO - Decoding batch of responses by stripping input tokens...
2025-05-30 16:58:37,890 - INFO - Input tokens stripped from responses.
2025-05-30 16:58:37,890 - INFO - Batch of responses generated.
2025-05-30 16:58:37,890 - INFO - Appended 8 results from batch to /scratch-shared/mschaffelder/data/exp_1/outputs/generation_results_lora_llama_8b_single_v8.jsonl
2025-05-30 16:58:37,890 - INFO - Reading line 425 from test data...
2025-05-30 16:58:37,890 - INFO - Added prompt from line 425 to batch.
2025-05-30 16:58:37,890 - INFO - Reading line 426 from test data...
2025-05-30 16:58:37,890 - INFO - Added prompt from line 426 to batch.
2025-05-30 16:58:37,891 - INFO - Reading line 427 from test data...
2025-05-30 16:58:37,891 - INFO - Added prompt from line 427 to batch.
2025-05-30 16:58:37,891 - INFO - Reading line 428 from test data...
2025-05-30 16:58:37,891 - INFO - Added prompt from line 428 to batch.
2025-05-30 16:58:37,891 - INFO - Reading line 429 from test data...
2025-05-30 16:58:37,891 - INFO - Added prompt from line 429 to batch.
2025-05-30 16:58:37,891 - INFO - Reading line 430 from test data...
2025-05-30 16:58:37,891 - INFO - Added prompt from line 430 to batch.
2025-05-30 16:58:37,891 - INFO - Reading line 431 from test data...
2025-05-30 16:58:37,891 - INFO - Added prompt from line 431 to batch.
2025-05-30 16:58:37,891 - INFO - Reading line 432 from test data...
2025-05-30 16:58:37,891 - INFO - Added prompt from line 432 to batch.
2025-05-30 16:58:37,891 - INFO - Processing batch of 8 prompts (up to line 432)...
2025-05-30 16:58:37,891 - INFO - Generating responses for batch of 8 prompts. System prompt: 'You are a helpful assistant.'
2025-05-30 16:58:37,891 - INFO - First formatted prompt for tokenizer (first 100 chars): '<|begin_of_text|><|start_header_id|>system<|end_header_id|>

Cutting Knowledge Date: December 2023
T...'
2025-05-30 16:58:37,891 - INFO - Input device: cuda:0, preparing to move inputs to device.
2025-05-30 16:58:37,893 - INFO - Batch of inputs tokenized, padded, truncated, and moved to model device.
2025-05-30 16:58:37,893 - INFO - Starting batched model.generate()...
Setting `pad_token_id` to `eos_token_id`:128001 for open-end generation.
2025-05-30 16:59:15,203 - INFO - Batched model.generate() completed.
2025-05-30 16:59:15,203 - INFO - Decoding batch of responses by stripping input tokens...
2025-05-30 16:59:15,205 - INFO - Input tokens stripped from responses.
2025-05-30 16:59:15,206 - INFO - Batch of responses generated.
2025-05-30 16:59:15,207 - INFO - Appended 8 results from batch to /scratch-shared/mschaffelder/data/exp_1/outputs/generation_results_lora_llama_8b_single_v8.jsonl
2025-05-30 16:59:15,207 - INFO - Reading line 433 from test data...
2025-05-30 16:59:15,207 - INFO - Added prompt from line 433 to batch.
2025-05-30 16:59:15,207 - INFO - Reading line 434 from test data...
2025-05-30 16:59:15,207 - INFO - Added prompt from line 434 to batch.
2025-05-30 16:59:15,207 - INFO - Reading line 435 from test data...
2025-05-30 16:59:15,208 - INFO - Added prompt from line 435 to batch.
2025-05-30 16:59:15,208 - INFO - Reading line 436 from test data...
2025-05-30 16:59:15,208 - INFO - Added prompt from line 436 to batch.
2025-05-30 16:59:15,208 - INFO - Reading line 437 from test data...
2025-05-30 16:59:15,208 - INFO - Added prompt from line 437 to batch.
2025-05-30 16:59:15,208 - INFO - Reading line 438 from test data...
2025-05-30 16:59:15,208 - INFO - Added prompt from line 438 to batch.
2025-05-30 16:59:15,208 - INFO - Reading line 439 from test data...
2025-05-30 16:59:15,208 - INFO - Added prompt from line 439 to batch.
2025-05-30 16:59:15,208 - INFO - Reading line 440 from test data...
2025-05-30 16:59:15,208 - INFO - Added prompt from line 440 to batch.
2025-05-30 16:59:15,208 - INFO - Processing batch of 8 prompts (up to line 440)...
2025-05-30 16:59:15,208 - INFO - Generating responses for batch of 8 prompts. System prompt: 'You are a helpful assistant.'
2025-05-30 16:59:15,208 - INFO - First formatted prompt for tokenizer (first 100 chars): '<|begin_of_text|><|start_header_id|>system<|end_header_id|>

Cutting Knowledge Date: December 2023
T...'
2025-05-30 16:59:15,208 - INFO - Input device: cuda:0, preparing to move inputs to device.
2025-05-30 16:59:15,211 - INFO - Batch of inputs tokenized, padded, truncated, and moved to model device.
2025-05-30 16:59:15,211 - INFO - Starting batched model.generate()...
Setting `pad_token_id` to `eos_token_id`:128001 for open-end generation.
2025-05-30 16:59:49,051 - INFO - Batched model.generate() completed.
2025-05-30 16:59:49,051 - INFO - Decoding batch of responses by stripping input tokens...
2025-05-30 16:59:49,053 - INFO - Input tokens stripped from responses.
2025-05-30 16:59:49,053 - INFO - Batch of responses generated.
2025-05-30 16:59:49,055 - INFO - Appended 8 results from batch to /scratch-shared/mschaffelder/data/exp_1/outputs/generation_results_lora_llama_8b_single_v8.jsonl
2025-05-30 16:59:49,055 - INFO - Reading line 441 from test data...
2025-05-30 16:59:49,055 - INFO - Added prompt from line 441 to batch.
2025-05-30 16:59:49,055 - INFO - Reading line 442 from test data...
2025-05-30 16:59:49,055 - INFO - Added prompt from line 442 to batch.
2025-05-30 16:59:49,055 - INFO - Reading line 443 from test data...
2025-05-30 16:59:49,055 - INFO - Added prompt from line 443 to batch.
2025-05-30 16:59:49,055 - INFO - Reading line 444 from test data...
2025-05-30 16:59:49,055 - INFO - Added prompt from line 444 to batch.
2025-05-30 16:59:49,055 - INFO - Reading line 445 from test data...
2025-05-30 16:59:49,055 - INFO - Added prompt from line 445 to batch.
2025-05-30 16:59:49,055 - INFO - Reading line 446 from test data...
2025-05-30 16:59:49,055 - INFO - Added prompt from line 446 to batch.
2025-05-30 16:59:49,055 - INFO - Reading line 447 from test data...
2025-05-30 16:59:49,055 - INFO - Added prompt from line 447 to batch.
2025-05-30 16:59:49,055 - INFO - Reading line 448 from test data...
2025-05-30 16:59:49,055 - INFO - Added prompt from line 448 to batch.
2025-05-30 16:59:49,055 - INFO - Processing batch of 8 prompts (up to line 448)...
2025-05-30 16:59:49,055 - INFO - Generating responses for batch of 8 prompts. System prompt: 'You are a helpful assistant.'
2025-05-30 16:59:49,056 - INFO - First formatted prompt for tokenizer (first 100 chars): '<|begin_of_text|><|start_header_id|>system<|end_header_id|>

Cutting Knowledge Date: December 2023
T...'
2025-05-30 16:59:49,056 - INFO - Input device: cuda:0, preparing to move inputs to device.
2025-05-30 16:59:49,058 - INFO - Batch of inputs tokenized, padded, truncated, and moved to model device.
2025-05-30 16:59:49,058 - INFO - Starting batched model.generate()...
Setting `pad_token_id` to `eos_token_id`:128001 for open-end generation.
2025-05-30 17:00:25,731 - INFO - Batched model.generate() completed.
2025-05-30 17:00:25,731 - INFO - Decoding batch of responses by stripping input tokens...
2025-05-30 17:00:25,733 - INFO - Input tokens stripped from responses.
2025-05-30 17:00:25,733 - INFO - Batch of responses generated.
2025-05-30 17:00:25,735 - INFO - Appended 8 results from batch to /scratch-shared/mschaffelder/data/exp_1/outputs/generation_results_lora_llama_8b_single_v8.jsonl
2025-05-30 17:00:25,735 - INFO - Reading line 449 from test data...
2025-05-30 17:00:25,735 - INFO - Added prompt from line 449 to batch.
2025-05-30 17:00:25,735 - INFO - Reading line 450 from test data...
2025-05-30 17:00:25,735 - INFO - Added prompt from line 450 to batch.
2025-05-30 17:00:25,735 - INFO - Reading line 451 from test data...
2025-05-30 17:00:25,735 - INFO - Added prompt from line 451 to batch.
2025-05-30 17:00:25,735 - INFO - Reading line 452 from test data...
2025-05-30 17:00:25,735 - INFO - Added prompt from line 452 to batch.
2025-05-30 17:00:25,735 - INFO - Reading line 453 from test data...
2025-05-30 17:00:25,735 - INFO - Added prompt from line 453 to batch.
2025-05-30 17:00:25,735 - INFO - Reading line 454 from test data...
2025-05-30 17:00:25,735 - INFO - Added prompt from line 454 to batch.
2025-05-30 17:00:25,735 - INFO - Reading line 455 from test data...
2025-05-30 17:00:25,735 - INFO - Added prompt from line 455 to batch.
2025-05-30 17:00:25,735 - INFO - Reading line 456 from test data...
2025-05-30 17:00:25,735 - INFO - Added prompt from line 456 to batch.
2025-05-30 17:00:25,735 - INFO - Processing batch of 8 prompts (up to line 456)...
2025-05-30 17:00:25,735 - INFO - Generating responses for batch of 8 prompts. System prompt: 'You are a helpful assistant.'
2025-05-30 17:00:25,735 - INFO - First formatted prompt for tokenizer (first 100 chars): '<|begin_of_text|><|start_header_id|>system<|end_header_id|>

Cutting Knowledge Date: December 2023
T...'
2025-05-30 17:00:25,736 - INFO - Input device: cuda:0, preparing to move inputs to device.
2025-05-30 17:00:25,737 - INFO - Batch of inputs tokenized, padded, truncated, and moved to model device.
2025-05-30 17:00:25,737 - INFO - Starting batched model.generate()...
Setting `pad_token_id` to `eos_token_id`:128001 for open-end generation.
2025-05-30 17:01:02,992 - INFO - Batched model.generate() completed.
2025-05-30 17:01:02,992 - INFO - Decoding batch of responses by stripping input tokens...
2025-05-30 17:01:02,993 - INFO - Input tokens stripped from responses.
2025-05-30 17:01:02,994 - INFO - Batch of responses generated.
2025-05-30 17:01:02,995 - INFO - Appended 8 results from batch to /scratch-shared/mschaffelder/data/exp_1/outputs/generation_results_lora_llama_8b_single_v8.jsonl
2025-05-30 17:01:02,995 - INFO - Reading line 457 from test data...
2025-05-30 17:01:02,995 - INFO - Added prompt from line 457 to batch.
2025-05-30 17:01:02,996 - INFO - Reading line 458 from test data...
2025-05-30 17:01:02,996 - INFO - Added prompt from line 458 to batch.
2025-05-30 17:01:02,996 - INFO - Reading line 459 from test data...
2025-05-30 17:01:02,996 - INFO - Added prompt from line 459 to batch.
2025-05-30 17:01:02,996 - INFO - Reading line 460 from test data...
2025-05-30 17:01:02,996 - INFO - Added prompt from line 460 to batch.
2025-05-30 17:01:02,996 - INFO - Reading line 461 from test data...
2025-05-30 17:01:02,996 - INFO - Added prompt from line 461 to batch.
2025-05-30 17:01:02,996 - INFO - Reading line 462 from test data...
2025-05-30 17:01:02,996 - INFO - Added prompt from line 462 to batch.
2025-05-30 17:01:02,996 - INFO - Reading line 463 from test data...
2025-05-30 17:01:02,996 - INFO - Added prompt from line 463 to batch.
2025-05-30 17:01:02,996 - INFO - Reading line 464 from test data...
2025-05-30 17:01:02,996 - INFO - Added prompt from line 464 to batch.
2025-05-30 17:01:02,996 - INFO - Processing batch of 8 prompts (up to line 464)...
2025-05-30 17:01:02,996 - INFO - Generating responses for batch of 8 prompts. System prompt: 'You are a helpful assistant.'
2025-05-30 17:01:02,996 - INFO - First formatted prompt for tokenizer (first 100 chars): '<|begin_of_text|><|start_header_id|>system<|end_header_id|>

Cutting Knowledge Date: December 2023
T...'
2025-05-30 17:01:02,997 - INFO - Input device: cuda:0, preparing to move inputs to device.
2025-05-30 17:01:02,999 - INFO - Batch of inputs tokenized, padded, truncated, and moved to model device.
2025-05-30 17:01:02,999 - INFO - Starting batched model.generate()...
Setting `pad_token_id` to `eos_token_id`:128001 for open-end generation.
2025-05-30 17:01:41,289 - INFO - Batched model.generate() completed.
2025-05-30 17:01:41,289 - INFO - Decoding batch of responses by stripping input tokens...
2025-05-30 17:01:41,291 - INFO - Input tokens stripped from responses.
2025-05-30 17:01:41,292 - INFO - Batch of responses generated.
2025-05-30 17:01:41,293 - INFO - Appended 8 results from batch to /scratch-shared/mschaffelder/data/exp_1/outputs/generation_results_lora_llama_8b_single_v8.jsonl
2025-05-30 17:01:41,293 - INFO - Reading line 465 from test data...
2025-05-30 17:01:41,293 - INFO - Added prompt from line 465 to batch.
2025-05-30 17:01:41,293 - INFO - Reading line 466 from test data...
2025-05-30 17:01:41,293 - INFO - Added prompt from line 466 to batch.
2025-05-30 17:01:41,293 - INFO - Reading line 467 from test data...
2025-05-30 17:01:41,293 - INFO - Added prompt from line 467 to batch.
2025-05-30 17:01:41,293 - INFO - Reading line 468 from test data...
2025-05-30 17:01:41,293 - INFO - Added prompt from line 468 to batch.
2025-05-30 17:01:41,293 - INFO - Reading line 469 from test data...
2025-05-30 17:01:41,293 - INFO - Added prompt from line 469 to batch.
2025-05-30 17:01:41,293 - INFO - Reading line 470 from test data...
2025-05-30 17:01:41,293 - INFO - Added prompt from line 470 to batch.
2025-05-30 17:01:41,293 - INFO - Reading line 471 from test data...
2025-05-30 17:01:41,293 - INFO - Added prompt from line 471 to batch.
2025-05-30 17:01:41,293 - INFO - Reading line 472 from test data...
2025-05-30 17:01:41,293 - INFO - Added prompt from line 472 to batch.
2025-05-30 17:01:41,293 - INFO - Processing batch of 8 prompts (up to line 472)...
2025-05-30 17:01:41,293 - INFO - Generating responses for batch of 8 prompts. System prompt: 'You are a helpful assistant.'
2025-05-30 17:01:41,294 - INFO - First formatted prompt for tokenizer (first 100 chars): '<|begin_of_text|><|start_header_id|>system<|end_header_id|>

Cutting Knowledge Date: December 2023
T...'
2025-05-30 17:01:41,294 - INFO - Input device: cuda:0, preparing to move inputs to device.
2025-05-30 17:01:41,297 - INFO - Batch of inputs tokenized, padded, truncated, and moved to model device.
2025-05-30 17:01:41,297 - INFO - Starting batched model.generate()...
Setting `pad_token_id` to `eos_token_id`:128001 for open-end generation.
2025-05-30 17:02:16,758 - INFO - Batched model.generate() completed.
2025-05-30 17:02:16,758 - INFO - Decoding batch of responses by stripping input tokens...
2025-05-30 17:02:16,760 - INFO - Input tokens stripped from responses.
2025-05-30 17:02:16,761 - INFO - Batch of responses generated.
2025-05-30 17:02:16,762 - INFO - Appended 8 results from batch to /scratch-shared/mschaffelder/data/exp_1/outputs/generation_results_lora_llama_8b_single_v8.jsonl
2025-05-30 17:02:16,762 - INFO - Reading line 473 from test data...
2025-05-30 17:02:16,762 - INFO - Added prompt from line 473 to batch.
2025-05-30 17:02:16,762 - INFO - Reading line 474 from test data...
2025-05-30 17:02:16,762 - INFO - Added prompt from line 474 to batch.
2025-05-30 17:02:16,762 - INFO - Reading line 475 from test data...
2025-05-30 17:02:16,762 - INFO - Added prompt from line 475 to batch.
2025-05-30 17:02:16,762 - INFO - Reading line 476 from test data...
2025-05-30 17:02:16,763 - INFO - Added prompt from line 476 to batch.
2025-05-30 17:02:16,763 - INFO - Reading line 477 from test data...
2025-05-30 17:02:16,763 - INFO - Added prompt from line 477 to batch.
2025-05-30 17:02:16,763 - INFO - Reading line 478 from test data...
2025-05-30 17:02:16,763 - INFO - Added prompt from line 478 to batch.
2025-05-30 17:02:16,763 - INFO - Reading line 479 from test data...
2025-05-30 17:02:16,763 - INFO - Added prompt from line 479 to batch.
2025-05-30 17:02:16,763 - INFO - Reading line 480 from test data...
2025-05-30 17:02:16,763 - INFO - Added prompt from line 480 to batch.
2025-05-30 17:02:16,763 - INFO - Processing batch of 8 prompts (up to line 480)...
2025-05-30 17:02:16,763 - INFO - Generating responses for batch of 8 prompts. System prompt: 'You are a helpful assistant.'
2025-05-30 17:02:16,763 - INFO - First formatted prompt for tokenizer (first 100 chars): '<|begin_of_text|><|start_header_id|>system<|end_header_id|>

Cutting Knowledge Date: December 2023
T...'
2025-05-30 17:02:16,763 - INFO - Input device: cuda:0, preparing to move inputs to device.
2025-05-30 17:02:16,765 - INFO - Batch of inputs tokenized, padded, truncated, and moved to model device.
2025-05-30 17:02:16,765 - INFO - Starting batched model.generate()...
Setting `pad_token_id` to `eos_token_id`:128001 for open-end generation.
2025-05-30 17:02:54,145 - INFO - Batched model.generate() completed.
2025-05-30 17:02:54,145 - INFO - Decoding batch of responses by stripping input tokens...
2025-05-30 17:02:54,147 - INFO - Input tokens stripped from responses.
2025-05-30 17:02:54,148 - INFO - Batch of responses generated.
2025-05-30 17:02:54,150 - INFO - Appended 8 results from batch to /scratch-shared/mschaffelder/data/exp_1/outputs/generation_results_lora_llama_8b_single_v8.jsonl
2025-05-30 17:02:54,150 - INFO - Reading line 481 from test data...
2025-05-30 17:02:54,150 - INFO - Added prompt from line 481 to batch.
2025-05-30 17:02:54,150 - INFO - Reading line 482 from test data...
2025-05-30 17:02:54,150 - INFO - Added prompt from line 482 to batch.
2025-05-30 17:02:54,150 - INFO - Reading line 483 from test data...
2025-05-30 17:02:54,150 - INFO - Added prompt from line 483 to batch.
2025-05-30 17:02:54,150 - INFO - Reading line 484 from test data...
2025-05-30 17:02:54,151 - INFO - Added prompt from line 484 to batch.
2025-05-30 17:02:54,151 - INFO - Reading line 485 from test data...
2025-05-30 17:02:54,151 - INFO - Added prompt from line 485 to batch.
2025-05-30 17:02:54,151 - INFO - Reading line 486 from test data...
2025-05-30 17:02:54,151 - INFO - Added prompt from line 486 to batch.
2025-05-30 17:02:54,151 - INFO - Reading line 487 from test data...
2025-05-30 17:02:54,151 - INFO - Added prompt from line 487 to batch.
2025-05-30 17:02:54,151 - INFO - Reading line 488 from test data...
2025-05-30 17:02:54,151 - INFO - Added prompt from line 488 to batch.
2025-05-30 17:02:54,151 - INFO - Processing batch of 8 prompts (up to line 488)...
2025-05-30 17:02:54,151 - INFO - Generating responses for batch of 8 prompts. System prompt: 'You are a helpful assistant.'
2025-05-30 17:02:54,151 - INFO - First formatted prompt for tokenizer (first 100 chars): '<|begin_of_text|><|start_header_id|>system<|end_header_id|>

Cutting Knowledge Date: December 2023
T...'
2025-05-30 17:02:54,151 - INFO - Input device: cuda:0, preparing to move inputs to device.
2025-05-30 17:02:54,154 - INFO - Batch of inputs tokenized, padded, truncated, and moved to model device.
2025-05-30 17:02:54,154 - INFO - Starting batched model.generate()...
Setting `pad_token_id` to `eos_token_id`:128001 for open-end generation.
2025-05-30 17:03:35,841 - INFO - Batched model.generate() completed.
2025-05-30 17:03:35,841 - INFO - Decoding batch of responses by stripping input tokens...
2025-05-30 17:03:35,843 - INFO - Input tokens stripped from responses.
2025-05-30 17:03:35,843 - INFO - Batch of responses generated.
2025-05-30 17:03:35,845 - INFO - Appended 8 results from batch to /scratch-shared/mschaffelder/data/exp_1/outputs/generation_results_lora_llama_8b_single_v8.jsonl
2025-05-30 17:03:35,845 - INFO - Reading line 489 from test data...
2025-05-30 17:03:35,845 - INFO - Added prompt from line 489 to batch.
2025-05-30 17:03:35,845 - INFO - Reading line 490 from test data...
2025-05-30 17:03:35,845 - INFO - Added prompt from line 490 to batch.
2025-05-30 17:03:35,845 - INFO - Reading line 491 from test data...
2025-05-30 17:03:35,845 - INFO - Added prompt from line 491 to batch.
2025-05-30 17:03:35,845 - INFO - Reading line 492 from test data...
2025-05-30 17:03:35,845 - INFO - Added prompt from line 492 to batch.
2025-05-30 17:03:35,845 - INFO - Reading line 493 from test data...
2025-05-30 17:03:35,845 - INFO - Added prompt from line 493 to batch.
2025-05-30 17:03:35,845 - INFO - Reading line 494 from test data...
2025-05-30 17:03:35,845 - INFO - Added prompt from line 494 to batch.
2025-05-30 17:03:35,845 - INFO - Reading line 495 from test data...
2025-05-30 17:03:35,845 - INFO - Added prompt from line 495 to batch.
2025-05-30 17:03:35,845 - INFO - Reading line 496 from test data...
2025-05-30 17:03:35,845 - INFO - Added prompt from line 496 to batch.
2025-05-30 17:03:35,845 - INFO - Processing batch of 8 prompts (up to line 496)...
2025-05-30 17:03:35,845 - INFO - Generating responses for batch of 8 prompts. System prompt: 'You are a helpful assistant.'
2025-05-30 17:03:35,846 - INFO - First formatted prompt for tokenizer (first 100 chars): '<|begin_of_text|><|start_header_id|>system<|end_header_id|>

Cutting Knowledge Date: December 2023
T...'
2025-05-30 17:03:35,846 - INFO - Input device: cuda:0, preparing to move inputs to device.
2025-05-30 17:03:35,850 - INFO - Batch of inputs tokenized, padded, truncated, and moved to model device.
2025-05-30 17:03:35,850 - INFO - Starting batched model.generate()...
Setting `pad_token_id` to `eos_token_id`:128001 for open-end generation.
2025-05-30 17:04:10,923 - INFO - Batched model.generate() completed.
2025-05-30 17:04:10,923 - INFO - Decoding batch of responses by stripping input tokens...
2025-05-30 17:04:10,925 - INFO - Input tokens stripped from responses.
2025-05-30 17:04:10,926 - INFO - Batch of responses generated.
2025-05-30 17:04:10,928 - INFO - Appended 8 results from batch to /scratch-shared/mschaffelder/data/exp_1/outputs/generation_results_lora_llama_8b_single_v8.jsonl
2025-05-30 17:04:10,928 - INFO - Reading line 497 from test data...
2025-05-30 17:04:10,928 - INFO - Added prompt from line 497 to batch.
2025-05-30 17:04:10,928 - INFO - Reading line 498 from test data...
2025-05-30 17:04:10,928 - INFO - Added prompt from line 498 to batch.
2025-05-30 17:04:10,928 - INFO - Reading line 499 from test data...
2025-05-30 17:04:10,928 - INFO - Added prompt from line 499 to batch.
2025-05-30 17:04:10,928 - INFO - Reading line 500 from test data...
2025-05-30 17:04:10,928 - INFO - Added prompt from line 500 to batch.
2025-05-30 17:04:10,928 - INFO - Reading line 501 from test data...
2025-05-30 17:04:10,928 - INFO - Added prompt from line 501 to batch.
2025-05-30 17:04:10,928 - INFO - Reading line 502 from test data...
2025-05-30 17:04:10,928 - INFO - Added prompt from line 502 to batch.
2025-05-30 17:04:10,928 - INFO - Reading line 503 from test data...
2025-05-30 17:04:10,928 - INFO - Added prompt from line 503 to batch.
2025-05-30 17:04:10,928 - INFO - Reading line 504 from test data...
2025-05-30 17:04:10,928 - INFO - Added prompt from line 504 to batch.
2025-05-30 17:04:10,928 - INFO - Processing batch of 8 prompts (up to line 504)...
2025-05-30 17:04:10,928 - INFO - Generating responses for batch of 8 prompts. System prompt: 'You are a helpful assistant.'
2025-05-30 17:04:10,929 - INFO - First formatted prompt for tokenizer (first 100 chars): '<|begin_of_text|><|start_header_id|>system<|end_header_id|>

Cutting Knowledge Date: December 2023
T...'
2025-05-30 17:04:10,929 - INFO - Input device: cuda:0, preparing to move inputs to device.
2025-05-30 17:04:10,931 - INFO - Batch of inputs tokenized, padded, truncated, and moved to model device.
2025-05-30 17:04:10,931 - INFO - Starting batched model.generate()...
Setting `pad_token_id` to `eos_token_id`:128001 for open-end generation.
2025-05-30 17:04:48,996 - INFO - Batched model.generate() completed.
2025-05-30 17:04:48,996 - INFO - Decoding batch of responses by stripping input tokens...
2025-05-30 17:04:48,999 - INFO - Input tokens stripped from responses.
2025-05-30 17:04:48,999 - INFO - Batch of responses generated.
2025-05-30 17:04:49,000 - INFO - Appended 8 results from batch to /scratch-shared/mschaffelder/data/exp_1/outputs/generation_results_lora_llama_8b_single_v8.jsonl
2025-05-30 17:04:49,000 - INFO - Reading line 505 from test data...
2025-05-30 17:04:49,000 - INFO - Added prompt from line 505 to batch.
2025-05-30 17:04:49,000 - INFO - Reading line 506 from test data...
2025-05-30 17:04:49,000 - INFO - Added prompt from line 506 to batch.
2025-05-30 17:04:49,000 - INFO - Reading line 507 from test data...
2025-05-30 17:04:49,000 - INFO - Added prompt from line 507 to batch.
2025-05-30 17:04:49,000 - INFO - Reading line 508 from test data...
2025-05-30 17:04:49,000 - INFO - Added prompt from line 508 to batch.
2025-05-30 17:04:49,000 - INFO - Reading line 509 from test data...
2025-05-30 17:04:49,000 - INFO - Added prompt from line 509 to batch.
2025-05-30 17:04:49,000 - INFO - Reading line 510 from test data...
2025-05-30 17:04:49,000 - INFO - Added prompt from line 510 to batch.
2025-05-30 17:04:49,000 - INFO - Reading line 511 from test data...
2025-05-30 17:04:49,001 - INFO - Added prompt from line 511 to batch.
2025-05-30 17:04:49,001 - INFO - Reading line 512 from test data...
2025-05-30 17:04:49,001 - INFO - Added prompt from line 512 to batch.
2025-05-30 17:04:49,001 - INFO - Processing batch of 8 prompts (up to line 512)...
2025-05-30 17:04:49,001 - INFO - Generating responses for batch of 8 prompts. System prompt: 'You are a helpful assistant.'
2025-05-30 17:04:49,001 - INFO - First formatted prompt for tokenizer (first 100 chars): '<|begin_of_text|><|start_header_id|>system<|end_header_id|>

Cutting Knowledge Date: December 2023
T...'
2025-05-30 17:04:49,001 - INFO - Input device: cuda:0, preparing to move inputs to device.
2025-05-30 17:04:49,003 - INFO - Batch of inputs tokenized, padded, truncated, and moved to model device.
2025-05-30 17:04:49,003 - INFO - Starting batched model.generate()...
Setting `pad_token_id` to `eos_token_id`:128001 for open-end generation.
2025-05-30 17:05:27,050 - INFO - Batched model.generate() completed.
2025-05-30 17:05:27,050 - INFO - Decoding batch of responses by stripping input tokens...
2025-05-30 17:05:27,052 - INFO - Input tokens stripped from responses.
2025-05-30 17:05:27,053 - INFO - Batch of responses generated.
2025-05-30 17:05:27,054 - INFO - Appended 8 results from batch to /scratch-shared/mschaffelder/data/exp_1/outputs/generation_results_lora_llama_8b_single_v8.jsonl
2025-05-30 17:05:27,054 - INFO - Reading line 513 from test data...
2025-05-30 17:05:27,054 - INFO - Added prompt from line 513 to batch.
2025-05-30 17:05:27,055 - INFO - Reading line 514 from test data...
2025-05-30 17:05:27,055 - INFO - Added prompt from line 514 to batch.
2025-05-30 17:05:27,055 - INFO - Reading line 515 from test data...
2025-05-30 17:05:27,055 - INFO - Added prompt from line 515 to batch.
2025-05-30 17:05:27,055 - INFO - Reading line 516 from test data...
2025-05-30 17:05:27,055 - INFO - Added prompt from line 516 to batch.
2025-05-30 17:05:27,055 - INFO - Reading line 517 from test data...
2025-05-30 17:05:27,055 - INFO - Added prompt from line 517 to batch.
2025-05-30 17:05:27,055 - INFO - Reading line 518 from test data...
2025-05-30 17:05:27,055 - INFO - Added prompt from line 518 to batch.
2025-05-30 17:05:27,055 - INFO - Reading line 519 from test data...
2025-05-30 17:05:27,055 - INFO - Added prompt from line 519 to batch.
2025-05-30 17:05:27,055 - INFO - Reading line 520 from test data...
2025-05-30 17:05:27,055 - INFO - Added prompt from line 520 to batch.
2025-05-30 17:05:27,055 - INFO - Processing batch of 8 prompts (up to line 520)...
2025-05-30 17:05:27,055 - INFO - Generating responses for batch of 8 prompts. System prompt: 'You are a helpful assistant.'
2025-05-30 17:05:27,055 - INFO - First formatted prompt for tokenizer (first 100 chars): '<|begin_of_text|><|start_header_id|>system<|end_header_id|>

Cutting Knowledge Date: December 2023
T...'
2025-05-30 17:05:27,055 - INFO - Input device: cuda:0, preparing to move inputs to device.
2025-05-30 17:05:27,057 - INFO - Batch of inputs tokenized, padded, truncated, and moved to model device.
2025-05-30 17:05:27,058 - INFO - Starting batched model.generate()...
Setting `pad_token_id` to `eos_token_id`:128001 for open-end generation.
2025-05-30 17:05:56,358 - INFO - Batched model.generate() completed.
2025-05-30 17:05:56,358 - INFO - Decoding batch of responses by stripping input tokens...
2025-05-30 17:05:56,360 - INFO - Input tokens stripped from responses.
2025-05-30 17:05:56,360 - INFO - Batch of responses generated.
2025-05-30 17:05:56,361 - INFO - Appended 8 results from batch to /scratch-shared/mschaffelder/data/exp_1/outputs/generation_results_lora_llama_8b_single_v8.jsonl
2025-05-30 17:05:56,361 - INFO - Reading line 521 from test data...
2025-05-30 17:05:56,361 - INFO - Added prompt from line 521 to batch.
2025-05-30 17:05:56,361 - INFO - Reading line 522 from test data...
2025-05-30 17:05:56,362 - INFO - Added prompt from line 522 to batch.
2025-05-30 17:05:56,362 - INFO - Reading line 523 from test data...
2025-05-30 17:05:56,362 - INFO - Added prompt from line 523 to batch.
2025-05-30 17:05:56,362 - INFO - Reading line 524 from test data...
2025-05-30 17:05:56,362 - INFO - Added prompt from line 524 to batch.
2025-05-30 17:05:56,362 - INFO - Reading line 525 from test data...
2025-05-30 17:05:56,362 - INFO - Added prompt from line 525 to batch.
2025-05-30 17:05:56,362 - INFO - Reading line 526 from test data...
2025-05-30 17:05:56,362 - INFO - Added prompt from line 526 to batch.
2025-05-30 17:05:56,362 - INFO - Reading line 527 from test data...
2025-05-30 17:05:56,362 - INFO - Added prompt from line 527 to batch.
2025-05-30 17:05:56,362 - INFO - Reading line 528 from test data...
2025-05-30 17:05:56,362 - INFO - Added prompt from line 528 to batch.
2025-05-30 17:05:56,362 - INFO - Processing batch of 8 prompts (up to line 528)...
2025-05-30 17:05:56,362 - INFO - Generating responses for batch of 8 prompts. System prompt: 'You are a helpful assistant.'
2025-05-30 17:05:56,362 - INFO - First formatted prompt for tokenizer (first 100 chars): '<|begin_of_text|><|start_header_id|>system<|end_header_id|>

Cutting Knowledge Date: December 2023
T...'
2025-05-30 17:05:56,362 - INFO - Input device: cuda:0, preparing to move inputs to device.
2025-05-30 17:05:56,371 - INFO - Batch of inputs tokenized, padded, truncated, and moved to model device.
2025-05-30 17:05:56,371 - INFO - Starting batched model.generate()...
Setting `pad_token_id` to `eos_token_id`:128001 for open-end generation.
2025-05-30 17:06:37,713 - INFO - Batched model.generate() completed.
2025-05-30 17:06:37,713 - INFO - Decoding batch of responses by stripping input tokens...
2025-05-30 17:06:37,715 - INFO - Input tokens stripped from responses.
2025-05-30 17:06:37,715 - INFO - Batch of responses generated.
2025-05-30 17:06:37,717 - INFO - Appended 8 results from batch to /scratch-shared/mschaffelder/data/exp_1/outputs/generation_results_lora_llama_8b_single_v8.jsonl
2025-05-30 17:06:37,717 - INFO - Reading line 529 from test data...
2025-05-30 17:06:37,717 - INFO - Added prompt from line 529 to batch.
2025-05-30 17:06:37,717 - INFO - Reading line 530 from test data...
2025-05-30 17:06:37,717 - INFO - Added prompt from line 530 to batch.
2025-05-30 17:06:37,717 - INFO - Reading line 531 from test data...
2025-05-30 17:06:37,717 - INFO - Added prompt from line 531 to batch.
2025-05-30 17:06:37,717 - INFO - Reading line 532 from test data...
2025-05-30 17:06:37,717 - INFO - Added prompt from line 532 to batch.
2025-05-30 17:06:37,717 - INFO - Reading line 533 from test data...
2025-05-30 17:06:37,717 - INFO - Added prompt from line 533 to batch.
2025-05-30 17:06:37,717 - INFO - Reading line 534 from test data...
2025-05-30 17:06:37,717 - INFO - Added prompt from line 534 to batch.
2025-05-30 17:06:37,717 - INFO - Reading line 535 from test data...
2025-05-30 17:06:37,717 - INFO - Added prompt from line 535 to batch.
2025-05-30 17:06:37,717 - INFO - Reading line 536 from test data...
2025-05-30 17:06:37,717 - INFO - Added prompt from line 536 to batch.
2025-05-30 17:06:37,717 - INFO - Processing batch of 8 prompts (up to line 536)...
2025-05-30 17:06:37,717 - INFO - Generating responses for batch of 8 prompts. System prompt: 'You are a helpful assistant.'
2025-05-30 17:06:37,718 - INFO - First formatted prompt for tokenizer (first 100 chars): '<|begin_of_text|><|start_header_id|>system<|end_header_id|>

Cutting Knowledge Date: December 2023
T...'
2025-05-30 17:06:37,718 - INFO - Input device: cuda:0, preparing to move inputs to device.
2025-05-30 17:06:37,719 - INFO - Batch of inputs tokenized, padded, truncated, and moved to model device.
2025-05-30 17:06:37,719 - INFO - Starting batched model.generate()...
Setting `pad_token_id` to `eos_token_id`:128001 for open-end generation.
2025-05-30 17:07:20,124 - INFO - Batched model.generate() completed.
2025-05-30 17:07:20,125 - INFO - Decoding batch of responses by stripping input tokens...
2025-05-30 17:07:20,127 - INFO - Input tokens stripped from responses.
2025-05-30 17:07:20,127 - INFO - Batch of responses generated.
2025-05-30 17:07:20,128 - INFO - Appended 8 results from batch to /scratch-shared/mschaffelder/data/exp_1/outputs/generation_results_lora_llama_8b_single_v8.jsonl
2025-05-30 17:07:20,128 - INFO - Reading line 537 from test data...
2025-05-30 17:07:20,129 - INFO - Added prompt from line 537 to batch.
2025-05-30 17:07:20,129 - INFO - Reading line 538 from test data...
2025-05-30 17:07:20,129 - INFO - Added prompt from line 538 to batch.
2025-05-30 17:07:20,129 - INFO - Reading line 539 from test data...
2025-05-30 17:07:20,129 - INFO - Added prompt from line 539 to batch.
2025-05-30 17:07:20,129 - INFO - Reading line 540 from test data...
2025-05-30 17:07:20,129 - INFO - Added prompt from line 540 to batch.
2025-05-30 17:07:20,129 - INFO - Reading line 541 from test data...
2025-05-30 17:07:20,129 - INFO - Added prompt from line 541 to batch.
2025-05-30 17:07:20,129 - INFO - Reading line 542 from test data...
2025-05-30 17:07:20,129 - INFO - Added prompt from line 542 to batch.
2025-05-30 17:07:20,129 - INFO - Reading line 543 from test data...
2025-05-30 17:07:20,129 - INFO - Added prompt from line 543 to batch.
2025-05-30 17:07:20,129 - INFO - Reading line 544 from test data...
2025-05-30 17:07:20,129 - INFO - Added prompt from line 544 to batch.
2025-05-30 17:07:20,129 - INFO - Processing batch of 8 prompts (up to line 544)...
2025-05-30 17:07:20,129 - INFO - Generating responses for batch of 8 prompts. System prompt: 'You are a helpful assistant.'
2025-05-30 17:07:20,129 - INFO - First formatted prompt for tokenizer (first 100 chars): '<|begin_of_text|><|start_header_id|>system<|end_header_id|>

Cutting Knowledge Date: December 2023
T...'
2025-05-30 17:07:20,130 - INFO - Input device: cuda:0, preparing to move inputs to device.
2025-05-30 17:07:20,132 - INFO - Batch of inputs tokenized, padded, truncated, and moved to model device.
2025-05-30 17:07:20,132 - INFO - Starting batched model.generate()...
Setting `pad_token_id` to `eos_token_id`:128001 for open-end generation.
2025-05-30 17:07:43,671 - INFO - Batched model.generate() completed.
2025-05-30 17:07:43,672 - INFO - Decoding batch of responses by stripping input tokens...
2025-05-30 17:07:43,673 - INFO - Input tokens stripped from responses.
2025-05-30 17:07:43,674 - INFO - Batch of responses generated.
2025-05-30 17:07:43,675 - INFO - Appended 8 results from batch to /scratch-shared/mschaffelder/data/exp_1/outputs/generation_results_lora_llama_8b_single_v8.jsonl
2025-05-30 17:07:43,675 - INFO - Reading line 545 from test data...
2025-05-30 17:07:43,675 - INFO - Added prompt from line 545 to batch.
2025-05-30 17:07:43,675 - INFO - Reading line 546 from test data...
2025-05-30 17:07:43,675 - INFO - Added prompt from line 546 to batch.
2025-05-30 17:07:43,675 - INFO - Reading line 547 from test data...
2025-05-30 17:07:43,675 - INFO - Added prompt from line 547 to batch.
2025-05-30 17:07:43,675 - INFO - Reading line 548 from test data...
2025-05-30 17:07:43,675 - INFO - Added prompt from line 548 to batch.
2025-05-30 17:07:43,675 - INFO - Reading line 549 from test data...
2025-05-30 17:07:43,675 - INFO - Added prompt from line 549 to batch.
2025-05-30 17:07:43,675 - INFO - Reading line 550 from test data...
2025-05-30 17:07:43,675 - INFO - Added prompt from line 550 to batch.
2025-05-30 17:07:43,675 - INFO - Reading line 551 from test data...
2025-05-30 17:07:43,675 - INFO - Added prompt from line 551 to batch.
2025-05-30 17:07:43,675 - INFO - Reading line 552 from test data...
2025-05-30 17:07:43,675 - INFO - Added prompt from line 552 to batch.
2025-05-30 17:07:43,675 - INFO - Processing batch of 8 prompts (up to line 552)...
2025-05-30 17:07:43,675 - INFO - Generating responses for batch of 8 prompts. System prompt: 'You are a helpful assistant.'
2025-05-30 17:07:43,676 - INFO - First formatted prompt for tokenizer (first 100 chars): '<|begin_of_text|><|start_header_id|>system<|end_header_id|>

Cutting Knowledge Date: December 2023
T...'
2025-05-30 17:07:43,676 - INFO - Input device: cuda:0, preparing to move inputs to device.
2025-05-30 17:07:43,679 - INFO - Batch of inputs tokenized, padded, truncated, and moved to model device.
2025-05-30 17:07:43,679 - INFO - Starting batched model.generate()...
Setting `pad_token_id` to `eos_token_id`:128001 for open-end generation.
2025-05-30 17:08:25,160 - INFO - Batched model.generate() completed.
2025-05-30 17:08:25,160 - INFO - Decoding batch of responses by stripping input tokens...
2025-05-30 17:08:25,162 - INFO - Input tokens stripped from responses.
2025-05-30 17:08:25,162 - INFO - Batch of responses generated.
2025-05-30 17:08:25,163 - INFO - Appended 8 results from batch to /scratch-shared/mschaffelder/data/exp_1/outputs/generation_results_lora_llama_8b_single_v8.jsonl
2025-05-30 17:08:25,163 - INFO - Reading line 553 from test data...
2025-05-30 17:08:25,163 - INFO - Added prompt from line 553 to batch.
2025-05-30 17:08:25,163 - INFO - Reading line 554 from test data...
2025-05-30 17:08:25,163 - INFO - Added prompt from line 554 to batch.
2025-05-30 17:08:25,163 - INFO - Reading line 555 from test data...
2025-05-30 17:08:25,163 - INFO - Added prompt from line 555 to batch.
2025-05-30 17:08:25,163 - INFO - Reading line 556 from test data...
2025-05-30 17:08:25,163 - INFO - Added prompt from line 556 to batch.
2025-05-30 17:08:25,163 - INFO - Reading line 557 from test data...
2025-05-30 17:08:25,163 - INFO - Added prompt from line 557 to batch.
2025-05-30 17:08:25,163 - INFO - Reading line 558 from test data...
2025-05-30 17:08:25,164 - INFO - Added prompt from line 558 to batch.
2025-05-30 17:08:25,164 - INFO - Reading line 559 from test data...
2025-05-30 17:08:25,164 - INFO - Added prompt from line 559 to batch.
2025-05-30 17:08:25,164 - INFO - Reading line 560 from test data...
2025-05-30 17:08:25,164 - INFO - Added prompt from line 560 to batch.
2025-05-30 17:08:25,164 - INFO - Processing batch of 8 prompts (up to line 560)...
2025-05-30 17:08:25,164 - INFO - Generating responses for batch of 8 prompts. System prompt: 'You are a helpful assistant.'
2025-05-30 17:08:25,164 - INFO - First formatted prompt for tokenizer (first 100 chars): '<|begin_of_text|><|start_header_id|>system<|end_header_id|>

Cutting Knowledge Date: December 2023
T...'
2025-05-30 17:08:25,164 - INFO - Input device: cuda:0, preparing to move inputs to device.
2025-05-30 17:08:25,166 - INFO - Batch of inputs tokenized, padded, truncated, and moved to model device.
2025-05-30 17:08:25,166 - INFO - Starting batched model.generate()...
Setting `pad_token_id` to `eos_token_id`:128001 for open-end generation.
2025-05-30 17:08:57,317 - INFO - Batched model.generate() completed.
2025-05-30 17:08:57,317 - INFO - Decoding batch of responses by stripping input tokens...
2025-05-30 17:08:57,319 - INFO - Input tokens stripped from responses.
2025-05-30 17:08:57,319 - INFO - Batch of responses generated.
2025-05-30 17:08:57,321 - INFO - Appended 8 results from batch to /scratch-shared/mschaffelder/data/exp_1/outputs/generation_results_lora_llama_8b_single_v8.jsonl
2025-05-30 17:08:57,321 - INFO - Reading line 561 from test data...
2025-05-30 17:08:57,321 - INFO - Added prompt from line 561 to batch.
2025-05-30 17:08:57,321 - INFO - Reading line 562 from test data...
2025-05-30 17:08:57,321 - INFO - Added prompt from line 562 to batch.
2025-05-30 17:08:57,321 - INFO - Reading line 563 from test data...
2025-05-30 17:08:57,321 - INFO - Added prompt from line 563 to batch.
2025-05-30 17:08:57,321 - INFO - Reading line 564 from test data...
2025-05-30 17:08:57,321 - INFO - Added prompt from line 564 to batch.
2025-05-30 17:08:57,321 - INFO - Reading line 565 from test data...
2025-05-30 17:08:57,321 - INFO - Added prompt from line 565 to batch.
2025-05-30 17:08:57,321 - INFO - Reading line 566 from test data...
2025-05-30 17:08:57,321 - INFO - Added prompt from line 566 to batch.
2025-05-30 17:08:57,321 - INFO - Reading line 567 from test data...
2025-05-30 17:08:57,321 - INFO - Added prompt from line 567 to batch.
2025-05-30 17:08:57,321 - INFO - Reading line 568 from test data...
2025-05-30 17:08:57,321 - INFO - Added prompt from line 568 to batch.
2025-05-30 17:08:57,321 - INFO - Processing batch of 8 prompts (up to line 568)...
2025-05-30 17:08:57,321 - INFO - Generating responses for batch of 8 prompts. System prompt: 'You are a helpful assistant.'
2025-05-30 17:08:57,322 - INFO - First formatted prompt for tokenizer (first 100 chars): '<|begin_of_text|><|start_header_id|>system<|end_header_id|>

Cutting Knowledge Date: December 2023
T...'
2025-05-30 17:08:57,322 - INFO - Input device: cuda:0, preparing to move inputs to device.
2025-05-30 17:08:57,323 - INFO - Batch of inputs tokenized, padded, truncated, and moved to model device.
2025-05-30 17:08:57,323 - INFO - Starting batched model.generate()...
Setting `pad_token_id` to `eos_token_id`:128001 for open-end generation.
2025-05-30 17:09:48,541 - INFO - Batched model.generate() completed.
2025-05-30 17:09:48,541 - INFO - Decoding batch of responses by stripping input tokens...
2025-05-30 17:09:48,544 - INFO - Input tokens stripped from responses.
2025-05-30 17:09:48,544 - INFO - Batch of responses generated.
2025-05-30 17:09:48,546 - INFO - Appended 8 results from batch to /scratch-shared/mschaffelder/data/exp_1/outputs/generation_results_lora_llama_8b_single_v8.jsonl
2025-05-30 17:09:48,546 - INFO - Reading line 569 from test data...
2025-05-30 17:09:48,546 - INFO - Added prompt from line 569 to batch.
2025-05-30 17:09:48,546 - INFO - Reading line 570 from test data...
2025-05-30 17:09:48,546 - INFO - Added prompt from line 570 to batch.
2025-05-30 17:09:48,546 - INFO - Reading line 571 from test data...
2025-05-30 17:09:48,546 - INFO - Added prompt from line 571 to batch.
2025-05-30 17:09:48,546 - INFO - Reading line 572 from test data...
2025-05-30 17:09:48,546 - INFO - Added prompt from line 572 to batch.
2025-05-30 17:09:48,546 - INFO - Reading line 573 from test data...
2025-05-30 17:09:48,546 - INFO - Added prompt from line 573 to batch.
2025-05-30 17:09:48,546 - INFO - Reading line 574 from test data...
2025-05-30 17:09:48,546 - INFO - Added prompt from line 574 to batch.
2025-05-30 17:09:48,546 - INFO - Reading line 575 from test data...
2025-05-30 17:09:48,546 - INFO - Added prompt from line 575 to batch.
2025-05-30 17:09:48,546 - INFO - Reading line 576 from test data...
2025-05-30 17:09:48,546 - INFO - Added prompt from line 576 to batch.
2025-05-30 17:09:48,546 - INFO - Processing batch of 8 prompts (up to line 576)...
2025-05-30 17:09:48,546 - INFO - Generating responses for batch of 8 prompts. System prompt: 'You are a helpful assistant.'
2025-05-30 17:09:48,547 - INFO - First formatted prompt for tokenizer (first 100 chars): '<|begin_of_text|><|start_header_id|>system<|end_header_id|>

Cutting Knowledge Date: December 2023
T...'
2025-05-30 17:09:48,547 - INFO - Input device: cuda:0, preparing to move inputs to device.
2025-05-30 17:09:48,549 - INFO - Batch of inputs tokenized, padded, truncated, and moved to model device.
2025-05-30 17:09:48,549 - INFO - Starting batched model.generate()...
Setting `pad_token_id` to `eos_token_id`:128001 for open-end generation.
2025-05-30 17:10:25,559 - INFO - Batched model.generate() completed.
2025-05-30 17:10:25,559 - INFO - Decoding batch of responses by stripping input tokens...
2025-05-30 17:10:25,561 - INFO - Input tokens stripped from responses.
2025-05-30 17:10:25,562 - INFO - Batch of responses generated.
2025-05-30 17:10:25,563 - INFO - Appended 8 results from batch to /scratch-shared/mschaffelder/data/exp_1/outputs/generation_results_lora_llama_8b_single_v8.jsonl
2025-05-30 17:10:25,563 - INFO - Reading line 577 from test data...
2025-05-30 17:10:25,563 - INFO - Added prompt from line 577 to batch.
2025-05-30 17:10:25,563 - INFO - Reading line 578 from test data...
2025-05-30 17:10:25,563 - INFO - Added prompt from line 578 to batch.
2025-05-30 17:10:25,563 - INFO - Reading line 579 from test data...
2025-05-30 17:10:25,563 - INFO - Added prompt from line 579 to batch.
2025-05-30 17:10:25,563 - INFO - Reading line 580 from test data...
2025-05-30 17:10:25,563 - INFO - Added prompt from line 580 to batch.
2025-05-30 17:10:25,563 - INFO - Reading line 581 from test data...
2025-05-30 17:10:25,564 - INFO - Added prompt from line 581 to batch.
2025-05-30 17:10:25,564 - INFO - Reading line 582 from test data...
2025-05-30 17:10:25,564 - INFO - Added prompt from line 582 to batch.
2025-05-30 17:10:25,564 - INFO - Reading line 583 from test data...
2025-05-30 17:10:25,564 - INFO - Added prompt from line 583 to batch.
2025-05-30 17:10:25,564 - INFO - Reading line 584 from test data...
2025-05-30 17:10:25,564 - INFO - Added prompt from line 584 to batch.
2025-05-30 17:10:25,564 - INFO - Processing batch of 8 prompts (up to line 584)...
2025-05-30 17:10:25,564 - INFO - Generating responses for batch of 8 prompts. System prompt: 'You are a helpful assistant.'
2025-05-30 17:10:25,564 - INFO - First formatted prompt for tokenizer (first 100 chars): '<|begin_of_text|><|start_header_id|>system<|end_header_id|>

Cutting Knowledge Date: December 2023
T...'
2025-05-30 17:10:25,564 - INFO - Input device: cuda:0, preparing to move inputs to device.
2025-05-30 17:10:25,570 - INFO - Batch of inputs tokenized, padded, truncated, and moved to model device.
2025-05-30 17:10:25,570 - INFO - Starting batched model.generate()...
Setting `pad_token_id` to `eos_token_id`:128001 for open-end generation.
2025-05-30 17:10:56,900 - INFO - Batched model.generate() completed.
2025-05-30 17:10:56,901 - INFO - Decoding batch of responses by stripping input tokens...
2025-05-30 17:10:56,902 - INFO - Input tokens stripped from responses.
2025-05-30 17:10:56,903 - INFO - Batch of responses generated.
2025-05-30 17:10:56,905 - INFO - Appended 8 results from batch to /scratch-shared/mschaffelder/data/exp_1/outputs/generation_results_lora_llama_8b_single_v8.jsonl
2025-05-30 17:10:56,905 - INFO - Reading line 585 from test data...
2025-05-30 17:10:56,905 - INFO - Added prompt from line 585 to batch.
2025-05-30 17:10:56,905 - INFO - Reading line 586 from test data...
2025-05-30 17:10:56,905 - INFO - Added prompt from line 586 to batch.
2025-05-30 17:10:56,905 - INFO - Reading line 587 from test data...
2025-05-30 17:10:56,905 - INFO - Added prompt from line 587 to batch.
2025-05-30 17:10:56,905 - INFO - Reading line 588 from test data...
2025-05-30 17:10:56,905 - INFO - Added prompt from line 588 to batch.
2025-05-30 17:10:56,905 - INFO - Reading line 589 from test data...
2025-05-30 17:10:56,905 - INFO - Added prompt from line 589 to batch.
2025-05-30 17:10:56,905 - INFO - Reading line 590 from test data...
2025-05-30 17:10:56,905 - INFO - Added prompt from line 590 to batch.
2025-05-30 17:10:56,905 - INFO - Reading line 591 from test data...
2025-05-30 17:10:56,905 - INFO - Added prompt from line 591 to batch.
2025-05-30 17:10:56,905 - INFO - Reading line 592 from test data...
2025-05-30 17:10:56,905 - INFO - Added prompt from line 592 to batch.
2025-05-30 17:10:56,905 - INFO - Processing batch of 8 prompts (up to line 592)...
2025-05-30 17:10:56,905 - INFO - Generating responses for batch of 8 prompts. System prompt: 'You are a helpful assistant.'
2025-05-30 17:10:56,906 - INFO - First formatted prompt for tokenizer (first 100 chars): '<|begin_of_text|><|start_header_id|>system<|end_header_id|>

Cutting Knowledge Date: December 2023
T...'
2025-05-30 17:10:56,906 - INFO - Input device: cuda:0, preparing to move inputs to device.
2025-05-30 17:10:56,907 - INFO - Batch of inputs tokenized, padded, truncated, and moved to model device.
2025-05-30 17:10:56,907 - INFO - Starting batched model.generate()...
Setting `pad_token_id` to `eos_token_id`:128001 for open-end generation.
2025-05-30 17:11:23,021 - INFO - Batched model.generate() completed.
2025-05-30 17:11:23,021 - INFO - Decoding batch of responses by stripping input tokens...
2025-05-30 17:11:23,023 - INFO - Input tokens stripped from responses.
2025-05-30 17:11:23,023 - INFO - Batch of responses generated.
2025-05-30 17:11:23,025 - INFO - Appended 8 results from batch to /scratch-shared/mschaffelder/data/exp_1/outputs/generation_results_lora_llama_8b_single_v8.jsonl
2025-05-30 17:11:23,025 - INFO - Reading line 593 from test data...
2025-05-30 17:11:23,025 - INFO - Added prompt from line 593 to batch.
2025-05-30 17:11:23,025 - INFO - Reading line 594 from test data...
2025-05-30 17:11:23,025 - INFO - Added prompt from line 594 to batch.
2025-05-30 17:11:23,025 - INFO - Reading line 595 from test data...
2025-05-30 17:11:23,025 - INFO - Added prompt from line 595 to batch.
2025-05-30 17:11:23,025 - INFO - Reading line 596 from test data...
2025-05-30 17:11:23,025 - INFO - Added prompt from line 596 to batch.
2025-05-30 17:11:23,025 - INFO - Reading line 597 from test data...
2025-05-30 17:11:23,025 - INFO - Added prompt from line 597 to batch.
2025-05-30 17:11:23,025 - INFO - Reading line 598 from test data...
2025-05-30 17:11:23,025 - INFO - Added prompt from line 598 to batch.
2025-05-30 17:11:23,025 - INFO - Reading line 599 from test data...
2025-05-30 17:11:23,025 - INFO - Added prompt from line 599 to batch.
2025-05-30 17:11:23,025 - INFO - Reading line 600 from test data...
2025-05-30 17:11:23,025 - INFO - Added prompt from line 600 to batch.
2025-05-30 17:11:23,025 - INFO - Processing batch of 8 prompts (up to line 600)...
2025-05-30 17:11:23,025 - INFO - Generating responses for batch of 8 prompts. System prompt: 'You are a helpful assistant.'
2025-05-30 17:11:23,026 - INFO - First formatted prompt for tokenizer (first 100 chars): '<|begin_of_text|><|start_header_id|>system<|end_header_id|>

Cutting Knowledge Date: December 2023
T...'
2025-05-30 17:11:23,026 - INFO - Input device: cuda:0, preparing to move inputs to device.
2025-05-30 17:11:23,028 - INFO - Batch of inputs tokenized, padded, truncated, and moved to model device.
2025-05-30 17:11:23,028 - INFO - Starting batched model.generate()...
Setting `pad_token_id` to `eos_token_id`:128001 for open-end generation.
2025-05-30 17:11:57,814 - INFO - Batched model.generate() completed.
2025-05-30 17:11:57,814 - INFO - Decoding batch of responses by stripping input tokens...
2025-05-30 17:11:57,816 - INFO - Input tokens stripped from responses.
2025-05-30 17:11:57,816 - INFO - Batch of responses generated.
2025-05-30 17:11:57,817 - INFO - Appended 8 results from batch to /scratch-shared/mschaffelder/data/exp_1/outputs/generation_results_lora_llama_8b_single_v8.jsonl
2025-05-30 17:11:57,817 - INFO - Reading line 601 from test data...
2025-05-30 17:11:57,818 - INFO - Added prompt from line 601 to batch.
2025-05-30 17:11:57,818 - INFO - Reading line 602 from test data...
2025-05-30 17:11:57,818 - INFO - Added prompt from line 602 to batch.
2025-05-30 17:11:57,818 - INFO - Reading line 603 from test data...
2025-05-30 17:11:57,818 - INFO - Added prompt from line 603 to batch.
2025-05-30 17:11:57,818 - INFO - Reading line 604 from test data...
2025-05-30 17:11:57,818 - INFO - Added prompt from line 604 to batch.
2025-05-30 17:11:57,818 - INFO - Reading line 605 from test data...
2025-05-30 17:11:57,818 - INFO - Added prompt from line 605 to batch.
2025-05-30 17:11:57,818 - INFO - Reading line 606 from test data...
2025-05-30 17:11:57,818 - INFO - Added prompt from line 606 to batch.
2025-05-30 17:11:57,818 - INFO - Reading line 607 from test data...
2025-05-30 17:11:57,818 - INFO - Added prompt from line 607 to batch.
2025-05-30 17:11:57,818 - INFO - Reading line 608 from test data...
2025-05-30 17:11:57,818 - INFO - Added prompt from line 608 to batch.
2025-05-30 17:11:57,818 - INFO - Processing batch of 8 prompts (up to line 608)...
2025-05-30 17:11:57,818 - INFO - Generating responses for batch of 8 prompts. System prompt: 'You are a helpful assistant.'
2025-05-30 17:11:57,818 - INFO - First formatted prompt for tokenizer (first 100 chars): '<|begin_of_text|><|start_header_id|>system<|end_header_id|>

Cutting Knowledge Date: December 2023
T...'
2025-05-30 17:11:57,818 - INFO - Input device: cuda:0, preparing to move inputs to device.
2025-05-30 17:11:57,821 - INFO - Batch of inputs tokenized, padded, truncated, and moved to model device.
2025-05-30 17:11:57,821 - INFO - Starting batched model.generate()...
Setting `pad_token_id` to `eos_token_id`:128001 for open-end generation.
2025-05-30 17:12:31,967 - INFO - Batched model.generate() completed.
2025-05-30 17:12:32,042 - INFO - Decoding batch of responses by stripping input tokens...
2025-05-30 17:12:32,044 - INFO - Input tokens stripped from responses.
2025-05-30 17:12:32,045 - INFO - Batch of responses generated.
2025-05-30 17:12:32,167 - INFO - Appended 8 results from batch to /scratch-shared/mschaffelder/data/exp_1/outputs/generation_results_lora_llama_8b_single_v8.jsonl
2025-05-30 17:12:32,167 - INFO - Reading line 609 from test data...
2025-05-30 17:12:32,167 - INFO - Added prompt from line 609 to batch.
2025-05-30 17:12:32,167 - INFO - Reading line 610 from test data...
2025-05-30 17:12:32,167 - INFO - Added prompt from line 610 to batch.
2025-05-30 17:12:32,167 - INFO - Reading line 611 from test data...
2025-05-30 17:12:32,167 - INFO - Added prompt from line 611 to batch.
2025-05-30 17:12:32,167 - INFO - Reading line 612 from test data...
2025-05-30 17:12:32,167 - INFO - Added prompt from line 612 to batch.
2025-05-30 17:12:32,167 - INFO - Reading line 613 from test data...
2025-05-30 17:12:32,167 - INFO - Added prompt from line 613 to batch.
2025-05-30 17:12:32,167 - INFO - Reading line 614 from test data...
2025-05-30 17:12:32,167 - INFO - Added prompt from line 614 to batch.
2025-05-30 17:12:32,167 - INFO - Reading line 615 from test data...
2025-05-30 17:12:32,167 - INFO - Added prompt from line 615 to batch.
2025-05-30 17:12:32,167 - INFO - Reading line 616 from test data...
2025-05-30 17:12:32,167 - INFO - Added prompt from line 616 to batch.
2025-05-30 17:12:32,167 - INFO - Processing batch of 8 prompts (up to line 616)...
2025-05-30 17:12:32,167 - INFO - Generating responses for batch of 8 prompts. System prompt: 'You are a helpful assistant.'
2025-05-30 17:12:32,168 - INFO - First formatted prompt for tokenizer (first 100 chars): '<|begin_of_text|><|start_header_id|>system<|end_header_id|>

Cutting Knowledge Date: December 2023
T...'
2025-05-30 17:12:32,168 - INFO - Input device: cuda:0, preparing to move inputs to device.
2025-05-30 17:12:32,171 - INFO - Batch of inputs tokenized, padded, truncated, and moved to model device.
2025-05-30 17:12:32,172 - INFO - Starting batched model.generate()...
Setting `pad_token_id` to `eos_token_id`:128001 for open-end generation.
2025-05-30 17:13:12,630 - INFO - Batched model.generate() completed.
2025-05-30 17:13:12,630 - INFO - Decoding batch of responses by stripping input tokens...
2025-05-30 17:13:12,632 - INFO - Input tokens stripped from responses.
2025-05-30 17:13:12,632 - INFO - Batch of responses generated.
2025-05-30 17:13:12,634 - INFO - Appended 8 results from batch to /scratch-shared/mschaffelder/data/exp_1/outputs/generation_results_lora_llama_8b_single_v8.jsonl
2025-05-30 17:13:12,634 - INFO - Reading line 617 from test data...
2025-05-30 17:13:12,634 - INFO - Added prompt from line 617 to batch.
2025-05-30 17:13:12,634 - INFO - Reading line 618 from test data...
2025-05-30 17:13:12,634 - INFO - Added prompt from line 618 to batch.
2025-05-30 17:13:12,634 - INFO - Reading line 619 from test data...
2025-05-30 17:13:12,634 - INFO - Added prompt from line 619 to batch.
2025-05-30 17:13:12,634 - INFO - Reading line 620 from test data...
2025-05-30 17:13:12,634 - INFO - Added prompt from line 620 to batch.
2025-05-30 17:13:12,634 - INFO - Reading line 621 from test data...
2025-05-30 17:13:12,634 - INFO - Added prompt from line 621 to batch.
2025-05-30 17:13:12,634 - INFO - Reading line 622 from test data...
2025-05-30 17:13:12,634 - INFO - Added prompt from line 622 to batch.
2025-05-30 17:13:12,634 - INFO - Reading line 623 from test data...
2025-05-30 17:13:12,634 - INFO - Added prompt from line 623 to batch.
2025-05-30 17:13:12,634 - INFO - Reading line 624 from test data...
2025-05-30 17:13:12,634 - INFO - Added prompt from line 624 to batch.
2025-05-30 17:13:12,634 - INFO - Processing batch of 8 prompts (up to line 624)...
2025-05-30 17:13:12,634 - INFO - Generating responses for batch of 8 prompts. System prompt: 'You are a helpful assistant.'
2025-05-30 17:13:12,635 - INFO - First formatted prompt for tokenizer (first 100 chars): '<|begin_of_text|><|start_header_id|>system<|end_header_id|>

Cutting Knowledge Date: December 2023
T...'
2025-05-30 17:13:12,635 - INFO - Input device: cuda:0, preparing to move inputs to device.
2025-05-30 17:13:12,636 - INFO - Batch of inputs tokenized, padded, truncated, and moved to model device.
2025-05-30 17:13:12,636 - INFO - Starting batched model.generate()...
Setting `pad_token_id` to `eos_token_id`:128001 for open-end generation.
2025-05-30 17:13:46,254 - INFO - Batched model.generate() completed.
2025-05-30 17:13:46,254 - INFO - Decoding batch of responses by stripping input tokens...
2025-05-30 17:13:46,256 - INFO - Input tokens stripped from responses.
2025-05-30 17:13:46,256 - INFO - Batch of responses generated.
2025-05-30 17:13:46,258 - INFO - Appended 8 results from batch to /scratch-shared/mschaffelder/data/exp_1/outputs/generation_results_lora_llama_8b_single_v8.jsonl
2025-05-30 17:13:46,258 - INFO - Reading line 625 from test data...
2025-05-30 17:13:46,258 - INFO - Added prompt from line 625 to batch.
2025-05-30 17:13:46,258 - INFO - Reading line 626 from test data...
2025-05-30 17:13:46,258 - INFO - Added prompt from line 626 to batch.
2025-05-30 17:13:46,258 - INFO - Reading line 627 from test data...
2025-05-30 17:13:46,258 - INFO - Added prompt from line 627 to batch.
2025-05-30 17:13:46,258 - INFO - Reading line 628 from test data...
2025-05-30 17:13:46,258 - INFO - Added prompt from line 628 to batch.
2025-05-30 17:13:46,258 - INFO - Reading line 629 from test data...
2025-05-30 17:13:46,258 - INFO - Added prompt from line 629 to batch.
2025-05-30 17:13:46,258 - INFO - Reading line 630 from test data...
2025-05-30 17:13:46,258 - INFO - Added prompt from line 630 to batch.
2025-05-30 17:13:46,258 - INFO - Reading line 631 from test data...
2025-05-30 17:13:46,258 - INFO - Added prompt from line 631 to batch.
2025-05-30 17:13:46,258 - INFO - Reading line 632 from test data...
2025-05-30 17:13:46,258 - INFO - Added prompt from line 632 to batch.
2025-05-30 17:13:46,258 - INFO - Processing batch of 8 prompts (up to line 632)...
2025-05-30 17:13:46,272 - INFO - Generating responses for batch of 8 prompts. System prompt: 'You are a helpful assistant.'
2025-05-30 17:13:46,273 - INFO - First formatted prompt for tokenizer (first 100 chars): '<|begin_of_text|><|start_header_id|>system<|end_header_id|>

Cutting Knowledge Date: December 2023
T...'
2025-05-30 17:13:46,273 - INFO - Input device: cuda:0, preparing to move inputs to device.
2025-05-30 17:13:46,277 - INFO - Batch of inputs tokenized, padded, truncated, and moved to model device.
2025-05-30 17:13:46,277 - INFO - Starting batched model.generate()...
Setting `pad_token_id` to `eos_token_id`:128001 for open-end generation.
2025-05-30 17:14:19,260 - INFO - Batched model.generate() completed.
2025-05-30 17:14:19,260 - INFO - Decoding batch of responses by stripping input tokens...
2025-05-30 17:14:19,262 - INFO - Input tokens stripped from responses.
2025-05-30 17:14:19,262 - INFO - Batch of responses generated.
2025-05-30 17:14:19,264 - INFO - Appended 8 results from batch to /scratch-shared/mschaffelder/data/exp_1/outputs/generation_results_lora_llama_8b_single_v8.jsonl
2025-05-30 17:14:19,264 - INFO - Reading line 633 from test data...
2025-05-30 17:14:19,264 - INFO - Added prompt from line 633 to batch.
2025-05-30 17:14:19,264 - INFO - Reading line 634 from test data...
2025-05-30 17:14:19,264 - INFO - Added prompt from line 634 to batch.
2025-05-30 17:14:19,264 - INFO - Reading line 635 from test data...
2025-05-30 17:14:19,264 - INFO - Added prompt from line 635 to batch.
2025-05-30 17:14:19,264 - INFO - Reading line 636 from test data...
2025-05-30 17:14:19,264 - INFO - Added prompt from line 636 to batch.
2025-05-30 17:14:19,264 - INFO - Reading line 637 from test data...
2025-05-30 17:14:19,264 - INFO - Added prompt from line 637 to batch.
2025-05-30 17:14:19,264 - INFO - Reading line 638 from test data...
2025-05-30 17:14:19,264 - INFO - Added prompt from line 638 to batch.
2025-05-30 17:14:19,264 - INFO - Reading line 639 from test data...
2025-05-30 17:14:19,264 - INFO - Added prompt from line 639 to batch.
2025-05-30 17:14:19,264 - INFO - Reading line 640 from test data...
2025-05-30 17:14:19,264 - INFO - Added prompt from line 640 to batch.
2025-05-30 17:14:19,264 - INFO - Processing batch of 8 prompts (up to line 640)...
2025-05-30 17:14:19,264 - INFO - Generating responses for batch of 8 prompts. System prompt: 'You are a helpful assistant.'
2025-05-30 17:14:19,265 - INFO - First formatted prompt for tokenizer (first 100 chars): '<|begin_of_text|><|start_header_id|>system<|end_header_id|>

Cutting Knowledge Date: December 2023
T...'
2025-05-30 17:14:19,265 - INFO - Input device: cuda:0, preparing to move inputs to device.
2025-05-30 17:14:19,268 - INFO - Batch of inputs tokenized, padded, truncated, and moved to model device.
2025-05-30 17:14:19,268 - INFO - Starting batched model.generate()...
Setting `pad_token_id` to `eos_token_id`:128001 for open-end generation.
2025-05-30 17:14:56,949 - INFO - Batched model.generate() completed.
2025-05-30 17:14:56,949 - INFO - Decoding batch of responses by stripping input tokens...
2025-05-30 17:14:56,951 - INFO - Input tokens stripped from responses.
2025-05-30 17:14:56,952 - INFO - Batch of responses generated.
2025-05-30 17:14:56,952 - INFO - Appended 8 results from batch to /scratch-shared/mschaffelder/data/exp_1/outputs/generation_results_lora_llama_8b_single_v8.jsonl
2025-05-30 17:14:56,952 - INFO - Reading line 641 from test data...
2025-05-30 17:14:56,952 - INFO - Added prompt from line 641 to batch.
2025-05-30 17:14:56,952 - INFO - Reading line 642 from test data...
2025-05-30 17:14:56,952 - INFO - Added prompt from line 642 to batch.
2025-05-30 17:14:56,952 - INFO - Reading line 643 from test data...
2025-05-30 17:14:56,952 - INFO - Added prompt from line 643 to batch.
2025-05-30 17:14:56,952 - INFO - Reading line 644 from test data...
2025-05-30 17:14:56,952 - INFO - Added prompt from line 644 to batch.
2025-05-30 17:14:56,953 - INFO - Reading line 645 from test data...
2025-05-30 17:14:56,961 - INFO - Added prompt from line 645 to batch.
2025-05-30 17:14:56,961 - INFO - Reading line 646 from test data...
2025-05-30 17:14:56,962 - INFO - Added prompt from line 646 to batch.
2025-05-30 17:14:56,962 - INFO - Reading line 647 from test data...
2025-05-30 17:14:56,962 - INFO - Added prompt from line 647 to batch.
2025-05-30 17:14:56,962 - INFO - Reading line 648 from test data...
2025-05-30 17:14:56,962 - INFO - Added prompt from line 648 to batch.
2025-05-30 17:14:56,962 - INFO - Processing batch of 8 prompts (up to line 648)...
2025-05-30 17:14:56,962 - INFO - Generating responses for batch of 8 prompts. System prompt: 'You are a helpful assistant.'
2025-05-30 17:14:56,962 - INFO - First formatted prompt for tokenizer (first 100 chars): '<|begin_of_text|><|start_header_id|>system<|end_header_id|>

Cutting Knowledge Date: December 2023
T...'
2025-05-30 17:14:56,962 - INFO - Input device: cuda:0, preparing to move inputs to device.
2025-05-30 17:14:56,964 - INFO - Batch of inputs tokenized, padded, truncated, and moved to model device.
2025-05-30 17:14:56,964 - INFO - Starting batched model.generate()...
Setting `pad_token_id` to `eos_token_id`:128001 for open-end generation.
2025-05-30 17:15:30,971 - INFO - Batched model.generate() completed.
2025-05-30 17:15:30,971 - INFO - Decoding batch of responses by stripping input tokens...
2025-05-30 17:15:30,973 - INFO - Input tokens stripped from responses.
2025-05-30 17:15:30,973 - INFO - Batch of responses generated.
2025-05-30 17:15:30,974 - INFO - Appended 8 results from batch to /scratch-shared/mschaffelder/data/exp_1/outputs/generation_results_lora_llama_8b_single_v8.jsonl
2025-05-30 17:15:30,974 - INFO - Reading line 649 from test data...
2025-05-30 17:15:30,974 - INFO - Added prompt from line 649 to batch.
2025-05-30 17:15:30,974 - INFO - Reading line 650 from test data...
2025-05-30 17:15:30,974 - INFO - Added prompt from line 650 to batch.
2025-05-30 17:15:30,974 - INFO - Reading line 651 from test data...
2025-05-30 17:15:30,974 - INFO - Added prompt from line 651 to batch.
2025-05-30 17:15:30,974 - INFO - Reading line 652 from test data...
2025-05-30 17:15:30,974 - INFO - Added prompt from line 652 to batch.
2025-05-30 17:15:30,974 - INFO - Reading line 653 from test data...
2025-05-30 17:15:30,974 - INFO - Added prompt from line 653 to batch.
2025-05-30 17:15:30,974 - INFO - Reading line 654 from test data...
2025-05-30 17:15:30,974 - INFO - Added prompt from line 654 to batch.
2025-05-30 17:15:30,974 - INFO - Reading line 655 from test data...
2025-05-30 17:15:30,974 - INFO - Added prompt from line 655 to batch.
2025-05-30 17:15:30,974 - INFO - Reading line 656 from test data...
2025-05-30 17:15:30,974 - INFO - Added prompt from line 656 to batch.
2025-05-30 17:15:30,974 - INFO - Processing batch of 8 prompts (up to line 656)...
2025-05-30 17:15:30,974 - INFO - Generating responses for batch of 8 prompts. System prompt: 'You are a helpful assistant.'
2025-05-30 17:15:30,975 - INFO - First formatted prompt for tokenizer (first 100 chars): '<|begin_of_text|><|start_header_id|>system<|end_header_id|>

Cutting Knowledge Date: December 2023
T...'
2025-05-30 17:15:30,975 - INFO - Input device: cuda:0, preparing to move inputs to device.
2025-05-30 17:15:30,976 - INFO - Batch of inputs tokenized, padded, truncated, and moved to model device.
2025-05-30 17:15:30,976 - INFO - Starting batched model.generate()...
Setting `pad_token_id` to `eos_token_id`:128001 for open-end generation.
2025-05-30 17:16:07,978 - INFO - Batched model.generate() completed.
2025-05-30 17:16:07,978 - INFO - Decoding batch of responses by stripping input tokens...
2025-05-30 17:16:07,980 - INFO - Input tokens stripped from responses.
2025-05-30 17:16:07,980 - INFO - Batch of responses generated.
2025-05-30 17:16:07,981 - INFO - Appended 8 results from batch to /scratch-shared/mschaffelder/data/exp_1/outputs/generation_results_lora_llama_8b_single_v8.jsonl
2025-05-30 17:16:07,981 - INFO - Reading line 657 from test data...
2025-05-30 17:16:07,982 - INFO - Added prompt from line 657 to batch.
2025-05-30 17:16:08,000 - INFO - Reading line 658 from test data...
2025-05-30 17:16:08,000 - INFO - Added prompt from line 658 to batch.
2025-05-30 17:16:08,000 - INFO - Reading line 659 from test data...
2025-05-30 17:16:08,000 - INFO - Added prompt from line 659 to batch.
2025-05-30 17:16:08,000 - INFO - Reading line 660 from test data...
2025-05-30 17:16:08,001 - INFO - Added prompt from line 660 to batch.
2025-05-30 17:16:08,001 - INFO - Reading line 661 from test data...
2025-05-30 17:16:08,001 - INFO - Added prompt from line 661 to batch.
2025-05-30 17:16:08,001 - INFO - Reading line 662 from test data...
2025-05-30 17:16:08,001 - INFO - Added prompt from line 662 to batch.
2025-05-30 17:16:08,001 - INFO - Reading line 663 from test data...
2025-05-30 17:16:08,001 - INFO - Added prompt from line 663 to batch.
2025-05-30 17:16:08,001 - INFO - Reading line 664 from test data...
2025-05-30 17:16:08,001 - INFO - Added prompt from line 664 to batch.
2025-05-30 17:16:08,001 - INFO - Processing batch of 8 prompts (up to line 664)...
2025-05-30 17:16:08,001 - INFO - Generating responses for batch of 8 prompts. System prompt: 'You are a helpful assistant.'
2025-05-30 17:16:08,001 - INFO - First formatted prompt for tokenizer (first 100 chars): '<|begin_of_text|><|start_header_id|>system<|end_header_id|>

Cutting Knowledge Date: December 2023
T...'
2025-05-30 17:16:08,001 - INFO - Input device: cuda:0, preparing to move inputs to device.
2025-05-30 17:16:08,003 - INFO - Batch of inputs tokenized, padded, truncated, and moved to model device.
2025-05-30 17:16:08,003 - INFO - Starting batched model.generate()...
Setting `pad_token_id` to `eos_token_id`:128001 for open-end generation.
2025-05-30 17:16:42,854 - INFO - Batched model.generate() completed.
2025-05-30 17:16:42,854 - INFO - Decoding batch of responses by stripping input tokens...
2025-05-30 17:16:42,856 - INFO - Input tokens stripped from responses.
2025-05-30 17:16:42,857 - INFO - Batch of responses generated.
2025-05-30 17:16:42,858 - INFO - Appended 8 results from batch to /scratch-shared/mschaffelder/data/exp_1/outputs/generation_results_lora_llama_8b_single_v8.jsonl
2025-05-30 17:16:42,858 - INFO - Reading line 665 from test data...
2025-05-30 17:16:42,858 - INFO - Added prompt from line 665 to batch.
2025-05-30 17:16:42,858 - INFO - Reading line 666 from test data...
2025-05-30 17:16:42,858 - INFO - Added prompt from line 666 to batch.
2025-05-30 17:16:42,858 - INFO - Reading line 667 from test data...
2025-05-30 17:16:42,858 - INFO - Added prompt from line 667 to batch.
2025-05-30 17:16:42,858 - INFO - Reading line 668 from test data...
2025-05-30 17:16:42,858 - INFO - Added prompt from line 668 to batch.
2025-05-30 17:16:42,858 - INFO - Reading line 669 from test data...
2025-05-30 17:16:42,858 - INFO - Added prompt from line 669 to batch.
2025-05-30 17:16:42,858 - INFO - Reading line 670 from test data...
2025-05-30 17:16:42,859 - INFO - Added prompt from line 670 to batch.
2025-05-30 17:16:42,859 - INFO - Reading line 671 from test data...
2025-05-30 17:16:42,859 - INFO - Added prompt from line 671 to batch.
2025-05-30 17:16:42,859 - INFO - Reading line 672 from test data...
2025-05-30 17:16:42,859 - INFO - Added prompt from line 672 to batch.
2025-05-30 17:16:42,859 - INFO - Processing batch of 8 prompts (up to line 672)...
2025-05-30 17:16:42,859 - INFO - Generating responses for batch of 8 prompts. System prompt: 'You are a helpful assistant.'
2025-05-30 17:16:42,859 - INFO - First formatted prompt for tokenizer (first 100 chars): '<|begin_of_text|><|start_header_id|>system<|end_header_id|>

Cutting Knowledge Date: December 2023
T...'
2025-05-30 17:16:42,859 - INFO - Input device: cuda:0, preparing to move inputs to device.
2025-05-30 17:16:42,861 - INFO - Batch of inputs tokenized, padded, truncated, and moved to model device.
2025-05-30 17:16:42,861 - INFO - Starting batched model.generate()...
Setting `pad_token_id` to `eos_token_id`:128001 for open-end generation.
2025-05-30 17:17:13,453 - INFO - Batched model.generate() completed.
2025-05-30 17:17:13,473 - INFO - Decoding batch of responses by stripping input tokens...
2025-05-30 17:17:13,475 - INFO - Input tokens stripped from responses.
2025-05-30 17:17:13,475 - INFO - Batch of responses generated.
2025-05-30 17:17:13,476 - INFO - Appended 8 results from batch to /scratch-shared/mschaffelder/data/exp_1/outputs/generation_results_lora_llama_8b_single_v8.jsonl
2025-05-30 17:17:13,477 - INFO - Reading line 673 from test data...
2025-05-30 17:17:13,477 - INFO - Added prompt from line 673 to batch.
2025-05-30 17:17:13,477 - INFO - Reading line 674 from test data...
2025-05-30 17:17:13,477 - INFO - Added prompt from line 674 to batch.
2025-05-30 17:17:13,477 - INFO - Reading line 675 from test data...
2025-05-30 17:17:13,477 - INFO - Added prompt from line 675 to batch.
2025-05-30 17:17:13,477 - INFO - Reading line 676 from test data...
2025-05-30 17:17:13,477 - INFO - Added prompt from line 676 to batch.
2025-05-30 17:17:13,477 - INFO - Reading line 677 from test data...
2025-05-30 17:17:13,477 - INFO - Added prompt from line 677 to batch.
2025-05-30 17:17:13,477 - INFO - Reading line 678 from test data...
2025-05-30 17:17:13,477 - INFO - Added prompt from line 678 to batch.
2025-05-30 17:17:13,477 - INFO - Reading line 679 from test data...
2025-05-30 17:17:13,477 - INFO - Added prompt from line 679 to batch.
2025-05-30 17:17:13,477 - INFO - Reading line 680 from test data...
2025-05-30 17:17:13,477 - INFO - Added prompt from line 680 to batch.
2025-05-30 17:17:13,477 - INFO - Processing batch of 8 prompts (up to line 680)...
2025-05-30 17:17:13,477 - INFO - Generating responses for batch of 8 prompts. System prompt: 'You are a helpful assistant.'
2025-05-30 17:17:13,477 - INFO - First formatted prompt for tokenizer (first 100 chars): '<|begin_of_text|><|start_header_id|>system<|end_header_id|>

Cutting Knowledge Date: December 2023
T...'
2025-05-30 17:17:13,477 - INFO - Input device: cuda:0, preparing to move inputs to device.
2025-05-30 17:17:13,480 - INFO - Batch of inputs tokenized, padded, truncated, and moved to model device.
2025-05-30 17:17:13,480 - INFO - Starting batched model.generate()...
Setting `pad_token_id` to `eos_token_id`:128001 for open-end generation.
2025-05-30 17:17:36,860 - INFO - Batched model.generate() completed.
2025-05-30 17:17:36,860 - INFO - Decoding batch of responses by stripping input tokens...
2025-05-30 17:17:36,862 - INFO - Input tokens stripped from responses.
2025-05-30 17:17:36,862 - INFO - Batch of responses generated.
2025-05-30 17:17:36,864 - INFO - Appended 8 results from batch to /scratch-shared/mschaffelder/data/exp_1/outputs/generation_results_lora_llama_8b_single_v8.jsonl
2025-05-30 17:17:36,864 - INFO - Reading line 681 from test data...
2025-05-30 17:17:36,864 - INFO - Added prompt from line 681 to batch.
2025-05-30 17:17:36,864 - INFO - Reading line 682 from test data...
2025-05-30 17:17:36,864 - INFO - Added prompt from line 682 to batch.
2025-05-30 17:17:36,864 - INFO - Reading line 683 from test data...
2025-05-30 17:17:36,864 - INFO - Added prompt from line 683 to batch.
2025-05-30 17:17:36,864 - INFO - Reading line 684 from test data...
2025-05-30 17:17:36,864 - INFO - Added prompt from line 684 to batch.
2025-05-30 17:17:36,864 - INFO - Reading line 685 from test data...
2025-05-30 17:17:36,864 - INFO - Added prompt from line 685 to batch.
2025-05-30 17:17:36,864 - INFO - Reading line 686 from test data...
2025-05-30 17:17:36,864 - INFO - Added prompt from line 686 to batch.
2025-05-30 17:17:36,864 - INFO - Reading line 687 from test data...
2025-05-30 17:17:36,864 - INFO - Added prompt from line 687 to batch.
2025-05-30 17:17:36,864 - INFO - Reading line 688 from test data...
2025-05-30 17:17:36,864 - INFO - Added prompt from line 688 to batch.
2025-05-30 17:17:36,864 - INFO - Processing batch of 8 prompts (up to line 688)...
2025-05-30 17:17:36,864 - INFO - Generating responses for batch of 8 prompts. System prompt: 'You are a helpful assistant.'
2025-05-30 17:17:36,865 - INFO - First formatted prompt for tokenizer (first 100 chars): '<|begin_of_text|><|start_header_id|>system<|end_header_id|>

Cutting Knowledge Date: December 2023
T...'
2025-05-30 17:17:36,878 - INFO - Input device: cuda:0, preparing to move inputs to device.
2025-05-30 17:17:36,880 - INFO - Batch of inputs tokenized, padded, truncated, and moved to model device.
2025-05-30 17:17:36,880 - INFO - Starting batched model.generate()...
Setting `pad_token_id` to `eos_token_id`:128001 for open-end generation.
2025-05-30 17:18:20,213 - INFO - Batched model.generate() completed.
2025-05-30 17:18:20,213 - INFO - Decoding batch of responses by stripping input tokens...
2025-05-30 17:18:20,216 - INFO - Input tokens stripped from responses.
2025-05-30 17:18:20,216 - INFO - Batch of responses generated.
2025-05-30 17:18:20,217 - INFO - Appended 8 results from batch to /scratch-shared/mschaffelder/data/exp_1/outputs/generation_results_lora_llama_8b_single_v8.jsonl
2025-05-30 17:18:20,217 - INFO - Reading line 689 from test data...
2025-05-30 17:18:20,217 - INFO - Added prompt from line 689 to batch.
2025-05-30 17:18:20,218 - INFO - Reading line 690 from test data...
2025-05-30 17:18:20,218 - INFO - Added prompt from line 690 to batch.
2025-05-30 17:18:20,218 - INFO - Reading line 691 from test data...
2025-05-30 17:18:20,218 - INFO - Added prompt from line 691 to batch.
2025-05-30 17:18:20,218 - INFO - Reading line 692 from test data...
2025-05-30 17:18:20,218 - INFO - Added prompt from line 692 to batch.
2025-05-30 17:18:20,218 - INFO - Reading line 693 from test data...
2025-05-30 17:18:20,218 - INFO - Added prompt from line 693 to batch.
2025-05-30 17:18:20,218 - INFO - Reading line 694 from test data...
2025-05-30 17:18:20,218 - INFO - Added prompt from line 694 to batch.
2025-05-30 17:18:20,218 - INFO - Reading line 695 from test data...
2025-05-30 17:18:20,218 - INFO - Added prompt from line 695 to batch.
2025-05-30 17:18:20,218 - INFO - Reading line 696 from test data...
2025-05-30 17:18:20,218 - INFO - Added prompt from line 696 to batch.
2025-05-30 17:18:20,218 - INFO - Processing batch of 8 prompts (up to line 696)...
2025-05-30 17:18:20,218 - INFO - Generating responses for batch of 8 prompts. System prompt: 'You are a helpful assistant.'
2025-05-30 17:18:20,218 - INFO - First formatted prompt for tokenizer (first 100 chars): '<|begin_of_text|><|start_header_id|>system<|end_header_id|>

Cutting Knowledge Date: December 2023
T...'
2025-05-30 17:18:20,218 - INFO - Input device: cuda:0, preparing to move inputs to device.
2025-05-30 17:18:20,221 - INFO - Batch of inputs tokenized, padded, truncated, and moved to model device.
2025-05-30 17:18:20,221 - INFO - Starting batched model.generate()...
Setting `pad_token_id` to `eos_token_id`:128001 for open-end generation.
2025-05-30 17:18:49,435 - INFO - Batched model.generate() completed.
2025-05-30 17:18:49,436 - INFO - Decoding batch of responses by stripping input tokens...
2025-05-30 17:18:49,438 - INFO - Input tokens stripped from responses.
2025-05-30 17:18:49,438 - INFO - Batch of responses generated.
2025-05-30 17:18:49,439 - INFO - Appended 8 results from batch to /scratch-shared/mschaffelder/data/exp_1/outputs/generation_results_lora_llama_8b_single_v8.jsonl
2025-05-30 17:18:49,439 - INFO - Reading line 697 from test data...
2025-05-30 17:18:49,439 - INFO - Added prompt from line 697 to batch.
2025-05-30 17:18:49,439 - INFO - Reading line 698 from test data...
2025-05-30 17:18:49,439 - INFO - Added prompt from line 698 to batch.
2025-05-30 17:18:49,439 - INFO - Reading line 699 from test data...
2025-05-30 17:18:49,439 - INFO - Added prompt from line 699 to batch.
2025-05-30 17:18:49,439 - INFO - Reading line 700 from test data...
2025-05-30 17:18:49,439 - INFO - Added prompt from line 700 to batch.
2025-05-30 17:18:49,439 - INFO - Reading line 701 from test data...
2025-05-30 17:18:49,439 - INFO - Added prompt from line 701 to batch.
2025-05-30 17:18:49,439 - INFO - Reading line 702 from test data...
2025-05-30 17:18:49,439 - INFO - Added prompt from line 702 to batch.
2025-05-30 17:18:49,439 - INFO - Reading line 703 from test data...
2025-05-30 17:18:49,508 - INFO - Added prompt from line 703 to batch.
2025-05-30 17:18:49,508 - INFO - Reading line 704 from test data...
2025-05-30 17:18:49,508 - INFO - Added prompt from line 704 to batch.
2025-05-30 17:18:49,508 - INFO - Processing batch of 8 prompts (up to line 704)...
2025-05-30 17:18:49,509 - INFO - Generating responses for batch of 8 prompts. System prompt: 'You are a helpful assistant.'
2025-05-30 17:18:49,509 - INFO - First formatted prompt for tokenizer (first 100 chars): '<|begin_of_text|><|start_header_id|>system<|end_header_id|>

Cutting Knowledge Date: December 2023
T...'
2025-05-30 17:18:49,509 - INFO - Input device: cuda:0, preparing to move inputs to device.
2025-05-30 17:18:49,511 - INFO - Batch of inputs tokenized, padded, truncated, and moved to model device.
2025-05-30 17:18:49,511 - INFO - Starting batched model.generate()...
Setting `pad_token_id` to `eos_token_id`:128001 for open-end generation.
2025-05-30 17:19:22,953 - INFO - Batched model.generate() completed.
2025-05-30 17:19:22,953 - INFO - Decoding batch of responses by stripping input tokens...
2025-05-30 17:19:22,955 - INFO - Input tokens stripped from responses.
2025-05-30 17:19:22,956 - INFO - Batch of responses generated.
2025-05-30 17:19:22,957 - INFO - Appended 8 results from batch to /scratch-shared/mschaffelder/data/exp_1/outputs/generation_results_lora_llama_8b_single_v8.jsonl
2025-05-30 17:19:22,957 - INFO - Reading line 705 from test data...
2025-05-30 17:19:22,957 - INFO - Added prompt from line 705 to batch.
2025-05-30 17:19:22,957 - INFO - Reading line 706 from test data...
2025-05-30 17:19:22,957 - INFO - Added prompt from line 706 to batch.
2025-05-30 17:19:22,957 - INFO - Reading line 707 from test data...
2025-05-30 17:19:22,957 - INFO - Added prompt from line 707 to batch.
2025-05-30 17:19:22,957 - INFO - Reading line 708 from test data...
2025-05-30 17:19:22,957 - INFO - Added prompt from line 708 to batch.
2025-05-30 17:19:22,957 - INFO - Reading line 709 from test data...
2025-05-30 17:19:22,957 - INFO - Added prompt from line 709 to batch.
2025-05-30 17:19:22,957 - INFO - Reading line 710 from test data...
2025-05-30 17:19:22,957 - INFO - Added prompt from line 710 to batch.
2025-05-30 17:19:22,957 - INFO - Reading line 711 from test data...
2025-05-30 17:19:22,957 - INFO - Added prompt from line 711 to batch.
2025-05-30 17:19:22,957 - INFO - Reading line 712 from test data...
2025-05-30 17:19:22,957 - INFO - Added prompt from line 712 to batch.
2025-05-30 17:19:22,957 - INFO - Processing batch of 8 prompts (up to line 712)...
2025-05-30 17:19:22,957 - INFO - Generating responses for batch of 8 prompts. System prompt: 'You are a helpful assistant.'
2025-05-30 17:19:22,958 - INFO - First formatted prompt for tokenizer (first 100 chars): '<|begin_of_text|><|start_header_id|>system<|end_header_id|>

Cutting Knowledge Date: December 2023
T...'
2025-05-30 17:19:22,958 - INFO - Input device: cuda:0, preparing to move inputs to device.
2025-05-30 17:19:22,959 - INFO - Batch of inputs tokenized, padded, truncated, and moved to model device.
2025-05-30 17:19:22,959 - INFO - Starting batched model.generate()...
Setting `pad_token_id` to `eos_token_id`:128001 for open-end generation.
2025-05-30 17:20:01,258 - INFO - Batched model.generate() completed.
2025-05-30 17:20:01,259 - INFO - Decoding batch of responses by stripping input tokens...
2025-05-30 17:20:01,261 - INFO - Input tokens stripped from responses.
2025-05-30 17:20:01,261 - INFO - Batch of responses generated.
2025-05-30 17:20:01,262 - INFO - Appended 8 results from batch to /scratch-shared/mschaffelder/data/exp_1/outputs/generation_results_lora_llama_8b_single_v8.jsonl
2025-05-30 17:20:01,262 - INFO - Reading line 713 from test data...
2025-05-30 17:20:01,262 - INFO - Added prompt from line 713 to batch.
2025-05-30 17:20:01,262 - INFO - Reading line 714 from test data...
2025-05-30 17:20:01,262 - INFO - Added prompt from line 714 to batch.
2025-05-30 17:20:01,262 - INFO - Reading line 715 from test data...
2025-05-30 17:20:01,262 - INFO - Added prompt from line 715 to batch.
2025-05-30 17:20:01,280 - INFO - Reading line 716 from test data...
2025-05-30 17:20:01,280 - INFO - Added prompt from line 716 to batch.
2025-05-30 17:20:01,280 - INFO - Reading line 717 from test data...
2025-05-30 17:20:01,280 - INFO - Added prompt from line 717 to batch.
2025-05-30 17:20:01,280 - INFO - Reading line 718 from test data...
2025-05-30 17:20:01,280 - INFO - Added prompt from line 718 to batch.
2025-05-30 17:20:01,281 - INFO - Reading line 719 from test data...
2025-05-30 17:20:01,281 - INFO - Added prompt from line 719 to batch.
2025-05-30 17:20:01,281 - INFO - Reading line 720 from test data...
2025-05-30 17:20:01,281 - INFO - Added prompt from line 720 to batch.
2025-05-30 17:20:01,281 - INFO - Processing batch of 8 prompts (up to line 720)...
2025-05-30 17:20:01,281 - INFO - Generating responses for batch of 8 prompts. System prompt: 'You are a helpful assistant.'
2025-05-30 17:20:01,281 - INFO - First formatted prompt for tokenizer (first 100 chars): '<|begin_of_text|><|start_header_id|>system<|end_header_id|>

Cutting Knowledge Date: December 2023
T...'
2025-05-30 17:20:01,281 - INFO - Input device: cuda:0, preparing to move inputs to device.
2025-05-30 17:20:01,286 - INFO - Batch of inputs tokenized, padded, truncated, and moved to model device.
2025-05-30 17:20:01,286 - INFO - Starting batched model.generate()...
Setting `pad_token_id` to `eos_token_id`:128001 for open-end generation.
2025-05-30 17:20:18,828 - INFO - Batched model.generate() completed.
2025-05-30 17:20:18,829 - INFO - Decoding batch of responses by stripping input tokens...
2025-05-30 17:20:18,830 - INFO - Input tokens stripped from responses.
2025-05-30 17:20:18,831 - INFO - Batch of responses generated.
2025-05-30 17:20:18,832 - INFO - Appended 8 results from batch to /scratch-shared/mschaffelder/data/exp_1/outputs/generation_results_lora_llama_8b_single_v8.jsonl
2025-05-30 17:20:18,832 - INFO - Reading line 721 from test data...
2025-05-30 17:20:18,832 - INFO - Added prompt from line 721 to batch.
2025-05-30 17:20:18,832 - INFO - Reading line 722 from test data...
2025-05-30 17:20:18,832 - INFO - Added prompt from line 722 to batch.
2025-05-30 17:20:18,832 - INFO - Reading line 723 from test data...
2025-05-30 17:20:18,832 - INFO - Added prompt from line 723 to batch.
2025-05-30 17:20:18,832 - INFO - Reading line 724 from test data...
2025-05-30 17:20:18,832 - INFO - Added prompt from line 724 to batch.
2025-05-30 17:20:18,832 - INFO - Reading line 725 from test data...
2025-05-30 17:20:18,832 - INFO - Added prompt from line 725 to batch.
2025-05-30 17:20:18,832 - INFO - Reading line 726 from test data...
2025-05-30 17:20:18,832 - INFO - Added prompt from line 726 to batch.
2025-05-30 17:20:18,832 - INFO - Reading line 727 from test data...
2025-05-30 17:20:18,832 - INFO - Added prompt from line 727 to batch.
2025-05-30 17:20:18,832 - INFO - Reading line 728 from test data...
2025-05-30 17:20:18,832 - INFO - Added prompt from line 728 to batch.
2025-05-30 17:20:18,832 - INFO - Processing batch of 8 prompts (up to line 728)...
2025-05-30 17:20:18,832 - INFO - Generating responses for batch of 8 prompts. System prompt: 'You are a helpful assistant.'
2025-05-30 17:20:18,833 - INFO - First formatted prompt for tokenizer (first 100 chars): '<|begin_of_text|><|start_header_id|>system<|end_header_id|>

Cutting Knowledge Date: December 2023
T...'
2025-05-30 17:20:18,833 - INFO - Input device: cuda:0, preparing to move inputs to device.
2025-05-30 17:20:18,836 - INFO - Batch of inputs tokenized, padded, truncated, and moved to model device.
2025-05-30 17:20:18,836 - INFO - Starting batched model.generate()...
Setting `pad_token_id` to `eos_token_id`:128001 for open-end generation.
2025-05-30 17:20:47,106 - INFO - Batched model.generate() completed.
2025-05-30 17:20:47,106 - INFO - Decoding batch of responses by stripping input tokens...
2025-05-30 17:20:47,108 - INFO - Input tokens stripped from responses.
2025-05-30 17:20:47,108 - INFO - Batch of responses generated.
2025-05-30 17:20:47,153 - INFO - Appended 8 results from batch to /scratch-shared/mschaffelder/data/exp_1/outputs/generation_results_lora_llama_8b_single_v8.jsonl
2025-05-30 17:20:47,153 - INFO - Reading line 729 from test data...
2025-05-30 17:20:47,153 - INFO - Added prompt from line 729 to batch.
2025-05-30 17:20:47,153 - INFO - Reading line 730 from test data...
2025-05-30 17:20:47,153 - INFO - Added prompt from line 730 to batch.
2025-05-30 17:20:47,153 - INFO - Reading line 731 from test data...
2025-05-30 17:20:47,153 - INFO - Added prompt from line 731 to batch.
2025-05-30 17:20:47,153 - INFO - Reading line 732 from test data...
2025-05-30 17:20:47,153 - INFO - Added prompt from line 732 to batch.
2025-05-30 17:20:47,153 - INFO - Reading line 733 from test data...
2025-05-30 17:20:47,153 - INFO - Added prompt from line 733 to batch.
2025-05-30 17:20:47,153 - INFO - Reading line 734 from test data...
2025-05-30 17:20:47,153 - INFO - Added prompt from line 734 to batch.
2025-05-30 17:20:47,154 - INFO - Reading line 735 from test data...
2025-05-30 17:20:47,154 - INFO - Added prompt from line 735 to batch.
2025-05-30 17:20:47,154 - INFO - Reading line 736 from test data...
2025-05-30 17:20:47,154 - INFO - Added prompt from line 736 to batch.
2025-05-30 17:20:47,154 - INFO - Processing batch of 8 prompts (up to line 736)...
2025-05-30 17:20:47,154 - INFO - Generating responses for batch of 8 prompts. System prompt: 'You are a helpful assistant.'
2025-05-30 17:20:47,154 - INFO - First formatted prompt for tokenizer (first 100 chars): '<|begin_of_text|><|start_header_id|>system<|end_header_id|>

Cutting Knowledge Date: December 2023
T...'
2025-05-30 17:20:47,154 - INFO - Input device: cuda:0, preparing to move inputs to device.
2025-05-30 17:20:47,156 - INFO - Batch of inputs tokenized, padded, truncated, and moved to model device.
2025-05-30 17:20:47,156 - INFO - Starting batched model.generate()...
Setting `pad_token_id` to `eos_token_id`:128001 for open-end generation.
2025-05-30 17:21:27,553 - INFO - Batched model.generate() completed.
2025-05-30 17:21:27,553 - INFO - Decoding batch of responses by stripping input tokens...
2025-05-30 17:21:27,555 - INFO - Input tokens stripped from responses.
2025-05-30 17:21:27,556 - INFO - Batch of responses generated.
2025-05-30 17:21:27,557 - INFO - Appended 8 results from batch to /scratch-shared/mschaffelder/data/exp_1/outputs/generation_results_lora_llama_8b_single_v8.jsonl
2025-05-30 17:21:27,557 - INFO - Reading line 737 from test data...
2025-05-30 17:21:27,557 - INFO - Added prompt from line 737 to batch.
2025-05-30 17:21:27,557 - INFO - Reading line 738 from test data...
2025-05-30 17:21:27,557 - INFO - Added prompt from line 738 to batch.
2025-05-30 17:21:27,557 - INFO - Reading line 739 from test data...
2025-05-30 17:21:27,557 - INFO - Added prompt from line 739 to batch.
2025-05-30 17:21:27,557 - INFO - Reading line 740 from test data...
2025-05-30 17:21:27,557 - INFO - Added prompt from line 740 to batch.
2025-05-30 17:21:27,557 - INFO - Reading line 741 from test data...
2025-05-30 17:21:27,557 - INFO - Added prompt from line 741 to batch.
2025-05-30 17:21:27,557 - INFO - Reading line 742 from test data...
2025-05-30 17:21:27,557 - INFO - Added prompt from line 742 to batch.
2025-05-30 17:21:27,557 - INFO - Reading line 743 from test data...
2025-05-30 17:21:27,557 - INFO - Added prompt from line 743 to batch.
2025-05-30 17:21:27,557 - INFO - Reading line 744 from test data...
2025-05-30 17:21:27,557 - INFO - Added prompt from line 744 to batch.
2025-05-30 17:21:27,557 - INFO - Processing batch of 8 prompts (up to line 744)...
2025-05-30 17:21:27,557 - INFO - Generating responses for batch of 8 prompts. System prompt: 'You are a helpful assistant.'
2025-05-30 17:21:27,558 - INFO - First formatted prompt for tokenizer (first 100 chars): '<|begin_of_text|><|start_header_id|>system<|end_header_id|>

Cutting Knowledge Date: December 2023
T...'
2025-05-30 17:21:27,558 - INFO - Input device: cuda:0, preparing to move inputs to device.
2025-05-30 17:21:27,560 - INFO - Batch of inputs tokenized, padded, truncated, and moved to model device.
2025-05-30 17:21:27,609 - INFO - Starting batched model.generate()...
Setting `pad_token_id` to `eos_token_id`:128001 for open-end generation.
2025-05-30 17:22:01,595 - INFO - Batched model.generate() completed.
2025-05-30 17:22:01,595 - INFO - Decoding batch of responses by stripping input tokens...
2025-05-30 17:22:01,597 - INFO - Input tokens stripped from responses.
2025-05-30 17:22:01,598 - INFO - Batch of responses generated.
2025-05-30 17:22:01,599 - INFO - Appended 8 results from batch to /scratch-shared/mschaffelder/data/exp_1/outputs/generation_results_lora_llama_8b_single_v8.jsonl
2025-05-30 17:22:01,599 - INFO - Reading line 745 from test data...
2025-05-30 17:22:01,599 - INFO - Added prompt from line 745 to batch.
2025-05-30 17:22:01,599 - INFO - Reading line 746 from test data...
2025-05-30 17:22:01,599 - INFO - Added prompt from line 746 to batch.
2025-05-30 17:22:01,599 - INFO - Reading line 747 from test data...
2025-05-30 17:22:01,599 - INFO - Added prompt from line 747 to batch.
2025-05-30 17:22:01,599 - INFO - Reading line 748 from test data...
2025-05-30 17:22:01,599 - INFO - Added prompt from line 748 to batch.
2025-05-30 17:22:01,599 - INFO - Reading line 749 from test data...
2025-05-30 17:22:01,599 - INFO - Added prompt from line 749 to batch.
2025-05-30 17:22:01,599 - INFO - Reading line 750 from test data...
2025-05-30 17:22:01,599 - INFO - Added prompt from line 750 to batch.
2025-05-30 17:22:01,599 - INFO - Reading line 751 from test data...
2025-05-30 17:22:01,599 - INFO - Added prompt from line 751 to batch.
2025-05-30 17:22:01,599 - INFO - Reading line 752 from test data...
2025-05-30 17:22:01,599 - INFO - Added prompt from line 752 to batch.
2025-05-30 17:22:01,599 - INFO - Processing batch of 8 prompts (up to line 752)...
2025-05-30 17:22:01,599 - INFO - Generating responses for batch of 8 prompts. System prompt: 'You are a helpful assistant.'
2025-05-30 17:22:01,600 - INFO - First formatted prompt for tokenizer (first 100 chars): '<|begin_of_text|><|start_header_id|>system<|end_header_id|>

Cutting Knowledge Date: December 2023
T...'
2025-05-30 17:22:01,600 - INFO - Input device: cuda:0, preparing to move inputs to device.
2025-05-30 17:22:01,602 - INFO - Batch of inputs tokenized, padded, truncated, and moved to model device.
2025-05-30 17:22:01,602 - INFO - Starting batched model.generate()...
Setting `pad_token_id` to `eos_token_id`:128001 for open-end generation.
2025-05-30 17:22:29,101 - INFO - Batched model.generate() completed.
2025-05-30 17:22:29,101 - INFO - Decoding batch of responses by stripping input tokens...
2025-05-30 17:22:29,103 - INFO - Input tokens stripped from responses.
2025-05-30 17:22:29,103 - INFO - Batch of responses generated.
2025-05-30 17:22:29,139 - INFO - Appended 8 results from batch to /scratch-shared/mschaffelder/data/exp_1/outputs/generation_results_lora_llama_8b_single_v8.jsonl
2025-05-30 17:22:29,139 - INFO - Reading line 753 from test data...
2025-05-30 17:22:29,139 - INFO - Added prompt from line 753 to batch.
2025-05-30 17:22:29,139 - INFO - Reading line 754 from test data...
2025-05-30 17:22:29,139 - INFO - Added prompt from line 754 to batch.
2025-05-30 17:22:29,139 - INFO - Reading line 755 from test data...
2025-05-30 17:22:29,139 - INFO - Added prompt from line 755 to batch.
2025-05-30 17:22:29,139 - INFO - Reading line 756 from test data...
2025-05-30 17:22:29,139 - INFO - Added prompt from line 756 to batch.
2025-05-30 17:22:29,139 - INFO - Reading line 757 from test data...
2025-05-30 17:22:29,139 - INFO - Added prompt from line 757 to batch.
2025-05-30 17:22:29,139 - INFO - Reading line 758 from test data...
2025-05-30 17:22:29,139 - INFO - Added prompt from line 758 to batch.
2025-05-30 17:22:29,139 - INFO - Reading line 759 from test data...
2025-05-30 17:22:29,139 - INFO - Added prompt from line 759 to batch.
2025-05-30 17:22:29,139 - INFO - Reading line 760 from test data...
2025-05-30 17:22:29,139 - INFO - Added prompt from line 760 to batch.
2025-05-30 17:22:29,139 - INFO - Processing batch of 8 prompts (up to line 760)...
2025-05-30 17:22:29,149 - INFO - Generating responses for batch of 8 prompts. System prompt: 'You are a helpful assistant.'
2025-05-30 17:22:29,149 - INFO - First formatted prompt for tokenizer (first 100 chars): '<|begin_of_text|><|start_header_id|>system<|end_header_id|>

Cutting Knowledge Date: December 2023
T...'
2025-05-30 17:22:29,150 - INFO - Input device: cuda:0, preparing to move inputs to device.
2025-05-30 17:22:29,152 - INFO - Batch of inputs tokenized, padded, truncated, and moved to model device.
2025-05-30 17:22:29,152 - INFO - Starting batched model.generate()...
Setting `pad_token_id` to `eos_token_id`:128001 for open-end generation.
2025-05-30 17:23:01,557 - INFO - Batched model.generate() completed.
2025-05-30 17:23:01,558 - INFO - Decoding batch of responses by stripping input tokens...
2025-05-30 17:23:01,560 - INFO - Input tokens stripped from responses.
2025-05-30 17:23:01,560 - INFO - Batch of responses generated.
2025-05-30 17:23:01,561 - INFO - Appended 8 results from batch to /scratch-shared/mschaffelder/data/exp_1/outputs/generation_results_lora_llama_8b_single_v8.jsonl
2025-05-30 17:23:01,561 - INFO - Reading line 761 from test data...
2025-05-30 17:23:01,561 - INFO - Added prompt from line 761 to batch.
2025-05-30 17:23:01,561 - INFO - Reading line 762 from test data...
2025-05-30 17:23:01,562 - INFO - Added prompt from line 762 to batch.
2025-05-30 17:23:01,562 - INFO - Reading line 763 from test data...
2025-05-30 17:23:01,562 - INFO - Added prompt from line 763 to batch.
2025-05-30 17:23:01,562 - INFO - Reading line 764 from test data...
2025-05-30 17:23:01,562 - INFO - Added prompt from line 764 to batch.
2025-05-30 17:23:01,562 - INFO - Reading line 765 from test data...
2025-05-30 17:23:01,562 - INFO - Added prompt from line 765 to batch.
2025-05-30 17:23:01,562 - INFO - Reading line 766 from test data...
2025-05-30 17:23:01,562 - INFO - Added prompt from line 766 to batch.
2025-05-30 17:23:01,562 - INFO - Reading line 767 from test data...
2025-05-30 17:23:01,562 - INFO - Added prompt from line 767 to batch.
2025-05-30 17:23:01,562 - INFO - Reading line 768 from test data...
2025-05-30 17:23:01,562 - INFO - Added prompt from line 768 to batch.
2025-05-30 17:23:01,562 - INFO - Processing batch of 8 prompts (up to line 768)...
2025-05-30 17:23:01,562 - INFO - Generating responses for batch of 8 prompts. System prompt: 'You are a helpful assistant.'
2025-05-30 17:23:01,562 - INFO - First formatted prompt for tokenizer (first 100 chars): '<|begin_of_text|><|start_header_id|>system<|end_header_id|>

Cutting Knowledge Date: December 2023
T...'
2025-05-30 17:23:01,562 - INFO - Input device: cuda:0, preparing to move inputs to device.
2025-05-30 17:23:01,565 - INFO - Batch of inputs tokenized, padded, truncated, and moved to model device.
2025-05-30 17:23:01,565 - INFO - Starting batched model.generate()...
Setting `pad_token_id` to `eos_token_id`:128001 for open-end generation.
2025-05-30 17:23:51,835 - INFO - Batched model.generate() completed.
2025-05-30 17:23:51,835 - INFO - Decoding batch of responses by stripping input tokens...
2025-05-30 17:23:51,838 - INFO - Input tokens stripped from responses.
2025-05-30 17:23:51,838 - INFO - Batch of responses generated.
2025-05-30 17:23:51,840 - INFO - Appended 8 results from batch to /scratch-shared/mschaffelder/data/exp_1/outputs/generation_results_lora_llama_8b_single_v8.jsonl
2025-05-30 17:23:51,840 - INFO - Reading line 769 from test data...
2025-05-30 17:23:51,840 - INFO - Added prompt from line 769 to batch.
2025-05-30 17:23:51,840 - INFO - Reading line 770 from test data...
2025-05-30 17:23:51,840 - INFO - Added prompt from line 770 to batch.
2025-05-30 17:23:51,840 - INFO - Reading line 771 from test data...
2025-05-30 17:23:51,840 - INFO - Added prompt from line 771 to batch.
2025-05-30 17:23:51,840 - INFO - Reading line 772 from test data...
2025-05-30 17:23:51,840 - INFO - Added prompt from line 772 to batch.
2025-05-30 17:23:51,840 - INFO - Reading line 773 from test data...
2025-05-30 17:23:51,840 - INFO - Added prompt from line 773 to batch.
2025-05-30 17:23:51,869 - INFO - Reading line 774 from test data...
2025-05-30 17:23:51,869 - INFO - Added prompt from line 774 to batch.
2025-05-30 17:23:51,869 - INFO - Reading line 775 from test data...
2025-05-30 17:23:51,870 - INFO - Added prompt from line 775 to batch.
2025-05-30 17:23:51,870 - INFO - Reading line 776 from test data...
2025-05-30 17:23:51,870 - INFO - Added prompt from line 776 to batch.
2025-05-30 17:23:51,870 - INFO - Processing batch of 8 prompts (up to line 776)...
2025-05-30 17:23:51,870 - INFO - Generating responses for batch of 8 prompts. System prompt: 'You are a helpful assistant.'
2025-05-30 17:23:51,870 - INFO - First formatted prompt for tokenizer (first 100 chars): '<|begin_of_text|><|start_header_id|>system<|end_header_id|>

Cutting Knowledge Date: December 2023
T...'
2025-05-30 17:23:51,870 - INFO - Input device: cuda:0, preparing to move inputs to device.
2025-05-30 17:23:51,872 - INFO - Batch of inputs tokenized, padded, truncated, and moved to model device.
2025-05-30 17:23:51,872 - INFO - Starting batched model.generate()...
Setting `pad_token_id` to `eos_token_id`:128001 for open-end generation.
2025-05-30 17:24:16,459 - INFO - Batched model.generate() completed.
2025-05-30 17:24:16,459 - INFO - Decoding batch of responses by stripping input tokens...
2025-05-30 17:24:16,460 - INFO - Input tokens stripped from responses.
2025-05-30 17:24:16,461 - INFO - Batch of responses generated.
2025-05-30 17:24:16,462 - INFO - Appended 8 results from batch to /scratch-shared/mschaffelder/data/exp_1/outputs/generation_results_lora_llama_8b_single_v8.jsonl
2025-05-30 17:24:16,462 - INFO - Reading line 777 from test data...
2025-05-30 17:24:16,462 - INFO - Added prompt from line 777 to batch.
2025-05-30 17:24:16,462 - INFO - Reading line 778 from test data...
2025-05-30 17:24:16,462 - INFO - Added prompt from line 778 to batch.
2025-05-30 17:24:16,462 - INFO - Reading line 779 from test data...
2025-05-30 17:24:16,462 - INFO - Added prompt from line 779 to batch.
2025-05-30 17:24:16,462 - INFO - Reading line 780 from test data...
2025-05-30 17:24:16,462 - INFO - Added prompt from line 780 to batch.
2025-05-30 17:24:16,462 - INFO - Reading line 781 from test data...
2025-05-30 17:24:16,462 - INFO - Added prompt from line 781 to batch.
2025-05-30 17:24:16,462 - INFO - Reading line 782 from test data...
2025-05-30 17:24:16,462 - INFO - Added prompt from line 782 to batch.
2025-05-30 17:24:16,462 - INFO - Reading line 783 from test data...
2025-05-30 17:24:16,462 - INFO - Added prompt from line 783 to batch.
2025-05-30 17:24:16,462 - INFO - Reading line 784 from test data...
2025-05-30 17:24:16,462 - INFO - Added prompt from line 784 to batch.
2025-05-30 17:24:16,462 - INFO - Processing batch of 8 prompts (up to line 784)...
2025-05-30 17:24:16,462 - INFO - Generating responses for batch of 8 prompts. System prompt: 'You are a helpful assistant.'
2025-05-30 17:24:16,463 - INFO - First formatted prompt for tokenizer (first 100 chars): '<|begin_of_text|><|start_header_id|>system<|end_header_id|>

Cutting Knowledge Date: December 2023
T...'
2025-05-30 17:24:16,463 - INFO - Input device: cuda:0, preparing to move inputs to device.
2025-05-30 17:24:16,465 - INFO - Batch of inputs tokenized, padded, truncated, and moved to model device.
2025-05-30 17:24:16,466 - INFO - Starting batched model.generate()...
Setting `pad_token_id` to `eos_token_id`:128001 for open-end generation.
2025-05-30 17:24:52,557 - INFO - Batched model.generate() completed.
2025-05-30 17:24:52,557 - INFO - Decoding batch of responses by stripping input tokens...
2025-05-30 17:24:52,559 - INFO - Input tokens stripped from responses.
2025-05-30 17:24:52,559 - INFO - Batch of responses generated.
2025-05-30 17:24:52,561 - INFO - Appended 8 results from batch to /scratch-shared/mschaffelder/data/exp_1/outputs/generation_results_lora_llama_8b_single_v8.jsonl
2025-05-30 17:24:52,561 - INFO - Reading line 785 from test data...
2025-05-30 17:24:52,561 - INFO - Added prompt from line 785 to batch.
2025-05-30 17:24:52,618 - INFO - Reading line 786 from test data...
2025-05-30 17:24:52,618 - INFO - Added prompt from line 786 to batch.
2025-05-30 17:24:52,618 - INFO - Reading line 787 from test data...
2025-05-30 17:24:52,618 - INFO - Added prompt from line 787 to batch.
2025-05-30 17:24:52,618 - INFO - Reading line 788 from test data...
2025-05-30 17:24:52,618 - INFO - Added prompt from line 788 to batch.
2025-05-30 17:24:52,618 - INFO - Reading line 789 from test data...
2025-05-30 17:24:52,618 - INFO - Added prompt from line 789 to batch.
2025-05-30 17:24:52,619 - INFO - Reading line 790 from test data...
2025-05-30 17:24:52,619 - INFO - Added prompt from line 790 to batch.
2025-05-30 17:24:52,619 - INFO - Reading line 791 from test data...
2025-05-30 17:24:52,619 - INFO - Added prompt from line 791 to batch.
2025-05-30 17:24:52,619 - INFO - Reading line 792 from test data...
2025-05-30 17:24:52,619 - INFO - Added prompt from line 792 to batch.
2025-05-30 17:24:52,619 - INFO - Processing batch of 8 prompts (up to line 792)...
2025-05-30 17:24:52,619 - INFO - Generating responses for batch of 8 prompts. System prompt: 'You are a helpful assistant.'
2025-05-30 17:24:52,619 - INFO - First formatted prompt for tokenizer (first 100 chars): '<|begin_of_text|><|start_header_id|>system<|end_header_id|>

Cutting Knowledge Date: December 2023
T...'
2025-05-30 17:24:52,619 - INFO - Input device: cuda:0, preparing to move inputs to device.
2025-05-30 17:24:52,621 - INFO - Batch of inputs tokenized, padded, truncated, and moved to model device.
2025-05-30 17:24:52,621 - INFO - Starting batched model.generate()...
Setting `pad_token_id` to `eos_token_id`:128001 for open-end generation.
2025-05-30 17:25:32,142 - INFO - Batched model.generate() completed.
2025-05-30 17:25:32,143 - INFO - Decoding batch of responses by stripping input tokens...
2025-05-30 17:25:32,145 - INFO - Input tokens stripped from responses.
2025-05-30 17:25:32,145 - INFO - Batch of responses generated.
2025-05-30 17:25:32,146 - INFO - Appended 8 results from batch to /scratch-shared/mschaffelder/data/exp_1/outputs/generation_results_lora_llama_8b_single_v8.jsonl
2025-05-30 17:25:32,146 - INFO - Reading line 793 from test data...
2025-05-30 17:25:32,146 - INFO - Added prompt from line 793 to batch.
2025-05-30 17:25:32,146 - INFO - Reading line 794 from test data...
2025-05-30 17:25:32,146 - INFO - Added prompt from line 794 to batch.
2025-05-30 17:25:32,146 - INFO - Reading line 795 from test data...
2025-05-30 17:25:32,146 - INFO - Added prompt from line 795 to batch.
2025-05-30 17:25:32,147 - INFO - Reading line 796 from test data...
2025-05-30 17:25:32,147 - INFO - Added prompt from line 796 to batch.
2025-05-30 17:25:32,147 - INFO - Reading line 797 from test data...
2025-05-30 17:25:32,147 - INFO - Added prompt from line 797 to batch.
2025-05-30 17:25:32,147 - INFO - Reading line 798 from test data...
2025-05-30 17:25:32,147 - INFO - Added prompt from line 798 to batch.
2025-05-30 17:25:32,147 - INFO - Reading line 799 from test data...
2025-05-30 17:25:32,147 - INFO - Added prompt from line 799 to batch.
2025-05-30 17:25:32,147 - INFO - Reading line 800 from test data...
2025-05-30 17:25:32,147 - INFO - Added prompt from line 800 to batch.
2025-05-30 17:25:32,147 - INFO - Processing batch of 8 prompts (up to line 800)...
2025-05-30 17:25:32,147 - INFO - Generating responses for batch of 8 prompts. System prompt: 'You are a helpful assistant.'
2025-05-30 17:25:32,147 - INFO - First formatted prompt for tokenizer (first 100 chars): '<|begin_of_text|><|start_header_id|>system<|end_header_id|>

Cutting Knowledge Date: December 2023
T...'
2025-05-30 17:25:32,147 - INFO - Input device: cuda:0, preparing to move inputs to device.
2025-05-30 17:25:32,149 - INFO - Batch of inputs tokenized, padded, truncated, and moved to model device.
2025-05-30 17:25:32,149 - INFO - Starting batched model.generate()...
Setting `pad_token_id` to `eos_token_id`:128001 for open-end generation.
2025-05-30 17:26:07,992 - INFO - Batched model.generate() completed.
2025-05-30 17:26:07,993 - INFO - Decoding batch of responses by stripping input tokens...
2025-05-30 17:26:08,025 - INFO - Input tokens stripped from responses.
2025-05-30 17:26:08,025 - INFO - Batch of responses generated.
2025-05-30 17:26:08,026 - INFO - Appended 8 results from batch to /scratch-shared/mschaffelder/data/exp_1/outputs/generation_results_lora_llama_8b_single_v8.jsonl
2025-05-30 17:26:08,026 - INFO - Reading line 801 from test data...
2025-05-30 17:26:08,027 - INFO - Added prompt from line 801 to batch.
2025-05-30 17:26:08,027 - INFO - Reading line 802 from test data...
2025-05-30 17:26:08,027 - INFO - Added prompt from line 802 to batch.
2025-05-30 17:26:08,027 - INFO - Reading line 803 from test data...
2025-05-30 17:26:08,027 - INFO - Added prompt from line 803 to batch.
2025-05-30 17:26:08,027 - INFO - Reading line 804 from test data...
2025-05-30 17:26:08,027 - INFO - Added prompt from line 804 to batch.
2025-05-30 17:26:08,027 - INFO - Reading line 805 from test data...
2025-05-30 17:26:08,027 - INFO - Added prompt from line 805 to batch.
2025-05-30 17:26:08,027 - INFO - Reading line 806 from test data...
2025-05-30 17:26:08,027 - INFO - Added prompt from line 806 to batch.
2025-05-30 17:26:08,027 - INFO - Reading line 807 from test data...
2025-05-30 17:26:08,027 - INFO - Added prompt from line 807 to batch.
2025-05-30 17:26:08,027 - INFO - Reading line 808 from test data...
2025-05-30 17:26:08,027 - INFO - Added prompt from line 808 to batch.
2025-05-30 17:26:08,027 - INFO - Processing batch of 8 prompts (up to line 808)...
2025-05-30 17:26:08,027 - INFO - Generating responses for batch of 8 prompts. System prompt: 'You are a helpful assistant.'
2025-05-30 17:26:08,027 - INFO - First formatted prompt for tokenizer (first 100 chars): '<|begin_of_text|><|start_header_id|>system<|end_header_id|>

Cutting Knowledge Date: December 2023
T...'
2025-05-30 17:26:08,028 - INFO - Input device: cuda:0, preparing to move inputs to device.
2025-05-30 17:26:08,030 - INFO - Batch of inputs tokenized, padded, truncated, and moved to model device.
2025-05-30 17:26:08,030 - INFO - Starting batched model.generate()...
Setting `pad_token_id` to `eos_token_id`:128001 for open-end generation.
2025-05-30 17:26:58,450 - INFO - Batched model.generate() completed.
2025-05-30 17:26:58,450 - INFO - Decoding batch of responses by stripping input tokens...
2025-05-30 17:26:58,453 - INFO - Input tokens stripped from responses.
2025-05-30 17:26:58,453 - INFO - Batch of responses generated.
2025-05-30 17:26:58,454 - INFO - Appended 8 results from batch to /scratch-shared/mschaffelder/data/exp_1/outputs/generation_results_lora_llama_8b_single_v8.jsonl
2025-05-30 17:26:58,454 - INFO - Reading line 809 from test data...
2025-05-30 17:26:58,454 - INFO - Added prompt from line 809 to batch.
2025-05-30 17:26:58,455 - INFO - Reading line 810 from test data...
2025-05-30 17:26:58,455 - INFO - Added prompt from line 810 to batch.
2025-05-30 17:26:58,455 - INFO - Reading line 811 from test data...
2025-05-30 17:26:58,455 - INFO - Added prompt from line 811 to batch.
2025-05-30 17:26:58,455 - INFO - Reading line 812 from test data...
2025-05-30 17:26:58,455 - INFO - Added prompt from line 812 to batch.
2025-05-30 17:26:58,455 - INFO - Reading line 813 from test data...
2025-05-30 17:26:58,455 - INFO - Added prompt from line 813 to batch.
2025-05-30 17:26:58,455 - INFO - Reading line 814 from test data...
2025-05-30 17:26:58,455 - INFO - Added prompt from line 814 to batch.
2025-05-30 17:26:58,455 - INFO - Reading line 815 from test data...
2025-05-30 17:26:58,455 - INFO - Added prompt from line 815 to batch.
2025-05-30 17:26:58,455 - INFO - Reading line 816 from test data...
2025-05-30 17:26:58,455 - INFO - Added prompt from line 816 to batch.
2025-05-30 17:26:58,455 - INFO - Processing batch of 8 prompts (up to line 816)...
2025-05-30 17:26:58,455 - INFO - Generating responses for batch of 8 prompts. System prompt: 'You are a helpful assistant.'
2025-05-30 17:26:58,455 - INFO - First formatted prompt for tokenizer (first 100 chars): '<|begin_of_text|><|start_header_id|>system<|end_header_id|>

Cutting Knowledge Date: December 2023
T...'
2025-05-30 17:26:58,482 - INFO - Input device: cuda:0, preparing to move inputs to device.
2025-05-30 17:26:58,484 - INFO - Batch of inputs tokenized, padded, truncated, and moved to model device.
2025-05-30 17:26:58,484 - INFO - Starting batched model.generate()...
Setting `pad_token_id` to `eos_token_id`:128001 for open-end generation.
2025-05-30 17:27:31,426 - INFO - Batched model.generate() completed.
2025-05-30 17:27:31,426 - INFO - Decoding batch of responses by stripping input tokens...
2025-05-30 17:27:31,428 - INFO - Input tokens stripped from responses.
2025-05-30 17:27:31,429 - INFO - Batch of responses generated.
2025-05-30 17:27:31,430 - INFO - Appended 8 results from batch to /scratch-shared/mschaffelder/data/exp_1/outputs/generation_results_lora_llama_8b_single_v8.jsonl
2025-05-30 17:27:31,430 - INFO - Reading line 817 from test data...
2025-05-30 17:27:31,430 - INFO - Added prompt from line 817 to batch.
2025-05-30 17:27:31,430 - INFO - Reading line 818 from test data...
2025-05-30 17:27:31,430 - INFO - Added prompt from line 818 to batch.
2025-05-30 17:27:31,430 - INFO - Reading line 819 from test data...
2025-05-30 17:27:31,430 - INFO - Added prompt from line 819 to batch.
2025-05-30 17:27:31,430 - INFO - Reading line 820 from test data...
2025-05-30 17:27:31,430 - INFO - Added prompt from line 820 to batch.
2025-05-30 17:27:31,430 - INFO - Reading line 821 from test data...
2025-05-30 17:27:31,430 - INFO - Added prompt from line 821 to batch.
2025-05-30 17:27:31,430 - INFO - Reading line 822 from test data...
2025-05-30 17:27:31,431 - INFO - Added prompt from line 822 to batch.
2025-05-30 17:27:31,431 - INFO - Reading line 823 from test data...
2025-05-30 17:27:31,431 - INFO - Added prompt from line 823 to batch.
2025-05-30 17:27:31,431 - INFO - Reading line 824 from test data...
2025-05-30 17:27:31,431 - INFO - Added prompt from line 824 to batch.
2025-05-30 17:27:31,431 - INFO - Processing batch of 8 prompts (up to line 824)...
2025-05-30 17:27:31,431 - INFO - Generating responses for batch of 8 prompts. System prompt: 'You are a helpful assistant.'
2025-05-30 17:27:31,431 - INFO - First formatted prompt for tokenizer (first 100 chars): '<|begin_of_text|><|start_header_id|>system<|end_header_id|>

Cutting Knowledge Date: December 2023
T...'
2025-05-30 17:27:31,431 - INFO - Input device: cuda:0, preparing to move inputs to device.
2025-05-30 17:27:31,433 - INFO - Batch of inputs tokenized, padded, truncated, and moved to model device.
2025-05-30 17:27:31,433 - INFO - Starting batched model.generate()...
Setting `pad_token_id` to `eos_token_id`:128001 for open-end generation.
2025-05-30 17:28:07,885 - INFO - Batched model.generate() completed.
2025-05-30 17:28:07,885 - INFO - Decoding batch of responses by stripping input tokens...
2025-05-30 17:28:07,887 - INFO - Input tokens stripped from responses.
2025-05-30 17:28:07,888 - INFO - Batch of responses generated.
2025-05-30 17:28:07,889 - INFO - Appended 8 results from batch to /scratch-shared/mschaffelder/data/exp_1/outputs/generation_results_lora_llama_8b_single_v8.jsonl
2025-05-30 17:28:07,889 - INFO - Reading line 825 from test data...
2025-05-30 17:28:07,889 - INFO - Added prompt from line 825 to batch.
2025-05-30 17:28:07,889 - INFO - Reading line 826 from test data...
2025-05-30 17:28:07,889 - INFO - Added prompt from line 826 to batch.
2025-05-30 17:28:07,889 - INFO - Reading line 827 from test data...
2025-05-30 17:28:07,889 - INFO - Added prompt from line 827 to batch.
2025-05-30 17:28:07,889 - INFO - Reading line 828 from test data...
2025-05-30 17:28:07,890 - INFO - Added prompt from line 828 to batch.
2025-05-30 17:28:07,890 - INFO - Reading line 829 from test data...
2025-05-30 17:28:07,890 - INFO - Added prompt from line 829 to batch.
2025-05-30 17:28:07,890 - INFO - Reading line 830 from test data...
2025-05-30 17:28:07,890 - INFO - Added prompt from line 830 to batch.
2025-05-30 17:28:07,890 - INFO - Reading line 831 from test data...
2025-05-30 17:28:07,890 - INFO - Added prompt from line 831 to batch.
2025-05-30 17:28:07,913 - INFO - Reading line 832 from test data...
2025-05-30 17:28:07,913 - INFO - Added prompt from line 832 to batch.
2025-05-30 17:28:07,913 - INFO - Processing batch of 8 prompts (up to line 832)...
2025-05-30 17:28:07,913 - INFO - Generating responses for batch of 8 prompts. System prompt: 'You are a helpful assistant.'
2025-05-30 17:28:07,913 - INFO - First formatted prompt for tokenizer (first 100 chars): '<|begin_of_text|><|start_header_id|>system<|end_header_id|>

Cutting Knowledge Date: December 2023
T...'
2025-05-30 17:28:07,913 - INFO - Input device: cuda:0, preparing to move inputs to device.
2025-05-30 17:28:07,915 - INFO - Batch of inputs tokenized, padded, truncated, and moved to model device.
2025-05-30 17:28:07,915 - INFO - Starting batched model.generate()...
Setting `pad_token_id` to `eos_token_id`:128001 for open-end generation.
2025-05-30 17:28:30,200 - INFO - Batched model.generate() completed.
2025-05-30 17:28:30,200 - INFO - Decoding batch of responses by stripping input tokens...
2025-05-30 17:28:30,202 - INFO - Input tokens stripped from responses.
2025-05-30 17:28:30,202 - INFO - Batch of responses generated.
2025-05-30 17:28:30,203 - INFO - Appended 8 results from batch to /scratch-shared/mschaffelder/data/exp_1/outputs/generation_results_lora_llama_8b_single_v8.jsonl
2025-05-30 17:28:30,203 - INFO - Reading line 833 from test data...
2025-05-30 17:28:30,203 - INFO - Added prompt from line 833 to batch.
2025-05-30 17:28:30,203 - INFO - Reading line 834 from test data...
2025-05-30 17:28:30,203 - INFO - Added prompt from line 834 to batch.
2025-05-30 17:28:30,203 - INFO - Reading line 835 from test data...
2025-05-30 17:28:30,203 - INFO - Added prompt from line 835 to batch.
2025-05-30 17:28:30,203 - INFO - Reading line 836 from test data...
2025-05-30 17:28:30,203 - INFO - Added prompt from line 836 to batch.
2025-05-30 17:28:30,203 - INFO - Reading line 837 from test data...
2025-05-30 17:28:30,203 - INFO - Added prompt from line 837 to batch.
2025-05-30 17:28:30,203 - INFO - Reading line 838 from test data...
2025-05-30 17:28:30,203 - INFO - Added prompt from line 838 to batch.
2025-05-30 17:28:30,204 - INFO - Reading line 839 from test data...
2025-05-30 17:28:30,204 - INFO - Added prompt from line 839 to batch.
2025-05-30 17:28:30,204 - INFO - Reading line 840 from test data...
2025-05-30 17:28:30,204 - INFO - Added prompt from line 840 to batch.
2025-05-30 17:28:30,204 - INFO - Processing batch of 8 prompts (up to line 840)...
2025-05-30 17:28:30,204 - INFO - Generating responses for batch of 8 prompts. System prompt: 'You are a helpful assistant.'
2025-05-30 17:28:30,204 - INFO - First formatted prompt for tokenizer (first 100 chars): '<|begin_of_text|><|start_header_id|>system<|end_header_id|>

Cutting Knowledge Date: December 2023
T...'
2025-05-30 17:28:30,204 - INFO - Input device: cuda:0, preparing to move inputs to device.
2025-05-30 17:28:30,207 - INFO - Batch of inputs tokenized, padded, truncated, and moved to model device.
2025-05-30 17:28:30,207 - INFO - Starting batched model.generate()...
Setting `pad_token_id` to `eos_token_id`:128001 for open-end generation.
2025-05-30 17:29:04,766 - INFO - Batched model.generate() completed.
2025-05-30 17:29:04,766 - INFO - Decoding batch of responses by stripping input tokens...
2025-05-30 17:29:04,768 - INFO - Input tokens stripped from responses.
2025-05-30 17:29:04,769 - INFO - Batch of responses generated.
2025-05-30 17:29:04,770 - INFO - Appended 8 results from batch to /scratch-shared/mschaffelder/data/exp_1/outputs/generation_results_lora_llama_8b_single_v8.jsonl
2025-05-30 17:29:04,770 - INFO - Reading line 841 from test data...
2025-05-30 17:29:04,770 - INFO - Added prompt from line 841 to batch.
2025-05-30 17:29:04,770 - INFO - Reading line 842 from test data...
2025-05-30 17:29:04,770 - INFO - Added prompt from line 842 to batch.
2025-05-30 17:29:04,770 - INFO - Reading line 843 from test data...
2025-05-30 17:29:04,770 - INFO - Added prompt from line 843 to batch.
2025-05-30 17:29:04,804 - INFO - Reading line 844 from test data...
2025-05-30 17:29:04,804 - INFO - Added prompt from line 844 to batch.
2025-05-30 17:29:04,804 - INFO - Reading line 845 from test data...
2025-05-30 17:29:04,804 - INFO - Added prompt from line 845 to batch.
2025-05-30 17:29:04,804 - INFO - Reading line 846 from test data...
2025-05-30 17:29:04,804 - INFO - Added prompt from line 846 to batch.
2025-05-30 17:29:04,804 - INFO - Reading line 847 from test data...
2025-05-30 17:29:04,804 - INFO - Added prompt from line 847 to batch.
2025-05-30 17:29:04,804 - INFO - Reading line 848 from test data...
2025-05-30 17:29:04,804 - INFO - Added prompt from line 848 to batch.
2025-05-30 17:29:04,804 - INFO - Processing batch of 8 prompts (up to line 848)...
2025-05-30 17:29:04,804 - INFO - Generating responses for batch of 8 prompts. System prompt: 'You are a helpful assistant.'
2025-05-30 17:29:04,805 - INFO - First formatted prompt for tokenizer (first 100 chars): '<|begin_of_text|><|start_header_id|>system<|end_header_id|>

Cutting Knowledge Date: December 2023
T...'
2025-05-30 17:29:04,805 - INFO - Input device: cuda:0, preparing to move inputs to device.
2025-05-30 17:29:04,807 - INFO - Batch of inputs tokenized, padded, truncated, and moved to model device.
2025-05-30 17:29:04,807 - INFO - Starting batched model.generate()...
Setting `pad_token_id` to `eos_token_id`:128001 for open-end generation.
2025-05-30 17:29:33,120 - INFO - Batched model.generate() completed.
2025-05-30 17:29:33,121 - INFO - Decoding batch of responses by stripping input tokens...
2025-05-30 17:29:33,122 - INFO - Input tokens stripped from responses.
2025-05-30 17:29:33,122 - INFO - Batch of responses generated.
2025-05-30 17:29:33,124 - INFO - Appended 8 results from batch to /scratch-shared/mschaffelder/data/exp_1/outputs/generation_results_lora_llama_8b_single_v8.jsonl
2025-05-30 17:29:33,124 - INFO - Reading line 849 from test data...
2025-05-30 17:29:33,124 - INFO - Added prompt from line 849 to batch.
2025-05-30 17:29:33,124 - INFO - Reading line 850 from test data...
2025-05-30 17:29:33,124 - INFO - Added prompt from line 850 to batch.
2025-05-30 17:29:33,124 - INFO - Reading line 851 from test data...
2025-05-30 17:29:33,124 - INFO - Added prompt from line 851 to batch.
2025-05-30 17:29:33,124 - INFO - Reading line 852 from test data...
2025-05-30 17:29:33,124 - INFO - Added prompt from line 852 to batch.
2025-05-30 17:29:33,124 - INFO - Reading line 853 from test data...
2025-05-30 17:29:33,124 - INFO - Added prompt from line 853 to batch.
2025-05-30 17:29:33,124 - INFO - Reading line 854 from test data...
2025-05-30 17:29:33,124 - INFO - Added prompt from line 854 to batch.
2025-05-30 17:29:33,124 - INFO - Reading line 855 from test data...
2025-05-30 17:29:33,124 - INFO - Added prompt from line 855 to batch.
2025-05-30 17:29:33,124 - INFO - Reading line 856 from test data...
2025-05-30 17:29:33,124 - INFO - Added prompt from line 856 to batch.
2025-05-30 17:29:33,124 - INFO - Processing batch of 8 prompts (up to line 856)...
2025-05-30 17:29:33,124 - INFO - Generating responses for batch of 8 prompts. System prompt: 'You are a helpful assistant.'
2025-05-30 17:29:33,125 - INFO - First formatted prompt for tokenizer (first 100 chars): '<|begin_of_text|><|start_header_id|>system<|end_header_id|>

Cutting Knowledge Date: December 2023
T...'
2025-05-30 17:29:33,125 - INFO - Input device: cuda:0, preparing to move inputs to device.
2025-05-30 17:29:33,128 - INFO - Batch of inputs tokenized, padded, truncated, and moved to model device.
2025-05-30 17:29:33,128 - INFO - Starting batched model.generate()...
Setting `pad_token_id` to `eos_token_id`:128001 for open-end generation.
2025-05-30 17:30:14,616 - INFO - Batched model.generate() completed.
2025-05-30 17:30:14,616 - INFO - Decoding batch of responses by stripping input tokens...
2025-05-30 17:30:14,618 - INFO - Input tokens stripped from responses.
2025-05-30 17:30:14,619 - INFO - Batch of responses generated.
2025-05-30 17:30:14,619 - INFO - Appended 8 results from batch to /scratch-shared/mschaffelder/data/exp_1/outputs/generation_results_lora_llama_8b_single_v8.jsonl
2025-05-30 17:30:14,635 - INFO - Reading line 857 from test data...
2025-05-30 17:30:14,635 - INFO - Added prompt from line 857 to batch.
2025-05-30 17:30:14,635 - INFO - Reading line 858 from test data...
2025-05-30 17:30:14,635 - INFO - Added prompt from line 858 to batch.
2025-05-30 17:30:14,635 - INFO - Reading line 859 from test data...
2025-05-30 17:30:14,635 - INFO - Added prompt from line 859 to batch.
2025-05-30 17:30:14,635 - INFO - Reading line 860 from test data...
2025-05-30 17:30:14,635 - INFO - Added prompt from line 860 to batch.
2025-05-30 17:30:14,635 - INFO - Reading line 861 from test data...
2025-05-30 17:30:14,635 - INFO - Added prompt from line 861 to batch.
2025-05-30 17:30:14,635 - INFO - Reading line 862 from test data...
2025-05-30 17:30:14,635 - INFO - Added prompt from line 862 to batch.
2025-05-30 17:30:14,635 - INFO - Reading line 863 from test data...
2025-05-30 17:30:14,635 - INFO - Added prompt from line 863 to batch.
2025-05-30 17:30:14,635 - INFO - Reading line 864 from test data...
2025-05-30 17:30:14,635 - INFO - Added prompt from line 864 to batch.
2025-05-30 17:30:14,635 - INFO - Processing batch of 8 prompts (up to line 864)...
2025-05-30 17:30:14,635 - INFO - Generating responses for batch of 8 prompts. System prompt: 'You are a helpful assistant.'
2025-05-30 17:30:14,636 - INFO - First formatted prompt for tokenizer (first 100 chars): '<|begin_of_text|><|start_header_id|>system<|end_header_id|>

Cutting Knowledge Date: December 2023
T...'
2025-05-30 17:30:14,636 - INFO - Input device: cuda:0, preparing to move inputs to device.
2025-05-30 17:30:14,639 - INFO - Batch of inputs tokenized, padded, truncated, and moved to model device.
2025-05-30 17:30:14,639 - INFO - Starting batched model.generate()...
Setting `pad_token_id` to `eos_token_id`:128001 for open-end generation.
2025-05-30 17:31:09,843 - INFO - Batched model.generate() completed.
2025-05-30 17:31:09,843 - INFO - Decoding batch of responses by stripping input tokens...
2025-05-30 17:31:09,845 - INFO - Input tokens stripped from responses.
2025-05-30 17:31:09,846 - INFO - Batch of responses generated.
2025-05-30 17:31:09,848 - INFO - Appended 8 results from batch to /scratch-shared/mschaffelder/data/exp_1/outputs/generation_results_lora_llama_8b_single_v8.jsonl
2025-05-30 17:31:09,848 - INFO - Reading line 865 from test data...
2025-05-30 17:31:09,848 - INFO - Added prompt from line 865 to batch.
2025-05-30 17:31:09,848 - INFO - Reading line 866 from test data...
2025-05-30 17:31:09,848 - INFO - Added prompt from line 866 to batch.
2025-05-30 17:31:09,848 - INFO - Reading line 867 from test data...
2025-05-30 17:31:09,848 - INFO - Added prompt from line 867 to batch.
2025-05-30 17:31:09,848 - INFO - Reading line 868 from test data...
2025-05-30 17:31:09,848 - INFO - Added prompt from line 868 to batch.
2025-05-30 17:31:09,848 - INFO - Reading line 869 from test data...
2025-05-30 17:31:09,848 - INFO - Added prompt from line 869 to batch.
2025-05-30 17:31:09,848 - INFO - Reading line 870 from test data...
2025-05-30 17:31:09,848 - INFO - Added prompt from line 870 to batch.
2025-05-30 17:31:09,848 - INFO - Reading line 871 from test data...
2025-05-30 17:31:09,848 - INFO - Added prompt from line 871 to batch.
2025-05-30 17:31:09,848 - INFO - Reading line 872 from test data...
2025-05-30 17:31:09,848 - INFO - Added prompt from line 872 to batch.
2025-05-30 17:31:09,848 - INFO - Processing batch of 8 prompts (up to line 872)...
2025-05-30 17:31:09,848 - INFO - Generating responses for batch of 8 prompts. System prompt: 'You are a helpful assistant.'
2025-05-30 17:31:09,849 - INFO - First formatted prompt for tokenizer (first 100 chars): '<|begin_of_text|><|start_header_id|>system<|end_header_id|>

Cutting Knowledge Date: December 2023
T...'
2025-05-30 17:31:09,849 - INFO - Input device: cuda:0, preparing to move inputs to device.
2025-05-30 17:31:09,851 - INFO - Batch of inputs tokenized, padded, truncated, and moved to model device.
2025-05-30 17:31:09,868 - INFO - Starting batched model.generate()...
Setting `pad_token_id` to `eos_token_id`:128001 for open-end generation.
2025-05-30 17:31:44,718 - INFO - Batched model.generate() completed.
2025-05-30 17:31:44,719 - INFO - Decoding batch of responses by stripping input tokens...
2025-05-30 17:31:44,721 - INFO - Input tokens stripped from responses.
2025-05-30 17:31:44,722 - INFO - Batch of responses generated.
2025-05-30 17:31:44,765 - INFO - Appended 8 results from batch to /scratch-shared/mschaffelder/data/exp_1/outputs/generation_results_lora_llama_8b_single_v8.jsonl
2025-05-30 17:31:44,765 - INFO - Reading line 873 from test data...
2025-05-30 17:31:44,765 - INFO - Added prompt from line 873 to batch.
2025-05-30 17:31:44,765 - INFO - Reading line 874 from test data...
2025-05-30 17:31:44,765 - INFO - Added prompt from line 874 to batch.
2025-05-30 17:31:44,765 - INFO - Reading line 875 from test data...
2025-05-30 17:31:44,765 - INFO - Added prompt from line 875 to batch.
2025-05-30 17:31:44,765 - INFO - Reading line 876 from test data...
2025-05-30 17:31:44,765 - INFO - Added prompt from line 876 to batch.
2025-05-30 17:31:44,765 - INFO - Reading line 877 from test data...
2025-05-30 17:31:44,765 - INFO - Added prompt from line 877 to batch.
2025-05-30 17:31:44,765 - INFO - Reading line 878 from test data...
2025-05-30 17:31:44,765 - INFO - Added prompt from line 878 to batch.
2025-05-30 17:31:44,765 - INFO - Reading line 879 from test data...
2025-05-30 17:31:44,765 - INFO - Added prompt from line 879 to batch.
2025-05-30 17:31:44,765 - INFO - Reading line 880 from test data...
2025-05-30 17:31:44,765 - INFO - Added prompt from line 880 to batch.
2025-05-30 17:31:44,765 - INFO - Processing batch of 8 prompts (up to line 880)...
2025-05-30 17:31:44,765 - INFO - Generating responses for batch of 8 prompts. System prompt: 'You are a helpful assistant.'
2025-05-30 17:31:44,766 - INFO - First formatted prompt for tokenizer (first 100 chars): '<|begin_of_text|><|start_header_id|>system<|end_header_id|>

Cutting Knowledge Date: December 2023
T...'
2025-05-30 17:31:44,766 - INFO - Input device: cuda:0, preparing to move inputs to device.
2025-05-30 17:31:44,767 - INFO - Batch of inputs tokenized, padded, truncated, and moved to model device.
2025-05-30 17:31:44,767 - INFO - Starting batched model.generate()...
Setting `pad_token_id` to `eos_token_id`:128001 for open-end generation.
2025-05-30 17:32:23,755 - INFO - Batched model.generate() completed.
2025-05-30 17:32:23,755 - INFO - Decoding batch of responses by stripping input tokens...
2025-05-30 17:32:23,757 - INFO - Input tokens stripped from responses.
2025-05-30 17:32:23,758 - INFO - Batch of responses generated.
2025-05-30 17:32:23,759 - INFO - Appended 8 results from batch to /scratch-shared/mschaffelder/data/exp_1/outputs/generation_results_lora_llama_8b_single_v8.jsonl
2025-05-30 17:32:23,759 - INFO - Reading line 881 from test data...
2025-05-30 17:32:23,759 - INFO - Added prompt from line 881 to batch.
2025-05-30 17:32:23,759 - INFO - Reading line 882 from test data...
2025-05-30 17:32:23,759 - INFO - Added prompt from line 882 to batch.
2025-05-30 17:32:23,759 - INFO - Reading line 883 from test data...
2025-05-30 17:32:23,759 - INFO - Added prompt from line 883 to batch.
2025-05-30 17:32:23,759 - INFO - Reading line 884 from test data...
2025-05-30 17:32:23,759 - INFO - Added prompt from line 884 to batch.
2025-05-30 17:32:23,759 - INFO - Reading line 885 from test data...
2025-05-30 17:32:23,759 - INFO - Added prompt from line 885 to batch.
2025-05-30 17:32:23,759 - INFO - Reading line 886 from test data...
2025-05-30 17:32:23,759 - INFO - Added prompt from line 886 to batch.
2025-05-30 17:32:23,759 - INFO - Reading line 887 from test data...
2025-05-30 17:32:23,759 - INFO - Added prompt from line 887 to batch.
2025-05-30 17:32:23,759 - INFO - Reading line 888 from test data...
2025-05-30 17:32:23,759 - INFO - Added prompt from line 888 to batch.
2025-05-30 17:32:23,759 - INFO - Processing batch of 8 prompts (up to line 888)...
2025-05-30 17:32:23,773 - INFO - Generating responses for batch of 8 prompts. System prompt: 'You are a helpful assistant.'
2025-05-30 17:32:23,773 - INFO - First formatted prompt for tokenizer (first 100 chars): '<|begin_of_text|><|start_header_id|>system<|end_header_id|>

Cutting Knowledge Date: December 2023
T...'
2025-05-30 17:32:23,773 - INFO - Input device: cuda:0, preparing to move inputs to device.
2025-05-30 17:32:23,782 - INFO - Batch of inputs tokenized, padded, truncated, and moved to model device.
2025-05-30 17:32:23,782 - INFO - Starting batched model.generate()...
Setting `pad_token_id` to `eos_token_id`:128001 for open-end generation.
2025-05-30 17:32:49,974 - INFO - Batched model.generate() completed.
2025-05-30 17:32:49,975 - INFO - Decoding batch of responses by stripping input tokens...
2025-05-30 17:32:49,976 - INFO - Input tokens stripped from responses.
2025-05-30 17:32:49,977 - INFO - Batch of responses generated.
2025-05-30 17:32:49,978 - INFO - Appended 8 results from batch to /scratch-shared/mschaffelder/data/exp_1/outputs/generation_results_lora_llama_8b_single_v8.jsonl
2025-05-30 17:32:49,978 - INFO - Reading line 889 from test data...
2025-05-30 17:32:49,978 - INFO - Added prompt from line 889 to batch.
2025-05-30 17:32:49,978 - INFO - Reading line 890 from test data...
2025-05-30 17:32:49,978 - INFO - Added prompt from line 890 to batch.
2025-05-30 17:32:49,978 - INFO - Reading line 891 from test data...
2025-05-30 17:32:49,978 - INFO - Added prompt from line 891 to batch.
2025-05-30 17:32:49,978 - INFO - Reading line 892 from test data...
2025-05-30 17:32:49,978 - INFO - Added prompt from line 892 to batch.
2025-05-30 17:32:49,978 - INFO - Reading line 893 from test data...
2025-05-30 17:32:49,978 - INFO - Added prompt from line 893 to batch.
2025-05-30 17:32:49,978 - INFO - Reading line 894 from test data...
2025-05-30 17:32:49,978 - INFO - Added prompt from line 894 to batch.
2025-05-30 17:32:49,978 - INFO - Reading line 895 from test data...
2025-05-30 17:32:49,978 - INFO - Added prompt from line 895 to batch.
2025-05-30 17:32:49,978 - INFO - Reading line 896 from test data...
2025-05-30 17:32:49,978 - INFO - Added prompt from line 896 to batch.
2025-05-30 17:32:49,978 - INFO - Processing batch of 8 prompts (up to line 896)...
2025-05-30 17:32:49,978 - INFO - Generating responses for batch of 8 prompts. System prompt: 'You are a helpful assistant.'
2025-05-30 17:32:49,979 - INFO - First formatted prompt for tokenizer (first 100 chars): '<|begin_of_text|><|start_header_id|>system<|end_header_id|>

Cutting Knowledge Date: December 2023
T...'
2025-05-30 17:32:49,979 - INFO - Input device: cuda:0, preparing to move inputs to device.
2025-05-30 17:32:49,980 - INFO - Batch of inputs tokenized, padded, truncated, and moved to model device.
2025-05-30 17:32:49,980 - INFO - Starting batched model.generate()...
Setting `pad_token_id` to `eos_token_id`:128001 for open-end generation.
2025-05-30 17:33:19,805 - INFO - Batched model.generate() completed.
2025-05-30 17:33:19,805 - INFO - Decoding batch of responses by stripping input tokens...
2025-05-30 17:33:19,807 - INFO - Input tokens stripped from responses.
2025-05-30 17:33:19,807 - INFO - Batch of responses generated.
2025-05-30 17:33:19,866 - INFO - Appended 8 results from batch to /scratch-shared/mschaffelder/data/exp_1/outputs/generation_results_lora_llama_8b_single_v8.jsonl
2025-05-30 17:33:19,866 - INFO - Reading line 897 from test data...
2025-05-30 17:33:19,866 - INFO - Added prompt from line 897 to batch.
2025-05-30 17:33:19,866 - INFO - Reading line 898 from test data...
2025-05-30 17:33:19,866 - INFO - Added prompt from line 898 to batch.
2025-05-30 17:33:19,866 - INFO - Reading line 899 from test data...
2025-05-30 17:33:19,866 - INFO - Added prompt from line 899 to batch.
2025-05-30 17:33:19,866 - INFO - Reading line 900 from test data...
2025-05-30 17:33:19,866 - INFO - Added prompt from line 900 to batch.
2025-05-30 17:33:19,866 - INFO - Reading line 901 from test data...
2025-05-30 17:33:19,866 - INFO - Added prompt from line 901 to batch.
2025-05-30 17:33:19,906 - INFO - Reading line 902 from test data...
2025-05-30 17:33:19,906 - INFO - Added prompt from line 902 to batch.
2025-05-30 17:33:19,906 - INFO - Reading line 903 from test data...
2025-05-30 17:33:19,906 - INFO - Added prompt from line 903 to batch.
2025-05-30 17:33:19,906 - INFO - Reading line 904 from test data...
2025-05-30 17:33:19,906 - INFO - Added prompt from line 904 to batch.
2025-05-30 17:33:19,906 - INFO - Processing batch of 8 prompts (up to line 904)...
2025-05-30 17:33:19,906 - INFO - Generating responses for batch of 8 prompts. System prompt: 'You are a helpful assistant.'
2025-05-30 17:33:19,906 - INFO - First formatted prompt for tokenizer (first 100 chars): '<|begin_of_text|><|start_header_id|>system<|end_header_id|>

Cutting Knowledge Date: December 2023
T...'
2025-05-30 17:33:19,906 - INFO - Input device: cuda:0, preparing to move inputs to device.
2025-05-30 17:33:19,908 - INFO - Batch of inputs tokenized, padded, truncated, and moved to model device.
2025-05-30 17:33:19,908 - INFO - Starting batched model.generate()...
Setting `pad_token_id` to `eos_token_id`:128001 for open-end generation.
2025-05-30 17:34:07,762 - INFO - Batched model.generate() completed.
2025-05-30 17:34:07,763 - INFO - Decoding batch of responses by stripping input tokens...
2025-05-30 17:34:07,765 - INFO - Input tokens stripped from responses.
2025-05-30 17:34:07,765 - INFO - Batch of responses generated.
2025-05-30 17:34:07,767 - INFO - Appended 8 results from batch to /scratch-shared/mschaffelder/data/exp_1/outputs/generation_results_lora_llama_8b_single_v8.jsonl
2025-05-30 17:34:07,767 - INFO - Reading line 905 from test data...
2025-05-30 17:34:07,767 - INFO - Added prompt from line 905 to batch.
2025-05-30 17:34:07,767 - INFO - Reading line 906 from test data...
2025-05-30 17:34:07,767 - INFO - Added prompt from line 906 to batch.
2025-05-30 17:34:07,767 - INFO - Reading line 907 from test data...
2025-05-30 17:34:07,767 - INFO - Added prompt from line 907 to batch.
2025-05-30 17:34:07,767 - INFO - Reading line 908 from test data...
2025-05-30 17:34:07,767 - INFO - Added prompt from line 908 to batch.
2025-05-30 17:34:07,767 - INFO - Reading line 909 from test data...
2025-05-30 17:34:07,767 - INFO - Added prompt from line 909 to batch.
2025-05-30 17:34:07,767 - INFO - Reading line 910 from test data...
2025-05-30 17:34:07,767 - INFO - Added prompt from line 910 to batch.
2025-05-30 17:34:07,767 - INFO - Reading line 911 from test data...
2025-05-30 17:34:07,767 - INFO - Added prompt from line 911 to batch.
2025-05-30 17:34:07,767 - INFO - Reading line 912 from test data...
2025-05-30 17:34:07,767 - INFO - Added prompt from line 912 to batch.
2025-05-30 17:34:07,767 - INFO - Processing batch of 8 prompts (up to line 912)...
2025-05-30 17:34:07,767 - INFO - Generating responses for batch of 8 prompts. System prompt: 'You are a helpful assistant.'
2025-05-30 17:34:07,768 - INFO - First formatted prompt for tokenizer (first 100 chars): '<|begin_of_text|><|start_header_id|>system<|end_header_id|>

Cutting Knowledge Date: December 2023
T...'
2025-05-30 17:34:07,768 - INFO - Input device: cuda:0, preparing to move inputs to device.
2025-05-30 17:34:07,770 - INFO - Batch of inputs tokenized, padded, truncated, and moved to model device.
2025-05-30 17:34:07,770 - INFO - Starting batched model.generate()...
Setting `pad_token_id` to `eos_token_id`:128001 for open-end generation.
2025-05-30 17:34:53,998 - INFO - Batched model.generate() completed.
2025-05-30 17:34:53,998 - INFO - Decoding batch of responses by stripping input tokens...
2025-05-30 17:34:54,001 - INFO - Input tokens stripped from responses.
2025-05-30 17:34:54,001 - INFO - Batch of responses generated.
2025-05-30 17:34:54,002 - INFO - Appended 8 results from batch to /scratch-shared/mschaffelder/data/exp_1/outputs/generation_results_lora_llama_8b_single_v8.jsonl
2025-05-30 17:34:54,002 - INFO - Reading line 913 from test data...
2025-05-30 17:34:54,003 - INFO - Added prompt from line 913 to batch.
2025-05-30 17:34:54,003 - INFO - Reading line 914 from test data...
2025-05-30 17:34:54,032 - INFO - Added prompt from line 914 to batch.
2025-05-30 17:34:54,033 - INFO - Reading line 915 from test data...
2025-05-30 17:34:54,033 - INFO - Added prompt from line 915 to batch.
2025-05-30 17:34:54,033 - INFO - Reading line 916 from test data...
2025-05-30 17:34:54,033 - INFO - Added prompt from line 916 to batch.
2025-05-30 17:34:54,033 - INFO - Reading line 917 from test data...
2025-05-30 17:34:54,033 - INFO - Added prompt from line 917 to batch.
2025-05-30 17:34:54,033 - INFO - Reading line 918 from test data...
2025-05-30 17:34:54,033 - INFO - Added prompt from line 918 to batch.
2025-05-30 17:34:54,033 - INFO - Reading line 919 from test data...
2025-05-30 17:34:54,033 - INFO - Added prompt from line 919 to batch.
2025-05-30 17:34:54,033 - INFO - Reading line 920 from test data...
2025-05-30 17:34:54,033 - INFO - Added prompt from line 920 to batch.
2025-05-30 17:34:54,033 - INFO - Processing batch of 8 prompts (up to line 920)...
2025-05-30 17:34:54,033 - INFO - Generating responses for batch of 8 prompts. System prompt: 'You are a helpful assistant.'
2025-05-30 17:34:54,033 - INFO - First formatted prompt for tokenizer (first 100 chars): '<|begin_of_text|><|start_header_id|>system<|end_header_id|>

Cutting Knowledge Date: December 2023
T...'
2025-05-30 17:34:54,033 - INFO - Input device: cuda:0, preparing to move inputs to device.
2025-05-30 17:34:54,036 - INFO - Batch of inputs tokenized, padded, truncated, and moved to model device.
2025-05-30 17:34:54,036 - INFO - Starting batched model.generate()...
Setting `pad_token_id` to `eos_token_id`:128001 for open-end generation.
2025-05-30 17:35:24,789 - INFO - Batched model.generate() completed.
2025-05-30 17:35:24,789 - INFO - Decoding batch of responses by stripping input tokens...
2025-05-30 17:35:24,791 - INFO - Input tokens stripped from responses.
2025-05-30 17:35:24,791 - INFO - Batch of responses generated.
2025-05-30 17:35:24,793 - INFO - Appended 8 results from batch to /scratch-shared/mschaffelder/data/exp_1/outputs/generation_results_lora_llama_8b_single_v8.jsonl
2025-05-30 17:35:24,793 - INFO - Reading line 921 from test data...
2025-05-30 17:35:24,793 - INFO - Added prompt from line 921 to batch.
2025-05-30 17:35:24,793 - INFO - Reading line 922 from test data...
2025-05-30 17:35:24,793 - INFO - Added prompt from line 922 to batch.
2025-05-30 17:35:24,793 - INFO - Reading line 923 from test data...
2025-05-30 17:35:24,793 - INFO - Added prompt from line 923 to batch.
2025-05-30 17:35:24,793 - INFO - Reading line 924 from test data...
2025-05-30 17:35:24,793 - INFO - Added prompt from line 924 to batch.
2025-05-30 17:35:24,793 - INFO - Reading line 925 from test data...
2025-05-30 17:35:24,793 - INFO - Added prompt from line 925 to batch.
2025-05-30 17:35:24,793 - INFO - Reading line 926 from test data...
2025-05-30 17:35:24,793 - INFO - Added prompt from line 926 to batch.
2025-05-30 17:35:24,793 - INFO - Reading line 927 from test data...
2025-05-30 17:35:24,793 - INFO - Added prompt from line 927 to batch.
2025-05-30 17:35:24,793 - INFO - Reading line 928 from test data...
2025-05-30 17:35:24,793 - INFO - Added prompt from line 928 to batch.
2025-05-30 17:35:24,793 - INFO - Processing batch of 8 prompts (up to line 928)...
2025-05-30 17:35:24,793 - INFO - Generating responses for batch of 8 prompts. System prompt: 'You are a helpful assistant.'
2025-05-30 17:35:24,794 - INFO - First formatted prompt for tokenizer (first 100 chars): '<|begin_of_text|><|start_header_id|>system<|end_header_id|>

Cutting Knowledge Date: December 2023
T...'
2025-05-30 17:35:24,794 - INFO - Input device: cuda:0, preparing to move inputs to device.
2025-05-30 17:35:24,797 - INFO - Batch of inputs tokenized, padded, truncated, and moved to model device.
2025-05-30 17:35:24,797 - INFO - Starting batched model.generate()...
Setting `pad_token_id` to `eos_token_id`:128001 for open-end generation.
2025-05-30 17:35:54,926 - INFO - Batched model.generate() completed.
2025-05-30 17:35:54,926 - INFO - Decoding batch of responses by stripping input tokens...
2025-05-30 17:35:54,966 - INFO - Input tokens stripped from responses.
2025-05-30 17:35:54,967 - INFO - Batch of responses generated.
2025-05-30 17:35:54,968 - INFO - Appended 8 results from batch to /scratch-shared/mschaffelder/data/exp_1/outputs/generation_results_lora_llama_8b_single_v8.jsonl
2025-05-30 17:35:54,968 - INFO - Reading line 929 from test data...
2025-05-30 17:35:54,968 - INFO - Added prompt from line 929 to batch.
2025-05-30 17:35:54,968 - INFO - Reading line 930 from test data...
2025-05-30 17:35:54,969 - INFO - Added prompt from line 930 to batch.
2025-05-30 17:35:54,969 - INFO - Reading line 931 from test data...
2025-05-30 17:35:54,969 - INFO - Added prompt from line 931 to batch.
2025-05-30 17:35:54,969 - INFO - Reading line 932 from test data...
2025-05-30 17:35:54,969 - INFO - Added prompt from line 932 to batch.
2025-05-30 17:35:54,969 - INFO - Reading line 933 from test data...
2025-05-30 17:35:54,969 - INFO - Added prompt from line 933 to batch.
2025-05-30 17:35:54,969 - INFO - Reading line 934 from test data...
2025-05-30 17:35:54,969 - INFO - Added prompt from line 934 to batch.
2025-05-30 17:35:54,969 - INFO - Reading line 935 from test data...
2025-05-30 17:35:54,969 - INFO - Added prompt from line 935 to batch.
2025-05-30 17:35:54,969 - INFO - Reading line 936 from test data...
2025-05-30 17:35:54,969 - INFO - Added prompt from line 936 to batch.
2025-05-30 17:35:54,969 - INFO - Processing batch of 8 prompts (up to line 936)...
2025-05-30 17:35:54,969 - INFO - Generating responses for batch of 8 prompts. System prompt: 'You are a helpful assistant.'
2025-05-30 17:35:54,969 - INFO - First formatted prompt for tokenizer (first 100 chars): '<|begin_of_text|><|start_header_id|>system<|end_header_id|>

Cutting Knowledge Date: December 2023
T...'
2025-05-30 17:35:54,970 - INFO - Input device: cuda:0, preparing to move inputs to device.
2025-05-30 17:35:54,972 - INFO - Batch of inputs tokenized, padded, truncated, and moved to model device.
2025-05-30 17:35:54,972 - INFO - Starting batched model.generate()...
Setting `pad_token_id` to `eos_token_id`:128001 for open-end generation.
2025-05-30 17:36:27,035 - INFO - Batched model.generate() completed.
2025-05-30 17:36:27,036 - INFO - Decoding batch of responses by stripping input tokens...
2025-05-30 17:36:27,037 - INFO - Input tokens stripped from responses.
2025-05-30 17:36:27,038 - INFO - Batch of responses generated.
2025-05-30 17:36:27,039 - INFO - Appended 8 results from batch to /scratch-shared/mschaffelder/data/exp_1/outputs/generation_results_lora_llama_8b_single_v8.jsonl
2025-05-30 17:36:27,039 - INFO - Reading line 937 from test data...
2025-05-30 17:36:27,039 - INFO - Added prompt from line 937 to batch.
2025-05-30 17:36:27,039 - INFO - Reading line 938 from test data...
2025-05-30 17:36:27,039 - INFO - Added prompt from line 938 to batch.
2025-05-30 17:36:27,039 - INFO - Reading line 939 from test data...
2025-05-30 17:36:27,039 - INFO - Added prompt from line 939 to batch.
2025-05-30 17:36:27,039 - INFO - Reading line 940 from test data...
2025-05-30 17:36:27,039 - INFO - Added prompt from line 940 to batch.
2025-05-30 17:36:27,039 - INFO - Reading line 941 from test data...
2025-05-30 17:36:27,039 - INFO - Added prompt from line 941 to batch.
2025-05-30 17:36:27,039 - INFO - Reading line 942 from test data...
2025-05-30 17:36:27,039 - INFO - Added prompt from line 942 to batch.
2025-05-30 17:36:27,039 - INFO - Reading line 943 from test data...
2025-05-30 17:36:27,039 - INFO - Added prompt from line 943 to batch.
2025-05-30 17:36:27,039 - INFO - Reading line 944 from test data...
2025-05-30 17:36:27,039 - INFO - Added prompt from line 944 to batch.
2025-05-30 17:36:27,039 - INFO - Processing batch of 8 prompts (up to line 944)...
2025-05-30 17:36:27,039 - INFO - Generating responses for batch of 8 prompts. System prompt: 'You are a helpful assistant.'
2025-05-30 17:36:27,040 - INFO - First formatted prompt for tokenizer (first 100 chars): '<|begin_of_text|><|start_header_id|>system<|end_header_id|>

Cutting Knowledge Date: December 2023
T...'
2025-05-30 17:36:27,118 - INFO - Input device: cuda:0, preparing to move inputs to device.
2025-05-30 17:36:27,124 - INFO - Batch of inputs tokenized, padded, truncated, and moved to model device.
2025-05-30 17:36:27,124 - INFO - Starting batched model.generate()...
Setting `pad_token_id` to `eos_token_id`:128001 for open-end generation.
2025-05-30 17:36:51,262 - INFO - Batched model.generate() completed.
2025-05-30 17:36:51,262 - INFO - Decoding batch of responses by stripping input tokens...
2025-05-30 17:36:51,263 - INFO - Input tokens stripped from responses.
2025-05-30 17:36:51,264 - INFO - Batch of responses generated.
2025-05-30 17:36:51,266 - INFO - Appended 8 results from batch to /scratch-shared/mschaffelder/data/exp_1/outputs/generation_results_lora_llama_8b_single_v8.jsonl
2025-05-30 17:36:51,266 - INFO - Reading line 945 from test data...
2025-05-30 17:36:51,266 - INFO - Added prompt from line 945 to batch.
2025-05-30 17:36:51,266 - INFO - Reading line 946 from test data...
2025-05-30 17:36:51,266 - INFO - Added prompt from line 946 to batch.
2025-05-30 17:36:51,266 - INFO - Reading line 947 from test data...
2025-05-30 17:36:51,266 - INFO - Added prompt from line 947 to batch.
2025-05-30 17:36:51,266 - INFO - Reading line 948 from test data...
2025-05-30 17:36:51,266 - INFO - Added prompt from line 948 to batch.
2025-05-30 17:36:51,266 - INFO - Reading line 949 from test data...
2025-05-30 17:36:51,266 - INFO - Added prompt from line 949 to batch.
2025-05-30 17:36:51,266 - INFO - Reading line 950 from test data...
2025-05-30 17:36:51,266 - INFO - Added prompt from line 950 to batch.
2025-05-30 17:36:51,266 - INFO - Reading line 951 from test data...
2025-05-30 17:36:51,266 - INFO - Added prompt from line 951 to batch.
2025-05-30 17:36:51,266 - INFO - Reading line 952 from test data...
2025-05-30 17:36:51,266 - INFO - Added prompt from line 952 to batch.
2025-05-30 17:36:51,266 - INFO - Processing batch of 8 prompts (up to line 952)...
2025-05-30 17:36:51,266 - INFO - Generating responses for batch of 8 prompts. System prompt: 'You are a helpful assistant.'
2025-05-30 17:36:51,267 - INFO - First formatted prompt for tokenizer (first 100 chars): '<|begin_of_text|><|start_header_id|>system<|end_header_id|>

Cutting Knowledge Date: December 2023
T...'
2025-05-30 17:36:51,267 - INFO - Input device: cuda:0, preparing to move inputs to device.
2025-05-30 17:36:51,268 - INFO - Batch of inputs tokenized, padded, truncated, and moved to model device.
2025-05-30 17:36:51,268 - INFO - Starting batched model.generate()...
Setting `pad_token_id` to `eos_token_id`:128001 for open-end generation.
2025-05-30 17:37:19,670 - INFO - Batched model.generate() completed.
2025-05-30 17:37:19,670 - INFO - Decoding batch of responses by stripping input tokens...
2025-05-30 17:37:19,672 - INFO - Input tokens stripped from responses.
2025-05-30 17:37:19,672 - INFO - Batch of responses generated.
2025-05-30 17:37:19,673 - INFO - Appended 8 results from batch to /scratch-shared/mschaffelder/data/exp_1/outputs/generation_results_lora_llama_8b_single_v8.jsonl
2025-05-30 17:37:19,673 - INFO - Reading line 953 from test data...
2025-05-30 17:37:19,673 - INFO - Added prompt from line 953 to batch.
2025-05-30 17:37:19,673 - INFO - Reading line 954 from test data...
2025-05-30 17:37:19,673 - INFO - Added prompt from line 954 to batch.
2025-05-30 17:37:19,673 - INFO - Reading line 955 from test data...
2025-05-30 17:37:19,673 - INFO - Added prompt from line 955 to batch.
2025-05-30 17:37:19,673 - INFO - Reading line 956 from test data...
2025-05-30 17:37:19,673 - INFO - Added prompt from line 956 to batch.
2025-05-30 17:37:19,673 - INFO - Reading line 957 from test data...
2025-05-30 17:37:19,673 - INFO - Added prompt from line 957 to batch.
2025-05-30 17:37:19,673 - INFO - Reading line 958 from test data...
2025-05-30 17:37:19,673 - INFO - Added prompt from line 958 to batch.
2025-05-30 17:37:19,673 - INFO - Reading line 959 from test data...
2025-05-30 17:37:19,673 - INFO - Added prompt from line 959 to batch.
2025-05-30 17:37:19,674 - INFO - Reading line 960 from test data...
2025-05-30 17:37:19,674 - INFO - Added prompt from line 960 to batch.
2025-05-30 17:37:19,674 - INFO - Processing batch of 8 prompts (up to line 960)...
2025-05-30 17:37:19,674 - INFO - Generating responses for batch of 8 prompts. System prompt: 'You are a helpful assistant.'
2025-05-30 17:37:19,674 - INFO - First formatted prompt for tokenizer (first 100 chars): '<|begin_of_text|><|start_header_id|>system<|end_header_id|>

Cutting Knowledge Date: December 2023
T...'
2025-05-30 17:37:19,675 - INFO - Input device: cuda:0, preparing to move inputs to device.
2025-05-30 17:37:19,676 - INFO - Batch of inputs tokenized, padded, truncated, and moved to model device.
2025-05-30 17:37:19,676 - INFO - Starting batched model.generate()...
Setting `pad_token_id` to `eos_token_id`:128001 for open-end generation.
2025-05-30 17:37:59,034 - INFO - Batched model.generate() completed.
2025-05-30 17:37:59,035 - INFO - Decoding batch of responses by stripping input tokens...
2025-05-30 17:37:59,037 - INFO - Input tokens stripped from responses.
2025-05-30 17:37:59,038 - INFO - Batch of responses generated.
2025-05-30 17:37:59,039 - INFO - Appended 8 results from batch to /scratch-shared/mschaffelder/data/exp_1/outputs/generation_results_lora_llama_8b_single_v8.jsonl
2025-05-30 17:37:59,039 - INFO - Reading line 961 from test data...
2025-05-30 17:37:59,039 - INFO - Added prompt from line 961 to batch.
2025-05-30 17:37:59,039 - INFO - Reading line 962 from test data...
2025-05-30 17:37:59,039 - INFO - Added prompt from line 962 to batch.
2025-05-30 17:37:59,039 - INFO - Reading line 963 from test data...
2025-05-30 17:37:59,039 - INFO - Added prompt from line 963 to batch.
2025-05-30 17:37:59,039 - INFO - Reading line 964 from test data...
2025-05-30 17:37:59,039 - INFO - Added prompt from line 964 to batch.
2025-05-30 17:37:59,039 - INFO - Reading line 965 from test data...
2025-05-30 17:37:59,039 - INFO - Added prompt from line 965 to batch.
2025-05-30 17:37:59,039 - INFO - Reading line 966 from test data...
2025-05-30 17:37:59,039 - INFO - Added prompt from line 966 to batch.
2025-05-30 17:37:59,039 - INFO - Reading line 967 from test data...
2025-05-30 17:37:59,039 - INFO - Added prompt from line 967 to batch.
2025-05-30 17:37:59,039 - INFO - Reading line 968 from test data...
2025-05-30 17:37:59,039 - INFO - Added prompt from line 968 to batch.
2025-05-30 17:37:59,039 - INFO - Processing batch of 8 prompts (up to line 968)...
2025-05-30 17:37:59,039 - INFO - Generating responses for batch of 8 prompts. System prompt: 'You are a helpful assistant.'
2025-05-30 17:37:59,040 - INFO - First formatted prompt for tokenizer (first 100 chars): '<|begin_of_text|><|start_header_id|>system<|end_header_id|>

Cutting Knowledge Date: December 2023
T...'
2025-05-30 17:37:59,040 - INFO - Input device: cuda:0, preparing to move inputs to device.
2025-05-30 17:37:59,044 - INFO - Batch of inputs tokenized, padded, truncated, and moved to model device.
2025-05-30 17:37:59,044 - INFO - Starting batched model.generate()...
Setting `pad_token_id` to `eos_token_id`:128001 for open-end generation.
2025-05-30 17:38:40,910 - INFO - Batched model.generate() completed.
2025-05-30 17:38:40,910 - INFO - Decoding batch of responses by stripping input tokens...
2025-05-30 17:38:40,912 - INFO - Input tokens stripped from responses.
2025-05-30 17:38:40,913 - INFO - Batch of responses generated.
2025-05-30 17:38:40,915 - INFO - Appended 8 results from batch to /scratch-shared/mschaffelder/data/exp_1/outputs/generation_results_lora_llama_8b_single_v8.jsonl
2025-05-30 17:38:40,915 - INFO - Reading line 969 from test data...
2025-05-30 17:38:40,915 - INFO - Added prompt from line 969 to batch.
2025-05-30 17:38:40,915 - INFO - Reading line 970 from test data...
2025-05-30 17:38:40,915 - INFO - Added prompt from line 970 to batch.
2025-05-30 17:38:40,915 - INFO - Reading line 971 from test data...
2025-05-30 17:38:40,915 - INFO - Added prompt from line 971 to batch.
2025-05-30 17:38:40,915 - INFO - Reading line 972 from test data...
2025-05-30 17:38:40,939 - INFO - Added prompt from line 972 to batch.
2025-05-30 17:38:40,939 - INFO - Reading line 973 from test data...
2025-05-30 17:38:40,939 - INFO - Added prompt from line 973 to batch.
2025-05-30 17:38:40,939 - INFO - Reading line 974 from test data...
2025-05-30 17:38:40,939 - INFO - Added prompt from line 974 to batch.
2025-05-30 17:38:40,939 - INFO - Reading line 975 from test data...
2025-05-30 17:38:40,939 - INFO - Added prompt from line 975 to batch.
2025-05-30 17:38:40,939 - INFO - Reading line 976 from test data...
2025-05-30 17:38:40,939 - INFO - Added prompt from line 976 to batch.
2025-05-30 17:38:40,939 - INFO - Processing batch of 8 prompts (up to line 976)...
2025-05-30 17:38:40,939 - INFO - Generating responses for batch of 8 prompts. System prompt: 'You are a helpful assistant.'
2025-05-30 17:38:40,940 - INFO - First formatted prompt for tokenizer (first 100 chars): '<|begin_of_text|><|start_header_id|>system<|end_header_id|>

Cutting Knowledge Date: December 2023
T...'
2025-05-30 17:38:40,940 - INFO - Input device: cuda:0, preparing to move inputs to device.
2025-05-30 17:38:40,942 - INFO - Batch of inputs tokenized, padded, truncated, and moved to model device.
2025-05-30 17:38:40,942 - INFO - Starting batched model.generate()...
Setting `pad_token_id` to `eos_token_id`:128001 for open-end generation.
2025-05-30 17:38:57,890 - INFO - Batched model.generate() completed.
2025-05-30 17:38:57,890 - INFO - Decoding batch of responses by stripping input tokens...
2025-05-30 17:38:57,891 - INFO - Input tokens stripped from responses.
2025-05-30 17:38:57,891 - INFO - Batch of responses generated.
2025-05-30 17:38:57,892 - INFO - Appended 8 results from batch to /scratch-shared/mschaffelder/data/exp_1/outputs/generation_results_lora_llama_8b_single_v8.jsonl
2025-05-30 17:38:57,892 - INFO - Reading line 977 from test data...
2025-05-30 17:38:57,892 - INFO - Added prompt from line 977 to batch.
2025-05-30 17:38:57,892 - INFO - Reading line 978 from test data...
2025-05-30 17:38:57,892 - INFO - Added prompt from line 978 to batch.
2025-05-30 17:38:57,892 - INFO - Reading line 979 from test data...
2025-05-30 17:38:57,892 - INFO - Added prompt from line 979 to batch.
2025-05-30 17:38:57,892 - INFO - Reading line 980 from test data...
2025-05-30 17:38:57,892 - INFO - Added prompt from line 980 to batch.
2025-05-30 17:38:57,892 - INFO - Reading line 981 from test data...
2025-05-30 17:38:57,892 - INFO - Added prompt from line 981 to batch.
2025-05-30 17:38:57,892 - INFO - Reading line 982 from test data...
2025-05-30 17:38:57,892 - INFO - Added prompt from line 982 to batch.
2025-05-30 17:38:57,892 - INFO - Reading line 983 from test data...
2025-05-30 17:38:57,892 - INFO - Added prompt from line 983 to batch.
2025-05-30 17:38:57,892 - INFO - Reading line 984 from test data...
2025-05-30 17:38:57,892 - INFO - Added prompt from line 984 to batch.
2025-05-30 17:38:57,892 - INFO - Processing batch of 8 prompts (up to line 984)...
2025-05-30 17:38:57,892 - INFO - Generating responses for batch of 8 prompts. System prompt: 'You are a helpful assistant.'
2025-05-30 17:38:57,893 - INFO - First formatted prompt for tokenizer (first 100 chars): '<|begin_of_text|><|start_header_id|>system<|end_header_id|>

Cutting Knowledge Date: December 2023
T...'
2025-05-30 17:38:57,893 - INFO - Input device: cuda:0, preparing to move inputs to device.
2025-05-30 17:38:57,895 - INFO - Batch of inputs tokenized, padded, truncated, and moved to model device.
2025-05-30 17:38:57,895 - INFO - Starting batched model.generate()...
Setting `pad_token_id` to `eos_token_id`:128001 for open-end generation.
2025-05-30 17:39:29,788 - INFO - Batched model.generate() completed.
2025-05-30 17:39:29,788 - INFO - Decoding batch of responses by stripping input tokens...
2025-05-30 17:39:29,790 - INFO - Input tokens stripped from responses.
2025-05-30 17:39:29,790 - INFO - Batch of responses generated.
2025-05-30 17:39:29,792 - INFO - Appended 8 results from batch to /scratch-shared/mschaffelder/data/exp_1/outputs/generation_results_lora_llama_8b_single_v8.jsonl
2025-05-30 17:39:29,814 - INFO - Reading line 985 from test data...
2025-05-30 17:39:29,814 - INFO - Added prompt from line 985 to batch.
2025-05-30 17:39:29,815 - INFO - Reading line 986 from test data...
2025-05-30 17:39:29,815 - INFO - Added prompt from line 986 to batch.
2025-05-30 17:39:29,815 - INFO - Reading line 987 from test data...
2025-05-30 17:39:29,815 - INFO - Added prompt from line 987 to batch.
2025-05-30 17:39:29,815 - INFO - Reading line 988 from test data...
2025-05-30 17:39:29,815 - INFO - Added prompt from line 988 to batch.
2025-05-30 17:39:29,815 - INFO - Reading line 989 from test data...
2025-05-30 17:39:29,815 - INFO - Added prompt from line 989 to batch.
2025-05-30 17:39:29,815 - INFO - Reading line 990 from test data...
2025-05-30 17:39:29,815 - INFO - Added prompt from line 990 to batch.
2025-05-30 17:39:29,815 - INFO - Reading line 991 from test data...
2025-05-30 17:39:29,815 - INFO - Added prompt from line 991 to batch.
2025-05-30 17:39:29,815 - INFO - Reading line 992 from test data...
2025-05-30 17:39:29,815 - INFO - Added prompt from line 992 to batch.
2025-05-30 17:39:29,815 - INFO - Processing batch of 8 prompts (up to line 992)...
2025-05-30 17:39:29,815 - INFO - Generating responses for batch of 8 prompts. System prompt: 'You are a helpful assistant.'
2025-05-30 17:39:29,815 - INFO - First formatted prompt for tokenizer (first 100 chars): '<|begin_of_text|><|start_header_id|>system<|end_header_id|>

Cutting Knowledge Date: December 2023
T...'
2025-05-30 17:39:29,815 - INFO - Input device: cuda:0, preparing to move inputs to device.
2025-05-30 17:39:29,817 - INFO - Batch of inputs tokenized, padded, truncated, and moved to model device.
2025-05-30 17:39:29,817 - INFO - Starting batched model.generate()...
Setting `pad_token_id` to `eos_token_id`:128001 for open-end generation.
2025-05-30 17:40:04,616 - INFO - Batched model.generate() completed.
2025-05-30 17:40:04,616 - INFO - Decoding batch of responses by stripping input tokens...
2025-05-30 17:40:04,618 - INFO - Input tokens stripped from responses.
2025-05-30 17:40:04,619 - INFO - Batch of responses generated.
2025-05-30 17:40:04,620 - INFO - Appended 8 results from batch to /scratch-shared/mschaffelder/data/exp_1/outputs/generation_results_lora_llama_8b_single_v8.jsonl
2025-05-30 17:40:04,620 - INFO - Reading line 993 from test data...
2025-05-30 17:40:04,620 - INFO - Added prompt from line 993 to batch.
2025-05-30 17:40:04,620 - INFO - Reading line 994 from test data...
2025-05-30 17:40:04,620 - INFO - Added prompt from line 994 to batch.
2025-05-30 17:40:04,620 - INFO - Reading line 995 from test data...
2025-05-30 17:40:04,620 - INFO - Added prompt from line 995 to batch.
2025-05-30 17:40:04,620 - INFO - Reading line 996 from test data...
2025-05-30 17:40:04,620 - INFO - Added prompt from line 996 to batch.
2025-05-30 17:40:04,620 - INFO - Reading line 997 from test data...
2025-05-30 17:40:04,620 - INFO - Added prompt from line 997 to batch.
2025-05-30 17:40:04,620 - INFO - Reading line 998 from test data...
2025-05-30 17:40:04,620 - INFO - Added prompt from line 998 to batch.
2025-05-30 17:40:04,620 - INFO - Reading line 999 from test data...
2025-05-30 17:40:04,620 - INFO - Added prompt from line 999 to batch.
2025-05-30 17:40:04,620 - INFO - Reading line 1000 from test data...
2025-05-30 17:40:04,620 - INFO - Added prompt from line 1000 to batch.
2025-05-30 17:40:04,620 - INFO - Processing batch of 8 prompts (up to line 1000)...
2025-05-30 17:40:04,620 - INFO - Generating responses for batch of 8 prompts. System prompt: 'You are a helpful assistant.'
2025-05-30 17:40:04,621 - INFO - First formatted prompt for tokenizer (first 100 chars): '<|begin_of_text|><|start_header_id|>system<|end_header_id|>

Cutting Knowledge Date: December 2023
T...'
2025-05-30 17:40:04,621 - INFO - Input device: cuda:0, preparing to move inputs to device.
2025-05-30 17:40:04,624 - INFO - Batch of inputs tokenized, padded, truncated, and moved to model device.
2025-05-30 17:40:04,624 - INFO - Starting batched model.generate()...
Setting `pad_token_id` to `eos_token_id`:128001 for open-end generation.
2025-05-30 17:40:47,344 - INFO - Batched model.generate() completed.
2025-05-30 17:40:47,345 - INFO - Decoding batch of responses by stripping input tokens...
2025-05-30 17:40:47,347 - INFO - Input tokens stripped from responses.
2025-05-30 17:40:47,348 - INFO - Batch of responses generated.
2025-05-30 17:40:47,349 - INFO - Appended 8 results from batch to /scratch-shared/mschaffelder/data/exp_1/outputs/generation_results_lora_llama_8b_single_v8.jsonl
2025-05-30 17:40:47,349 - INFO - Reading line 1001 from test data...
2025-05-30 17:40:47,349 - INFO - Added prompt from line 1001 to batch.
2025-05-30 17:40:47,349 - INFO - Reading line 1002 from test data...
2025-05-30 17:40:47,349 - INFO - Added prompt from line 1002 to batch.
2025-05-30 17:40:47,349 - INFO - Reading line 1003 from test data...
2025-05-30 17:40:47,349 - INFO - Added prompt from line 1003 to batch.
2025-05-30 17:40:47,349 - INFO - Reading line 1004 from test data...
2025-05-30 17:40:47,349 - INFO - Added prompt from line 1004 to batch.
2025-05-30 17:40:47,349 - INFO - Reading line 1005 from test data...
2025-05-30 17:40:47,349 - INFO - Added prompt from line 1005 to batch.
2025-05-30 17:40:47,349 - INFO - Reading line 1006 from test data...
2025-05-30 17:40:47,349 - INFO - Added prompt from line 1006 to batch.
2025-05-30 17:40:47,349 - INFO - Reading line 1007 from test data...
2025-05-30 17:40:47,349 - INFO - Added prompt from line 1007 to batch.
2025-05-30 17:40:47,349 - INFO - Reading line 1008 from test data...
2025-05-30 17:40:47,349 - INFO - Added prompt from line 1008 to batch.
2025-05-30 17:40:47,349 - INFO - Processing batch of 8 prompts (up to line 1008)...
2025-05-30 17:40:47,349 - INFO - Generating responses for batch of 8 prompts. System prompt: 'You are a helpful assistant.'
2025-05-30 17:40:47,350 - INFO - First formatted prompt for tokenizer (first 100 chars): '<|begin_of_text|><|start_header_id|>system<|end_header_id|>

Cutting Knowledge Date: December 2023
T...'
2025-05-30 17:40:47,350 - INFO - Input device: cuda:0, preparing to move inputs to device.
2025-05-30 17:40:47,352 - INFO - Batch of inputs tokenized, padded, truncated, and moved to model device.
2025-05-30 17:40:47,352 - INFO - Starting batched model.generate()...
Setting `pad_token_id` to `eos_token_id`:128001 for open-end generation.
2025-05-30 17:41:26,605 - INFO - Batched model.generate() completed.
2025-05-30 17:41:26,606 - INFO - Decoding batch of responses by stripping input tokens...
2025-05-30 17:41:26,608 - INFO - Input tokens stripped from responses.
2025-05-30 17:41:26,608 - INFO - Batch of responses generated.
2025-05-30 17:41:26,609 - INFO - Appended 8 results from batch to /scratch-shared/mschaffelder/data/exp_1/outputs/generation_results_lora_llama_8b_single_v8.jsonl
2025-05-30 17:41:26,609 - INFO - Reading line 1009 from test data...
2025-05-30 17:41:26,609 - INFO - Added prompt from line 1009 to batch.
2025-05-30 17:41:26,610 - INFO - Reading line 1010 from test data...
2025-05-30 17:41:26,610 - INFO - Added prompt from line 1010 to batch.
2025-05-30 17:41:26,610 - INFO - Reading line 1011 from test data...
2025-05-30 17:41:26,610 - INFO - Added prompt from line 1011 to batch.
2025-05-30 17:41:26,610 - INFO - Reading line 1012 from test data...
2025-05-30 17:41:26,610 - INFO - Added prompt from line 1012 to batch.
2025-05-30 17:41:26,610 - INFO - Reading line 1013 from test data...
2025-05-30 17:41:26,610 - INFO - Added prompt from line 1013 to batch.
2025-05-30 17:41:26,610 - INFO - Reading line 1014 from test data...
2025-05-30 17:41:26,610 - INFO - Added prompt from line 1014 to batch.
2025-05-30 17:41:26,610 - INFO - Reading line 1015 from test data...
2025-05-30 17:41:26,610 - INFO - Added prompt from line 1015 to batch.
2025-05-30 17:41:26,610 - INFO - Reading line 1016 from test data...
2025-05-30 17:41:26,610 - INFO - Added prompt from line 1016 to batch.
2025-05-30 17:41:26,610 - INFO - Processing batch of 8 prompts (up to line 1016)...
2025-05-30 17:41:26,621 - INFO - Generating responses for batch of 8 prompts. System prompt: 'You are a helpful assistant.'
2025-05-30 17:41:26,622 - INFO - First formatted prompt for tokenizer (first 100 chars): '<|begin_of_text|><|start_header_id|>system<|end_header_id|>

Cutting Knowledge Date: December 2023
T...'
2025-05-30 17:41:26,622 - INFO - Input device: cuda:0, preparing to move inputs to device.
2025-05-30 17:41:26,624 - INFO - Batch of inputs tokenized, padded, truncated, and moved to model device.
2025-05-30 17:41:26,624 - INFO - Starting batched model.generate()...
Setting `pad_token_id` to `eos_token_id`:128001 for open-end generation.
2025-05-30 17:42:00,937 - INFO - Batched model.generate() completed.
2025-05-30 17:42:00,937 - INFO - Decoding batch of responses by stripping input tokens...
2025-05-30 17:42:00,939 - INFO - Input tokens stripped from responses.
2025-05-30 17:42:00,939 - INFO - Batch of responses generated.
2025-05-30 17:42:00,940 - INFO - Appended 8 results from batch to /scratch-shared/mschaffelder/data/exp_1/outputs/generation_results_lora_llama_8b_single_v8.jsonl
2025-05-30 17:42:00,940 - INFO - Reading line 1017 from test data...
2025-05-30 17:42:00,940 - INFO - Added prompt from line 1017 to batch.
2025-05-30 17:42:00,940 - INFO - Reading line 1018 from test data...
2025-05-30 17:42:00,940 - INFO - Added prompt from line 1018 to batch.
2025-05-30 17:42:00,940 - INFO - Reading line 1019 from test data...
2025-05-30 17:42:00,940 - INFO - Added prompt from line 1019 to batch.
2025-05-30 17:42:00,940 - INFO - Reading line 1020 from test data...
2025-05-30 17:42:00,940 - INFO - Added prompt from line 1020 to batch.
2025-05-30 17:42:00,940 - INFO - Reading line 1021 from test data...
2025-05-30 17:42:00,940 - INFO - Added prompt from line 1021 to batch.
2025-05-30 17:42:00,940 - INFO - Reading line 1022 from test data...
2025-05-30 17:42:00,940 - INFO - Added prompt from line 1022 to batch.
2025-05-30 17:42:00,940 - INFO - Reading line 1023 from test data...
2025-05-30 17:42:00,940 - INFO - Added prompt from line 1023 to batch.
2025-05-30 17:42:00,940 - INFO - Reading line 1024 from test data...
2025-05-30 17:42:00,940 - INFO - Added prompt from line 1024 to batch.
2025-05-30 17:42:00,940 - INFO - Processing batch of 8 prompts (up to line 1024)...
2025-05-30 17:42:00,940 - INFO - Generating responses for batch of 8 prompts. System prompt: 'You are a helpful assistant.'
2025-05-30 17:42:00,941 - INFO - First formatted prompt for tokenizer (first 100 chars): '<|begin_of_text|><|start_header_id|>system<|end_header_id|>

Cutting Knowledge Date: December 2023
T...'
2025-05-30 17:42:00,941 - INFO - Input device: cuda:0, preparing to move inputs to device.
2025-05-30 17:42:00,944 - INFO - Batch of inputs tokenized, padded, truncated, and moved to model device.
2025-05-30 17:42:00,944 - INFO - Starting batched model.generate()...
Setting `pad_token_id` to `eos_token_id`:128001 for open-end generation.
2025-05-30 17:42:56,379 - INFO - Batched model.generate() completed.
2025-05-30 17:42:56,379 - INFO - Decoding batch of responses by stripping input tokens...
2025-05-30 17:42:56,381 - INFO - Input tokens stripped from responses.
2025-05-30 17:42:56,382 - INFO - Batch of responses generated.
2025-05-30 17:42:56,405 - INFO - Appended 8 results from batch to /scratch-shared/mschaffelder/data/exp_1/outputs/generation_results_lora_llama_8b_single_v8.jsonl
2025-05-30 17:42:56,405 - INFO - Reading line 1025 from test data...
2025-05-30 17:42:56,405 - INFO - Added prompt from line 1025 to batch.
2025-05-30 17:42:56,405 - INFO - Reading line 1026 from test data...
2025-05-30 17:42:56,405 - INFO - Added prompt from line 1026 to batch.
2025-05-30 17:42:56,406 - INFO - Reading line 1027 from test data...
2025-05-30 17:42:56,406 - INFO - Added prompt from line 1027 to batch.
2025-05-30 17:42:56,406 - INFO - Reading line 1028 from test data...
2025-05-30 17:42:56,406 - INFO - Added prompt from line 1028 to batch.
2025-05-30 17:42:56,406 - INFO - Reading line 1029 from test data...
2025-05-30 17:42:56,406 - INFO - Added prompt from line 1029 to batch.
2025-05-30 17:42:56,424 - INFO - Reading line 1030 from test data...
2025-05-30 17:42:56,424 - INFO - Added prompt from line 1030 to batch.
2025-05-30 17:42:56,424 - INFO - Reading line 1031 from test data...
2025-05-30 17:42:56,424 - INFO - Added prompt from line 1031 to batch.
2025-05-30 17:42:56,424 - INFO - Reading line 1032 from test data...
2025-05-30 17:42:56,424 - INFO - Added prompt from line 1032 to batch.
2025-05-30 17:42:56,424 - INFO - Processing batch of 8 prompts (up to line 1032)...
2025-05-30 17:42:56,424 - INFO - Generating responses for batch of 8 prompts. System prompt: 'You are a helpful assistant.'
2025-05-30 17:42:56,424 - INFO - First formatted prompt for tokenizer (first 100 chars): '<|begin_of_text|><|start_header_id|>system<|end_header_id|>

Cutting Knowledge Date: December 2023
T...'
2025-05-30 17:42:56,425 - INFO - Input device: cuda:0, preparing to move inputs to device.
2025-05-30 17:42:56,427 - INFO - Batch of inputs tokenized, padded, truncated, and moved to model device.
2025-05-30 17:42:56,427 - INFO - Starting batched model.generate()...
Setting `pad_token_id` to `eos_token_id`:128001 for open-end generation.
2025-05-30 17:43:29,286 - INFO - Batched model.generate() completed.
2025-05-30 17:43:29,286 - INFO - Decoding batch of responses by stripping input tokens...
2025-05-30 17:43:29,288 - INFO - Input tokens stripped from responses.
2025-05-30 17:43:29,289 - INFO - Batch of responses generated.
2025-05-30 17:43:29,290 - INFO - Appended 8 results from batch to /scratch-shared/mschaffelder/data/exp_1/outputs/generation_results_lora_llama_8b_single_v8.jsonl
2025-05-30 17:43:29,290 - INFO - Reading line 1033 from test data...
2025-05-30 17:43:29,290 - INFO - Added prompt from line 1033 to batch.
2025-05-30 17:43:29,290 - INFO - Reading line 1034 from test data...
2025-05-30 17:43:29,290 - INFO - Added prompt from line 1034 to batch.
2025-05-30 17:43:29,290 - INFO - Reading line 1035 from test data...
2025-05-30 17:43:29,290 - INFO - Added prompt from line 1035 to batch.
2025-05-30 17:43:29,290 - INFO - Reading line 1036 from test data...
2025-05-30 17:43:29,290 - INFO - Added prompt from line 1036 to batch.
2025-05-30 17:43:29,290 - INFO - Reading line 1037 from test data...
2025-05-30 17:43:29,290 - INFO - Added prompt from line 1037 to batch.
2025-05-30 17:43:29,290 - INFO - Reading line 1038 from test data...
2025-05-30 17:43:29,290 - INFO - Added prompt from line 1038 to batch.
2025-05-30 17:43:29,290 - INFO - Reading line 1039 from test data...
2025-05-30 17:43:29,290 - INFO - Added prompt from line 1039 to batch.
2025-05-30 17:43:29,290 - INFO - Reading line 1040 from test data...
2025-05-30 17:43:29,290 - INFO - Added prompt from line 1040 to batch.
2025-05-30 17:43:29,290 - INFO - Processing batch of 8 prompts (up to line 1040)...
2025-05-30 17:43:29,290 - INFO - Generating responses for batch of 8 prompts. System prompt: 'You are a helpful assistant.'
2025-05-30 17:43:29,291 - INFO - First formatted prompt for tokenizer (first 100 chars): '<|begin_of_text|><|start_header_id|>system<|end_header_id|>

Cutting Knowledge Date: December 2023
T...'
2025-05-30 17:43:29,291 - INFO - Input device: cuda:0, preparing to move inputs to device.
2025-05-30 17:43:29,293 - INFO - Batch of inputs tokenized, padded, truncated, and moved to model device.
2025-05-30 17:43:29,293 - INFO - Starting batched model.generate()...
Setting `pad_token_id` to `eos_token_id`:128001 for open-end generation.
2025-05-30 17:44:01,696 - INFO - Batched model.generate() completed.
2025-05-30 17:44:01,696 - INFO - Decoding batch of responses by stripping input tokens...
2025-05-30 17:44:01,698 - INFO - Input tokens stripped from responses.
2025-05-30 17:44:01,699 - INFO - Batch of responses generated.
2025-05-30 17:44:01,700 - INFO - Appended 8 results from batch to /scratch-shared/mschaffelder/data/exp_1/outputs/generation_results_lora_llama_8b_single_v8.jsonl
2025-05-30 17:44:01,700 - INFO - Reading line 1041 from test data...
2025-05-30 17:44:01,700 - INFO - Added prompt from line 1041 to batch.
2025-05-30 17:44:01,755 - INFO - Reading line 1042 from test data...
2025-05-30 17:44:01,755 - INFO - Added prompt from line 1042 to batch.
2025-05-30 17:44:01,755 - INFO - Reading line 1043 from test data...
2025-05-30 17:44:01,755 - INFO - Added prompt from line 1043 to batch.
2025-05-30 17:44:01,755 - INFO - Reading line 1044 from test data...
2025-05-30 17:44:01,755 - INFO - Added prompt from line 1044 to batch.
2025-05-30 17:44:01,755 - INFO - Reading line 1045 from test data...
2025-05-30 17:44:01,755 - INFO - Added prompt from line 1045 to batch.
2025-05-30 17:44:01,755 - INFO - Reading line 1046 from test data...
2025-05-30 17:44:01,755 - INFO - Added prompt from line 1046 to batch.
2025-05-30 17:44:01,755 - INFO - Reading line 1047 from test data...
2025-05-30 17:44:01,756 - INFO - Added prompt from line 1047 to batch.
2025-05-30 17:44:01,756 - INFO - Reading line 1048 from test data...
2025-05-30 17:44:01,756 - INFO - Added prompt from line 1048 to batch.
2025-05-30 17:44:01,756 - INFO - Processing batch of 8 prompts (up to line 1048)...
2025-05-30 17:44:01,756 - INFO - Generating responses for batch of 8 prompts. System prompt: 'You are a helpful assistant.'
2025-05-30 17:44:01,756 - INFO - First formatted prompt for tokenizer (first 100 chars): '<|begin_of_text|><|start_header_id|>system<|end_header_id|>

Cutting Knowledge Date: December 2023
T...'
2025-05-30 17:44:01,756 - INFO - Input device: cuda:0, preparing to move inputs to device.
2025-05-30 17:44:01,761 - INFO - Batch of inputs tokenized, padded, truncated, and moved to model device.
2025-05-30 17:44:01,761 - INFO - Starting batched model.generate()...
Setting `pad_token_id` to `eos_token_id`:128001 for open-end generation.
2025-05-30 17:44:35,993 - INFO - Batched model.generate() completed.
2025-05-30 17:44:35,993 - INFO - Decoding batch of responses by stripping input tokens...
2025-05-30 17:44:35,995 - INFO - Input tokens stripped from responses.
2025-05-30 17:44:35,995 - INFO - Batch of responses generated.
2025-05-30 17:44:35,996 - INFO - Appended 8 results from batch to /scratch-shared/mschaffelder/data/exp_1/outputs/generation_results_lora_llama_8b_single_v8.jsonl
2025-05-30 17:44:35,996 - INFO - Reading line 1049 from test data...
2025-05-30 17:44:35,996 - INFO - Added prompt from line 1049 to batch.
2025-05-30 17:44:35,996 - INFO - Reading line 1050 from test data...
2025-05-30 17:44:35,996 - INFO - Added prompt from line 1050 to batch.
2025-05-30 17:44:35,996 - INFO - Reading line 1051 from test data...
2025-05-30 17:44:35,996 - INFO - Added prompt from line 1051 to batch.
2025-05-30 17:44:35,996 - INFO - Reading line 1052 from test data...
2025-05-30 17:44:35,996 - INFO - Added prompt from line 1052 to batch.
2025-05-30 17:44:35,996 - INFO - Reading line 1053 from test data...
2025-05-30 17:44:35,996 - INFO - Added prompt from line 1053 to batch.
2025-05-30 17:44:35,996 - INFO - Reading line 1054 from test data...
2025-05-30 17:44:35,996 - INFO - Added prompt from line 1054 to batch.
2025-05-30 17:44:35,996 - INFO - Reading line 1055 from test data...
2025-05-30 17:44:35,997 - INFO - Added prompt from line 1055 to batch.
2025-05-30 17:44:35,997 - INFO - Reading line 1056 from test data...
2025-05-30 17:44:35,997 - INFO - Added prompt from line 1056 to batch.
2025-05-30 17:44:35,997 - INFO - Processing batch of 8 prompts (up to line 1056)...
2025-05-30 17:44:35,997 - INFO - Generating responses for batch of 8 prompts. System prompt: 'You are a helpful assistant.'
2025-05-30 17:44:35,997 - INFO - First formatted prompt for tokenizer (first 100 chars): '<|begin_of_text|><|start_header_id|>system<|end_header_id|>

Cutting Knowledge Date: December 2023
T...'
2025-05-30 17:44:35,997 - INFO - Input device: cuda:0, preparing to move inputs to device.
2025-05-30 17:44:36,000 - INFO - Batch of inputs tokenized, padded, truncated, and moved to model device.
2025-05-30 17:44:36,000 - INFO - Starting batched model.generate()...
Setting `pad_token_id` to `eos_token_id`:128001 for open-end generation.
2025-05-30 17:45:10,963 - INFO - Batched model.generate() completed.
2025-05-30 17:45:10,978 - INFO - Decoding batch of responses by stripping input tokens...
2025-05-30 17:45:10,979 - INFO - Input tokens stripped from responses.
2025-05-30 17:45:10,980 - INFO - Batch of responses generated.
2025-05-30 17:45:10,981 - INFO - Appended 8 results from batch to /scratch-shared/mschaffelder/data/exp_1/outputs/generation_results_lora_llama_8b_single_v8.jsonl
2025-05-30 17:45:10,981 - INFO - Reading line 1057 from test data...
2025-05-30 17:45:10,981 - INFO - Added prompt from line 1057 to batch.
2025-05-30 17:45:10,981 - INFO - Reading line 1058 from test data...
2025-05-30 17:45:10,981 - INFO - Added prompt from line 1058 to batch.
2025-05-30 17:45:10,981 - INFO - Reading line 1059 from test data...
2025-05-30 17:45:10,981 - INFO - Added prompt from line 1059 to batch.
2025-05-30 17:45:10,981 - INFO - Reading line 1060 from test data...
2025-05-30 17:45:10,981 - INFO - Added prompt from line 1060 to batch.
2025-05-30 17:45:10,981 - INFO - Reading line 1061 from test data...
2025-05-30 17:45:10,981 - INFO - Added prompt from line 1061 to batch.
2025-05-30 17:45:10,981 - INFO - Reading line 1062 from test data...
2025-05-30 17:45:10,981 - INFO - Added prompt from line 1062 to batch.
2025-05-30 17:45:10,982 - INFO - Reading line 1063 from test data...
2025-05-30 17:45:10,982 - INFO - Added prompt from line 1063 to batch.
2025-05-30 17:45:10,982 - INFO - Reading line 1064 from test data...
2025-05-30 17:45:10,982 - INFO - Added prompt from line 1064 to batch.
2025-05-30 17:45:10,982 - INFO - Processing batch of 8 prompts (up to line 1064)...
2025-05-30 17:45:10,982 - INFO - Generating responses for batch of 8 prompts. System prompt: 'You are a helpful assistant.'
2025-05-30 17:45:10,982 - INFO - First formatted prompt for tokenizer (first 100 chars): '<|begin_of_text|><|start_header_id|>system<|end_header_id|>

Cutting Knowledge Date: December 2023
T...'
2025-05-30 17:45:10,982 - INFO - Input device: cuda:0, preparing to move inputs to device.
2025-05-30 17:45:10,986 - INFO - Batch of inputs tokenized, padded, truncated, and moved to model device.
2025-05-30 17:45:10,986 - INFO - Starting batched model.generate()...
Setting `pad_token_id` to `eos_token_id`:128001 for open-end generation.
2025-05-30 17:45:46,138 - INFO - Batched model.generate() completed.
2025-05-30 17:45:46,139 - INFO - Decoding batch of responses by stripping input tokens...
2025-05-30 17:45:46,141 - INFO - Input tokens stripped from responses.
2025-05-30 17:45:46,141 - INFO - Batch of responses generated.
2025-05-30 17:45:46,143 - INFO - Appended 8 results from batch to /scratch-shared/mschaffelder/data/exp_1/outputs/generation_results_lora_llama_8b_single_v8.jsonl
2025-05-30 17:45:46,143 - INFO - Reading line 1065 from test data...
2025-05-30 17:45:46,143 - INFO - Added prompt from line 1065 to batch.
2025-05-30 17:45:46,143 - INFO - Reading line 1066 from test data...
2025-05-30 17:45:46,143 - INFO - Added prompt from line 1066 to batch.
2025-05-30 17:45:46,143 - INFO - Reading line 1067 from test data...
2025-05-30 17:45:46,143 - INFO - Added prompt from line 1067 to batch.
2025-05-30 17:45:46,143 - INFO - Reading line 1068 from test data...
2025-05-30 17:45:46,143 - INFO - Added prompt from line 1068 to batch.
2025-05-30 17:45:46,143 - INFO - Reading line 1069 from test data...
2025-05-30 17:45:46,143 - INFO - Added prompt from line 1069 to batch.
2025-05-30 17:45:46,143 - INFO - Reading line 1070 from test data...
2025-05-30 17:45:46,143 - INFO - Added prompt from line 1070 to batch.
2025-05-30 17:45:46,143 - INFO - Reading line 1071 from test data...
2025-05-30 17:45:46,143 - INFO - Added prompt from line 1071 to batch.
2025-05-30 17:45:46,143 - INFO - Reading line 1072 from test data...
2025-05-30 17:45:46,143 - INFO - Added prompt from line 1072 to batch.
2025-05-30 17:45:46,143 - INFO - Processing batch of 8 prompts (up to line 1072)...
2025-05-30 17:45:46,143 - INFO - Generating responses for batch of 8 prompts. System prompt: 'You are a helpful assistant.'
2025-05-30 17:45:46,144 - INFO - First formatted prompt for tokenizer (first 100 chars): '<|begin_of_text|><|start_header_id|>system<|end_header_id|>

Cutting Knowledge Date: December 2023
T...'
2025-05-30 17:45:46,155 - INFO - Input device: cuda:0, preparing to move inputs to device.
2025-05-30 17:45:46,159 - INFO - Batch of inputs tokenized, padded, truncated, and moved to model device.
2025-05-30 17:45:46,159 - INFO - Starting batched model.generate()...
Setting `pad_token_id` to `eos_token_id`:128001 for open-end generation.
2025-05-30 17:46:17,619 - INFO - Batched model.generate() completed.
2025-05-30 17:46:17,620 - INFO - Decoding batch of responses by stripping input tokens...
2025-05-30 17:46:17,621 - INFO - Input tokens stripped from responses.
2025-05-30 17:46:17,622 - INFO - Batch of responses generated.
2025-05-30 17:46:17,623 - INFO - Appended 8 results from batch to /scratch-shared/mschaffelder/data/exp_1/outputs/generation_results_lora_llama_8b_single_v8.jsonl
2025-05-30 17:46:17,623 - INFO - Reading line 1073 from test data...
2025-05-30 17:46:17,623 - INFO - Added prompt from line 1073 to batch.
2025-05-30 17:46:17,623 - INFO - Reading line 1074 from test data...
2025-05-30 17:46:17,623 - INFO - Added prompt from line 1074 to batch.
2025-05-30 17:46:17,623 - INFO - Reading line 1075 from test data...
2025-05-30 17:46:17,623 - INFO - Added prompt from line 1075 to batch.
2025-05-30 17:46:17,623 - INFO - Reading line 1076 from test data...
2025-05-30 17:46:17,623 - INFO - Added prompt from line 1076 to batch.
2025-05-30 17:46:17,623 - INFO - Reading line 1077 from test data...
2025-05-30 17:46:17,623 - INFO - Added prompt from line 1077 to batch.
2025-05-30 17:46:17,623 - INFO - Reading line 1078 from test data...
2025-05-30 17:46:17,623 - INFO - Added prompt from line 1078 to batch.
2025-05-30 17:46:17,623 - INFO - Reading line 1079 from test data...
2025-05-30 17:46:17,623 - INFO - Added prompt from line 1079 to batch.
2025-05-30 17:46:17,623 - INFO - Reading line 1080 from test data...
2025-05-30 17:46:17,623 - INFO - Added prompt from line 1080 to batch.
2025-05-30 17:46:17,623 - INFO - Processing batch of 8 prompts (up to line 1080)...
2025-05-30 17:46:17,623 - INFO - Generating responses for batch of 8 prompts. System prompt: 'You are a helpful assistant.'
2025-05-30 17:46:17,624 - INFO - First formatted prompt for tokenizer (first 100 chars): '<|begin_of_text|><|start_header_id|>system<|end_header_id|>

Cutting Knowledge Date: December 2023
T...'
2025-05-30 17:46:17,624 - INFO - Input device: cuda:0, preparing to move inputs to device.
2025-05-30 17:46:17,626 - INFO - Batch of inputs tokenized, padded, truncated, and moved to model device.
2025-05-30 17:46:17,626 - INFO - Starting batched model.generate()...
Setting `pad_token_id` to `eos_token_id`:128001 for open-end generation.
2025-05-30 17:46:53,111 - INFO - Batched model.generate() completed.
2025-05-30 17:46:53,112 - INFO - Decoding batch of responses by stripping input tokens...
2025-05-30 17:46:53,114 - INFO - Input tokens stripped from responses.
2025-05-30 17:46:53,114 - INFO - Batch of responses generated.
2025-05-30 17:46:53,115 - INFO - Appended 8 results from batch to /scratch-shared/mschaffelder/data/exp_1/outputs/generation_results_lora_llama_8b_single_v8.jsonl
2025-05-30 17:46:53,116 - INFO - Reading line 1081 from test data...
2025-05-30 17:46:53,116 - INFO - Added prompt from line 1081 to batch.
2025-05-30 17:46:53,116 - INFO - Reading line 1082 from test data...
2025-05-30 17:46:53,116 - INFO - Added prompt from line 1082 to batch.
2025-05-30 17:46:53,116 - INFO - Reading line 1083 from test data...
2025-05-30 17:46:53,116 - INFO - Added prompt from line 1083 to batch.
2025-05-30 17:46:53,116 - INFO - Reading line 1084 from test data...
2025-05-30 17:46:53,116 - INFO - Added prompt from line 1084 to batch.
2025-05-30 17:46:53,116 - INFO - Reading line 1085 from test data...
2025-05-30 17:46:53,116 - INFO - Added prompt from line 1085 to batch.
2025-05-30 17:46:53,116 - INFO - Reading line 1086 from test data...
2025-05-30 17:46:53,116 - INFO - Added prompt from line 1086 to batch.
2025-05-30 17:46:53,170 - INFO - Reading line 1087 from test data...
2025-05-30 17:46:53,170 - INFO - Added prompt from line 1087 to batch.
2025-05-30 17:46:53,170 - INFO - Reading line 1088 from test data...
2025-05-30 17:46:53,170 - INFO - Added prompt from line 1088 to batch.
2025-05-30 17:46:53,170 - INFO - Processing batch of 8 prompts (up to line 1088)...
2025-05-30 17:46:53,170 - INFO - Generating responses for batch of 8 prompts. System prompt: 'You are a helpful assistant.'
2025-05-30 17:46:53,171 - INFO - First formatted prompt for tokenizer (first 100 chars): '<|begin_of_text|><|start_header_id|>system<|end_header_id|>

Cutting Knowledge Date: December 2023
T...'
2025-05-30 17:46:53,171 - INFO - Input device: cuda:0, preparing to move inputs to device.
2025-05-30 17:46:53,174 - INFO - Batch of inputs tokenized, padded, truncated, and moved to model device.
2025-05-30 17:46:53,174 - INFO - Starting batched model.generate()...
Setting `pad_token_id` to `eos_token_id`:128001 for open-end generation.
2025-05-30 17:47:02,503 - INFO - Batched model.generate() completed.
2025-05-30 17:47:02,504 - INFO - Decoding batch of responses by stripping input tokens...
2025-05-30 17:47:02,505 - INFO - Input tokens stripped from responses.
2025-05-30 17:47:02,505 - INFO - Batch of responses generated.
2025-05-30 17:47:02,505 - INFO - Appended 8 results from batch to /scratch-shared/mschaffelder/data/exp_1/outputs/generation_results_lora_llama_8b_single_v8.jsonl
2025-05-30 17:47:02,505 - INFO - Reading line 1089 from test data...
2025-05-30 17:47:02,505 - INFO - Added prompt from line 1089 to batch.
2025-05-30 17:47:02,505 - INFO - Reading line 1090 from test data...
2025-05-30 17:47:02,505 - INFO - Added prompt from line 1090 to batch.
2025-05-30 17:47:02,505 - INFO - Reading line 1091 from test data...
2025-05-30 17:47:02,505 - INFO - Added prompt from line 1091 to batch.
2025-05-30 17:47:02,506 - INFO - Reading line 1092 from test data...
2025-05-30 17:47:02,506 - INFO - Added prompt from line 1092 to batch.
2025-05-30 17:47:02,506 - INFO - Reading line 1093 from test data...
2025-05-30 17:47:02,506 - INFO - Added prompt from line 1093 to batch.
2025-05-30 17:47:02,506 - INFO - Reading line 1094 from test data...
2025-05-30 17:47:02,506 - INFO - Added prompt from line 1094 to batch.
2025-05-30 17:47:02,506 - INFO - Reading line 1095 from test data...
2025-05-30 17:47:02,506 - INFO - Added prompt from line 1095 to batch.
2025-05-30 17:47:02,506 - INFO - Reading line 1096 from test data...
2025-05-30 17:47:02,506 - INFO - Added prompt from line 1096 to batch.
2025-05-30 17:47:02,506 - INFO - Processing batch of 8 prompts (up to line 1096)...
2025-05-30 17:47:02,506 - INFO - Generating responses for batch of 8 prompts. System prompt: 'You are a helpful assistant.'
2025-05-30 17:47:02,506 - INFO - First formatted prompt for tokenizer (first 100 chars): '<|begin_of_text|><|start_header_id|>system<|end_header_id|>

Cutting Knowledge Date: December 2023
T...'
2025-05-30 17:47:02,506 - INFO - Input device: cuda:0, preparing to move inputs to device.
2025-05-30 17:47:02,507 - INFO - Batch of inputs tokenized, padded, truncated, and moved to model device.
2025-05-30 17:47:02,507 - INFO - Starting batched model.generate()...
Setting `pad_token_id` to `eos_token_id`:128001 for open-end generation.
2025-05-30 17:47:41,974 - INFO - Batched model.generate() completed.
2025-05-30 17:47:41,974 - INFO - Decoding batch of responses by stripping input tokens...
2025-05-30 17:47:41,977 - INFO - Input tokens stripped from responses.
2025-05-30 17:47:41,977 - INFO - Batch of responses generated.
2025-05-30 17:47:42,059 - INFO - Appended 8 results from batch to /scratch-shared/mschaffelder/data/exp_1/outputs/generation_results_lora_llama_8b_single_v8.jsonl
2025-05-30 17:47:42,059 - INFO - Reading line 1097 from test data...
2025-05-30 17:47:42,059 - INFO - Added prompt from line 1097 to batch.
2025-05-30 17:47:42,059 - INFO - Reading line 1098 from test data...
2025-05-30 17:47:42,059 - INFO - Added prompt from line 1098 to batch.
2025-05-30 17:47:42,071 - INFO - Reading line 1099 from test data...
2025-05-30 17:47:42,071 - INFO - Added prompt from line 1099 to batch.
2025-05-30 17:47:42,071 - INFO - Reading line 1100 from test data...
2025-05-30 17:47:42,071 - INFO - Added prompt from line 1100 to batch.
2025-05-30 17:47:42,071 - INFO - Reading line 1101 from test data...
2025-05-30 17:47:42,071 - INFO - Added prompt from line 1101 to batch.
2025-05-30 17:47:42,071 - INFO - Reading line 1102 from test data...
2025-05-30 17:47:42,071 - INFO - Added prompt from line 1102 to batch.
2025-05-30 17:47:42,071 - INFO - Reading line 1103 from test data...
2025-05-30 17:47:42,071 - INFO - Added prompt from line 1103 to batch.
2025-05-30 17:47:42,071 - INFO - Reading line 1104 from test data...
2025-05-30 17:47:42,071 - INFO - Added prompt from line 1104 to batch.
2025-05-30 17:47:42,071 - INFO - Processing batch of 8 prompts (up to line 1104)...
2025-05-30 17:47:42,071 - INFO - Generating responses for batch of 8 prompts. System prompt: 'You are a helpful assistant.'
2025-05-30 17:47:42,072 - INFO - First formatted prompt for tokenizer (first 100 chars): '<|begin_of_text|><|start_header_id|>system<|end_header_id|>

Cutting Knowledge Date: December 2023
T...'
2025-05-30 17:47:42,072 - INFO - Input device: cuda:0, preparing to move inputs to device.
2025-05-30 17:47:42,073 - INFO - Batch of inputs tokenized, padded, truncated, and moved to model device.
2025-05-30 17:47:42,073 - INFO - Starting batched model.generate()...
Setting `pad_token_id` to `eos_token_id`:128001 for open-end generation.
2025-05-30 17:48:13,784 - INFO - Batched model.generate() completed.
2025-05-30 17:48:13,784 - INFO - Decoding batch of responses by stripping input tokens...
2025-05-30 17:48:13,786 - INFO - Input tokens stripped from responses.
2025-05-30 17:48:13,786 - INFO - Batch of responses generated.
2025-05-30 17:48:13,788 - INFO - Appended 8 results from batch to /scratch-shared/mschaffelder/data/exp_1/outputs/generation_results_lora_llama_8b_single_v8.jsonl
2025-05-30 17:48:13,788 - INFO - Reading line 1105 from test data...
2025-05-30 17:48:13,788 - INFO - Added prompt from line 1105 to batch.
2025-05-30 17:48:13,788 - INFO - Reading line 1106 from test data...
2025-05-30 17:48:13,788 - INFO - Added prompt from line 1106 to batch.
2025-05-30 17:48:13,788 - INFO - Reading line 1107 from test data...
2025-05-30 17:48:13,788 - INFO - Added prompt from line 1107 to batch.
2025-05-30 17:48:13,788 - INFO - Reading line 1108 from test data...
2025-05-30 17:48:13,788 - INFO - Added prompt from line 1108 to batch.
2025-05-30 17:48:13,788 - INFO - Reading line 1109 from test data...
2025-05-30 17:48:13,788 - INFO - Added prompt from line 1109 to batch.
2025-05-30 17:48:13,788 - INFO - Reading line 1110 from test data...
2025-05-30 17:48:13,788 - INFO - Added prompt from line 1110 to batch.
2025-05-30 17:48:13,788 - INFO - Reading line 1111 from test data...
2025-05-30 17:48:13,788 - INFO - Added prompt from line 1111 to batch.
2025-05-30 17:48:13,788 - INFO - Reading line 1112 from test data...
2025-05-30 17:48:13,788 - INFO - Added prompt from line 1112 to batch.
2025-05-30 17:48:13,788 - INFO - Processing batch of 8 prompts (up to line 1112)...
2025-05-30 17:48:13,788 - INFO - Generating responses for batch of 8 prompts. System prompt: 'You are a helpful assistant.'
2025-05-30 17:48:13,788 - INFO - First formatted prompt for tokenizer (first 100 chars): '<|begin_of_text|><|start_header_id|>system<|end_header_id|>

Cutting Knowledge Date: December 2023
T...'
2025-05-30 17:48:13,789 - INFO - Input device: cuda:0, preparing to move inputs to device.
2025-05-30 17:48:13,791 - INFO - Batch of inputs tokenized, padded, truncated, and moved to model device.
2025-05-30 17:48:13,791 - INFO - Starting batched model.generate()...
Setting `pad_token_id` to `eos_token_id`:128001 for open-end generation.
2025-05-30 17:48:57,090 - INFO - Batched model.generate() completed.
2025-05-30 17:48:57,090 - INFO - Decoding batch of responses by stripping input tokens...
2025-05-30 17:48:57,093 - INFO - Input tokens stripped from responses.
2025-05-30 17:48:57,110 - INFO - Batch of responses generated.
2025-05-30 17:48:57,111 - INFO - Appended 8 results from batch to /scratch-shared/mschaffelder/data/exp_1/outputs/generation_results_lora_llama_8b_single_v8.jsonl
2025-05-30 17:48:57,111 - INFO - Reading line 1113 from test data...
2025-05-30 17:48:57,111 - INFO - Added prompt from line 1113 to batch.
2025-05-30 17:48:57,111 - INFO - Reading line 1114 from test data...
2025-05-30 17:48:57,111 - INFO - Added prompt from line 1114 to batch.
2025-05-30 17:48:57,111 - INFO - Reading line 1115 from test data...
2025-05-30 17:48:57,111 - INFO - Added prompt from line 1115 to batch.
2025-05-30 17:48:57,111 - INFO - Reading line 1116 from test data...
2025-05-30 17:48:57,111 - INFO - Added prompt from line 1116 to batch.
2025-05-30 17:48:57,111 - INFO - Reading line 1117 from test data...
2025-05-30 17:48:57,111 - INFO - Added prompt from line 1117 to batch.
2025-05-30 17:48:57,111 - INFO - Reading line 1118 from test data...
2025-05-30 17:48:57,111 - INFO - Added prompt from line 1118 to batch.
2025-05-30 17:48:57,111 - INFO - Reading line 1119 from test data...
2025-05-30 17:48:57,111 - INFO - Added prompt from line 1119 to batch.
2025-05-30 17:48:57,111 - INFO - Reading line 1120 from test data...
2025-05-30 17:48:57,111 - INFO - Added prompt from line 1120 to batch.
2025-05-30 17:48:57,111 - INFO - Processing batch of 8 prompts (up to line 1120)...
2025-05-30 17:48:57,111 - INFO - Generating responses for batch of 8 prompts. System prompt: 'You are a helpful assistant.'
2025-05-30 17:48:57,112 - INFO - First formatted prompt for tokenizer (first 100 chars): '<|begin_of_text|><|start_header_id|>system<|end_header_id|>

Cutting Knowledge Date: December 2023
T...'
2025-05-30 17:48:57,112 - INFO - Input device: cuda:0, preparing to move inputs to device.
2025-05-30 17:48:57,114 - INFO - Batch of inputs tokenized, padded, truncated, and moved to model device.
2025-05-30 17:48:57,114 - INFO - Starting batched model.generate()...
Setting `pad_token_id` to `eos_token_id`:128001 for open-end generation.
2025-05-30 17:49:38,719 - INFO - Batched model.generate() completed.
2025-05-30 17:49:38,719 - INFO - Decoding batch of responses by stripping input tokens...
2025-05-30 17:49:38,721 - INFO - Input tokens stripped from responses.
2025-05-30 17:49:38,722 - INFO - Batch of responses generated.
2025-05-30 17:49:38,723 - INFO - Appended 8 results from batch to /scratch-shared/mschaffelder/data/exp_1/outputs/generation_results_lora_llama_8b_single_v8.jsonl
2025-05-30 17:49:38,723 - INFO - Reading line 1121 from test data...
2025-05-30 17:49:38,723 - INFO - Added prompt from line 1121 to batch.
2025-05-30 17:49:38,723 - INFO - Reading line 1122 from test data...
2025-05-30 17:49:38,723 - INFO - Added prompt from line 1122 to batch.
2025-05-30 17:49:38,723 - INFO - Reading line 1123 from test data...
2025-05-30 17:49:38,723 - INFO - Added prompt from line 1123 to batch.
2025-05-30 17:49:38,723 - INFO - Reading line 1124 from test data...
2025-05-30 17:49:38,723 - INFO - Added prompt from line 1124 to batch.
2025-05-30 17:49:38,723 - INFO - Reading line 1125 from test data...
2025-05-30 17:49:38,723 - INFO - Added prompt from line 1125 to batch.
2025-05-30 17:49:38,723 - INFO - Reading line 1126 from test data...
2025-05-30 17:49:38,723 - INFO - Added prompt from line 1126 to batch.
2025-05-30 17:49:38,723 - INFO - Reading line 1127 from test data...
2025-05-30 17:49:38,723 - INFO - Added prompt from line 1127 to batch.
2025-05-30 17:49:38,723 - INFO - Reading line 1128 from test data...
2025-05-30 17:49:38,723 - INFO - Added prompt from line 1128 to batch.
2025-05-30 17:49:38,723 - INFO - Processing batch of 8 prompts (up to line 1128)...
2025-05-30 17:49:38,723 - INFO - Generating responses for batch of 8 prompts. System prompt: 'You are a helpful assistant.'
2025-05-30 17:49:38,724 - INFO - First formatted prompt for tokenizer (first 100 chars): '<|begin_of_text|><|start_header_id|>system<|end_header_id|>

Cutting Knowledge Date: December 2023
T...'
2025-05-30 17:49:38,744 - INFO - Input device: cuda:0, preparing to move inputs to device.
2025-05-30 17:49:38,746 - INFO - Batch of inputs tokenized, padded, truncated, and moved to model device.
2025-05-30 17:49:38,746 - INFO - Starting batched model.generate()...
Setting `pad_token_id` to `eos_token_id`:128001 for open-end generation.
2025-05-30 17:50:11,565 - INFO - Batched model.generate() completed.
2025-05-30 17:50:11,565 - INFO - Decoding batch of responses by stripping input tokens...
2025-05-30 17:50:11,567 - INFO - Input tokens stripped from responses.
2025-05-30 17:50:11,568 - INFO - Batch of responses generated.
2025-05-30 17:50:11,569 - INFO - Appended 8 results from batch to /scratch-shared/mschaffelder/data/exp_1/outputs/generation_results_lora_llama_8b_single_v8.jsonl
2025-05-30 17:50:11,569 - INFO - Reading line 1129 from test data...
2025-05-30 17:50:11,569 - INFO - Added prompt from line 1129 to batch.
2025-05-30 17:50:11,569 - INFO - Reading line 1130 from test data...
2025-05-30 17:50:11,569 - INFO - Added prompt from line 1130 to batch.
2025-05-30 17:50:11,569 - INFO - Reading line 1131 from test data...
2025-05-30 17:50:11,569 - INFO - Added prompt from line 1131 to batch.
2025-05-30 17:50:11,569 - INFO - Reading line 1132 from test data...
2025-05-30 17:50:11,569 - INFO - Added prompt from line 1132 to batch.
2025-05-30 17:50:11,569 - INFO - Reading line 1133 from test data...
2025-05-30 17:50:11,569 - INFO - Added prompt from line 1133 to batch.
2025-05-30 17:50:11,569 - INFO - Reading line 1134 from test data...
2025-05-30 17:50:11,569 - INFO - Added prompt from line 1134 to batch.
2025-05-30 17:50:11,569 - INFO - Reading line 1135 from test data...
2025-05-30 17:50:11,570 - INFO - Added prompt from line 1135 to batch.
2025-05-30 17:50:11,570 - INFO - Reading line 1136 from test data...
2025-05-30 17:50:11,570 - INFO - Added prompt from line 1136 to batch.
2025-05-30 17:50:11,570 - INFO - Processing batch of 8 prompts (up to line 1136)...
2025-05-30 17:50:11,570 - INFO - Generating responses for batch of 8 prompts. System prompt: 'You are a helpful assistant.'
2025-05-30 17:50:11,570 - INFO - First formatted prompt for tokenizer (first 100 chars): '<|begin_of_text|><|start_header_id|>system<|end_header_id|>

Cutting Knowledge Date: December 2023
T...'
2025-05-30 17:50:11,570 - INFO - Input device: cuda:0, preparing to move inputs to device.
2025-05-30 17:50:11,571 - INFO - Batch of inputs tokenized, padded, truncated, and moved to model device.
2025-05-30 17:50:11,571 - INFO - Starting batched model.generate()...
Setting `pad_token_id` to `eos_token_id`:128001 for open-end generation.
2025-05-30 17:50:43,465 - INFO - Batched model.generate() completed.
2025-05-30 17:50:43,465 - INFO - Decoding batch of responses by stripping input tokens...
2025-05-30 17:50:43,467 - INFO - Input tokens stripped from responses.
2025-05-30 17:50:43,467 - INFO - Batch of responses generated.
2025-05-30 17:50:43,468 - INFO - Appended 8 results from batch to /scratch-shared/mschaffelder/data/exp_1/outputs/generation_results_lora_llama_8b_single_v8.jsonl
2025-05-30 17:50:43,468 - INFO - Reading line 1137 from test data...
2025-05-30 17:50:43,468 - INFO - Added prompt from line 1137 to batch.
2025-05-30 17:50:43,468 - INFO - Reading line 1138 from test data...
2025-05-30 17:50:43,468 - INFO - Added prompt from line 1138 to batch.
2025-05-30 17:50:43,468 - INFO - Reading line 1139 from test data...
2025-05-30 17:50:43,468 - INFO - Added prompt from line 1139 to batch.
2025-05-30 17:50:43,468 - INFO - Reading line 1140 from test data...
2025-05-30 17:50:43,468 - INFO - Added prompt from line 1140 to batch.
2025-05-30 17:50:43,468 - INFO - Reading line 1141 from test data...
2025-05-30 17:50:43,468 - INFO - Added prompt from line 1141 to batch.
2025-05-30 17:50:43,469 - INFO - Reading line 1142 from test data...
2025-05-30 17:50:43,469 - INFO - Added prompt from line 1142 to batch.
2025-05-30 17:50:43,469 - INFO - Reading line 1143 from test data...
2025-05-30 17:50:43,469 - INFO - Added prompt from line 1143 to batch.
2025-05-30 17:50:43,484 - INFO - Reading line 1144 from test data...
2025-05-30 17:50:43,484 - INFO - Added prompt from line 1144 to batch.
2025-05-30 17:50:43,484 - INFO - Processing batch of 8 prompts (up to line 1144)...
2025-05-30 17:50:43,484 - INFO - Generating responses for batch of 8 prompts. System prompt: 'You are a helpful assistant.'
2025-05-30 17:50:43,484 - INFO - First formatted prompt for tokenizer (first 100 chars): '<|begin_of_text|><|start_header_id|>system<|end_header_id|>

Cutting Knowledge Date: December 2023
T...'
2025-05-30 17:50:43,485 - INFO - Input device: cuda:0, preparing to move inputs to device.
2025-05-30 17:50:43,488 - INFO - Batch of inputs tokenized, padded, truncated, and moved to model device.
2025-05-30 17:50:43,488 - INFO - Starting batched model.generate()...
Setting `pad_token_id` to `eos_token_id`:128001 for open-end generation.
2025-05-30 17:51:21,678 - INFO - Batched model.generate() completed.
2025-05-30 17:51:21,678 - INFO - Decoding batch of responses by stripping input tokens...
2025-05-30 17:51:21,680 - INFO - Input tokens stripped from responses.
2025-05-30 17:51:21,681 - INFO - Batch of responses generated.
2025-05-30 17:51:21,683 - INFO - Appended 8 results from batch to /scratch-shared/mschaffelder/data/exp_1/outputs/generation_results_lora_llama_8b_single_v8.jsonl
2025-05-30 17:51:21,683 - INFO - Reading line 1145 from test data...
2025-05-30 17:51:21,683 - INFO - Added prompt from line 1145 to batch.
2025-05-30 17:51:21,683 - INFO - Reading line 1146 from test data...
2025-05-30 17:51:21,683 - INFO - Added prompt from line 1146 to batch.
2025-05-30 17:51:21,683 - INFO - Reading line 1147 from test data...
2025-05-30 17:51:21,683 - INFO - Added prompt from line 1147 to batch.
2025-05-30 17:51:21,683 - INFO - Reading line 1148 from test data...
2025-05-30 17:51:21,683 - INFO - Added prompt from line 1148 to batch.
2025-05-30 17:51:21,683 - INFO - Reading line 1149 from test data...
2025-05-30 17:51:21,683 - INFO - Added prompt from line 1149 to batch.
2025-05-30 17:51:21,683 - INFO - Reading line 1150 from test data...
2025-05-30 17:51:21,683 - INFO - Added prompt from line 1150 to batch.
2025-05-30 17:51:21,683 - INFO - Reading line 1151 from test data...
2025-05-30 17:51:21,683 - INFO - Added prompt from line 1151 to batch.
2025-05-30 17:51:21,683 - INFO - Reading line 1152 from test data...
2025-05-30 17:51:21,683 - INFO - Added prompt from line 1152 to batch.
2025-05-30 17:51:21,683 - INFO - Processing batch of 8 prompts (up to line 1152)...
2025-05-30 17:51:21,683 - INFO - Generating responses for batch of 8 prompts. System prompt: 'You are a helpful assistant.'
2025-05-30 17:51:21,684 - INFO - First formatted prompt for tokenizer (first 100 chars): '<|begin_of_text|><|start_header_id|>system<|end_header_id|>

Cutting Knowledge Date: December 2023
T...'
2025-05-30 17:51:21,684 - INFO - Input device: cuda:0, preparing to move inputs to device.
2025-05-30 17:51:21,690 - INFO - Batch of inputs tokenized, padded, truncated, and moved to model device.
2025-05-30 17:51:21,690 - INFO - Starting batched model.generate()...
Setting `pad_token_id` to `eos_token_id`:128001 for open-end generation.
2025-05-30 17:51:55,018 - INFO - Batched model.generate() completed.
2025-05-30 17:51:55,018 - INFO - Decoding batch of responses by stripping input tokens...
2025-05-30 17:51:55,021 - INFO - Input tokens stripped from responses.
2025-05-30 17:51:55,022 - INFO - Batch of responses generated.
2025-05-30 17:51:55,023 - INFO - Appended 8 results from batch to /scratch-shared/mschaffelder/data/exp_1/outputs/generation_results_lora_llama_8b_single_v8.jsonl
2025-05-30 17:51:55,023 - INFO - Reading line 1153 from test data...
2025-05-30 17:51:55,023 - INFO - Added prompt from line 1153 to batch.
2025-05-30 17:51:55,023 - INFO - Reading line 1154 from test data...
2025-05-30 17:51:55,023 - INFO - Added prompt from line 1154 to batch.
2025-05-30 17:51:55,023 - INFO - Reading line 1155 from test data...
2025-05-30 17:51:55,023 - INFO - Added prompt from line 1155 to batch.
2025-05-30 17:51:55,039 - INFO - Reading line 1156 from test data...
2025-05-30 17:51:55,039 - INFO - Added prompt from line 1156 to batch.
2025-05-30 17:51:55,039 - INFO - Reading line 1157 from test data...
2025-05-30 17:51:55,040 - INFO - Added prompt from line 1157 to batch.
2025-05-30 17:51:55,040 - INFO - Reading line 1158 from test data...
2025-05-30 17:51:55,040 - INFO - Added prompt from line 1158 to batch.
2025-05-30 17:51:55,040 - INFO - Reading line 1159 from test data...
2025-05-30 17:51:55,040 - INFO - Added prompt from line 1159 to batch.
2025-05-30 17:51:55,040 - INFO - Reading line 1160 from test data...
2025-05-30 17:51:55,040 - INFO - Added prompt from line 1160 to batch.
2025-05-30 17:51:55,040 - INFO - Processing batch of 8 prompts (up to line 1160)...
2025-05-30 17:51:55,040 - INFO - Generating responses for batch of 8 prompts. System prompt: 'You are a helpful assistant.'
2025-05-30 17:51:55,040 - INFO - First formatted prompt for tokenizer (first 100 chars): '<|begin_of_text|><|start_header_id|>system<|end_header_id|>

Cutting Knowledge Date: December 2023
T...'
2025-05-30 17:51:55,040 - INFO - Input device: cuda:0, preparing to move inputs to device.
2025-05-30 17:51:55,042 - INFO - Batch of inputs tokenized, padded, truncated, and moved to model device.
2025-05-30 17:51:55,042 - INFO - Starting batched model.generate()...
Setting `pad_token_id` to `eos_token_id`:128001 for open-end generation.
2025-05-30 17:52:34,360 - INFO - Batched model.generate() completed.
2025-05-30 17:52:34,360 - INFO - Decoding batch of responses by stripping input tokens...
2025-05-30 17:52:34,362 - INFO - Input tokens stripped from responses.
2025-05-30 17:52:34,362 - INFO - Batch of responses generated.
2025-05-30 17:52:34,363 - INFO - Appended 8 results from batch to /scratch-shared/mschaffelder/data/exp_1/outputs/generation_results_lora_llama_8b_single_v8.jsonl
2025-05-30 17:52:34,363 - INFO - Reading line 1161 from test data...
2025-05-30 17:52:34,363 - INFO - Added prompt from line 1161 to batch.
2025-05-30 17:52:34,363 - INFO - Reading line 1162 from test data...
2025-05-30 17:52:34,363 - INFO - Added prompt from line 1162 to batch.
2025-05-30 17:52:34,363 - INFO - Reading line 1163 from test data...
2025-05-30 17:52:34,363 - INFO - Added prompt from line 1163 to batch.
2025-05-30 17:52:34,363 - INFO - Reading line 1164 from test data...
2025-05-30 17:52:34,363 - INFO - Added prompt from line 1164 to batch.
2025-05-30 17:52:34,363 - INFO - Reading line 1165 from test data...
2025-05-30 17:52:34,363 - INFO - Added prompt from line 1165 to batch.
2025-05-30 17:52:34,363 - INFO - Reading line 1166 from test data...
2025-05-30 17:52:34,363 - INFO - Added prompt from line 1166 to batch.
2025-05-30 17:52:34,363 - INFO - Reading line 1167 from test data...
2025-05-30 17:52:34,363 - INFO - Added prompt from line 1167 to batch.
2025-05-30 17:52:34,363 - INFO - Reading line 1168 from test data...
2025-05-30 17:52:34,363 - INFO - Added prompt from line 1168 to batch.
2025-05-30 17:52:34,363 - INFO - Processing batch of 8 prompts (up to line 1168)...
2025-05-30 17:52:34,363 - INFO - Generating responses for batch of 8 prompts. System prompt: 'You are a helpful assistant.'
2025-05-30 17:52:34,364 - INFO - First formatted prompt for tokenizer (first 100 chars): '<|begin_of_text|><|start_header_id|>system<|end_header_id|>

Cutting Knowledge Date: December 2023
T...'
2025-05-30 17:52:34,364 - INFO - Input device: cuda:0, preparing to move inputs to device.
2025-05-30 17:52:34,366 - INFO - Batch of inputs tokenized, padded, truncated, and moved to model device.
2025-05-30 17:52:34,366 - INFO - Starting batched model.generate()...
Setting `pad_token_id` to `eos_token_id`:128001 for open-end generation.
2025-05-30 17:53:03,235 - INFO - Batched model.generate() completed.
2025-05-30 17:53:03,235 - INFO - Decoding batch of responses by stripping input tokens...
2025-05-30 17:53:03,237 - INFO - Input tokens stripped from responses.
2025-05-30 17:53:03,238 - INFO - Batch of responses generated.
2025-05-30 17:53:03,256 - INFO - Appended 8 results from batch to /scratch-shared/mschaffelder/data/exp_1/outputs/generation_results_lora_llama_8b_single_v8.jsonl
2025-05-30 17:53:03,257 - INFO - Reading line 1169 from test data...
2025-05-30 17:53:03,257 - INFO - Added prompt from line 1169 to batch.
2025-05-30 17:53:03,257 - INFO - Reading line 1170 from test data...
2025-05-30 17:53:03,257 - INFO - Added prompt from line 1170 to batch.
2025-05-30 17:53:03,257 - INFO - Reading line 1171 from test data...
2025-05-30 17:53:03,257 - INFO - Added prompt from line 1171 to batch.
2025-05-30 17:53:03,257 - INFO - Reading line 1172 from test data...
2025-05-30 17:53:03,257 - INFO - Added prompt from line 1172 to batch.
2025-05-30 17:53:03,257 - INFO - Reading line 1173 from test data...
2025-05-30 17:53:03,257 - INFO - Added prompt from line 1173 to batch.
2025-05-30 17:53:03,257 - INFO - Reading line 1174 from test data...
2025-05-30 17:53:03,257 - INFO - Added prompt from line 1174 to batch.
2025-05-30 17:53:03,257 - INFO - Reading line 1175 from test data...
2025-05-30 17:53:03,257 - INFO - Added prompt from line 1175 to batch.
2025-05-30 17:53:03,257 - INFO - Reading line 1176 from test data...
2025-05-30 17:53:03,257 - INFO - Added prompt from line 1176 to batch.
2025-05-30 17:53:03,257 - INFO - Processing batch of 8 prompts (up to line 1176)...
2025-05-30 17:53:03,257 - INFO - Generating responses for batch of 8 prompts. System prompt: 'You are a helpful assistant.'
2025-05-30 17:53:03,258 - INFO - First formatted prompt for tokenizer (first 100 chars): '<|begin_of_text|><|start_header_id|>system<|end_header_id|>

Cutting Knowledge Date: December 2023
T...'
2025-05-30 17:53:03,258 - INFO - Input device: cuda:0, preparing to move inputs to device.
2025-05-30 17:53:03,260 - INFO - Batch of inputs tokenized, padded, truncated, and moved to model device.
2025-05-30 17:53:03,260 - INFO - Starting batched model.generate()...
Setting `pad_token_id` to `eos_token_id`:128001 for open-end generation.
2025-05-30 17:53:33,821 - INFO - Batched model.generate() completed.
2025-05-30 17:53:33,821 - INFO - Decoding batch of responses by stripping input tokens...
2025-05-30 17:53:33,823 - INFO - Input tokens stripped from responses.
2025-05-30 17:53:33,824 - INFO - Batch of responses generated.
2025-05-30 17:53:33,825 - INFO - Appended 8 results from batch to /scratch-shared/mschaffelder/data/exp_1/outputs/generation_results_lora_llama_8b_single_v8.jsonl
2025-05-30 17:53:33,825 - INFO - Reading line 1177 from test data...
2025-05-30 17:53:33,825 - INFO - Added prompt from line 1177 to batch.
2025-05-30 17:53:33,825 - INFO - Reading line 1178 from test data...
2025-05-30 17:53:33,825 - INFO - Added prompt from line 1178 to batch.
2025-05-30 17:53:33,825 - INFO - Reading line 1179 from test data...
2025-05-30 17:53:33,825 - INFO - Added prompt from line 1179 to batch.
2025-05-30 17:53:33,825 - INFO - Reading line 1180 from test data...
2025-05-30 17:53:33,825 - INFO - Added prompt from line 1180 to batch.
2025-05-30 17:53:33,825 - INFO - Reading line 1181 from test data...
2025-05-30 17:53:33,825 - INFO - Added prompt from line 1181 to batch.
2025-05-30 17:53:33,825 - INFO - Reading line 1182 from test data...
2025-05-30 17:53:33,825 - INFO - Added prompt from line 1182 to batch.
2025-05-30 17:53:33,825 - INFO - Reading line 1183 from test data...
2025-05-30 17:53:33,825 - INFO - Added prompt from line 1183 to batch.
2025-05-30 17:53:33,825 - INFO - Reading line 1184 from test data...
2025-05-30 17:53:33,825 - INFO - Added prompt from line 1184 to batch.
2025-05-30 17:53:33,825 - INFO - Processing batch of 8 prompts (up to line 1184)...
2025-05-30 17:53:33,825 - INFO - Generating responses for batch of 8 prompts. System prompt: 'You are a helpful assistant.'
2025-05-30 17:53:33,826 - INFO - First formatted prompt for tokenizer (first 100 chars): '<|begin_of_text|><|start_header_id|>system<|end_header_id|>

Cutting Knowledge Date: December 2023
T...'
2025-05-30 17:53:33,826 - INFO - Input device: cuda:0, preparing to move inputs to device.
2025-05-30 17:53:33,829 - INFO - Batch of inputs tokenized, padded, truncated, and moved to model device.
2025-05-30 17:53:33,830 - INFO - Starting batched model.generate()...
Setting `pad_token_id` to `eos_token_id`:128001 for open-end generation.
2025-05-30 17:54:07,471 - INFO - Batched model.generate() completed.
2025-05-30 17:54:07,471 - INFO - Decoding batch of responses by stripping input tokens...
2025-05-30 17:54:07,473 - INFO - Input tokens stripped from responses.
2025-05-30 17:54:07,474 - INFO - Batch of responses generated.
2025-05-30 17:54:07,475 - INFO - Appended 8 results from batch to /scratch-shared/mschaffelder/data/exp_1/outputs/generation_results_lora_llama_8b_single_v8.jsonl
2025-05-30 17:54:07,475 - INFO - Reading line 1185 from test data...
2025-05-30 17:54:07,475 - INFO - Added prompt from line 1185 to batch.
2025-05-30 17:54:07,475 - INFO - Reading line 1186 from test data...
2025-05-30 17:54:07,475 - INFO - Added prompt from line 1186 to batch.
2025-05-30 17:54:07,475 - INFO - Reading line 1187 from test data...
2025-05-30 17:54:07,475 - INFO - Added prompt from line 1187 to batch.
2025-05-30 17:54:07,475 - INFO - Reading line 1188 from test data...
2025-05-30 17:54:07,475 - INFO - Added prompt from line 1188 to batch.
2025-05-30 17:54:07,475 - INFO - Reading line 1189 from test data...
2025-05-30 17:54:07,475 - INFO - Added prompt from line 1189 to batch.
2025-05-30 17:54:07,475 - INFO - Reading line 1190 from test data...
2025-05-30 17:54:07,475 - INFO - Added prompt from line 1190 to batch.
2025-05-30 17:54:07,475 - INFO - Reading line 1191 from test data...
2025-05-30 17:54:07,475 - INFO - Added prompt from line 1191 to batch.
2025-05-30 17:54:07,475 - INFO - Reading line 1192 from test data...
2025-05-30 17:54:07,475 - INFO - Added prompt from line 1192 to batch.
2025-05-30 17:54:07,475 - INFO - Processing batch of 8 prompts (up to line 1192)...
2025-05-30 17:54:07,475 - INFO - Generating responses for batch of 8 prompts. System prompt: 'You are a helpful assistant.'
2025-05-30 17:54:07,476 - INFO - First formatted prompt for tokenizer (first 100 chars): '<|begin_of_text|><|start_header_id|>system<|end_header_id|>

Cutting Knowledge Date: December 2023
T...'
2025-05-30 17:54:07,476 - INFO - Input device: cuda:0, preparing to move inputs to device.
2025-05-30 17:54:07,480 - INFO - Batch of inputs tokenized, padded, truncated, and moved to model device.
2025-05-30 17:54:07,480 - INFO - Starting batched model.generate()...
Setting `pad_token_id` to `eos_token_id`:128001 for open-end generation.
2025-05-30 17:54:50,658 - INFO - Batched model.generate() completed.
2025-05-30 17:54:50,658 - INFO - Decoding batch of responses by stripping input tokens...
2025-05-30 17:54:50,661 - INFO - Input tokens stripped from responses.
2025-05-30 17:54:50,662 - INFO - Batch of responses generated.
2025-05-30 17:54:50,663 - INFO - Appended 8 results from batch to /scratch-shared/mschaffelder/data/exp_1/outputs/generation_results_lora_llama_8b_single_v8.jsonl
2025-05-30 17:54:50,663 - INFO - Reading line 1193 from test data...
2025-05-30 17:54:50,663 - INFO - Added prompt from line 1193 to batch.
2025-05-30 17:54:50,663 - INFO - Reading line 1194 from test data...
2025-05-30 17:54:50,663 - INFO - Added prompt from line 1194 to batch.
2025-05-30 17:54:50,663 - INFO - Reading line 1195 from test data...
2025-05-30 17:54:50,663 - INFO - Added prompt from line 1195 to batch.
2025-05-30 17:54:50,663 - INFO - Reading line 1196 from test data...
2025-05-30 17:54:50,663 - INFO - Added prompt from line 1196 to batch.
2025-05-30 17:54:50,663 - INFO - Reading line 1197 from test data...
2025-05-30 17:54:50,663 - INFO - Added prompt from line 1197 to batch.
2025-05-30 17:54:50,663 - INFO - Reading line 1198 from test data...
2025-05-30 17:54:50,663 - INFO - Added prompt from line 1198 to batch.
2025-05-30 17:54:50,663 - INFO - Reading line 1199 from test data...
2025-05-30 17:54:50,663 - INFO - Added prompt from line 1199 to batch.
2025-05-30 17:54:50,663 - INFO - Reading line 1200 from test data...
2025-05-30 17:54:50,663 - INFO - Added prompt from line 1200 to batch.
2025-05-30 17:54:50,670 - INFO - Processing batch of 8 prompts (up to line 1200)...
2025-05-30 17:54:50,670 - INFO - Generating responses for batch of 8 prompts. System prompt: 'You are a helpful assistant.'
2025-05-30 17:54:50,671 - INFO - First formatted prompt for tokenizer (first 100 chars): '<|begin_of_text|><|start_header_id|>system<|end_header_id|>

Cutting Knowledge Date: December 2023
T...'
2025-05-30 17:54:50,671 - INFO - Input device: cuda:0, preparing to move inputs to device.
2025-05-30 17:54:50,676 - INFO - Batch of inputs tokenized, padded, truncated, and moved to model device.
2025-05-30 17:54:50,676 - INFO - Starting batched model.generate()...
Setting `pad_token_id` to `eos_token_id`:128001 for open-end generation.
2025-05-30 17:55:15,108 - INFO - Batched model.generate() completed.
2025-05-30 17:55:15,108 - INFO - Decoding batch of responses by stripping input tokens...
2025-05-30 17:55:15,110 - INFO - Input tokens stripped from responses.
2025-05-30 17:55:15,110 - INFO - Batch of responses generated.
2025-05-30 17:55:15,111 - INFO - Appended 8 results from batch to /scratch-shared/mschaffelder/data/exp_1/outputs/generation_results_lora_llama_8b_single_v8.jsonl
2025-05-30 17:55:15,112 - INFO - Reading line 1201 from test data...
2025-05-30 17:55:15,112 - INFO - Added prompt from line 1201 to batch.
2025-05-30 17:55:15,112 - INFO - Reading line 1202 from test data...
2025-05-30 17:55:15,112 - INFO - Added prompt from line 1202 to batch.
2025-05-30 17:55:15,112 - INFO - Reading line 1203 from test data...
2025-05-30 17:55:15,112 - INFO - Added prompt from line 1203 to batch.
2025-05-30 17:55:15,112 - INFO - Reading line 1204 from test data...
2025-05-30 17:55:15,112 - INFO - Added prompt from line 1204 to batch.
2025-05-30 17:55:15,112 - INFO - Reading line 1205 from test data...
2025-05-30 17:55:15,112 - INFO - Added prompt from line 1205 to batch.
2025-05-30 17:55:15,112 - INFO - Reading line 1206 from test data...
2025-05-30 17:55:15,112 - INFO - Added prompt from line 1206 to batch.
2025-05-30 17:55:15,112 - INFO - Reading line 1207 from test data...
2025-05-30 17:55:15,112 - INFO - Added prompt from line 1207 to batch.
2025-05-30 17:55:15,112 - INFO - Reading line 1208 from test data...
2025-05-30 17:55:15,112 - INFO - Added prompt from line 1208 to batch.
2025-05-30 17:55:15,112 - INFO - Processing batch of 8 prompts (up to line 1208)...
2025-05-30 17:55:15,112 - INFO - Generating responses for batch of 8 prompts. System prompt: 'You are a helpful assistant.'
2025-05-30 17:55:15,112 - INFO - First formatted prompt for tokenizer (first 100 chars): '<|begin_of_text|><|start_header_id|>system<|end_header_id|>

Cutting Knowledge Date: December 2023
T...'
2025-05-30 17:55:15,112 - INFO - Input device: cuda:0, preparing to move inputs to device.
2025-05-30 17:55:15,115 - INFO - Batch of inputs tokenized, padded, truncated, and moved to model device.
2025-05-30 17:55:15,115 - INFO - Starting batched model.generate()...
Setting `pad_token_id` to `eos_token_id`:128001 for open-end generation.
2025-05-30 17:55:51,345 - INFO - Batched model.generate() completed.
2025-05-30 17:55:51,345 - INFO - Decoding batch of responses by stripping input tokens...
2025-05-30 17:55:51,347 - INFO - Input tokens stripped from responses.
2025-05-30 17:55:51,348 - INFO - Batch of responses generated.
2025-05-30 17:55:51,349 - INFO - Appended 8 results from batch to /scratch-shared/mschaffelder/data/exp_1/outputs/generation_results_lora_llama_8b_single_v8.jsonl
2025-05-30 17:55:51,349 - INFO - Reading line 1209 from test data...
2025-05-30 17:55:51,349 - INFO - Added prompt from line 1209 to batch.
2025-05-30 17:55:51,349 - INFO - Reading line 1210 from test data...
2025-05-30 17:55:51,349 - INFO - Added prompt from line 1210 to batch.
2025-05-30 17:55:51,349 - INFO - Reading line 1211 from test data...
2025-05-30 17:55:51,349 - INFO - Added prompt from line 1211 to batch.
2025-05-30 17:55:51,349 - INFO - Reading line 1212 from test data...
2025-05-30 17:55:51,349 - INFO - Added prompt from line 1212 to batch.
2025-05-30 17:55:51,369 - INFO - Reading line 1213 from test data...
2025-05-30 17:55:51,369 - INFO - Added prompt from line 1213 to batch.
2025-05-30 17:55:51,369 - INFO - Reading line 1214 from test data...
2025-05-30 17:55:51,369 - INFO - Added prompt from line 1214 to batch.
2025-05-30 17:55:51,369 - INFO - Reading line 1215 from test data...
2025-05-30 17:55:51,369 - INFO - Added prompt from line 1215 to batch.
2025-05-30 17:55:51,369 - INFO - Reading line 1216 from test data...
2025-05-30 17:55:51,369 - INFO - Added prompt from line 1216 to batch.
2025-05-30 17:55:51,369 - INFO - Processing batch of 8 prompts (up to line 1216)...
2025-05-30 17:55:51,369 - INFO - Generating responses for batch of 8 prompts. System prompt: 'You are a helpful assistant.'
2025-05-30 17:55:51,370 - INFO - First formatted prompt for tokenizer (first 100 chars): '<|begin_of_text|><|start_header_id|>system<|end_header_id|>

Cutting Knowledge Date: December 2023
T...'
2025-05-30 17:55:51,370 - INFO - Input device: cuda:0, preparing to move inputs to device.
2025-05-30 17:55:51,372 - INFO - Batch of inputs tokenized, padded, truncated, and moved to model device.
2025-05-30 17:55:51,372 - INFO - Starting batched model.generate()...
Setting `pad_token_id` to `eos_token_id`:128001 for open-end generation.
2025-05-30 17:56:29,139 - INFO - Batched model.generate() completed.
2025-05-30 17:56:29,139 - INFO - Decoding batch of responses by stripping input tokens...
2025-05-30 17:56:29,142 - INFO - Input tokens stripped from responses.
2025-05-30 17:56:29,142 - INFO - Batch of responses generated.
2025-05-30 17:56:29,144 - INFO - Appended 8 results from batch to /scratch-shared/mschaffelder/data/exp_1/outputs/generation_results_lora_llama_8b_single_v8.jsonl
2025-05-30 17:56:29,144 - INFO - Reading line 1217 from test data...
2025-05-30 17:56:29,144 - INFO - Added prompt from line 1217 to batch.
2025-05-30 17:56:29,144 - INFO - Reading line 1218 from test data...
2025-05-30 17:56:29,144 - INFO - Added prompt from line 1218 to batch.
2025-05-30 17:56:29,144 - INFO - Reading line 1219 from test data...
2025-05-30 17:56:29,144 - INFO - Added prompt from line 1219 to batch.
2025-05-30 17:56:29,144 - INFO - Reading line 1220 from test data...
2025-05-30 17:56:29,144 - INFO - Added prompt from line 1220 to batch.
2025-05-30 17:56:29,144 - INFO - Reading line 1221 from test data...
2025-05-30 17:56:29,144 - INFO - Added prompt from line 1221 to batch.
2025-05-30 17:56:29,144 - INFO - Reading line 1222 from test data...
2025-05-30 17:56:29,144 - INFO - Added prompt from line 1222 to batch.
2025-05-30 17:56:29,144 - INFO - Reading line 1223 from test data...
2025-05-30 17:56:29,144 - INFO - Added prompt from line 1223 to batch.
2025-05-30 17:56:29,144 - INFO - Reading line 1224 from test data...
2025-05-30 17:56:29,144 - INFO - Added prompt from line 1224 to batch.
2025-05-30 17:56:29,144 - INFO - Processing batch of 8 prompts (up to line 1224)...
2025-05-30 17:56:29,144 - INFO - Generating responses for batch of 8 prompts. System prompt: 'You are a helpful assistant.'
2025-05-30 17:56:29,145 - INFO - First formatted prompt for tokenizer (first 100 chars): '<|begin_of_text|><|start_header_id|>system<|end_header_id|>

Cutting Knowledge Date: December 2023
T...'
2025-05-30 17:56:29,145 - INFO - Input device: cuda:0, preparing to move inputs to device.
2025-05-30 17:56:29,147 - INFO - Batch of inputs tokenized, padded, truncated, and moved to model device.
2025-05-30 17:56:29,147 - INFO - Starting batched model.generate()...
Setting `pad_token_id` to `eos_token_id`:128001 for open-end generation.
2025-05-30 17:56:57,227 - INFO - Batched model.generate() completed.
2025-05-30 17:56:57,227 - INFO - Decoding batch of responses by stripping input tokens...
2025-05-30 17:56:57,228 - INFO - Input tokens stripped from responses.
2025-05-30 17:56:57,229 - INFO - Batch of responses generated.
2025-05-30 17:56:57,230 - INFO - Appended 8 results from batch to /scratch-shared/mschaffelder/data/exp_1/outputs/generation_results_lora_llama_8b_single_v8.jsonl
2025-05-30 17:56:57,230 - INFO - Reading line 1225 from test data...
2025-05-30 17:56:57,409 - INFO - Added prompt from line 1225 to batch.
2025-05-30 17:56:57,409 - INFO - Reading line 1226 from test data...
2025-05-30 17:56:57,409 - INFO - Added prompt from line 1226 to batch.
2025-05-30 17:56:57,409 - INFO - Reading line 1227 from test data...
2025-05-30 17:56:57,409 - INFO - Added prompt from line 1227 to batch.
2025-05-30 17:56:57,409 - INFO - Reading line 1228 from test data...
2025-05-30 17:56:57,409 - INFO - Added prompt from line 1228 to batch.
2025-05-30 17:56:57,409 - INFO - Reading line 1229 from test data...
2025-05-30 17:56:57,409 - INFO - Added prompt from line 1229 to batch.
2025-05-30 17:56:57,409 - INFO - Reading line 1230 from test data...
2025-05-30 17:56:57,409 - INFO - Added prompt from line 1230 to batch.
2025-05-30 17:56:57,409 - INFO - Reading line 1231 from test data...
2025-05-30 17:56:57,409 - INFO - Added prompt from line 1231 to batch.
2025-05-30 17:56:57,409 - INFO - Reading line 1232 from test data...
2025-05-30 17:56:57,409 - INFO - Added prompt from line 1232 to batch.
2025-05-30 17:56:57,409 - INFO - Processing batch of 8 prompts (up to line 1232)...
2025-05-30 17:56:57,409 - INFO - Generating responses for batch of 8 prompts. System prompt: 'You are a helpful assistant.'
2025-05-30 17:56:57,410 - INFO - First formatted prompt for tokenizer (first 100 chars): '<|begin_of_text|><|start_header_id|>system<|end_header_id|>

Cutting Knowledge Date: December 2023
T...'
2025-05-30 17:56:57,410 - INFO - Input device: cuda:0, preparing to move inputs to device.
2025-05-30 17:56:57,412 - INFO - Batch of inputs tokenized, padded, truncated, and moved to model device.
2025-05-30 17:56:57,412 - INFO - Starting batched model.generate()...
Setting `pad_token_id` to `eos_token_id`:128001 for open-end generation.
2025-05-30 17:57:41,759 - INFO - Batched model.generate() completed.
2025-05-30 17:57:41,759 - INFO - Decoding batch of responses by stripping input tokens...
2025-05-30 17:57:41,761 - INFO - Input tokens stripped from responses.
2025-05-30 17:57:41,762 - INFO - Batch of responses generated.
2025-05-30 17:57:41,763 - INFO - Appended 8 results from batch to /scratch-shared/mschaffelder/data/exp_1/outputs/generation_results_lora_llama_8b_single_v8.jsonl
2025-05-30 17:57:41,763 - INFO - Reading line 1233 from test data...
2025-05-30 17:57:41,763 - INFO - Added prompt from line 1233 to batch.
2025-05-30 17:57:41,763 - INFO - Reading line 1234 from test data...
2025-05-30 17:57:41,764 - INFO - Added prompt from line 1234 to batch.
2025-05-30 17:57:41,764 - INFO - Reading line 1235 from test data...
2025-05-30 17:57:41,764 - INFO - Added prompt from line 1235 to batch.
2025-05-30 17:57:41,764 - INFO - Reading line 1236 from test data...
2025-05-30 17:57:41,764 - INFO - Added prompt from line 1236 to batch.
2025-05-30 17:57:41,764 - INFO - Reading line 1237 from test data...
2025-05-30 17:57:41,764 - INFO - Added prompt from line 1237 to batch.
2025-05-30 17:57:41,764 - INFO - Reading line 1238 from test data...
2025-05-30 17:57:41,764 - INFO - Added prompt from line 1238 to batch.
2025-05-30 17:57:41,764 - INFO - Reading line 1239 from test data...
2025-05-30 17:57:41,764 - INFO - Added prompt from line 1239 to batch.
2025-05-30 17:57:41,764 - INFO - Reading line 1240 from test data...
2025-05-30 17:57:41,764 - INFO - Added prompt from line 1240 to batch.
2025-05-30 17:57:41,764 - INFO - Processing batch of 8 prompts (up to line 1240)...
2025-05-30 17:57:41,764 - INFO - Generating responses for batch of 8 prompts. System prompt: 'You are a helpful assistant.'
2025-05-30 17:57:41,764 - INFO - First formatted prompt for tokenizer (first 100 chars): '<|begin_of_text|><|start_header_id|>system<|end_header_id|>

Cutting Knowledge Date: December 2023
T...'
2025-05-30 17:57:41,764 - INFO - Input device: cuda:0, preparing to move inputs to device.
2025-05-30 17:57:41,767 - INFO - Batch of inputs tokenized, padded, truncated, and moved to model device.
2025-05-30 17:57:41,767 - INFO - Starting batched model.generate()...
Setting `pad_token_id` to `eos_token_id`:128001 for open-end generation.
2025-05-30 17:58:28,828 - INFO - Batched model.generate() completed.
2025-05-30 17:58:28,828 - INFO - Decoding batch of responses by stripping input tokens...
2025-05-30 17:58:28,831 - INFO - Input tokens stripped from responses.
2025-05-30 17:58:28,832 - INFO - Batch of responses generated.
2025-05-30 17:58:28,833 - INFO - Appended 8 results from batch to /scratch-shared/mschaffelder/data/exp_1/outputs/generation_results_lora_llama_8b_single_v8.jsonl
2025-05-30 17:58:28,833 - INFO - Reading line 1241 from test data...
2025-05-30 17:58:28,833 - INFO - Added prompt from line 1241 to batch.
2025-05-30 17:58:28,833 - INFO - Reading line 1242 from test data...
2025-05-30 17:58:28,833 - INFO - Added prompt from line 1242 to batch.
2025-05-30 17:58:28,833 - INFO - Reading line 1243 from test data...
2025-05-30 17:58:28,833 - INFO - Added prompt from line 1243 to batch.
2025-05-30 17:58:28,833 - INFO - Reading line 1244 from test data...
2025-05-30 17:58:28,833 - INFO - Added prompt from line 1244 to batch.
2025-05-30 17:58:28,833 - INFO - Reading line 1245 from test data...
2025-05-30 17:58:28,833 - INFO - Added prompt from line 1245 to batch.
2025-05-30 17:58:28,833 - INFO - Reading line 1246 from test data...
2025-05-30 17:58:28,833 - INFO - Added prompt from line 1246 to batch.
2025-05-30 17:58:28,833 - INFO - Reading line 1247 from test data...
2025-05-30 17:58:28,833 - INFO - Added prompt from line 1247 to batch.
2025-05-30 17:58:28,833 - INFO - Reading line 1248 from test data...
2025-05-30 17:58:28,833 - INFO - Added prompt from line 1248 to batch.
2025-05-30 17:58:28,833 - INFO - Processing batch of 8 prompts (up to line 1248)...
2025-05-30 17:58:28,833 - INFO - Generating responses for batch of 8 prompts. System prompt: 'You are a helpful assistant.'
2025-05-30 17:58:28,834 - INFO - First formatted prompt for tokenizer (first 100 chars): '<|begin_of_text|><|start_header_id|>system<|end_header_id|>

Cutting Knowledge Date: December 2023
T...'
2025-05-30 17:58:28,834 - INFO - Input device: cuda:0, preparing to move inputs to device.
2025-05-30 17:58:28,837 - INFO - Batch of inputs tokenized, padded, truncated, and moved to model device.
2025-05-30 17:58:28,837 - INFO - Starting batched model.generate()...
Setting `pad_token_id` to `eos_token_id`:128001 for open-end generation.
2025-05-30 17:59:11,955 - INFO - Batched model.generate() completed.
2025-05-30 17:59:11,955 - INFO - Decoding batch of responses by stripping input tokens...
2025-05-30 17:59:11,957 - INFO - Input tokens stripped from responses.
2025-05-30 17:59:11,958 - INFO - Batch of responses generated.
2025-05-30 17:59:11,959 - INFO - Appended 8 results from batch to /scratch-shared/mschaffelder/data/exp_1/outputs/generation_results_lora_llama_8b_single_v8.jsonl
2025-05-30 17:59:11,959 - INFO - Reading line 1249 from test data...
2025-05-30 17:59:11,960 - INFO - Added prompt from line 1249 to batch.
2025-05-30 17:59:11,960 - INFO - Reading line 1250 from test data...
2025-05-30 17:59:11,960 - INFO - Added prompt from line 1250 to batch.
2025-05-30 17:59:11,960 - INFO - Reading line 1251 from test data...
2025-05-30 17:59:11,960 - INFO - Added prompt from line 1251 to batch.
2025-05-30 17:59:11,960 - INFO - Reading line 1252 from test data...
2025-05-30 17:59:11,960 - INFO - Added prompt from line 1252 to batch.
2025-05-30 17:59:11,960 - INFO - Reading line 1253 from test data...
2025-05-30 17:59:11,960 - INFO - Added prompt from line 1253 to batch.
2025-05-30 17:59:11,960 - INFO - Reading line 1254 from test data...
2025-05-30 17:59:11,960 - INFO - Added prompt from line 1254 to batch.
2025-05-30 17:59:11,960 - INFO - Reading line 1255 from test data...
2025-05-30 17:59:11,960 - INFO - Added prompt from line 1255 to batch.
2025-05-30 17:59:11,960 - INFO - Reading line 1256 from test data...
2025-05-30 17:59:11,960 - INFO - Added prompt from line 1256 to batch.
2025-05-30 17:59:11,960 - INFO - Processing batch of 8 prompts (up to line 1256)...
2025-05-30 17:59:11,960 - INFO - Generating responses for batch of 8 prompts. System prompt: 'You are a helpful assistant.'
2025-05-30 17:59:11,972 - INFO - First formatted prompt for tokenizer (first 100 chars): '<|begin_of_text|><|start_header_id|>system<|end_header_id|>

Cutting Knowledge Date: December 2023
T...'
2025-05-30 17:59:11,972 - INFO - Input device: cuda:0, preparing to move inputs to device.
2025-05-30 17:59:11,975 - INFO - Batch of inputs tokenized, padded, truncated, and moved to model device.
2025-05-30 17:59:11,975 - INFO - Starting batched model.generate()...
Setting `pad_token_id` to `eos_token_id`:128001 for open-end generation.
2025-05-30 17:59:50,910 - INFO - Batched model.generate() completed.
2025-05-30 17:59:50,910 - INFO - Decoding batch of responses by stripping input tokens...
2025-05-30 17:59:50,912 - INFO - Input tokens stripped from responses.
2025-05-30 17:59:50,913 - INFO - Batch of responses generated.
2025-05-30 17:59:50,915 - INFO - Appended 8 results from batch to /scratch-shared/mschaffelder/data/exp_1/outputs/generation_results_lora_llama_8b_single_v8.jsonl
2025-05-30 17:59:50,915 - INFO - Reading line 1257 from test data...
2025-05-30 17:59:50,915 - INFO - Added prompt from line 1257 to batch.
2025-05-30 17:59:50,915 - INFO - Reading line 1258 from test data...
2025-05-30 17:59:50,915 - INFO - Added prompt from line 1258 to batch.
2025-05-30 17:59:50,915 - INFO - Reading line 1259 from test data...
2025-05-30 17:59:50,915 - INFO - Added prompt from line 1259 to batch.
2025-05-30 17:59:50,915 - INFO - Reading line 1260 from test data...
2025-05-30 17:59:50,915 - INFO - Added prompt from line 1260 to batch.
2025-05-30 17:59:50,915 - INFO - Reading line 1261 from test data...
2025-05-30 17:59:50,915 - INFO - Added prompt from line 1261 to batch.
2025-05-30 17:59:50,915 - INFO - Reading line 1262 from test data...
2025-05-30 17:59:50,915 - INFO - Added prompt from line 1262 to batch.
2025-05-30 17:59:50,915 - INFO - Reading line 1263 from test data...
2025-05-30 17:59:50,915 - INFO - Added prompt from line 1263 to batch.
2025-05-30 17:59:50,915 - INFO - Reading line 1264 from test data...
2025-05-30 17:59:50,915 - INFO - Added prompt from line 1264 to batch.
2025-05-30 17:59:50,915 - INFO - Processing batch of 8 prompts (up to line 1264)...
2025-05-30 17:59:50,915 - INFO - Generating responses for batch of 8 prompts. System prompt: 'You are a helpful assistant.'
2025-05-30 17:59:50,916 - INFO - First formatted prompt for tokenizer (first 100 chars): '<|begin_of_text|><|start_header_id|>system<|end_header_id|>

Cutting Knowledge Date: December 2023
T...'
2025-05-30 17:59:50,916 - INFO - Input device: cuda:0, preparing to move inputs to device.
2025-05-30 17:59:50,919 - INFO - Batch of inputs tokenized, padded, truncated, and moved to model device.
2025-05-30 17:59:50,919 - INFO - Starting batched model.generate()...
Setting `pad_token_id` to `eos_token_id`:128001 for open-end generation.
2025-05-30 18:00:24,227 - INFO - Batched model.generate() completed.
2025-05-30 18:00:24,228 - INFO - Decoding batch of responses by stripping input tokens...
2025-05-30 18:00:24,229 - INFO - Input tokens stripped from responses.
2025-05-30 18:00:24,229 - INFO - Batch of responses generated.
2025-05-30 18:00:24,231 - INFO - Appended 8 results from batch to /scratch-shared/mschaffelder/data/exp_1/outputs/generation_results_lora_llama_8b_single_v8.jsonl
2025-05-30 18:00:24,231 - INFO - Reading line 1265 from test data...
2025-05-30 18:00:24,231 - INFO - Added prompt from line 1265 to batch.
2025-05-30 18:00:24,231 - INFO - Reading line 1266 from test data...
2025-05-30 18:00:24,231 - INFO - Added prompt from line 1266 to batch.
2025-05-30 18:00:24,231 - INFO - Reading line 1267 from test data...
2025-05-30 18:00:24,231 - INFO - Added prompt from line 1267 to batch.
2025-05-30 18:00:24,231 - INFO - Reading line 1268 from test data...
2025-05-30 18:00:24,231 - INFO - Added prompt from line 1268 to batch.
2025-05-30 18:00:24,231 - INFO - Reading line 1269 from test data...
2025-05-30 18:00:24,231 - INFO - Added prompt from line 1269 to batch.
2025-05-30 18:00:24,231 - INFO - Reading line 1270 from test data...
2025-05-30 18:00:24,351 - INFO - Added prompt from line 1270 to batch.
2025-05-30 18:00:24,352 - INFO - Reading line 1271 from test data...
2025-05-30 18:00:24,352 - INFO - Added prompt from line 1271 to batch.
2025-05-30 18:00:24,352 - INFO - Reading line 1272 from test data...
2025-05-30 18:00:24,352 - INFO - Added prompt from line 1272 to batch.
2025-05-30 18:00:24,352 - INFO - Processing batch of 8 prompts (up to line 1272)...
2025-05-30 18:00:24,352 - INFO - Generating responses for batch of 8 prompts. System prompt: 'You are a helpful assistant.'
2025-05-30 18:00:24,352 - INFO - First formatted prompt for tokenizer (first 100 chars): '<|begin_of_text|><|start_header_id|>system<|end_header_id|>

Cutting Knowledge Date: December 2023
T...'
2025-05-30 18:00:24,352 - INFO - Input device: cuda:0, preparing to move inputs to device.
2025-05-30 18:00:24,354 - INFO - Batch of inputs tokenized, padded, truncated, and moved to model device.
2025-05-30 18:00:24,355 - INFO - Starting batched model.generate()...
Setting `pad_token_id` to `eos_token_id`:128001 for open-end generation.
2025-05-30 18:01:13,303 - INFO - Batched model.generate() completed.
2025-05-30 18:01:13,303 - INFO - Decoding batch of responses by stripping input tokens...
2025-05-30 18:01:13,306 - INFO - Input tokens stripped from responses.
2025-05-30 18:01:13,307 - INFO - Batch of responses generated.
2025-05-30 18:01:13,308 - INFO - Appended 8 results from batch to /scratch-shared/mschaffelder/data/exp_1/outputs/generation_results_lora_llama_8b_single_v8.jsonl
2025-05-30 18:01:13,308 - INFO - Reading line 1273 from test data...
2025-05-30 18:01:13,308 - INFO - Added prompt from line 1273 to batch.
2025-05-30 18:01:13,308 - INFO - Reading line 1274 from test data...
2025-05-30 18:01:13,308 - INFO - Added prompt from line 1274 to batch.
2025-05-30 18:01:13,308 - INFO - Reading line 1275 from test data...
2025-05-30 18:01:13,308 - INFO - Added prompt from line 1275 to batch.
2025-05-30 18:01:13,308 - INFO - Reading line 1276 from test data...
2025-05-30 18:01:13,308 - INFO - Added prompt from line 1276 to batch.
2025-05-30 18:01:13,308 - INFO - Reading line 1277 from test data...
2025-05-30 18:01:13,308 - INFO - Added prompt from line 1277 to batch.
2025-05-30 18:01:13,308 - INFO - Reading line 1278 from test data...
2025-05-30 18:01:13,308 - INFO - Added prompt from line 1278 to batch.
2025-05-30 18:01:13,308 - INFO - Reading line 1279 from test data...
2025-05-30 18:01:13,308 - INFO - Added prompt from line 1279 to batch.
2025-05-30 18:01:13,308 - INFO - Reading line 1280 from test data...
2025-05-30 18:01:13,308 - INFO - Added prompt from line 1280 to batch.
2025-05-30 18:01:13,308 - INFO - Processing batch of 8 prompts (up to line 1280)...
2025-05-30 18:01:13,308 - INFO - Generating responses for batch of 8 prompts. System prompt: 'You are a helpful assistant.'
2025-05-30 18:01:13,309 - INFO - First formatted prompt for tokenizer (first 100 chars): '<|begin_of_text|><|start_header_id|>system<|end_header_id|>

Cutting Knowledge Date: December 2023
T...'
2025-05-30 18:01:13,309 - INFO - Input device: cuda:0, preparing to move inputs to device.
2025-05-30 18:01:13,310 - INFO - Batch of inputs tokenized, padded, truncated, and moved to model device.
2025-05-30 18:01:13,310 - INFO - Starting batched model.generate()...
Setting `pad_token_id` to `eos_token_id`:128001 for open-end generation.
2025-05-30 18:01:54,989 - INFO - Batched model.generate() completed.
2025-05-30 18:01:54,989 - INFO - Decoding batch of responses by stripping input tokens...
2025-05-30 18:01:54,991 - INFO - Input tokens stripped from responses.
2025-05-30 18:01:54,992 - INFO - Batch of responses generated.
2025-05-30 18:01:54,993 - INFO - Appended 8 results from batch to /scratch-shared/mschaffelder/data/exp_1/outputs/generation_results_lora_llama_8b_single_v8.jsonl
2025-05-30 18:01:54,993 - INFO - Reading line 1281 from test data...
2025-05-30 18:01:54,993 - INFO - Added prompt from line 1281 to batch.
2025-05-30 18:01:54,994 - INFO - Reading line 1282 from test data...
2025-05-30 18:01:55,046 - INFO - Added prompt from line 1282 to batch.
2025-05-30 18:01:55,046 - INFO - Reading line 1283 from test data...
2025-05-30 18:01:55,046 - INFO - Added prompt from line 1283 to batch.
2025-05-30 18:01:55,046 - INFO - Reading line 1284 from test data...
2025-05-30 18:01:55,046 - INFO - Added prompt from line 1284 to batch.
2025-05-30 18:01:55,046 - INFO - Reading line 1285 from test data...
2025-05-30 18:01:55,046 - INFO - Added prompt from line 1285 to batch.
2025-05-30 18:01:55,046 - INFO - Reading line 1286 from test data...
2025-05-30 18:01:55,046 - INFO - Added prompt from line 1286 to batch.
2025-05-30 18:01:55,046 - INFO - Reading line 1287 from test data...
2025-05-30 18:01:55,046 - INFO - Added prompt from line 1287 to batch.
2025-05-30 18:01:55,046 - INFO - Reading line 1288 from test data...
2025-05-30 18:01:55,046 - INFO - Added prompt from line 1288 to batch.
2025-05-30 18:01:55,046 - INFO - Processing batch of 8 prompts (up to line 1288)...
2025-05-30 18:01:55,046 - INFO - Generating responses for batch of 8 prompts. System prompt: 'You are a helpful assistant.'
2025-05-30 18:01:55,047 - INFO - First formatted prompt for tokenizer (first 100 chars): '<|begin_of_text|><|start_header_id|>system<|end_header_id|>

Cutting Knowledge Date: December 2023
T...'
2025-05-30 18:01:55,047 - INFO - Input device: cuda:0, preparing to move inputs to device.
2025-05-30 18:01:55,049 - INFO - Batch of inputs tokenized, padded, truncated, and moved to model device.
2025-05-30 18:01:55,049 - INFO - Starting batched model.generate()...
Setting `pad_token_id` to `eos_token_id`:128001 for open-end generation.
2025-05-30 18:02:23,839 - INFO - Batched model.generate() completed.
2025-05-30 18:02:23,840 - INFO - Decoding batch of responses by stripping input tokens...
2025-05-30 18:02:23,841 - INFO - Input tokens stripped from responses.
2025-05-30 18:02:23,842 - INFO - Batch of responses generated.
2025-05-30 18:02:23,843 - INFO - Appended 8 results from batch to /scratch-shared/mschaffelder/data/exp_1/outputs/generation_results_lora_llama_8b_single_v8.jsonl
2025-05-30 18:02:23,844 - INFO - Reading line 1289 from test data...
2025-05-30 18:02:23,844 - INFO - Added prompt from line 1289 to batch.
2025-05-30 18:02:23,844 - INFO - Reading line 1290 from test data...
2025-05-30 18:02:23,844 - INFO - Added prompt from line 1290 to batch.
2025-05-30 18:02:23,844 - INFO - Reading line 1291 from test data...
2025-05-30 18:02:23,844 - INFO - Added prompt from line 1291 to batch.
2025-05-30 18:02:23,844 - INFO - Reading line 1292 from test data...
2025-05-30 18:02:23,844 - INFO - Added prompt from line 1292 to batch.
2025-05-30 18:02:23,844 - INFO - Reading line 1293 from test data...
2025-05-30 18:02:23,844 - INFO - Added prompt from line 1293 to batch.
2025-05-30 18:02:23,844 - INFO - Reading line 1294 from test data...
2025-05-30 18:02:23,844 - INFO - Added prompt from line 1294 to batch.
2025-05-30 18:02:23,844 - INFO - Reading line 1295 from test data...
2025-05-30 18:02:23,844 - INFO - Added prompt from line 1295 to batch.
2025-05-30 18:02:23,844 - INFO - Reading line 1296 from test data...
2025-05-30 18:02:23,844 - INFO - Added prompt from line 1296 to batch.
2025-05-30 18:02:23,844 - INFO - Processing batch of 8 prompts (up to line 1296)...
2025-05-30 18:02:23,844 - INFO - Generating responses for batch of 8 prompts. System prompt: 'You are a helpful assistant.'
2025-05-30 18:02:23,844 - INFO - First formatted prompt for tokenizer (first 100 chars): '<|begin_of_text|><|start_header_id|>system<|end_header_id|>

Cutting Knowledge Date: December 2023
T...'
2025-05-30 18:02:23,845 - INFO - Input device: cuda:0, preparing to move inputs to device.
2025-05-30 18:02:23,849 - INFO - Batch of inputs tokenized, padded, truncated, and moved to model device.
2025-05-30 18:02:23,849 - INFO - Starting batched model.generate()...
Setting `pad_token_id` to `eos_token_id`:128001 for open-end generation.
2025-05-30 18:03:10,927 - INFO - Batched model.generate() completed.
2025-05-30 18:03:10,927 - INFO - Decoding batch of responses by stripping input tokens...
2025-05-30 18:03:10,961 - INFO - Input tokens stripped from responses.
2025-05-30 18:03:10,961 - INFO - Batch of responses generated.
2025-05-30 18:03:10,963 - INFO - Appended 8 results from batch to /scratch-shared/mschaffelder/data/exp_1/outputs/generation_results_lora_llama_8b_single_v8.jsonl
2025-05-30 18:03:10,963 - INFO - Reading line 1297 from test data...
2025-05-30 18:03:10,963 - INFO - Added prompt from line 1297 to batch.
2025-05-30 18:03:10,963 - INFO - Reading line 1298 from test data...
2025-05-30 18:03:10,963 - INFO - Added prompt from line 1298 to batch.
2025-05-30 18:03:10,963 - INFO - Reading line 1299 from test data...
2025-05-30 18:03:10,963 - INFO - Added prompt from line 1299 to batch.
2025-05-30 18:03:10,963 - INFO - Reading line 1300 from test data...
2025-05-30 18:03:10,963 - INFO - Added prompt from line 1300 to batch.
2025-05-30 18:03:10,963 - INFO - Reading line 1301 from test data...
2025-05-30 18:03:10,963 - INFO - Added prompt from line 1301 to batch.
2025-05-30 18:03:10,963 - INFO - Reading line 1302 from test data...
2025-05-30 18:03:10,963 - INFO - Added prompt from line 1302 to batch.
2025-05-30 18:03:10,963 - INFO - Reading line 1303 from test data...
2025-05-30 18:03:10,963 - INFO - Added prompt from line 1303 to batch.
2025-05-30 18:03:10,963 - INFO - Reading line 1304 from test data...
2025-05-30 18:03:10,963 - INFO - Added prompt from line 1304 to batch.
2025-05-30 18:03:10,963 - INFO - Processing batch of 8 prompts (up to line 1304)...
2025-05-30 18:03:10,963 - INFO - Generating responses for batch of 8 prompts. System prompt: 'You are a helpful assistant.'
2025-05-30 18:03:10,964 - INFO - First formatted prompt for tokenizer (first 100 chars): '<|begin_of_text|><|start_header_id|>system<|end_header_id|>

Cutting Knowledge Date: December 2023
T...'
2025-05-30 18:03:10,964 - INFO - Input device: cuda:0, preparing to move inputs to device.
2025-05-30 18:03:10,966 - INFO - Batch of inputs tokenized, padded, truncated, and moved to model device.
2025-05-30 18:03:10,966 - INFO - Starting batched model.generate()...
Setting `pad_token_id` to `eos_token_id`:128001 for open-end generation.
2025-05-30 18:03:45,102 - INFO - Batched model.generate() completed.
2025-05-30 18:03:45,102 - INFO - Decoding batch of responses by stripping input tokens...
2025-05-30 18:03:45,103 - INFO - Input tokens stripped from responses.
2025-05-30 18:03:45,104 - INFO - Batch of responses generated.
2025-05-30 18:03:45,106 - INFO - Appended 8 results from batch to /scratch-shared/mschaffelder/data/exp_1/outputs/generation_results_lora_llama_8b_single_v8.jsonl
2025-05-30 18:03:45,106 - INFO - Reading line 1305 from test data...
2025-05-30 18:03:45,106 - INFO - Added prompt from line 1305 to batch.
2025-05-30 18:03:45,106 - INFO - Reading line 1306 from test data...
2025-05-30 18:03:45,106 - INFO - Added prompt from line 1306 to batch.
2025-05-30 18:03:45,106 - INFO - Reading line 1307 from test data...
2025-05-30 18:03:45,106 - INFO - Added prompt from line 1307 to batch.
2025-05-30 18:03:45,106 - INFO - Reading line 1308 from test data...
2025-05-30 18:03:45,106 - INFO - Added prompt from line 1308 to batch.
2025-05-30 18:03:45,106 - INFO - Reading line 1309 from test data...
2025-05-30 18:03:45,106 - INFO - Added prompt from line 1309 to batch.
2025-05-30 18:03:45,106 - INFO - Reading line 1310 from test data...
2025-05-30 18:03:45,106 - INFO - Added prompt from line 1310 to batch.
2025-05-30 18:03:45,106 - INFO - Reading line 1311 from test data...
2025-05-30 18:03:45,106 - INFO - Added prompt from line 1311 to batch.
2025-05-30 18:03:45,106 - INFO - Reading line 1312 from test data...
2025-05-30 18:03:45,106 - INFO - Added prompt from line 1312 to batch.
2025-05-30 18:03:45,106 - INFO - Processing batch of 8 prompts (up to line 1312)...
2025-05-30 18:03:45,106 - INFO - Generating responses for batch of 8 prompts. System prompt: 'You are a helpful assistant.'
2025-05-30 18:03:45,107 - INFO - First formatted prompt for tokenizer (first 100 chars): '<|begin_of_text|><|start_header_id|>system<|end_header_id|>

Cutting Knowledge Date: December 2023
T...'
2025-05-30 18:03:45,195 - INFO - Input device: cuda:0, preparing to move inputs to device.
2025-05-30 18:03:45,198 - INFO - Batch of inputs tokenized, padded, truncated, and moved to model device.
2025-05-30 18:03:45,198 - INFO - Starting batched model.generate()...
Setting `pad_token_id` to `eos_token_id`:128001 for open-end generation.
2025-05-30 18:04:18,514 - INFO - Batched model.generate() completed.
2025-05-30 18:04:18,514 - INFO - Decoding batch of responses by stripping input tokens...
2025-05-30 18:04:18,516 - INFO - Input tokens stripped from responses.
2025-05-30 18:04:18,517 - INFO - Batch of responses generated.
2025-05-30 18:04:18,518 - INFO - Appended 8 results from batch to /scratch-shared/mschaffelder/data/exp_1/outputs/generation_results_lora_llama_8b_single_v8.jsonl
2025-05-30 18:04:18,518 - INFO - Reading line 1313 from test data...
2025-05-30 18:04:18,518 - INFO - Added prompt from line 1313 to batch.
2025-05-30 18:04:18,518 - INFO - Reading line 1314 from test data...
2025-05-30 18:04:18,518 - INFO - Added prompt from line 1314 to batch.
2025-05-30 18:04:18,518 - INFO - Reading line 1315 from test data...
2025-05-30 18:04:18,518 - INFO - Added prompt from line 1315 to batch.
2025-05-30 18:04:18,518 - INFO - Reading line 1316 from test data...
2025-05-30 18:04:18,519 - INFO - Added prompt from line 1316 to batch.
2025-05-30 18:04:18,519 - INFO - Reading line 1317 from test data...
2025-05-30 18:04:18,519 - INFO - Added prompt from line 1317 to batch.
2025-05-30 18:04:18,519 - INFO - Reading line 1318 from test data...
2025-05-30 18:04:18,519 - INFO - Added prompt from line 1318 to batch.
2025-05-30 18:04:18,519 - INFO - Reading line 1319 from test data...
2025-05-30 18:04:18,519 - INFO - Added prompt from line 1319 to batch.
2025-05-30 18:04:18,519 - INFO - Reading line 1320 from test data...
2025-05-30 18:04:18,519 - INFO - Added prompt from line 1320 to batch.
2025-05-30 18:04:18,519 - INFO - Processing batch of 8 prompts (up to line 1320)...
2025-05-30 18:04:18,519 - INFO - Generating responses for batch of 8 prompts. System prompt: 'You are a helpful assistant.'
2025-05-30 18:04:18,519 - INFO - First formatted prompt for tokenizer (first 100 chars): '<|begin_of_text|><|start_header_id|>system<|end_header_id|>

Cutting Knowledge Date: December 2023
T...'
2025-05-30 18:04:18,519 - INFO - Input device: cuda:0, preparing to move inputs to device.
2025-05-30 18:04:18,521 - INFO - Batch of inputs tokenized, padded, truncated, and moved to model device.
2025-05-30 18:04:18,521 - INFO - Starting batched model.generate()...
Setting `pad_token_id` to `eos_token_id`:128001 for open-end generation.
2025-05-30 18:05:07,238 - INFO - Batched model.generate() completed.
2025-05-30 18:05:07,238 - INFO - Decoding batch of responses by stripping input tokens...
2025-05-30 18:05:07,241 - INFO - Input tokens stripped from responses.
2025-05-30 18:05:07,242 - INFO - Batch of responses generated.
2025-05-30 18:05:07,243 - INFO - Appended 8 results from batch to /scratch-shared/mschaffelder/data/exp_1/outputs/generation_results_lora_llama_8b_single_v8.jsonl
2025-05-30 18:05:07,244 - INFO - Reading line 1321 from test data...
2025-05-30 18:05:07,244 - INFO - Added prompt from line 1321 to batch.
2025-05-30 18:05:07,244 - INFO - Reading line 1322 from test data...
2025-05-30 18:05:07,244 - INFO - Added prompt from line 1322 to batch.
2025-05-30 18:05:07,244 - INFO - Reading line 1323 from test data...
2025-05-30 18:05:07,244 - INFO - Added prompt from line 1323 to batch.
2025-05-30 18:05:07,244 - INFO - Reading line 1324 from test data...
2025-05-30 18:05:07,244 - INFO - Added prompt from line 1324 to batch.
2025-05-30 18:05:07,244 - INFO - Reading line 1325 from test data...
2025-05-30 18:05:07,244 - INFO - Added prompt from line 1325 to batch.
2025-05-30 18:05:07,244 - INFO - Reading line 1326 from test data...
2025-05-30 18:05:07,244 - INFO - Added prompt from line 1326 to batch.
2025-05-30 18:05:07,244 - INFO - Reading line 1327 from test data...
2025-05-30 18:05:07,257 - INFO - Added prompt from line 1327 to batch.
2025-05-30 18:05:07,257 - INFO - Reading line 1328 from test data...
2025-05-30 18:05:07,257 - INFO - Added prompt from line 1328 to batch.
2025-05-30 18:05:07,257 - INFO - Processing batch of 8 prompts (up to line 1328)...
2025-05-30 18:05:07,257 - INFO - Generating responses for batch of 8 prompts. System prompt: 'You are a helpful assistant.'
2025-05-30 18:05:07,258 - INFO - First formatted prompt for tokenizer (first 100 chars): '<|begin_of_text|><|start_header_id|>system<|end_header_id|>

Cutting Knowledge Date: December 2023
T...'
2025-05-30 18:05:07,258 - INFO - Input device: cuda:0, preparing to move inputs to device.
2025-05-30 18:05:07,260 - INFO - Batch of inputs tokenized, padded, truncated, and moved to model device.
2025-05-30 18:05:07,260 - INFO - Starting batched model.generate()...
Setting `pad_token_id` to `eos_token_id`:128001 for open-end generation.
2025-05-30 18:06:02,359 - INFO - Batched model.generate() completed.
2025-05-30 18:06:02,359 - INFO - Decoding batch of responses by stripping input tokens...
2025-05-30 18:06:02,361 - INFO - Input tokens stripped from responses.
2025-05-30 18:06:02,362 - INFO - Batch of responses generated.
2025-05-30 18:06:02,362 - INFO - Appended 8 results from batch to /scratch-shared/mschaffelder/data/exp_1/outputs/generation_results_lora_llama_8b_single_v8.jsonl
2025-05-30 18:06:02,362 - INFO - Reading line 1329 from test data...
2025-05-30 18:06:02,362 - INFO - Added prompt from line 1329 to batch.
2025-05-30 18:06:02,362 - INFO - Reading line 1330 from test data...
2025-05-30 18:06:02,362 - INFO - Added prompt from line 1330 to batch.
2025-05-30 18:06:02,362 - INFO - Reading line 1331 from test data...
2025-05-30 18:06:02,362 - INFO - Added prompt from line 1331 to batch.
2025-05-30 18:06:02,362 - INFO - Reading line 1332 from test data...
2025-05-30 18:06:02,362 - INFO - Added prompt from line 1332 to batch.
2025-05-30 18:06:02,362 - INFO - Reading line 1333 from test data...
2025-05-30 18:06:02,363 - INFO - Added prompt from line 1333 to batch.
2025-05-30 18:06:02,363 - INFO - Reading line 1334 from test data...
2025-05-30 18:06:02,363 - INFO - Added prompt from line 1334 to batch.
2025-05-30 18:06:02,363 - INFO - Reading line 1335 from test data...
2025-05-30 18:06:02,363 - INFO - Added prompt from line 1335 to batch.
2025-05-30 18:06:02,363 - INFO - Reading line 1336 from test data...
2025-05-30 18:06:02,363 - INFO - Added prompt from line 1336 to batch.
2025-05-30 18:06:02,363 - INFO - Processing batch of 8 prompts (up to line 1336)...
2025-05-30 18:06:02,363 - INFO - Generating responses for batch of 8 prompts. System prompt: 'You are a helpful assistant.'
2025-05-30 18:06:02,363 - INFO - First formatted prompt for tokenizer (first 100 chars): '<|begin_of_text|><|start_header_id|>system<|end_header_id|>

Cutting Knowledge Date: December 2023
T...'
2025-05-30 18:06:02,363 - INFO - Input device: cuda:0, preparing to move inputs to device.
2025-05-30 18:06:02,366 - INFO - Batch of inputs tokenized, padded, truncated, and moved to model device.
2025-05-30 18:06:02,366 - INFO - Starting batched model.generate()...
Setting `pad_token_id` to `eos_token_id`:128001 for open-end generation.
2025-05-30 18:06:10,719 - INFO - Batched model.generate() completed.
2025-05-30 18:06:10,719 - INFO - Decoding batch of responses by stripping input tokens...
2025-05-30 18:06:10,720 - INFO - Input tokens stripped from responses.
2025-05-30 18:06:10,721 - INFO - Batch of responses generated.
2025-05-30 18:06:10,722 - INFO - Appended 8 results from batch to /scratch-shared/mschaffelder/data/exp_1/outputs/generation_results_lora_llama_8b_single_v8.jsonl
2025-05-30 18:06:10,722 - INFO - Reading line 1337 from test data...
2025-05-30 18:06:10,722 - INFO - Added prompt from line 1337 to batch.
2025-05-30 18:06:10,722 - INFO - Reading line 1338 from test data...
2025-05-30 18:06:10,722 - INFO - Added prompt from line 1338 to batch.
2025-05-30 18:06:10,722 - INFO - Reading line 1339 from test data...
2025-05-30 18:06:10,731 - INFO - Added prompt from line 1339 to batch.
2025-05-30 18:06:10,731 - INFO - Reading line 1340 from test data...
2025-05-30 18:06:10,731 - INFO - Added prompt from line 1340 to batch.
2025-05-30 18:06:10,731 - INFO - Reading line 1341 from test data...
2025-05-30 18:06:10,731 - INFO - Added prompt from line 1341 to batch.
2025-05-30 18:06:10,731 - INFO - Reading line 1342 from test data...
2025-05-30 18:06:10,731 - INFO - Added prompt from line 1342 to batch.
2025-05-30 18:06:10,731 - INFO - Reading line 1343 from test data...
2025-05-30 18:06:10,731 - INFO - Added prompt from line 1343 to batch.
2025-05-30 18:06:10,731 - INFO - Reading line 1344 from test data...
2025-05-30 18:06:10,731 - INFO - Added prompt from line 1344 to batch.
2025-05-30 18:06:10,731 - INFO - Processing batch of 8 prompts (up to line 1344)...
2025-05-30 18:06:10,731 - INFO - Generating responses for batch of 8 prompts. System prompt: 'You are a helpful assistant.'
2025-05-30 18:06:10,731 - INFO - First formatted prompt for tokenizer (first 100 chars): '<|begin_of_text|><|start_header_id|>system<|end_header_id|>

Cutting Knowledge Date: December 2023
T...'
2025-05-30 18:06:10,731 - INFO - Input device: cuda:0, preparing to move inputs to device.
2025-05-30 18:06:10,733 - INFO - Batch of inputs tokenized, padded, truncated, and moved to model device.
2025-05-30 18:06:10,733 - INFO - Starting batched model.generate()...
Setting `pad_token_id` to `eos_token_id`:128001 for open-end generation.
2025-05-30 18:06:32,945 - INFO - Batched model.generate() completed.
2025-05-30 18:06:32,946 - INFO - Decoding batch of responses by stripping input tokens...
2025-05-30 18:06:32,947 - INFO - Input tokens stripped from responses.
2025-05-30 18:06:32,947 - INFO - Batch of responses generated.
2025-05-30 18:06:32,978 - INFO - Appended 8 results from batch to /scratch-shared/mschaffelder/data/exp_1/outputs/generation_results_lora_llama_8b_single_v8.jsonl
2025-05-30 18:06:32,978 - INFO - Reading line 1345 from test data...
2025-05-30 18:06:32,978 - INFO - Added prompt from line 1345 to batch.
2025-05-30 18:06:32,978 - INFO - Reading line 1346 from test data...
2025-05-30 18:06:32,978 - INFO - Added prompt from line 1346 to batch.
2025-05-30 18:06:32,978 - INFO - Reading line 1347 from test data...
2025-05-30 18:06:32,978 - INFO - Added prompt from line 1347 to batch.
2025-05-30 18:06:32,978 - INFO - Reading line 1348 from test data...
2025-05-30 18:06:32,978 - INFO - Added prompt from line 1348 to batch.
2025-05-30 18:06:32,978 - INFO - Reading line 1349 from test data...
2025-05-30 18:06:32,978 - INFO - Added prompt from line 1349 to batch.
2025-05-30 18:06:32,978 - INFO - Reading line 1350 from test data...
2025-05-30 18:06:32,978 - INFO - Added prompt from line 1350 to batch.
2025-05-30 18:06:32,978 - INFO - Reading line 1351 from test data...
2025-05-30 18:06:32,978 - INFO - Added prompt from line 1351 to batch.
2025-05-30 18:06:32,978 - INFO - Reading line 1352 from test data...
2025-05-30 18:06:32,978 - INFO - Added prompt from line 1352 to batch.
2025-05-30 18:06:32,978 - INFO - Processing batch of 8 prompts (up to line 1352)...
2025-05-30 18:06:32,978 - INFO - Generating responses for batch of 8 prompts. System prompt: 'You are a helpful assistant.'
2025-05-30 18:06:32,979 - INFO - First formatted prompt for tokenizer (first 100 chars): '<|begin_of_text|><|start_header_id|>system<|end_header_id|>

Cutting Knowledge Date: December 2023
T...'
2025-05-30 18:06:32,979 - INFO - Input device: cuda:0, preparing to move inputs to device.
2025-05-30 18:06:32,980 - INFO - Batch of inputs tokenized, padded, truncated, and moved to model device.
2025-05-30 18:06:32,980 - INFO - Starting batched model.generate()...
Setting `pad_token_id` to `eos_token_id`:128001 for open-end generation.
2025-05-30 18:07:07,189 - INFO - Batched model.generate() completed.
2025-05-30 18:07:07,189 - INFO - Decoding batch of responses by stripping input tokens...
2025-05-30 18:07:07,191 - INFO - Input tokens stripped from responses.
2025-05-30 18:07:07,222 - INFO - Batch of responses generated.
2025-05-30 18:07:07,224 - INFO - Appended 8 results from batch to /scratch-shared/mschaffelder/data/exp_1/outputs/generation_results_lora_llama_8b_single_v8.jsonl
2025-05-30 18:07:07,224 - INFO - Reading line 1353 from test data...
2025-05-30 18:07:07,224 - INFO - Added prompt from line 1353 to batch.
2025-05-30 18:07:07,224 - INFO - Reading line 1354 from test data...
2025-05-30 18:07:07,224 - INFO - Added prompt from line 1354 to batch.
2025-05-30 18:07:07,224 - INFO - Reading line 1355 from test data...
2025-05-30 18:07:07,224 - INFO - Added prompt from line 1355 to batch.
2025-05-30 18:07:07,224 - INFO - Reading line 1356 from test data...
2025-05-30 18:07:07,224 - INFO - Added prompt from line 1356 to batch.
2025-05-30 18:07:07,224 - INFO - Reading line 1357 from test data...
2025-05-30 18:07:07,224 - INFO - Added prompt from line 1357 to batch.
2025-05-30 18:07:07,224 - INFO - Reading line 1358 from test data...
2025-05-30 18:07:07,224 - INFO - Added prompt from line 1358 to batch.
2025-05-30 18:07:07,224 - INFO - Reading line 1359 from test data...
2025-05-30 18:07:07,224 - INFO - Added prompt from line 1359 to batch.
2025-05-30 18:07:07,224 - INFO - Reading line 1360 from test data...
2025-05-30 18:07:07,224 - INFO - Added prompt from line 1360 to batch.
2025-05-30 18:07:07,224 - INFO - Processing batch of 8 prompts (up to line 1360)...
2025-05-30 18:07:07,224 - INFO - Generating responses for batch of 8 prompts. System prompt: 'You are a helpful assistant.'
2025-05-30 18:07:07,225 - INFO - First formatted prompt for tokenizer (first 100 chars): '<|begin_of_text|><|start_header_id|>system<|end_header_id|>

Cutting Knowledge Date: December 2023
T...'
2025-05-30 18:07:07,225 - INFO - Input device: cuda:0, preparing to move inputs to device.
2025-05-30 18:07:07,227 - INFO - Batch of inputs tokenized, padded, truncated, and moved to model device.
2025-05-30 18:07:07,227 - INFO - Starting batched model.generate()...
Setting `pad_token_id` to `eos_token_id`:128001 for open-end generation.
2025-05-30 18:07:35,227 - INFO - Batched model.generate() completed.
2025-05-30 18:07:35,227 - INFO - Decoding batch of responses by stripping input tokens...
2025-05-30 18:07:35,229 - INFO - Input tokens stripped from responses.
2025-05-30 18:07:35,229 - INFO - Batch of responses generated.
2025-05-30 18:07:35,231 - INFO - Appended 8 results from batch to /scratch-shared/mschaffelder/data/exp_1/outputs/generation_results_lora_llama_8b_single_v8.jsonl
2025-05-30 18:07:35,231 - INFO - Reading line 1361 from test data...
2025-05-30 18:07:35,231 - INFO - Added prompt from line 1361 to batch.
2025-05-30 18:07:35,231 - INFO - Reading line 1362 from test data...
2025-05-30 18:07:35,231 - INFO - Added prompt from line 1362 to batch.
2025-05-30 18:07:35,231 - INFO - Reading line 1363 from test data...
2025-05-30 18:07:35,231 - INFO - Added prompt from line 1363 to batch.
2025-05-30 18:07:35,231 - INFO - Reading line 1364 from test data...
2025-05-30 18:07:35,231 - INFO - Added prompt from line 1364 to batch.
2025-05-30 18:07:35,231 - INFO - Reading line 1365 from test data...
2025-05-30 18:07:35,231 - INFO - Added prompt from line 1365 to batch.
2025-05-30 18:07:35,231 - INFO - Reading line 1366 from test data...
2025-05-30 18:07:35,231 - INFO - Added prompt from line 1366 to batch.
2025-05-30 18:07:35,231 - INFO - Reading line 1367 from test data...
2025-05-30 18:07:35,231 - INFO - Added prompt from line 1367 to batch.
2025-05-30 18:07:35,231 - INFO - Reading line 1368 from test data...
2025-05-30 18:07:35,231 - INFO - Added prompt from line 1368 to batch.
2025-05-30 18:07:35,231 - INFO - Processing batch of 8 prompts (up to line 1368)...
2025-05-30 18:07:35,231 - INFO - Generating responses for batch of 8 prompts. System prompt: 'You are a helpful assistant.'
2025-05-30 18:07:35,232 - INFO - First formatted prompt for tokenizer (first 100 chars): '<|begin_of_text|><|start_header_id|>system<|end_header_id|>

Cutting Knowledge Date: December 2023
T...'
2025-05-30 18:07:35,232 - INFO - Input device: cuda:0, preparing to move inputs to device.
2025-05-30 18:07:35,244 - INFO - Batch of inputs tokenized, padded, truncated, and moved to model device.
2025-05-30 18:07:35,244 - INFO - Starting batched model.generate()...
Setting `pad_token_id` to `eos_token_id`:128001 for open-end generation.
2025-05-30 18:08:13,180 - INFO - Batched model.generate() completed.
2025-05-30 18:08:13,181 - INFO - Decoding batch of responses by stripping input tokens...
2025-05-30 18:08:13,182 - INFO - Input tokens stripped from responses.
2025-05-30 18:08:13,183 - INFO - Batch of responses generated.
2025-05-30 18:08:13,185 - INFO - Appended 8 results from batch to /scratch-shared/mschaffelder/data/exp_1/outputs/generation_results_lora_llama_8b_single_v8.jsonl
2025-05-30 18:08:13,185 - INFO - Reading line 1369 from test data...
2025-05-30 18:08:13,185 - INFO - Added prompt from line 1369 to batch.
2025-05-30 18:08:13,185 - INFO - Reading line 1370 from test data...
2025-05-30 18:08:13,185 - INFO - Added prompt from line 1370 to batch.
2025-05-30 18:08:13,185 - INFO - Reading line 1371 from test data...
2025-05-30 18:08:13,185 - INFO - Added prompt from line 1371 to batch.
2025-05-30 18:08:13,185 - INFO - Reading line 1372 from test data...
2025-05-30 18:08:13,185 - INFO - Added prompt from line 1372 to batch.
2025-05-30 18:08:13,185 - INFO - Reading line 1373 from test data...
2025-05-30 18:08:13,185 - INFO - Added prompt from line 1373 to batch.
2025-05-30 18:08:13,185 - INFO - Reading line 1374 from test data...
2025-05-30 18:08:13,185 - INFO - Added prompt from line 1374 to batch.
2025-05-30 18:08:13,185 - INFO - Reading line 1375 from test data...
2025-05-30 18:08:13,185 - INFO - Added prompt from line 1375 to batch.
2025-05-30 18:08:13,185 - INFO - Reading line 1376 from test data...
2025-05-30 18:08:13,185 - INFO - Added prompt from line 1376 to batch.
2025-05-30 18:08:13,185 - INFO - Processing batch of 8 prompts (up to line 1376)...
2025-05-30 18:08:13,185 - INFO - Generating responses for batch of 8 prompts. System prompt: 'You are a helpful assistant.'
2025-05-30 18:08:13,186 - INFO - First formatted prompt for tokenizer (first 100 chars): '<|begin_of_text|><|start_header_id|>system<|end_header_id|>

Cutting Knowledge Date: December 2023
T...'
2025-05-30 18:08:13,186 - INFO - Input device: cuda:0, preparing to move inputs to device.
2025-05-30 18:08:13,192 - INFO - Batch of inputs tokenized, padded, truncated, and moved to model device.
2025-05-30 18:08:13,192 - INFO - Starting batched model.generate()...
Setting `pad_token_id` to `eos_token_id`:128001 for open-end generation.
2025-05-30 18:08:47,817 - INFO - Batched model.generate() completed.
2025-05-30 18:08:47,817 - INFO - Decoding batch of responses by stripping input tokens...
2025-05-30 18:08:47,820 - INFO - Input tokens stripped from responses.
2025-05-30 18:08:47,821 - INFO - Batch of responses generated.
2025-05-30 18:08:47,823 - INFO - Appended 8 results from batch to /scratch-shared/mschaffelder/data/exp_1/outputs/generation_results_lora_llama_8b_single_v8.jsonl
2025-05-30 18:08:47,823 - INFO - Reading line 1377 from test data...
2025-05-30 18:08:47,823 - INFO - Added prompt from line 1377 to batch.
2025-05-30 18:08:47,823 - INFO - Reading line 1378 from test data...
2025-05-30 18:08:47,823 - INFO - Added prompt from line 1378 to batch.
2025-05-30 18:08:47,823 - INFO - Reading line 1379 from test data...
2025-05-30 18:08:47,823 - INFO - Added prompt from line 1379 to batch.
2025-05-30 18:08:47,823 - INFO - Reading line 1380 from test data...
2025-05-30 18:08:47,823 - INFO - Added prompt from line 1380 to batch.
2025-05-30 18:08:47,823 - INFO - Reading line 1381 from test data...
2025-05-30 18:08:47,823 - INFO - Added prompt from line 1381 to batch.
2025-05-30 18:08:47,823 - INFO - Reading line 1382 from test data...
2025-05-30 18:08:47,823 - INFO - Added prompt from line 1382 to batch.
2025-05-30 18:08:47,823 - INFO - Reading line 1383 from test data...
2025-05-30 18:08:47,823 - INFO - Added prompt from line 1383 to batch.
2025-05-30 18:08:47,823 - INFO - Reading line 1384 from test data...
2025-05-30 18:08:47,839 - INFO - Added prompt from line 1384 to batch.
2025-05-30 18:08:47,839 - INFO - Processing batch of 8 prompts (up to line 1384)...
2025-05-30 18:08:47,839 - INFO - Generating responses for batch of 8 prompts. System prompt: 'You are a helpful assistant.'
2025-05-30 18:08:47,840 - INFO - First formatted prompt for tokenizer (first 100 chars): '<|begin_of_text|><|start_header_id|>system<|end_header_id|>

Cutting Knowledge Date: December 2023
T...'
2025-05-30 18:08:47,840 - INFO - Input device: cuda:0, preparing to move inputs to device.
2025-05-30 18:08:47,843 - INFO - Batch of inputs tokenized, padded, truncated, and moved to model device.
2025-05-30 18:08:47,843 - INFO - Starting batched model.generate()...
Setting `pad_token_id` to `eos_token_id`:128001 for open-end generation.
2025-05-30 18:09:08,979 - INFO - Batched model.generate() completed.
2025-05-30 18:09:08,979 - INFO - Decoding batch of responses by stripping input tokens...
2025-05-30 18:09:08,981 - INFO - Input tokens stripped from responses.
2025-05-30 18:09:08,981 - INFO - Batch of responses generated.
2025-05-30 18:09:08,982 - INFO - Appended 8 results from batch to /scratch-shared/mschaffelder/data/exp_1/outputs/generation_results_lora_llama_8b_single_v8.jsonl
2025-05-30 18:09:08,982 - INFO - Reading line 1385 from test data...
2025-05-30 18:09:08,982 - INFO - Added prompt from line 1385 to batch.
2025-05-30 18:09:08,982 - INFO - Reading line 1386 from test data...
2025-05-30 18:09:08,982 - INFO - Added prompt from line 1386 to batch.
2025-05-30 18:09:08,982 - INFO - Reading line 1387 from test data...
2025-05-30 18:09:08,982 - INFO - Added prompt from line 1387 to batch.
2025-05-30 18:09:08,982 - INFO - Reading line 1388 from test data...
2025-05-30 18:09:08,983 - INFO - Added prompt from line 1388 to batch.
2025-05-30 18:09:08,983 - INFO - Reading line 1389 from test data...
2025-05-30 18:09:08,983 - INFO - Added prompt from line 1389 to batch.
2025-05-30 18:09:08,983 - INFO - Reading line 1390 from test data...
2025-05-30 18:09:08,983 - INFO - Added prompt from line 1390 to batch.
2025-05-30 18:09:08,983 - INFO - Reading line 1391 from test data...
2025-05-30 18:09:08,983 - INFO - Added prompt from line 1391 to batch.
2025-05-30 18:09:08,983 - INFO - Reading line 1392 from test data...
2025-05-30 18:09:08,983 - INFO - Added prompt from line 1392 to batch.
2025-05-30 18:09:08,983 - INFO - Processing batch of 8 prompts (up to line 1392)...
2025-05-30 18:09:08,983 - INFO - Generating responses for batch of 8 prompts. System prompt: 'You are a helpful assistant.'
2025-05-30 18:09:08,983 - INFO - First formatted prompt for tokenizer (first 100 chars): '<|begin_of_text|><|start_header_id|>system<|end_header_id|>

Cutting Knowledge Date: December 2023
T...'
2025-05-30 18:09:08,983 - INFO - Input device: cuda:0, preparing to move inputs to device.
2025-05-30 18:09:08,989 - INFO - Batch of inputs tokenized, padded, truncated, and moved to model device.
2025-05-30 18:09:08,989 - INFO - Starting batched model.generate()...
Setting `pad_token_id` to `eos_token_id`:128001 for open-end generation.
2025-05-30 18:09:39,569 - INFO - Batched model.generate() completed.
2025-05-30 18:09:39,569 - INFO - Decoding batch of responses by stripping input tokens...
2025-05-30 18:09:39,571 - INFO - Input tokens stripped from responses.
2025-05-30 18:09:39,572 - INFO - Batch of responses generated.
2025-05-30 18:09:39,573 - INFO - Appended 8 results from batch to /scratch-shared/mschaffelder/data/exp_1/outputs/generation_results_lora_llama_8b_single_v8.jsonl
2025-05-30 18:09:39,573 - INFO - Reading line 1393 from test data...
2025-05-30 18:09:39,573 - INFO - Added prompt from line 1393 to batch.
2025-05-30 18:09:39,573 - INFO - Reading line 1394 from test data...
2025-05-30 18:09:39,573 - INFO - Added prompt from line 1394 to batch.
2025-05-30 18:09:39,573 - INFO - Reading line 1395 from test data...
2025-05-30 18:09:39,573 - INFO - Added prompt from line 1395 to batch.
2025-05-30 18:09:39,573 - INFO - Reading line 1396 from test data...
2025-05-30 18:09:39,581 - INFO - Added prompt from line 1396 to batch.
2025-05-30 18:09:39,581 - INFO - Reading line 1397 from test data...
2025-05-30 18:09:39,581 - INFO - Added prompt from line 1397 to batch.
2025-05-30 18:09:39,581 - INFO - Reading line 1398 from test data...
2025-05-30 18:09:39,581 - INFO - Added prompt from line 1398 to batch.
2025-05-30 18:09:39,581 - INFO - Reading line 1399 from test data...
2025-05-30 18:09:39,581 - INFO - Added prompt from line 1399 to batch.
2025-05-30 18:09:39,581 - INFO - Reading line 1400 from test data...
2025-05-30 18:09:39,581 - INFO - Added prompt from line 1400 to batch.
2025-05-30 18:09:39,581 - INFO - Processing batch of 8 prompts (up to line 1400)...
2025-05-30 18:09:39,582 - INFO - Generating responses for batch of 8 prompts. System prompt: 'You are a helpful assistant.'
2025-05-30 18:09:39,582 - INFO - First formatted prompt for tokenizer (first 100 chars): '<|begin_of_text|><|start_header_id|>system<|end_header_id|>

Cutting Knowledge Date: December 2023
T...'
2025-05-30 18:09:39,582 - INFO - Input device: cuda:0, preparing to move inputs to device.
2025-05-30 18:09:39,602 - INFO - Batch of inputs tokenized, padded, truncated, and moved to model device.
2025-05-30 18:09:39,602 - INFO - Starting batched model.generate()...
Setting `pad_token_id` to `eos_token_id`:128001 for open-end generation.
2025-05-30 18:10:23,582 - INFO - Batched model.generate() completed.
2025-05-30 18:10:23,582 - INFO - Decoding batch of responses by stripping input tokens...
2025-05-30 18:10:23,584 - INFO - Input tokens stripped from responses.
2025-05-30 18:10:23,586 - INFO - Batch of responses generated.
2025-05-30 18:10:23,588 - INFO - Appended 8 results from batch to /scratch-shared/mschaffelder/data/exp_1/outputs/generation_results_lora_llama_8b_single_v8.jsonl
2025-05-30 18:10:23,588 - INFO - Reading line 1401 from test data...
2025-05-30 18:10:23,588 - INFO - Added prompt from line 1401 to batch.
2025-05-30 18:10:23,588 - INFO - Reading line 1402 from test data...
2025-05-30 18:10:23,588 - INFO - Added prompt from line 1402 to batch.
2025-05-30 18:10:23,588 - INFO - Reading line 1403 from test data...
2025-05-30 18:10:23,588 - INFO - Added prompt from line 1403 to batch.
2025-05-30 18:10:23,588 - INFO - Reading line 1404 from test data...
2025-05-30 18:10:23,588 - INFO - Added prompt from line 1404 to batch.
2025-05-30 18:10:23,588 - INFO - Reading line 1405 from test data...
2025-05-30 18:10:23,588 - INFO - Added prompt from line 1405 to batch.
2025-05-30 18:10:23,588 - INFO - Reading line 1406 from test data...
2025-05-30 18:10:23,588 - INFO - Added prompt from line 1406 to batch.
2025-05-30 18:10:23,589 - INFO - Reading line 1407 from test data...
2025-05-30 18:10:23,589 - INFO - Added prompt from line 1407 to batch.
2025-05-30 18:10:23,589 - INFO - Reading line 1408 from test data...
2025-05-30 18:10:23,589 - INFO - Added prompt from line 1408 to batch.
2025-05-30 18:10:23,589 - INFO - Processing batch of 8 prompts (up to line 1408)...
2025-05-30 18:10:23,589 - INFO - Generating responses for batch of 8 prompts. System prompt: 'You are a helpful assistant.'
2025-05-30 18:10:23,589 - INFO - First formatted prompt for tokenizer (first 100 chars): '<|begin_of_text|><|start_header_id|>system<|end_header_id|>

Cutting Knowledge Date: December 2023
T...'
2025-05-30 18:10:23,589 - INFO - Input device: cuda:0, preparing to move inputs to device.
2025-05-30 18:10:23,593 - INFO - Batch of inputs tokenized, padded, truncated, and moved to model device.
2025-05-30 18:10:23,593 - INFO - Starting batched model.generate()...
Setting `pad_token_id` to `eos_token_id`:128001 for open-end generation.
2025-05-30 18:10:54,125 - INFO - Batched model.generate() completed.
2025-05-30 18:10:54,125 - INFO - Decoding batch of responses by stripping input tokens...
2025-05-30 18:10:54,127 - INFO - Input tokens stripped from responses.
2025-05-30 18:10:54,127 - INFO - Batch of responses generated.
2025-05-30 18:10:54,128 - INFO - Appended 8 results from batch to /scratch-shared/mschaffelder/data/exp_1/outputs/generation_results_lora_llama_8b_single_v8.jsonl
2025-05-30 18:10:54,153 - INFO - Reading line 1409 from test data...
2025-05-30 18:10:54,153 - INFO - Added prompt from line 1409 to batch.
2025-05-30 18:10:54,153 - INFO - Reading line 1410 from test data...
2025-05-30 18:10:54,153 - INFO - Added prompt from line 1410 to batch.
2025-05-30 18:10:54,153 - INFO - Reading line 1411 from test data...
2025-05-30 18:10:54,153 - INFO - Added prompt from line 1411 to batch.
2025-05-30 18:10:54,153 - INFO - Reading line 1412 from test data...
2025-05-30 18:10:54,153 - INFO - Added prompt from line 1412 to batch.
2025-05-30 18:10:54,153 - INFO - Reading line 1413 from test data...
2025-05-30 18:10:54,153 - INFO - Added prompt from line 1413 to batch.
2025-05-30 18:10:54,153 - INFO - Reading line 1414 from test data...
2025-05-30 18:10:54,153 - INFO - Added prompt from line 1414 to batch.
2025-05-30 18:10:54,153 - INFO - Reading line 1415 from test data...
2025-05-30 18:10:54,153 - INFO - Added prompt from line 1415 to batch.
2025-05-30 18:10:54,153 - INFO - Reading line 1416 from test data...
2025-05-30 18:10:54,153 - INFO - Added prompt from line 1416 to batch.
2025-05-30 18:10:54,153 - INFO - Processing batch of 8 prompts (up to line 1416)...
2025-05-30 18:10:54,153 - INFO - Generating responses for batch of 8 prompts. System prompt: 'You are a helpful assistant.'
2025-05-30 18:10:54,154 - INFO - First formatted prompt for tokenizer (first 100 chars): '<|begin_of_text|><|start_header_id|>system<|end_header_id|>

Cutting Knowledge Date: December 2023
T...'
2025-05-30 18:10:54,154 - INFO - Input device: cuda:0, preparing to move inputs to device.
2025-05-30 18:10:54,160 - INFO - Batch of inputs tokenized, padded, truncated, and moved to model device.
2025-05-30 18:10:54,160 - INFO - Starting batched model.generate()...
Setting `pad_token_id` to `eos_token_id`:128001 for open-end generation.
2025-05-30 18:11:23,463 - INFO - Batched model.generate() completed.
2025-05-30 18:11:23,463 - INFO - Decoding batch of responses by stripping input tokens...
2025-05-30 18:11:23,465 - INFO - Input tokens stripped from responses.
2025-05-30 18:11:23,466 - INFO - Batch of responses generated.
2025-05-30 18:11:23,467 - INFO - Appended 8 results from batch to /scratch-shared/mschaffelder/data/exp_1/outputs/generation_results_lora_llama_8b_single_v8.jsonl
2025-05-30 18:11:23,467 - INFO - Reading line 1417 from test data...
2025-05-30 18:11:23,467 - INFO - Added prompt from line 1417 to batch.
2025-05-30 18:11:23,467 - INFO - Reading line 1418 from test data...
2025-05-30 18:11:23,467 - INFO - Added prompt from line 1418 to batch.
2025-05-30 18:11:23,467 - INFO - Reading line 1419 from test data...
2025-05-30 18:11:23,467 - INFO - Added prompt from line 1419 to batch.
2025-05-30 18:11:23,467 - INFO - Reading line 1420 from test data...
2025-05-30 18:11:23,467 - INFO - Added prompt from line 1420 to batch.
2025-05-30 18:11:23,467 - INFO - Reading line 1421 from test data...
2025-05-30 18:11:23,467 - INFO - Added prompt from line 1421 to batch.
2025-05-30 18:11:23,468 - INFO - Reading line 1422 from test data...
2025-05-30 18:11:23,468 - INFO - Added prompt from line 1422 to batch.
2025-05-30 18:11:23,468 - INFO - Reading line 1423 from test data...
2025-05-30 18:11:23,468 - INFO - Added prompt from line 1423 to batch.
2025-05-30 18:11:23,468 - INFO - Reading line 1424 from test data...
2025-05-30 18:11:23,468 - INFO - Added prompt from line 1424 to batch.
2025-05-30 18:11:23,468 - INFO - Processing batch of 8 prompts (up to line 1424)...
2025-05-30 18:11:23,468 - INFO - Generating responses for batch of 8 prompts. System prompt: 'You are a helpful assistant.'
2025-05-30 18:11:23,468 - INFO - First formatted prompt for tokenizer (first 100 chars): '<|begin_of_text|><|start_header_id|>system<|end_header_id|>

Cutting Knowledge Date: December 2023
T...'
2025-05-30 18:11:23,468 - INFO - Input device: cuda:0, preparing to move inputs to device.
2025-05-30 18:11:23,470 - INFO - Batch of inputs tokenized, padded, truncated, and moved to model device.
2025-05-30 18:11:23,507 - INFO - Starting batched model.generate()...
Setting `pad_token_id` to `eos_token_id`:128001 for open-end generation.
2025-05-30 18:11:52,913 - INFO - Batched model.generate() completed.
2025-05-30 18:11:52,913 - INFO - Decoding batch of responses by stripping input tokens...
2025-05-30 18:11:52,914 - INFO - Input tokens stripped from responses.
2025-05-30 18:11:52,915 - INFO - Batch of responses generated.
2025-05-30 18:11:52,916 - INFO - Appended 8 results from batch to /scratch-shared/mschaffelder/data/exp_1/outputs/generation_results_lora_llama_8b_single_v8.jsonl
2025-05-30 18:11:52,916 - INFO - Reading line 1425 from test data...
2025-05-30 18:11:52,916 - INFO - Added prompt from line 1425 to batch.
2025-05-30 18:11:52,916 - INFO - Reading line 1426 from test data...
2025-05-30 18:11:52,916 - INFO - Added prompt from line 1426 to batch.
2025-05-30 18:11:52,916 - INFO - Reading line 1427 from test data...
2025-05-30 18:11:52,916 - INFO - Added prompt from line 1427 to batch.
2025-05-30 18:11:52,916 - INFO - Reading line 1428 from test data...
2025-05-30 18:11:52,916 - INFO - Added prompt from line 1428 to batch.
2025-05-30 18:11:52,916 - INFO - Reading line 1429 from test data...
2025-05-30 18:11:52,916 - INFO - Added prompt from line 1429 to batch.
2025-05-30 18:11:52,916 - INFO - Reading line 1430 from test data...
2025-05-30 18:11:52,916 - INFO - Added prompt from line 1430 to batch.
2025-05-30 18:11:52,916 - INFO - Reading line 1431 from test data...
2025-05-30 18:11:52,916 - INFO - Added prompt from line 1431 to batch.
2025-05-30 18:11:52,916 - INFO - Reading line 1432 from test data...
2025-05-30 18:11:52,916 - INFO - Added prompt from line 1432 to batch.
2025-05-30 18:11:52,916 - INFO - Processing batch of 8 prompts (up to line 1432)...
2025-05-30 18:11:52,916 - INFO - Generating responses for batch of 8 prompts. System prompt: 'You are a helpful assistant.'
2025-05-30 18:11:52,917 - INFO - First formatted prompt for tokenizer (first 100 chars): '<|begin_of_text|><|start_header_id|>system<|end_header_id|>

Cutting Knowledge Date: December 2023
T...'
2025-05-30 18:11:52,917 - INFO - Input device: cuda:0, preparing to move inputs to device.
2025-05-30 18:11:52,918 - INFO - Batch of inputs tokenized, padded, truncated, and moved to model device.
2025-05-30 18:11:52,918 - INFO - Starting batched model.generate()...
Setting `pad_token_id` to `eos_token_id`:128001 for open-end generation.
2025-05-30 18:12:19,926 - INFO - Batched model.generate() completed.
2025-05-30 18:12:19,926 - INFO - Decoding batch of responses by stripping input tokens...
2025-05-30 18:12:19,928 - INFO - Input tokens stripped from responses.
2025-05-30 18:12:19,929 - INFO - Batch of responses generated.
2025-05-30 18:12:19,930 - INFO - Appended 8 results from batch to /scratch-shared/mschaffelder/data/exp_1/outputs/generation_results_lora_llama_8b_single_v8.jsonl
2025-05-30 18:12:19,930 - INFO - Reading line 1433 from test data...
2025-05-30 18:12:19,930 - INFO - Added prompt from line 1433 to batch.
2025-05-30 18:12:19,930 - INFO - Reading line 1434 from test data...
2025-05-30 18:12:19,930 - INFO - Added prompt from line 1434 to batch.
2025-05-30 18:12:19,930 - INFO - Reading line 1435 from test data...
2025-05-30 18:12:19,930 - INFO - Added prompt from line 1435 to batch.
2025-05-30 18:12:19,930 - INFO - Reading line 1436 from test data...
2025-05-30 18:12:19,930 - INFO - Added prompt from line 1436 to batch.
2025-05-30 18:12:19,930 - INFO - Reading line 1437 from test data...
2025-05-30 18:12:19,930 - INFO - Added prompt from line 1437 to batch.
2025-05-30 18:12:19,930 - INFO - Reading line 1438 from test data...
2025-05-30 18:12:19,930 - INFO - Added prompt from line 1438 to batch.
2025-05-30 18:12:19,930 - INFO - Reading line 1439 from test data...
2025-05-30 18:12:19,930 - INFO - Added prompt from line 1439 to batch.
2025-05-30 18:12:19,930 - INFO - Reading line 1440 from test data...
2025-05-30 18:12:19,930 - INFO - Added prompt from line 1440 to batch.
2025-05-30 18:12:19,930 - INFO - Processing batch of 8 prompts (up to line 1440)...
2025-05-30 18:12:19,931 - INFO - Generating responses for batch of 8 prompts. System prompt: 'You are a helpful assistant.'
2025-05-30 18:12:19,931 - INFO - First formatted prompt for tokenizer (first 100 chars): '<|begin_of_text|><|start_header_id|>system<|end_header_id|>

Cutting Knowledge Date: December 2023
T...'
2025-05-30 18:12:19,931 - INFO - Input device: cuda:0, preparing to move inputs to device.
2025-05-30 18:12:19,934 - INFO - Batch of inputs tokenized, padded, truncated, and moved to model device.
2025-05-30 18:12:19,934 - INFO - Starting batched model.generate()...
Setting `pad_token_id` to `eos_token_id`:128001 for open-end generation.
2025-05-30 18:12:59,683 - INFO - Batched model.generate() completed.
2025-05-30 18:12:59,684 - INFO - Decoding batch of responses by stripping input tokens...
2025-05-30 18:12:59,686 - INFO - Input tokens stripped from responses.
2025-05-30 18:12:59,686 - INFO - Batch of responses generated.
2025-05-30 18:12:59,688 - INFO - Appended 8 results from batch to /scratch-shared/mschaffelder/data/exp_1/outputs/generation_results_lora_llama_8b_single_v8.jsonl
2025-05-30 18:12:59,688 - INFO - Reading line 1441 from test data...
2025-05-30 18:12:59,688 - INFO - Added prompt from line 1441 to batch.
2025-05-30 18:12:59,688 - INFO - Reading line 1442 from test data...
2025-05-30 18:12:59,688 - INFO - Added prompt from line 1442 to batch.
2025-05-30 18:12:59,688 - INFO - Reading line 1443 from test data...
2025-05-30 18:12:59,688 - INFO - Added prompt from line 1443 to batch.
2025-05-30 18:12:59,688 - INFO - Reading line 1444 from test data...
2025-05-30 18:12:59,688 - INFO - Added prompt from line 1444 to batch.
2025-05-30 18:12:59,688 - INFO - Reading line 1445 from test data...
2025-05-30 18:12:59,688 - INFO - Added prompt from line 1445 to batch.
2025-05-30 18:12:59,688 - INFO - Reading line 1446 from test data...
2025-05-30 18:12:59,688 - INFO - Added prompt from line 1446 to batch.
2025-05-30 18:12:59,688 - INFO - Reading line 1447 from test data...
2025-05-30 18:12:59,688 - INFO - Added prompt from line 1447 to batch.
2025-05-30 18:12:59,688 - INFO - Reading line 1448 from test data...
2025-05-30 18:12:59,688 - INFO - Added prompt from line 1448 to batch.
2025-05-30 18:12:59,688 - INFO - Processing batch of 8 prompts (up to line 1448)...
2025-05-30 18:12:59,688 - INFO - Generating responses for batch of 8 prompts. System prompt: 'You are a helpful assistant.'
2025-05-30 18:12:59,689 - INFO - First formatted prompt for tokenizer (first 100 chars): '<|begin_of_text|><|start_header_id|>system<|end_header_id|>

Cutting Knowledge Date: December 2023
T...'
2025-05-30 18:12:59,689 - INFO - Input device: cuda:0, preparing to move inputs to device.
2025-05-30 18:12:59,691 - INFO - Batch of inputs tokenized, padded, truncated, and moved to model device.
2025-05-30 18:12:59,691 - INFO - Starting batched model.generate()...
Setting `pad_token_id` to `eos_token_id`:128001 for open-end generation.
2025-05-30 18:13:54,736 - INFO - Batched model.generate() completed.
2025-05-30 18:13:54,736 - INFO - Decoding batch of responses by stripping input tokens...
2025-05-30 18:13:54,738 - INFO - Input tokens stripped from responses.
2025-05-30 18:13:54,739 - INFO - Batch of responses generated.
2025-05-30 18:13:54,740 - INFO - Appended 8 results from batch to /scratch-shared/mschaffelder/data/exp_1/outputs/generation_results_lora_llama_8b_single_v8.jsonl
2025-05-30 18:13:54,740 - INFO - Reading line 1449 from test data...
2025-05-30 18:13:54,740 - INFO - Added prompt from line 1449 to batch.
2025-05-30 18:13:54,740 - INFO - Reading line 1450 from test data...
2025-05-30 18:13:54,740 - INFO - Added prompt from line 1450 to batch.
2025-05-30 18:13:54,740 - INFO - Reading line 1451 from test data...
2025-05-30 18:13:54,740 - INFO - Added prompt from line 1451 to batch.
2025-05-30 18:13:54,740 - INFO - Reading line 1452 from test data...
2025-05-30 18:13:54,740 - INFO - Added prompt from line 1452 to batch.
2025-05-30 18:13:54,740 - INFO - Reading line 1453 from test data...
2025-05-30 18:13:54,766 - INFO - Added prompt from line 1453 to batch.
2025-05-30 18:13:54,766 - INFO - Reading line 1454 from test data...
2025-05-30 18:13:54,767 - INFO - Added prompt from line 1454 to batch.
2025-05-30 18:13:54,767 - INFO - Reading line 1455 from test data...
2025-05-30 18:13:54,767 - INFO - Added prompt from line 1455 to batch.
2025-05-30 18:13:54,767 - INFO - Reading line 1456 from test data...
2025-05-30 18:13:54,767 - INFO - Added prompt from line 1456 to batch.
2025-05-30 18:13:54,767 - INFO - Processing batch of 8 prompts (up to line 1456)...
2025-05-30 18:13:54,767 - INFO - Generating responses for batch of 8 prompts. System prompt: 'You are a helpful assistant.'
2025-05-30 18:13:54,767 - INFO - First formatted prompt for tokenizer (first 100 chars): '<|begin_of_text|><|start_header_id|>system<|end_header_id|>

Cutting Knowledge Date: December 2023
T...'
2025-05-30 18:13:54,767 - INFO - Input device: cuda:0, preparing to move inputs to device.
2025-05-30 18:13:54,771 - INFO - Batch of inputs tokenized, padded, truncated, and moved to model device.
2025-05-30 18:13:54,771 - INFO - Starting batched model.generate()...
Setting `pad_token_id` to `eos_token_id`:128001 for open-end generation.
2025-05-30 18:14:50,009 - INFO - Batched model.generate() completed.
2025-05-30 18:14:50,009 - INFO - Decoding batch of responses by stripping input tokens...
2025-05-30 18:14:50,011 - INFO - Input tokens stripped from responses.
2025-05-30 18:14:50,012 - INFO - Batch of responses generated.
2025-05-30 18:14:50,014 - INFO - Appended 8 results from batch to /scratch-shared/mschaffelder/data/exp_1/outputs/generation_results_lora_llama_8b_single_v8.jsonl
2025-05-30 18:14:50,014 - INFO - Reading line 1457 from test data...
2025-05-30 18:14:50,014 - INFO - Added prompt from line 1457 to batch.
2025-05-30 18:14:50,014 - INFO - Reading line 1458 from test data...
2025-05-30 18:14:50,014 - INFO - Added prompt from line 1458 to batch.
2025-05-30 18:14:50,014 - INFO - Reading line 1459 from test data...
2025-05-30 18:14:50,014 - INFO - Added prompt from line 1459 to batch.
2025-05-30 18:14:50,014 - INFO - Reading line 1460 from test data...
2025-05-30 18:14:50,014 - INFO - Added prompt from line 1460 to batch.
2025-05-30 18:14:50,014 - INFO - Reading line 1461 from test data...
2025-05-30 18:14:50,014 - INFO - Added prompt from line 1461 to batch.
2025-05-30 18:14:50,014 - INFO - Reading line 1462 from test data...
2025-05-30 18:14:50,014 - INFO - Added prompt from line 1462 to batch.
2025-05-30 18:14:50,014 - INFO - Reading line 1463 from test data...
2025-05-30 18:14:50,014 - INFO - Added prompt from line 1463 to batch.
2025-05-30 18:14:50,014 - INFO - Reading line 1464 from test data...
2025-05-30 18:14:50,014 - INFO - Added prompt from line 1464 to batch.
2025-05-30 18:14:50,014 - INFO - Processing batch of 8 prompts (up to line 1464)...
2025-05-30 18:14:50,014 - INFO - Generating responses for batch of 8 prompts. System prompt: 'You are a helpful assistant.'
2025-05-30 18:14:50,015 - INFO - First formatted prompt for tokenizer (first 100 chars): '<|begin_of_text|><|start_header_id|>system<|end_header_id|>

Cutting Knowledge Date: December 2023
T...'
2025-05-30 18:14:50,015 - INFO - Input device: cuda:0, preparing to move inputs to device.
2025-05-30 18:14:50,016 - INFO - Batch of inputs tokenized, padded, truncated, and moved to model device.
2025-05-30 18:14:50,016 - INFO - Starting batched model.generate()...
Setting `pad_token_id` to `eos_token_id`:128001 for open-end generation.
2025-05-30 18:15:21,477 - INFO - Batched model.generate() completed.
2025-05-30 18:15:21,478 - INFO - Decoding batch of responses by stripping input tokens...
2025-05-30 18:15:21,479 - INFO - Input tokens stripped from responses.
2025-05-30 18:15:21,479 - INFO - Batch of responses generated.
2025-05-30 18:15:21,481 - INFO - Appended 8 results from batch to /scratch-shared/mschaffelder/data/exp_1/outputs/generation_results_lora_llama_8b_single_v8.jsonl
2025-05-30 18:15:21,481 - INFO - Reading line 1465 from test data...
2025-05-30 18:15:21,481 - INFO - Added prompt from line 1465 to batch.
2025-05-30 18:15:21,481 - INFO - Reading line 1466 from test data...
2025-05-30 18:15:21,481 - INFO - Added prompt from line 1466 to batch.
2025-05-30 18:15:21,481 - INFO - Reading line 1467 from test data...
2025-05-30 18:15:21,481 - INFO - Added prompt from line 1467 to batch.
2025-05-30 18:15:21,481 - INFO - Reading line 1468 from test data...
2025-05-30 18:15:21,481 - INFO - Added prompt from line 1468 to batch.
2025-05-30 18:15:21,481 - INFO - Reading line 1469 from test data...
2025-05-30 18:15:21,481 - INFO - Added prompt from line 1469 to batch.
2025-05-30 18:15:21,481 - INFO - Reading line 1470 from test data...
2025-05-30 18:15:21,481 - INFO - Added prompt from line 1470 to batch.
2025-05-30 18:15:21,481 - INFO - Reading line 1471 from test data...
2025-05-30 18:15:21,481 - INFO - Added prompt from line 1471 to batch.
2025-05-30 18:15:21,481 - INFO - Reading line 1472 from test data...
2025-05-30 18:15:21,481 - INFO - Added prompt from line 1472 to batch.
2025-05-30 18:15:21,482 - INFO - Processing batch of 8 prompts (up to line 1472)...
2025-05-30 18:15:21,482 - INFO - Generating responses for batch of 8 prompts. System prompt: 'You are a helpful assistant.'
2025-05-30 18:15:21,482 - INFO - First formatted prompt for tokenizer (first 100 chars): '<|begin_of_text|><|start_header_id|>system<|end_header_id|>

Cutting Knowledge Date: December 2023
T...'
2025-05-30 18:15:21,482 - INFO - Input device: cuda:0, preparing to move inputs to device.
2025-05-30 18:15:21,485 - INFO - Batch of inputs tokenized, padded, truncated, and moved to model device.
2025-05-30 18:15:21,485 - INFO - Starting batched model.generate()...
Setting `pad_token_id` to `eos_token_id`:128001 for open-end generation.
2025-05-30 18:15:37,419 - INFO - Batched model.generate() completed.
2025-05-30 18:15:37,419 - INFO - Decoding batch of responses by stripping input tokens...
2025-05-30 18:15:37,420 - INFO - Input tokens stripped from responses.
2025-05-30 18:15:37,421 - INFO - Batch of responses generated.
2025-05-30 18:15:37,422 - INFO - Appended 8 results from batch to /scratch-shared/mschaffelder/data/exp_1/outputs/generation_results_lora_llama_8b_single_v8.jsonl
2025-05-30 18:15:37,422 - INFO - Reading line 1473 from test data...
2025-05-30 18:15:37,422 - INFO - Added prompt from line 1473 to batch.
2025-05-30 18:15:37,422 - INFO - Reading line 1474 from test data...
2025-05-30 18:15:37,422 - INFO - Added prompt from line 1474 to batch.
2025-05-30 18:15:37,422 - INFO - Reading line 1475 from test data...
2025-05-30 18:15:37,422 - INFO - Added prompt from line 1475 to batch.
2025-05-30 18:15:37,422 - INFO - Reading line 1476 from test data...
2025-05-30 18:15:37,422 - INFO - Added prompt from line 1476 to batch.
2025-05-30 18:15:37,422 - INFO - Reading line 1477 from test data...
2025-05-30 18:15:37,422 - INFO - Added prompt from line 1477 to batch.
2025-05-30 18:15:37,422 - INFO - Reading line 1478 from test data...
2025-05-30 18:15:37,422 - INFO - Added prompt from line 1478 to batch.
2025-05-30 18:15:37,422 - INFO - Reading line 1479 from test data...
2025-05-30 18:15:37,422 - INFO - Added prompt from line 1479 to batch.
2025-05-30 18:15:37,422 - INFO - Reading line 1480 from test data...
2025-05-30 18:15:37,422 - INFO - Added prompt from line 1480 to batch.
2025-05-30 18:15:37,422 - INFO - Processing batch of 8 prompts (up to line 1480)...
2025-05-30 18:15:37,422 - INFO - Generating responses for batch of 8 prompts. System prompt: 'You are a helpful assistant.'
2025-05-30 18:15:37,423 - INFO - First formatted prompt for tokenizer (first 100 chars): '<|begin_of_text|><|start_header_id|>system<|end_header_id|>

Cutting Knowledge Date: December 2023
T...'
2025-05-30 18:15:37,423 - INFO - Input device: cuda:0, preparing to move inputs to device.
2025-05-30 18:15:37,425 - INFO - Batch of inputs tokenized, padded, truncated, and moved to model device.
2025-05-30 18:15:37,425 - INFO - Starting batched model.generate()...
Setting `pad_token_id` to `eos_token_id`:128001 for open-end generation.
2025-05-30 18:16:17,283 - INFO - Batched model.generate() completed.
2025-05-30 18:16:17,283 - INFO - Decoding batch of responses by stripping input tokens...
2025-05-30 18:16:17,285 - INFO - Input tokens stripped from responses.
2025-05-30 18:16:17,285 - INFO - Batch of responses generated.
2025-05-30 18:16:17,287 - INFO - Appended 8 results from batch to /scratch-shared/mschaffelder/data/exp_1/outputs/generation_results_lora_llama_8b_single_v8.jsonl
2025-05-30 18:16:17,287 - INFO - Reading line 1481 from test data...
2025-05-30 18:16:17,287 - INFO - Added prompt from line 1481 to batch.
2025-05-30 18:16:17,287 - INFO - Reading line 1482 from test data...
2025-05-30 18:16:17,287 - INFO - Added prompt from line 1482 to batch.
2025-05-30 18:16:17,287 - INFO - Reading line 1483 from test data...
2025-05-30 18:16:17,287 - INFO - Added prompt from line 1483 to batch.
2025-05-30 18:16:17,287 - INFO - Reading line 1484 from test data...
2025-05-30 18:16:17,287 - INFO - Added prompt from line 1484 to batch.
2025-05-30 18:16:17,287 - INFO - Reading line 1485 from test data...
2025-05-30 18:16:17,287 - INFO - Added prompt from line 1485 to batch.
2025-05-30 18:16:17,287 - INFO - Reading line 1486 from test data...
2025-05-30 18:16:17,287 - INFO - Added prompt from line 1486 to batch.
2025-05-30 18:16:17,287 - INFO - Reading line 1487 from test data...
2025-05-30 18:16:17,287 - INFO - Added prompt from line 1487 to batch.
2025-05-30 18:16:17,287 - INFO - Reading line 1488 from test data...
2025-05-30 18:16:17,287 - INFO - Added prompt from line 1488 to batch.
2025-05-30 18:16:17,287 - INFO - Processing batch of 8 prompts (up to line 1488)...
2025-05-30 18:16:17,287 - INFO - Generating responses for batch of 8 prompts. System prompt: 'You are a helpful assistant.'
2025-05-30 18:16:17,288 - INFO - First formatted prompt for tokenizer (first 100 chars): '<|begin_of_text|><|start_header_id|>system<|end_header_id|>

Cutting Knowledge Date: December 2023
T...'
2025-05-30 18:16:17,288 - INFO - Input device: cuda:0, preparing to move inputs to device.
2025-05-30 18:16:17,296 - INFO - Batch of inputs tokenized, padded, truncated, and moved to model device.
2025-05-30 18:16:17,296 - INFO - Starting batched model.generate()...
Setting `pad_token_id` to `eos_token_id`:128001 for open-end generation.
2025-05-30 18:16:48,084 - INFO - Batched model.generate() completed.
2025-05-30 18:16:48,085 - INFO - Decoding batch of responses by stripping input tokens...
2025-05-30 18:16:48,086 - INFO - Input tokens stripped from responses.
2025-05-30 18:16:48,088 - INFO - Batch of responses generated.
2025-05-30 18:16:48,090 - INFO - Appended 8 results from batch to /scratch-shared/mschaffelder/data/exp_1/outputs/generation_results_lora_llama_8b_single_v8.jsonl
2025-05-30 18:16:48,090 - INFO - Reading line 1489 from test data...
2025-05-30 18:16:48,090 - INFO - Added prompt from line 1489 to batch.
2025-05-30 18:16:48,090 - INFO - Reading line 1490 from test data...
2025-05-30 18:16:48,090 - INFO - Added prompt from line 1490 to batch.
2025-05-30 18:16:48,090 - INFO - Reading line 1491 from test data...
2025-05-30 18:16:48,090 - INFO - Added prompt from line 1491 to batch.
2025-05-30 18:16:48,090 - INFO - Reading line 1492 from test data...
2025-05-30 18:16:48,090 - INFO - Added prompt from line 1492 to batch.
2025-05-30 18:16:48,090 - INFO - Reading line 1493 from test data...
2025-05-30 18:16:48,090 - INFO - Added prompt from line 1493 to batch.
2025-05-30 18:16:48,090 - INFO - Reading line 1494 from test data...
2025-05-30 18:16:48,090 - INFO - Added prompt from line 1494 to batch.
2025-05-30 18:16:48,090 - INFO - Reading line 1495 from test data...
2025-05-30 18:16:48,090 - INFO - Added prompt from line 1495 to batch.
2025-05-30 18:16:48,090 - INFO - Reading line 1496 from test data...
2025-05-30 18:16:48,090 - INFO - Added prompt from line 1496 to batch.
2025-05-30 18:16:48,090 - INFO - Processing batch of 8 prompts (up to line 1496)...
2025-05-30 18:16:48,090 - INFO - Generating responses for batch of 8 prompts. System prompt: 'You are a helpful assistant.'
2025-05-30 18:16:48,091 - INFO - First formatted prompt for tokenizer (first 100 chars): '<|begin_of_text|><|start_header_id|>system<|end_header_id|>

Cutting Knowledge Date: December 2023
T...'
2025-05-30 18:16:48,091 - INFO - Input device: cuda:0, preparing to move inputs to device.
2025-05-30 18:16:48,092 - INFO - Batch of inputs tokenized, padded, truncated, and moved to model device.
2025-05-30 18:16:48,093 - INFO - Starting batched model.generate()...
Setting `pad_token_id` to `eos_token_id`:128001 for open-end generation.
2025-05-30 18:17:22,065 - INFO - Batched model.generate() completed.
2025-05-30 18:17:22,065 - INFO - Decoding batch of responses by stripping input tokens...
2025-05-30 18:17:22,067 - INFO - Input tokens stripped from responses.
2025-05-30 18:17:22,068 - INFO - Batch of responses generated.
2025-05-30 18:17:22,069 - INFO - Appended 8 results from batch to /scratch-shared/mschaffelder/data/exp_1/outputs/generation_results_lora_llama_8b_single_v8.jsonl
2025-05-30 18:17:22,069 - INFO - Reading line 1497 from test data...
2025-05-30 18:17:22,069 - INFO - Added prompt from line 1497 to batch.
2025-05-30 18:17:22,069 - INFO - Reading line 1498 from test data...
2025-05-30 18:17:22,069 - INFO - Added prompt from line 1498 to batch.
2025-05-30 18:17:22,069 - INFO - Reading line 1499 from test data...
2025-05-30 18:17:22,069 - INFO - Added prompt from line 1499 to batch.
2025-05-30 18:17:22,069 - INFO - Reading line 1500 from test data...
2025-05-30 18:17:22,069 - INFO - Added prompt from line 1500 to batch.
2025-05-30 18:17:22,069 - INFO - Reading line 1501 from test data...
2025-05-30 18:17:22,069 - INFO - Added prompt from line 1501 to batch.
2025-05-30 18:17:22,069 - INFO - Reading line 1502 from test data...
2025-05-30 18:17:22,069 - INFO - Added prompt from line 1502 to batch.
2025-05-30 18:17:22,069 - INFO - Processing final batch of 6 prompts...
2025-05-30 18:17:22,069 - INFO - Generating responses for batch of 6 prompts. System prompt: 'You are a helpful assistant.'
2025-05-30 18:17:22,070 - INFO - First formatted prompt for tokenizer (first 100 chars): '<|begin_of_text|><|start_header_id|>system<|end_header_id|>

Cutting Knowledge Date: December 2023
T...'
2025-05-30 18:17:22,070 - INFO - Input device: cuda:0, preparing to move inputs to device.
2025-05-30 18:17:22,072 - INFO - Batch of inputs tokenized, padded, truncated, and moved to model device.
2025-05-30 18:17:22,072 - INFO - Starting batched model.generate()...
Setting `pad_token_id` to `eos_token_id`:128001 for open-end generation.
2025-05-30 18:17:59,582 - INFO - Batched model.generate() completed.
2025-05-30 18:17:59,583 - INFO - Decoding batch of responses by stripping input tokens...
2025-05-30 18:17:59,584 - INFO - Input tokens stripped from responses.
2025-05-30 18:17:59,584 - INFO - Final batch of responses generated.
2025-05-30 18:17:59,586 - INFO - Appended 6 results from final batch to /scratch-shared/mschaffelder/data/exp_1/outputs/generation_results_lora_llama_8b_single_v8.jsonl
Processing complete. Results saved incrementally to /scratch-shared/mschaffelder/data/exp_1/outputs/generation_results_lora_llama_8b_single_v8.jsonl

JOB STATISTICS
==============
Job ID: 12088530
Cluster: snellius
User/Group: mschaffelder/mschaffelder
State: COMPLETED (exit code 0)
Nodes: 1
Cores per node: 16
CPU Utilized: 01:49:43
CPU Efficiency: 6.16% of 1-05:40:48 core-walltime
Job Wall-clock time: 01:51:18
Memory Utilized: 1.31 GB
Memory Efficiency: 6.55% of 20.00 GB (20.00 GB/node)
